cluster_id	sequence_id
C00000	S00000
C00001	S00001
C00002	S00002
C00003	S00003
C00004	S00004
C00005	S00005
C00006	S00006
C00007	S00007
C00008	S00008
C00009	S00009
C00010	S00010
C00011	S00011
C00012	S00012
C00013	S00013
C00014	S00014
C00015	S00015
C00016	S00016
C00017	S00017
C00018	S00018
C00019	S00019
C00020	S00020
C00021	S00021
C00022	S00022
C00023	S00023
C00024	S00024
C00025	S00025
C00026	S00026
C00027	S00027
C00028	S00028
C00029	S00029
C00030	S00030
C00031	S00031
C00032	S00032
C00033	S00033
C00034	S00034
C00035	S00035
C00036	S00036
C00037	S00037
C00038	S00038
C00039	S00039
C00040	S00040
C00041	S00041
C00042	S00042
C00043	S00043
C00044	S00044
C00045	S00045
C00046	S00046
C00047	S00047
C00048	S00048
C00049	S00049
C00050	S00050
C00051	S00051
C00052	S00052
C00053	S00053
C00054	S00054
C00055	S00055
C00056	S00056
C00057	S00057
C00058	S00058
C00059	S00059
C00060	S00060
C00061	S00061
C00062	S00062
C00063	S00063
C00064	S00064
C00065	S00065
C00066	S00066
C00067	S00067
C00068	S00068
C00069	S00069
C00070	S00070
C00071	S00071
C00072	S00072
C00073	S00073
C00074	S00074
C00075	S00075
C00076	S00076
C00077	S00077
C00078	S00078
C00079	S00079
C00080	S00080
C00081	S00081
C00082	S00082
C00083	S00083
C00084	S00084
C00085	S00085
C00086	S00086
C00087	S00087
C00088	S00088
C00089	S00089
C00090	S00090
C00091	S00091
C00092	S00092
C00093	S00093
C00094	S00094
C00095	S00095
C00096	S00096
C00097	S00097
C00098	S00098
C00099	S00099
C00100	S00100
C00101	S00101
C00102	S00102
C00103	S00103
C00104	S00104
C00105	S00105
C00106	S00106
C00107	S00107
C00108	S00108
C00109	S00109
C00110	S00110
C00111	S00111
C00112	S00112
C00113	S00113
C00114	S00114
C00115	S00115
C00116	S00116
C00117	S00117
C00118	S00118
C00119	S00119
C00120	S00120
C00121	S00121
C00122	S00122
C00123	S00123
C00124	S00124
C00125	S00125
C00126	S00126
C00127	S00127
C00128	S00128
C00129	S00129
C00130	S00130
C00131	S00131
C00132	S00132
C00133	S00133
C00134	S00134
C00135	S00135
C00136	S00136
C00137	S00137
C00138	S00138
C00139	S00139
C00140	S00140
C00141	S00141
C00142	S00142
C00143	S00143
C00144	S00144
C00145	S00145
C00146	S00146
C00147	S00147
C00148	S00148
C00149	S00149
C00150	S00150
C00151	S00151
C00152	S00152
C00153	S00153
C00154	S00154
C00155	S00155
C00156	S00156
C00157	S00157
C00158	S00158
C00159	S00159
C00160	S00160
C00161	S00161
C00162	S00162
C00163	S00163
C00164	S00164
C00165	S00165
C00166	S00166
C00167	S00167
C00168	S00168
C00169	S00169
C00170	S00170
C00171	S00171
C00172	S00172
C00173	S00173
C00174	S00174
C00175	S00175
C00176	S00176
C00177	S00177
C00178	S00178
C00179	S00179
C00180	S00180
C00181	S00181
C00182	S00182
C00183	S00183
C00184	S00184
C00185	S00185
C00186	S00186
C00187	S00187
C00188	S00188
C00189	S00189
C00190	S00190
C00191	S00191
C00192	S00192
C00193	S00193
C00194	S00194
C00195	S00195
C00196	S00196
C00197	S00197
C00198	S00198
C00199	S00199
C00200	S00200
C00201	S00201
C00202	S00202
C00203	S00203
C00204	S00204
C00205	S00205
C00206	S00206
C00207	S00207
C00208	S00208
C00209	S00209
C00210	S00210
C00211	S00211
C00212	S00212
C00213	S00213
C00214	S00214
C00215	S00215
C00216	S00216
C00217	S00217
C00218	S00218
C00219	S00219
C00220	S00220
C00221	S00221
C00222	S00222
C00223	S00223
C00224	S00224
C00225	S00225
C00226	S00226
C00227	S00227
C00228	S00228
C00229	S00229
C00230	S00230
C00231	S00231
C00232	S00232
C00233	S00233
C00234	S00234
C00235	S00235
C00236	S00236
C00237	S00237
C00238	S00238
C00239	S00239
C00240	S00240
C00241	S00241
C00242	S00242
C00243	S00243
C00244	S00244
C00245	S00245
C00246	S00246
C00247	S00247
C00248	S00248
C00249	S00249
C00250	S00250
C00251	S00251
C00252	S00252
C00253	S00253
C00254	S00254
C00255	S00255
C00256	S00256
C00257	S00257
C00258	S00258
C00259	S00259
C00260	S00260
C00261	S00261
C00262	S00262
C00263	S00263
C00264	S00264
C00265	S00265
C00266	S00266
C00267	S00267
C00268	S00268
C00269	S00269
C00270	S00270
C00271	S00271
C00272	S00272
C00273	S00273
C00274	S00274
C00275	S00275
C00276	S00276
C00277	S00277
C00278	S00278
C00279	S00279
C00280	S00280
C00281	S00281
C00282	S00282
C00283	S00283
C00284	S00284
C00285	S00285
C00286	S00286
C00287	S00287
C00288	S00288
C00289	S00289
C00290	S00290
C00291	S00291
C00292	S00292
C00293	S00293
C00294	S00294
C00295	S00295
C00296	S00296
C00297	S00297
C00298	S00298
C00299	S00299
C00300	S00300
C00301	S00301
C00302	S00302
C00303	S00303
C00304	S00304
C00305	S00305
C00306	S00306
C00307	S00307
C00308	S00308
C00309	S00309
C00310	S00310
C00311	S00311
C00312	S00312
C00313	S00313
C00314	S00314
C00315	S00315
C00316	S00316
C00317	S00317
C00318	S00318
C00319	S00319
C00320	S00320
C00321	S00321
C00322	S00322
C00323	S00323
C00324	S00324
C00325	S00325
C00326	S00326
C00327	S00327
C00328	S00328
C00329	S00329
C00330	S00330
C00331	S00331
C00332	S00332
C00333	S00333
C00334	S00334
C00335	S00335
C00336	S00336
C00337	S00337
C00338	S00338
C00339	S00339
C00340	S00340
C00341	S00341
C00342	S00342
C00343	S00343
C00344	S00344
C00345	S00345
C00346	S00346
C00347	S00347
C00348	S00348
C00349	S00349
C00350	S00350
C00351	S00351
C00352	S00352
C00353	S00353
C00354	S00354
C00355	S00355
C00356	S00356
C00357	S00357
C00358	S00358
C00359	S00359
C00360	S00360
C00361	S00361
C00362	S00362
C00363	S00363
C00364	S00364
C00365	S00365
C00366	S00366
C00367	S00367
C00368	S00368
C00369	S00369
C00370	S00370
C00371	S00371
C00372	S00372
C00373	S00373
C00374	S00374
C00375	S00375
C00376	S00376
C00377	S00377
C00378	S00378
C00379	S00379
C00380	S00380
C00381	S00381
C00382	S00382
C00383	S00383
C00384	S00384
C00385	S00385
C00386	S00386
C00387	S00387
C00388	S00388
C00389	S00389
C00390	S00390
C00391	S00391
C00392	S00392
C00393	S00393
C00394	S00394
C00395	S00395
C00396	S00396
C00397	S00397
C00398	S00398
C00399	S00399
C00400	S00400
C00401	S00401
C00402	S00402
C00403	S00403
C00404	S00404
C00405	S00405
C00406	S00406
C00407	S00407
C00408	S00408
C00409	S00409
C00410	S00410
C00411	S00411
C00412	S00412
C00413	S00413
C00414	S00414
C00415	S00415
C00416	S00416
C00417	S00417
C00418	S00418
C00419	S00419
C00420	S00420
C00421	S00421
C00422	S00422
C00423	S00423
C00424	S00424
C00425	S00425
C00426	S00426
C00427	S00427
C00428	S00428
C00429	S00429
C00430	S00430
C00431	S00431
C00432	S00432
C00433	S00433
C00434	S00434
C00435	S00435
C00436	S00436
C00437	S00437
C00438	S00438
C00439	S00439
C00440	S00440
C00441	S00441
C00442	S00442
C00443	S00443
C00444	S00444
C00445	S00445
C00446	S00446
C00447	S00447
C00448	S00448
C00449	S00449
C00450	S00450
C00451	S00451
C00452	S00452
C00453	S00453
C00454	S00454
C00455	S00455
C00456	S00456
C00457	S00457
C00458	S00458
C00459	S00459
C00460	S00460
C00461	S00461
C00462	S00462
C00463	S00463
C00464	S00464
C00465	S00465
C00466	S00466
C00467	S00467
C00468	S00468
C00469	S00469
C00470	S00470
C00471	S00471
C00472	S00472
C00473	S00473
C00474	S00474
C00475	S00475
C00476	S00476
C00477	S00477
C00478	S00478
C00479	S00479
C00480	S00480
C00481	S00481
C00482	S00482
C00483	S00483
C00484	S00484
C00485	S00485
C00486	S00486
C00487	S00487
C00488	S00488
C00489	S00489
C00490	S00490
C00491	S00491
C00492	S00492
C00493	S00493
C00494	S00494
C00495	S00495
C00496	S00496
C00497	S00497
C00498	S00498
C00499	S00499
C00500	S00500
C00501	S00501
C00502	S00502
C00503	S00503
C00504	S00504
C00505	S00505
C00506	S00506
C00507	S00507
C00508	S00508
C00509	S00509
C00510	S00510
C00511	S00511
C00512	S00512
C00513	S00513
C00514	S00514
C00515	S00515
C00516	S00516
C00517	S00517
C00518	S00518
C00519	S00519
C00520	S00520
C00521	S00521
C00522	S00522
C00523	S00523
C00524	S00524
C00525	S00525
C00526	S00526
C00527	S00527
C00528	S00528
C00529	S00529
C00530	S00530
C00531	S00531
C00532	S00532
C00533	S00533
C00534	S00534
C00535	S00535
C00536	S00536
C00537	S00537
C00538	S00538
C00539	S00539
C00540	S00540
C00541	S00541
C00542	S00542
C00543	S00543
C00544	S00544
C00545	S00545
C00546	S00546
C00547	S00547
C00548	S00548
C00549	S00549
C00550	S00550
C00551	S00551
C00552	S00552
C00553	S00553
C00554	S00554
C00555	S00555
C00556	S00556
C00557	S00557
C00558	S00558
C00559	S00559
C00560	S00560
C00561	S00561
C00562	S00562
C00563	S00563
C00564	S00564
C00565	S00565
C00566	S00566
C00567	S00567
C00568	S00568
C00569	S00569
C00570	S00570
C00571	S00571
C00572	S00572
C00573	S00573
C00574	S00574
C00575	S00575
C00576	S00576
C00577	S00577
C00578	S00578
C00579	S00579
C00580	S00580
C00581	S00581
C00582	S00582
C00583	S00583
C00584	S00584
C00585	S00585
C00586	S00586
C00587	S00587
C00588	S00588
C00589	S00589
C00590	S00590
C00591	S00591
C00592	S00592
C00593	S00593
C00594	S00594
C00595	S00595
C00596	S00596
C00597	S00597
C00598	S00598
C00599	S00599
C00600	S00600
C00601	S00601
C00602	S00602
C00603	S00603
C00604	S00604
C00605	S00605
C00606	S00606
C00607	S00607
C00608	S00608
C00609	S00609
C00610	S00610
C00611	S00611
C00612	S00612
C00613	S00613
C00614	S00614
C00615	S00615
C00616	S00616
C00617	S00617
C00618	S00618
C00619	S00619
C00620	S00620
C00621	S00621
C00622	S00622
C00623	S00623
C00624	S00624
C00625	S00625
C00626	S00626
C00627	S00627
C00628	S00628
C00629	S00629
C00630	S00630
C00631	S00631
C00632	S00632
C00633	S00633
C00634	S00634
C00635	S00635
C00636	S00636
C00637	S00637
C00638	S00638
C00639	S00639
C00640	S00640
C00641	S00641
C00642	S00642
C00643	S00643
C00644	S00644
C00645	S00645
C00646	S00646
C00647	S00647
C00648	S00648
C00649	S00649
C00650	S00650
C00651	S00651
C00652	S00652
C00653	S00653
C00654	S00654
C00655	S00655
C00656	S00656
C00657	S00657
C00658	S00658
C00659	S00659
C00660	S00660
C00661	S00661
C00662	S00662
C00663	S00663
C00664	S00664
C00665	S00665
C00666	S00666
C00667	S00667
C00668	S00668
C00669	S00669
C00670	S00670
C00671	S00671
C00672	S00672
C00673	S00673
C00674	S00674
C00675	S00675
C00676	S00676
C00677	S00677
C00678	S00678
C00679	S00679
C00680	S00680
C00681	S00681
C00682	S00682
C00683	S00683
C00684	S00684
C00685	S00685
C00686	S00686
C00687	S00687
C00688	S00688
C00689	S00689
C00690	S00690
C00691	S00691
C00692	S00692
C00693	S00693
C00694	S00694
C00695	S00695
C00696	S00696
C00697	S00697
C00698	S00698
C00699	S00699
C00700	S00700
C00701	S00701
C00702	S00702
C00703	S00703
C00704	S00704
C00705	S00705
C00706	S00706
C00707	S00707
C00708	S00708
C00709	S00709
C00710	S00710
C00711	S00711
C00712	S00712
C00713	S00713
C00714	S00714
C00715	S00715
C00716	S00716
C00717	S00717
C00718	S00718
C00719	S00719
C00720	S00720
C00721	S00721
C00722	S00722
C00723	S00723
C00724	S00724
C00725	S00725
C00726	S00726
C00727	S00727
C00728	S00728
C00729	S00729
C00730	S00730
C00731	S00731
C00732	S00732
C00733	S00733
C00734	S00734
C00735	S00735
C00736	S00736
C00737	S00737
C00738	S00738
C00739	S00739
C00740	S00740
C00741	S00741
C00742	S00742
C00743	S00743
C00744	S00744
C00745	S00745
C00746	S00746
C00747	S00747
C00748	S00748
C00749	S00749
C00750	S00750
C00751	S00751
C00752	S00752
C00753	S00753
C00754	S00754
C00755	S00755
C00756	S00756
C00757	S00757
C00758	S00758
C00759	S00759
C00760	S00760
C00761	S00761
C00762	S00762
C00763	S00763
C00764	S00764
C00765	S00765
C00766	S00766
C00767	S00767
C00768	S00768
C00769	S00769
C00770	S00770
C00771	S00771
C00772	S00772
C00773	S00773
C00774	S00774
C00775	S00775
C00776	S00776
C00777	S00777
C00778	S00778
C00779	S00779
C00780	S00780
C00781	S00781
C00782	S00782
C00783	S00783
C00784	S00784
C00785	S00785
C00786	S00786
C00787	S00787
C00788	S00788
C00789	S00789
C00790	S00790
C00791	S00791
C00792	S00792
C00793	S00793
C00794	S00794
C00795	S00795
C00796	S00796
C00797	S00797
C00798	S00798
C00799	S00799
C00800	S00800
C00801	S00801
C00802	S00802
C00803	S00803
C00804	S00804
C00805	S00805
C00806	S00806
C00807	S00807
C00808	S00808
C00809	S00809
C00810	S00810
C00811	S00811
C00812	S00812
C00813	S00813
C00814	S00814
C00815	S00815
C00816	S00816
C00817	S00817
C00818	S00818
C00819	S00819
C00820	S00820
C00821	S00821
C00822	S00822
C00823	S00823
C00824	S00824
C00825	S00825
C00826	S00826
C00827	S00827
C00828	S00828
C00829	S00829
C00830	S00830
C00831	S00831
C00832	S00832
C00833	S00833
C00834	S00834
C00835	S00835
C00836	S00836
C00837	S00837
C00838	S00838
C00839	S00839
C00840	S00840
C00841	S00841
C00842	S00842
C00843	S00843
C00844	S00844
C00845	S00845
C00846	S00846
C00847	S00847
C00848	S00848
C00849	S00849
C00850	S00850
C00851	S00851
C00852	S00852
C00853	S00853
C00854	S00854
C00855	S00855
C00856	S00856
C00857	S00857
C00858	S00858
C00859	S00859
C00860	S00860
C00861	S00861
C00862	S00862
C00863	S00863
C00864	S00864
C00865	S00865
C00866	S00866
C00867	S00867
C00868	S00868
C00869	S00869
C00870	S00870
C00871	S00871
C00872	S00872
C00873	S00873
C00874	S00874
C00875	S00875
C00876	S00876
C00877	S00877
C00878	S00878
C00879	S00879
C00880	S00880
C00881	S00881
C00882	S00882
C00883	S00883
C00884	S00884
C00885	S00885
C00886	S00886
C00887	S00887
C00888	S00888
C00889	S00889
C00890	S00890
C00891	S00891
C00892	S00892
C00893	S00893
C00894	S00894
C00895	S00895
C00896	S00896
C00897	S00897
C00898	S00898
C00899	S00899
C00900	S00900
C00901	S00901
C00902	S00902
C00903	S00903
C00904	S00904
C00905	S00905
C00906	S00906
C00907	S00907
C00908	S00908
C00909	S00909
C00910	S00910
C00911	S00911
C00912	S00912
C00913	S00913
C00914	S00914
C00915	S00915
C00916	S00916
C00917	S00917
C00918	S00918
C00919	S00919
C00920	S00920
C00921	S00921
C00922	S00922
C00923	S00923
C00924	S00924
C00925	S00925
C00926	S00926
C00927	S00927
C00928	S00928
C00929	S00929
C00930	S00930
C00931	S00931
C00932	S00932
C00933	S00933
C00934	S00934
C00935	S00935
C00936	S00936
C00937	S00937
C00938	S00938
C00939	S00939
C00940	S00940
C00941	S00941
C00942	S00942
C00943	S00943
C00944	S00944
C00945	S00945
C00946	S00946
C00947	S00947
C00948	S00948
C00949	S00949
C00950	S00950
C00951	S00951
C00952	S00952
C00953	S00953
C00954	S00954
C00955	S00955
C00956	S00956
C00957	S00957
C00958	S00958
C00959	S00959
C00960	S00960
C00961	S00961
C00962	S00962
C00963	S00963
C00964	S00964
C00965	S00965
C00966	S00966
C00967	S00967
C00968	S00968
C00969	S00969
C00970	S00970
C00971	S00971
C00972	S00972
C00973	S00973
C00974	S00974
C00975	S00975
C00976	S00976
C00977	S00977
C00978	S00978
C00979	S00979
C00980	S00980
C00981	S00981
C00982	S00982
C00983	S00983
C00984	S00984
C00985	S00985
C00986	S00986
C00987	S00987
C00988	S00988
C00989	S00989
C00990	S00990
C00991	S00991
C00992	S00992
C00993	S00993
C00994	S00994
C00995	S00995
C00996	S00996
C00997	S00997
C00998	S00998
C00999	S00999
C01000	S01000
C01001	S01001
C01002	S01002
C01003	S01003
C01004	S01004
C01005	S01005
C01006	S01006
C01007	S01007
C01008	S01008
C01009	S01009
C01010	S01010
C01011	S01011
C01012	S01012
C01013	S01013
C01014	S01014
C01015	S01015
C01016	S01016
C01017	S01017
C01018	S01018
C01019	S01019
C01020	S01020
C01021	S01021
C01022	S01022
C01023	S01023
C01024	S01024
C01025	S01025
C01026	S01026
C01027	S01027
C01028	S01028
C01029	S01029
C01030	S01030
C01031	S01031
C01032	S01032
C01033	S01033
C01034	S01034
C01035	S01035
C01036	S01036
C01037	S01037
C01038	S01038
C01039	S01039
C01040	S01040
C01041	S01041
C01042	S01042
C01043	S01043
C01044	S01044
C01045	S01045
C01046	S01046
C01047	S01047
C01048	S01048
C01049	S01049
C01050	S01050
C01051	S01051
C01052	S01052
C01053	S01053
C01054	S01054
C01055	S01055
C01056	S01056
C01057	S01057
C01058	S01058
C01059	S01059
C01060	S01060
C01061	S01061
C01062	S01062
C01063	S01063
C01064	S01064
C01065	S01065
C01066	S01066
C01067	S01067
C01068	S01068
C01069	S01069
C01070	S01070
C01071	S01071
C01072	S01072
C01073	S01073
C01074	S01074
C01075	S01075
C01076	S01076
C01077	S01077
C01078	S01078
C01079	S01079
C01080	S01080
C01081	S01081
C01082	S01082
C01083	S01083
C01084	S01084
C01085	S01085
C01086	S01086
C01087	S01087
C01088	S01088
C01089	S01089
C01090	S01090
C01091	S01091
C01092	S01092
C01093	S01093
C01094	S01094
C01095	S01095
C01096	S01096
C01097	S01097
C01098	S01098
C01099	S01099
C01100	S01100
C01101	S01101
C01102	S01102
C01103	S01103
C01104	S01104
C01105	S01105
C01106	S01106
C01107	S01107
C01108	S01108
C01109	S01109
C01110	S01110
C01111	S01111
C01112	S01112
C01113	S01113
C01114	S01114
C01115	S01115
C01116	S01116
C01117	S01117
C01118	S01118
C01119	S01119
C01120	S01120
C01121	S01121
C01122	S01122
C01123	S01123
C01124	S01124
C01125	S01125
C01126	S01126
C01127	S01127
C01128	S01128
C01129	S01129
C01130	S01130
C01131	S01131
C01132	S01132
C01133	S01133
C01134	S01134
C01135	S01135
C01136	S01136
C01137	S01137
C01138	S01138
C01139	S01139
C01140	S01140
C01141	S01141
C01142	S01142
C01143	S01143
C01144	S01144
C01145	S01145
C01146	S01146
C01147	S01147
C01148	S01148
C01149	S01149
C01150	S01150
C01151	S01151
C01152	S01152
C01153	S01153
C01154	S01154
C01155	S01155
C01156	S01156
C01157	S01157
C01158	S01158
C01159	S01159
C01160	S01160
C01161	S01161
C01162	S01162
C01163	S01163
C01164	S01164
C01165	S01165
C01166	S01166
C01167	S01167
C01168	S01168
C01169	S01169
C01170	S01170
C01171	S01171
C01172	S01172
C01173	S01173
C01174	S01174
C01175	S01175
C01176	S01176
C01177	S01177
C01178	S01178
C01179	S01179
C01180	S01180
C01181	S01181
C01182	S01182
C01183	S01183
C01184	S01184
C01185	S01185
C01186	S01186
C01187	S01187
C01188	S01188
C01189	S01189
C01190	S01190
C01191	S01191
C01192	S01192
C01193	S01193
C01194	S01194
C01195	S01195
C01196	S01196
C01197	S01197
C01198	S01198
C01199	S01199
C01200	S01200
C01201	S01201
C01202	S01202
C01203	S01203
C01204	S01204
C01205	S01205
C01206	S01206
C01207	S01207
C01208	S01208
C01209	S01209
C01210	S01210
C01211	S01211
C01212	S01212
C01213	S01213
C01214	S01214
C01215	S01215
C01216	S01216
C01217	S01217
C01218	S01218
C01219	S01219
C01220	S01220
C01221	S01221
C01222	S01222
C01223	S01223
C01224	S01224
C01225	S01225
C01226	S01226
C01227	S01227
C01228	S01228
C01229	S01229
C01230	S01230
C01231	S01231
C01232	S01232
C01233	S01233
C01234	S01234
C01235	S01235
C01236	S01236
C01237	S01237
C01238	S01238
C01239	S01239
C01240	S01240
C01241	S01241
C01242	S01242
C01243	S01243
C01244	S01244
C01245	S01245
C01246	S01246
C01247	S01247
C01248	S01248
C01249	S01249
C01250	S01250
C01251	S01251
C01252	S01252
C01253	S01253
C01254	S01254
C01255	S01255
C01256	S01256
C01257	S01257
C01258	S01258
C01259	S01259
C01260	S01260
C01261	S01261
C01262	S01262
C01263	S01263
C01264	S01264
C01265	S01265
C01266	S01266
C01267	S01267
C01268	S01268
C01269	S01269
C01270	S01270
C01271	S01271
C01272	S01272
C01273	S01273
C01274	S01274
C01275	S01275
C01276	S01276
C01277	S01277
C01278	S01278
C01279	S01279
C01280	S01280
C01281	S01281
C01282	S01282
C01283	S01283
C01284	S01284
C01285	S01285
C01286	S01286
C01287	S01287
C01288	S01288
C01289	S01289
C01290	S01290
C01291	S01291
C01292	S01292
C01293	S01293
C01294	S01294
C01295	S01295
C01296	S01296
C01297	S01297
C01298	S01298
C01299	S01299
C01300	S01300
C01301	S01301
C01302	S01302
C01303	S01303
C01304	S01304
C01305	S01305
C01306	S01306
C01307	S01307
C01308	S01308
C01309	S01309
C01310	S01310
C01311	S01311
C01312	S01312
C01313	S01313
C01314	S01314
C01315	S01315
C01316	S01316
C01317	S01317
C01318	S01318
C01319	S01319
C01320	S01320
C01321	S01321
C01322	S01322
C01323	S01323
C01324	S01324
C01325	S01325
C01326	S01326
C01327	S01327
C01328	S01328
C01329	S01329
C01330	S01330
C01331	S01331
C01332	S01332
C01333	S01333
C01334	S01334
C01335	S01335
C01336	S01336
C01337	S01337
C01338	S01338
C01339	S01339
C01340	S01340
C01341	S01341
C01342	S01342
C01343	S01343
C01344	S01344
C01345	S01345
C01346	S01346
C01347	S01347
C01348	S01348
C01349	S01349
C01350	S01350
C01351	S01351
C01352	S01352
C01353	S01353
C01354	S01354
C01355	S01355
C01356	S01356
C01357	S01357
C01358	S01358
C01359	S01359
C01360	S01360
C01361	S01361
C01362	S01362
C01363	S01363
C01364	S01364
C01365	S01365
C01366	S01366
C01367	S01367
C01368	S01368
C01369	S01369
C01370	S01370
C01371	S01371
C01372	S01372
C01373	S01373
C01374	S01374
C01375	S01375
C01376	S01376
C01377	S01377
C01378	S01378
C01379	S01379
C01380	S01380
C01381	S01381
C01382	S01382
C01383	S01383
C01384	S01384
C01385	S01385
C01386	S01386
C01387	S01387
C01388	S01388
C01389	S01389
C01390	S01390
C01391	S01391
C01392	S01392
C01393	S01393
C01394	S01394
C01395	S01395
C01396	S01396
C01397	S01397
C01398	S01398
C01399	S01399
C01400	S01400
C01401	S01401
C01402	S01402
C01403	S01403
C01404	S01404
C01405	S01405
C01406	S01406
C01407	S01407
C01408	S01408
C01409	S01409
C01410	S01410
C01411	S01411
C01412	S01412
C01413	S01413
C01414	S01414
C01415	S01415
C01416	S01416
C01417	S01417
C01418	S01418
C01419	S01419
C01420	S01420
C01421	S01421
C01422	S01422
C01423	S01423
C01424	S01424
C01425	S01425
C01426	S01426
C01427	S01427
C01428	S01428
C01429	S01429
C01430	S01430
C01431	S01431
C01432	S01432
C01433	S01433
C01434	S01434
C01435	S01435
C01436	S01436
C01437	S01437
C01438	S01438
C01439	S01439
C01440	S01440
C01441	S01441
C01442	S01442
C01443	S01443
C01444	S01444
C01445	S01445
C01446	S01446
C01447	S01447
C01448	S01448
C01449	S01449
C01450	S01450
C01451	S01451
C01452	S01452
C01453	S01453
C01454	S01454
C01455	S01455
C01456	S01456
C01457	S01457
C01458	S01458
C01459	S01459
C01460	S01460
C01461	S01461
C01462	S01462
C01463	S01463
C01464	S01464
C01465	S01465
C01466	S01466
C01467	S01467
C01468	S01468
C01469	S01469
C01470	S01470
C01471	S01471
C01472	S01472
C01473	S01473
C01474	S01474
C01475	S01475
C01476	S01476
C01477	S01477
C01478	S01478
C01479	S01479
C01480	S01480
C01481	S01481
C01482	S01482
C01483	S01483
C01484	S01484
C01485	S01485
C01486	S01486
C01487	S01487
C01488	S01488
C01489	S01489
C01490	S01490
C01491	S01491
C01492	S01492
C01493	S01493
C01494	S01494
C01495	S01495
C01496	S01496
C01497	S01497
C01498	S01498
C01499	S01499
C01500	S01500
C01501	S01501
C01502	S01502
C01503	S01503
C01504	S01504
C01505	S01505
C01506	S01506
C01507	S01507
C01508	S01508
C01509	S01509
C01510	S01510
C01511	S01511
C01512	S01512
C01513	S01513
C01514	S01514
C01515	S01515
C01516	S01516
C01517	S01517
C01518	S01518
C01519	S01519
C01520	S01520
C01521	S01521
C01522	S01522
C01523	S01523
C01524	S01524
C01525	S01525
C01526	S01526
C01527	S01527
C01528	S01528
C01529	S01529
C01530	S01530
C01531	S01531
C01532	S01532
C01533	S01533
C01534	S01534
C01535	S01535
C01536	S01536
C01537	S01537
C01538	S01538
C01539	S01539
C01540	S01540
C01541	S01541
C01542	S01542
C01543	S01543
C01544	S01544
C01545	S01545
C01546	S01546
C01547	S01547
C01548	S01548
C01549	S01549
C01550	S01550
C01551	S01551
C01552	S01552
C01553	S01553
C01554	S01554
C01555	S01555
C01556	S01556
C01557	S01557
C01558	S01558
C01559	S01559
C01560	S01560
C01561	S01561
C01562	S01562
C01563	S01563
C01564	S01564
C01565	S01565
C01566	S01566
C01567	S01567
C01568	S01568
C01569	S01569
C01570	S01570
C01571	S01571
C01572	S01572
C01573	S01573
C01574	S01574
C01575	S01575
C01576	S01576
C01577	S01577
C01578	S01578
C01579	S01579
C01580	S01580
C01581	S01581
C01582	S01582
C01583	S01583
C01584	S01584
C01585	S01585
C01586	S01586
C01587	S01587
C01588	S01588
C01589	S01589
C01590	S01590
C01591	S01591
C01592	S01592
C01593	S01593
C01594	S01594
C01595	S01595
C01596	S01596
C01597	S01597
C01598	S01598
C01599	S01599
C01600	S01600
C01601	S01601
C01602	S01602
C01603	S01603
C01604	S01604
C01605	S01605
C01606	S01606
C01607	S01607
C01608	S01608
C01609	S01609
C01610	S01610
C01611	S01611
C01612	S01612
C01613	S01613
C01614	S01614
C01615	S01615
C01616	S01616
C01617	S01617
C01618	S01618
C01619	S01619
C01620	S01620
C01621	S01621
C01622	S01622
C01623	S01623
C01624	S01624
C01625	S01625
C01626	S01626
C01627	S01627
C01628	S01628
C01629	S01629
C01630	S01630
C01631	S01631
C01632	S01632
C01633	S01633
C01634	S01634
C01635	S01635
C01636	S01636
C01637	S01637
C01638	S01638
C01639	S01639
C01640	S01640
C01641	S01641
C01642	S01642
C01643	S01643
C01644	S01644
C01645	S01645
C01646	S01646
C01647	S01647
C01648	S01648
C01649	S01649
C01650	S01650
C01651	S01651
C01652	S01652
C01653	S01653
C01654	S01654
C01655	S01655
C01656	S01656
C01657	S01657
C01658	S01658
C01659	S01659
C01660	S01660
C01661	S01661
C01662	S01662
C01663	S01663
C01664	S01664
C01665	S01665
C01666	S01666
C01667	S01667
C01668	S01668
C01669	S01669
C01670	S01670
C01671	S01671
C01672	S01672
C01673	S01673
C01674	S01674
C01675	S01675
C01676	S01676
C01677	S01677
C01678	S01678
C01679	S01679
C01680	S01680
C01681	S01681
C01682	S01682
C01683	S01683
C01684	S01684
C01685	S01685
C01686	S01686
C01687	S01687
C01688	S01688
C01689	S01689
C01690	S01690
C01691	S01691
C01692	S01692
C01693	S01693
C01694	S01694
C01695	S01695
C01696	S01696
C01697	S01697
C01698	S01698
C01699	S01699
C01700	S01700
C01701	S01701
C01702	S01702
C01703	S01703
C01704	S01704
C01705	S01705
C01706	S01706
C01707	S01707
C01708	S01708
C01709	S01709
C01710	S01710
C01711	S01711
C01712	S01712
C01713	S01713
C01714	S01714
C01715	S01715
C01716	S01716
C01717	S01717
C01718	S01718
C01719	S01719
C01720	S01720
C01721	S01721
C01722	S01722
C01723	S01723
C01724	S01724
C01725	S01725
C01726	S01726
C01727	S01727
C01728	S01728
C01729	S01729
C01730	S01730
C01731	S01731
C01732	S01732
C01733	S01733
C01734	S01734
C01735	S01735
C01736	S01736
C01737	S01737
C01738	S01738
C01739	S01739
C01740	S01740
C01741	S01741
C01742	S01742
C01743	S01743
C01744	S01744
C01745	S01745
C01746	S01746
C01747	S01747
C01748	S01748
C01749	S01749
C01750	S01750
C01751	S01751
C01752	S01752
C01753	S01753
C01754	S01754
C01755	S01755
C01756	S01756
C01757	S01757
C01758	S01758
C01759	S01759
C01760	S01760
C01761	S01761
C01762	S01762
C01763	S01763
C01764	S01764
C01765	S01765
C01766	S01766
C01767	S01767
C01768	S01768
C01769	S01769
C01770	S01770
C01771	S01771
C01772	S01772
C01773	S01773
C01774	S01774
C01775	S01775
C01776	S01776
C01777	S01777
C01778	S01778
C01779	S01779
C01780	S01780
C01781	S01781
C01782	S01782
C01783	S01783
C01784	S01784
C01785	S01785
C01786	S01786
C01787	S01787
C01788	S01788
C01789	S01789
C01790	S01790
C01791	S01791
C01792	S01792
C01793	S01793
C01794	S01794
C01795	S01795
C01796	S01796
C01797	S01797
C01798	S01798
C01799	S01799
C01800	S01800
C01801	S01801
C01802	S01802
C01803	S01803
C01804	S01804
C01805	S01805
C01806	S01806
C01807	S01807
C01808	S01808
C01809	S01809
C01810	S01810
C01811	S01811
C01812	S01812
C01813	S01813
C01814	S01814
C01815	S01815
C01816	S01816
C01817	S01817
C01818	S01818
C01819	S01819
C01820	S01820
C01821	S01821
C01822	S01822
C01823	S01823
C01824	S01824
C01825	S01825
C01826	S01826
C01827	S01827
C01828	S01828
C01829	S01829
C01830	S01830
C01831	S01831
C01832	S01832
C01833	S01833
C01834	S01834
C01835	S01835
C01836	S01836
C01837	S01837
C01838	S01838
C01839	S01839
C01840	S01840
C01841	S01841
C01842	S01842
C01843	S01843
C01844	S01844
C01845	S01845
C01846	S01846
C01847	S01847
C01848	S01848
C01849	S01849
C01850	S01850
C01851	S01851
C01852	S01852
C01853	S01853
C01854	S01854
C01855	S01855
C01856	S01856
C01857	S01857
C01858	S01858
C01859	S01859
C01860	S01860
C01861	S01861
C01862	S01862
C01863	S01863
C01864	S01864
C01865	S01865
C01866	S01866
C01867	S01867
C01868	S01868
C01869	S01869
C01870	S01870
C01871	S01871
C01872	S01872
C01873	S01873
C01874	S01874
C01875	S01875
C01876	S01876
C01877	S01877
C01878	S01878
C01879	S01879
C01880	S01880
C01881	S01881
C01882	S01882
C01883	S01883
C01884	S01884
C01885	S01885
C01886	S01886
C01887	S01887
C01888	S01888
C01889	S01889
C01890	S01890
C01891	S01891
C01892	S01892
C01893	S01893
C01894	S01894
C01895	S01895
C01896	S01896
C01897	S01897
C01898	S01898
C01899	S01899
C01900	S01900
C01901	S01901
C01902	S01902
C01903	S01903
C01904	S01904
C01905	S01905
C01906	S01906
C01907	S01907
C01908	S01908
C01909	S01909
C01910	S01910
C01911	S01911
C01912	S01912
C01913	S01913
C01914	S01914
C01915	S01915
C01916	S01916
C01917	S01917
C01918	S01918
C01919	S01919
C01920	S01920
C01921	S01921
C01922	S01922
C01923	S01923
C01924	S01924
C01925	S01925
C01926	S01926
C01927	S01927
C01928	S01928
C01929	S01929
C01930	S01930
C01931	S01931
C01932	S01932
C01933	S01933
C01934	S01934
C01935	S01935
C01936	S01936
C01937	S01937
C01938	S01938
C01939	S01939
C01940	S01940
C01941	S01941
C01942	S01942
C01943	S01943
C01944	S01944
C01945	S01945
C01946	S01946
C01947	S01947
C01948	S01948
C01949	S01949
C01950	S01950
C01951	S01951
C01952	S01952
C01953	S01953
C01954	S01954
C01955	S01955
C01956	S01956
C01957	S01957
C01958	S01958
C01959	S01959
C01960	S01960
C01961	S01961
C01962	S01962
C01963	S01963
C01964	S01964
C01965	S01965
C01966	S01966
C01967	S01967
C01968	S01968
C01969	S01969
C01970	S01970
C01971	S01971
C01972	S01972
C01973	S01973
C01974	S01974
C01975	S01975
C01976	S01976
C01977	S01977
C01978	S01978
C01979	S01979
C01980	S01980
C01981	S01981
C01982	S01982
C01983	S01983
C01984	S01984
C01985	S01985
C01986	S01986
C01987	S01987
C01988	S01988
C01989	S01989
C01990	S01990
C01991	S01991
C01992	S01992
C01993	S01993
C01994	S01994
C01995	S01995
C01996	S01996
C01997	S01997
C01998	S01998
C01999	S01999
C02000	S02000
C02001	S02001
C02002	S02002
C02003	S02003
C02004	S02004
C02005	S02005
C02006	S02006
C02007	S02007
C02008	S02008
C02009	S02009
C02010	S02010
C02011	S02011
C02012	S02012
C02013	S02013
C02014	S02014
C02015	S02015
C02016	S02016
C02017	S02017
C02018	S02018
C02019	S02019
C02020	S02020
C02021	S02021
C02022	S02022
C02023	S02023
C02024	S02024
C02025	S02025
C02026	S02026
C02027	S02027
C02028	S02028
C02029	S02029
C02030	S02030
C02031	S02031
C02032	S02032
C02033	S02033
C02034	S02034
C02035	S02035
C02036	S02036
C02037	S02037
C02038	S02038
C02039	S02039
C02040	S02040
C02041	S02041
C02042	S02042
C02043	S02043
C02044	S02044
C02045	S02045
C02046	S02046
C02047	S02047
C02048	S02048
C02049	S02049
C02050	S02050
C02051	S02051
C02052	S02052
C02053	S02053
C02054	S02054
C02055	S02055
C02056	S02056
C02057	S02057
C02058	S02058
C02059	S02059
C02060	S02060
C02061	S02061
C02062	S02062
C02063	S02063
C02064	S02064
C02065	S02065
C02066	S02066
C02067	S02067
C02068	S02068
C02069	S02069
C02070	S02070
C02071	S02071
C02072	S02072
C02073	S02073
C02074	S02074
C02075	S02075
C02076	S02076
C02077	S02077
C02078	S02078
C02079	S02079
C02080	S02080
C02081	S02081
C02082	S02082
C02083	S02083
C02084	S02084
C02085	S02085
C02086	S02086
C02087	S02087
C02088	S02088
C02089	S02089
C02090	S02090
C02091	S02091
C02092	S02092
C02093	S02093
C02094	S02094
C02095	S02095
C02096	S02096
C02097	S02097
C02098	S02098
C02099	S02099
C02100	S02100
C02101	S02101
C02102	S02102
C02103	S02103
C02104	S02104
C02105	S02105
C02106	S02106
C02107	S02107
C02108	S02108
C02109	S02109
C02110	S02110
C02111	S02111
C02112	S02112
C02113	S02113
C02114	S02114
C02115	S02115
C02116	S02116
C02117	S02117
C02118	S02118
C02119	S02119
C02120	S02120
C02121	S02121
C02122	S02122
C02123	S02123
C02124	S02124
C02125	S02125
C02126	S02126
C02127	S02127
C02128	S02128
C02129	S02129
C02130	S02130
C02131	S02131
C02132	S02132
C02133	S02133
C02134	S02134
C02135	S02135
C02136	S02136
C02137	S02137
C02138	S02138
C02139	S02139
C02140	S02140
C02141	S02141
C02142	S02142
C02143	S02143
C02144	S02144
C02145	S02145
C02146	S02146
C02147	S02147
C02148	S02148
C02149	S02149
C02150	S02150
C02151	S02151
C02152	S02152
C02153	S02153
C02154	S02154
C02155	S02155
C02156	S02156
C02157	S02157
C02158	S02158
C02159	S02159
C02160	S02160
C02161	S02161
C02162	S02162
C02163	S02163
C02164	S02164
C02165	S02165
C02166	S02166
C02167	S02167
C02168	S02168
C02169	S02169
C02170	S02170
C02171	S02171
C02172	S02172
C02173	S02173
C02174	S02174
C02175	S02175
C02176	S02176
C02177	S02177
C02178	S02178
C02179	S02179
C02180	S02180
C02181	S02181
C02182	S02182
C02183	S02183
C02184	S02184
C02185	S02185
C02186	S02186
C02187	S02187
C02188	S02188
C02189	S02189
C02190	S02190
C02191	S02191
C02192	S02192
C02193	S02193
C02194	S02194
C02195	S02195
C02196	S02196
C02197	S02197
C02198	S02198
C02199	S02199
C02200	S02200
C02201	S02201
C02202	S02202
C02203	S02203
C02204	S02204
C02205	S02205
C02206	S02206
C02207	S02207
C02208	S02208
C02209	S02209
C02210	S02210
C02211	S02211
C02212	S02212
C02213	S02213
C02214	S02214
C02215	S02215
C02216	S02216
C02217	S02217
C02218	S02218
C02219	S02219
C02220	S02220
C02221	S02221
C02222	S02222
C02223	S02223
C02224	S02224
C02225	S02225
C02226	S02226
C02227	S02227
C02228	S02228
C02229	S02229
C02230	S02230
C02231	S02231
C02232	S02232
C02233	S02233
C02234	S02234
C02235	S02235
C02236	S02236
C02237	S02237
C02238	S02238
C02239	S02239
C02240	S02240
C02241	S02241
C02242	S02242
C02243	S02243
C02244	S02244
C02245	S02245
C02246	S02246
C02247	S02247
C02248	S02248
C02249	S02249
C02250	S02250
C02251	S02251
C02252	S02252
C02253	S02253
C02254	S02254
C02255	S02255
C02256	S02256
C02257	S02257
C02258	S02258
C02259	S02259
C02260	S02260
C02261	S02261
C02262	S02262
C02263	S02263
C02264	S02264
C02265	S02265
C02266	S02266
C02267	S02267
C02268	S02268
C02269	S02269
C02270	S02270
C02271	S02271
C02272	S02272
C02273	S02273
C02274	S02274
C02275	S02275
C02276	S02276
C02277	S02277
C02278	S02278
C02279	S02279
C02280	S02280
C02281	S02281
C02282	S02282
C02283	S02283
C02284	S02284
C02285	S02285
C02286	S02286
C02287	S02287
C02288	S02288
C02289	S02289
C02290	S02290
C02291	S02291
C02292	S02292
C02293	S02293
C02294	S02294
C02295	S02295
C02296	S02296
C02297	S02297
C02298	S02298
C02299	S02299
C02300	S02300
C02301	S02301
C02302	S02302
C02303	S02303
C02304	S02304
C02305	S02305
C02306	S02306
C02307	S02307
C02308	S02308
C02309	S02309
C02310	S02310
C02311	S02311
C02312	S02312
C02313	S02313
C02314	S02314
C02315	S02315
C02316	S02316
C02317	S02317
C02318	S02318
C02319	S02319
C02320	S02320
C02321	S02321
C02322	S02322
C02323	S02323
C02324	S02324
C02325	S02325
C02326	S02326
C02327	S02327
C02328	S02328
C02329	S02329
C02330	S02330
C02331	S02331
C02332	S02332
C02333	S02333
C02334	S02334
C02335	S02335
C02336	S02336
C02337	S02337
C02338	S02338
C02339	S02339
C02340	S02340
C02341	S02341
C02342	S02342
C02343	S02343
C02344	S02344
C02345	S02345
C02346	S02346
C02347	S02347
C02348	S02348
C02349	S02349
C02350	S02350
C02351	S02351
C02352	S02352
C02353	S02353
C02354	S02354
C02355	S02355
C02356	S02356
C02357	S02357
C02358	S02358
C02359	S02359
C02360	S02360
C02361	S02361
C02362	S02362
C02363	S02363
C02364	S02364
C02365	S02365
C02366	S02366
C02367	S02367
C02368	S02368
C02369	S02369
C02370	S02370
C02371	S02371
C02372	S02372
C02373	S02373
C02374	S02374
C02375	S02375
C02376	S02376
C02377	S02377
C02378	S02378
C02379	S02379
C02380	S02380
C02381	S02381
C02382	S02382
C02383	S02383
C02384	S02384
C02385	S02385
C02386	S02386
C02387	S02387
C02388	S02388
C02389	S02389
C02390	S02390
C02391	S02391
C02392	S02392
C02393	S02393
C02394	S02394
C02395	S02395
C02396	S02396
C02397	S02397
C02398	S02398
C02399	S02399
C02400	S02400
C02401	S02401
C02402	S02402
C02403	S02403
C02404	S02404
C02405	S02405
C02406	S02406
C02407	S02407
C02408	S02408
C02409	S02409
C02410	S02410
C02411	S02411
C02412	S02412
C02413	S02413
C02414	S02414
C02415	S02415
C02416	S02416
C02417	S02417
C02418	S02418
C02419	S02419
C02420	S02420
C02421	S02421
C02422	S02422
C02423	S02423
C02424	S02424
C02425	S02425
C02426	S02426
C02427	S02427
C02428	S02428
C02429	S02429
C02430	S02430
C02431	S02431
C02432	S02432
C02433	S02433
C02434	S02434
C02435	S02435
C02436	S02436
C02437	S02437
C02438	S02438
C02439	S02439
C02440	S02440
C02441	S02441
C02442	S02442
C02443	S02443
C02444	S02444
C02445	S02445
C02446	S02446
C02447	S02447
C02448	S02448
C02449	S02449
C02450	S02450
C02451	S02451
C02452	S02452
C02453	S02453
C02454	S02454
C02455	S02455
C02456	S02456
C02457	S02457
C02458	S02458
C02459	S02459
C02460	S02460
C02461	S02461
C02462	S02462
C02463	S02463
C02464	S02464
C02465	S02465
C02466	S02466
C02467	S02467
C02468	S02468
C02469	S02469
C02470	S02470
C02471	S02471
C02472	S02472
C02473	S02473
C02474	S02474
C02475	S02475
C02476	S02476
C02477	S02477
C02478	S02478
C02479	S02479
C02480	S02480
C02481	S02481
C02482	S02482
C02483	S02483
C02484	S02484
C02485	S02485
C02486	S02486
C02487	S02487
C02488	S02488
C02489	S02489
C02490	S02490
C02491	S02491
C02492	S02492
C02493	S02493
C02494	S02494
C02495	S02495
C02496	S02496
C02497	S02497
C02498	S02498
C02499	S02499
C02500	S02500
C02501	S02501
C02502	S02502
C02503	S02503
C02504	S02504
C02505	S02505
C02506	S02506
C02507	S02507
C02508	S02508
C02509	S02509
C02510	S02510
C02511	S02511
C02512	S02512
C02513	S02513
C02514	S02514
C02515	S02515
C02516	S02516
C02517	S02517
C02518	S02518
C02519	S02519
C02520	S02520
C02521	S02521
C02522	S02522
C02523	S02523
C02524	S02524
C02525	S02525
C02526	S02526
C02527	S02527
C02528	S02528
C02529	S02529
C02530	S02530
C02531	S02531
C02532	S02532
C02533	S02533
C02534	S02534
C02535	S02535
C02536	S02536
C02537	S02537
C02538	S02538
C02539	S02539
C02540	S02540
C02541	S02541
C02542	S02542
C02543	S02543
C02544	S02544
C02545	S02545
C02546	S02546
C02547	S02547
C02548	S02548
C02549	S02549
C02550	S02550
C02551	S02551
C02552	S02552
C02553	S02553
C02554	S02554
C02555	S02555
C02556	S02556
C02557	S02557
C02558	S02558
C02559	S02559
C02560	S02560
C02561	S02561
C02562	S02562
C02563	S02563
C02564	S02564
C02565	S02565
C02566	S02566
C02567	S02567
C02568	S02568
C02569	S02569
C02570	S02570
C02571	S02571
C02572	S02572
C02573	S02573
C02574	S02574
C02575	S02575
C02576	S02576
C02577	S02577
C02578	S02578
C02579	S02579
C02580	S02580
C02581	S02581
C02582	S02582
C02583	S02583
C02584	S02584
C02585	S02585
C02586	S02586
C02587	S02587
C02588	S02588
C02589	S02589
C02590	S02590
C02591	S02591
C02592	S02592
C02593	S02593
C02594	S02594
C02595	S02595
C02596	S02596
C02597	S02597
C02598	S02598
C02599	S02599
C02600	S02600
C02601	S02601
C02602	S02602
C02603	S02603
C02604	S02604
C02605	S02605
C02606	S02606
C02607	S02607
C02608	S02608
C02609	S02609
C02610	S02610
C02611	S02611
C02612	S02612
C02613	S02613
C02614	S02614
C02615	S02615
C02616	S02616
C02617	S02617
C02618	S02618
C02619	S02619
C02620	S02620
C02621	S02621
C02622	S02622
C02623	S02623
C02624	S02624
C02625	S02625
C02626	S02626
C02627	S02627
C02628	S02628
C02629	S02629
C02630	S02630
C02631	S02631
C02632	S02632
C02633	S02633
C02634	S02634
C02635	S02635
C02636	S02636
C02637	S02637
C02638	S02638
C02639	S02639
C02640	S02640
C02641	S02641
C02642	S02642
C02643	S02643
C02644	S02644
C02645	S02645
C02646	S02646
C02647	S02647
C02648	S02648
C02649	S02649
C02650	S02650
C02651	S02651
C02652	S02652
C02653	S02653
C02654	S02654
C02655	S02655
C02656	S02656
C02657	S02657
C02658	S02658
C02659	S02659
C02660	S02660
C02661	S02661
C02662	S02662
C02663	S02663
C02664	S02664
C02665	S02665
C02666	S02666
C02667	S02667
C02668	S02668
C02669	S02669
C02670	S02670
C02671	S02671
C02672	S02672
C02673	S02673
C02674	S02674
C02675	S02675
C02676	S02676
C02677	S02677
C02678	S02678
C02679	S02679
C02680	S02680
C02681	S02681
C02682	S02682
C02683	S02683
C02684	S02684
C02685	S02685
C02686	S02686
C02687	S02687
C02688	S02688
C02689	S02689
C02690	S02690
C02691	S02691
C02692	S02692
C02693	S02693
C02694	S02694
C02695	S02695
C02696	S02696
C02697	S02697
C02698	S02698
C02699	S02699
C02700	S02700
C02701	S02701
C02702	S02702
C02703	S02703
C02704	S02704
C02705	S02705
C02706	S02706
C02707	S02707
C02708	S02708
C02709	S02709
C02710	S02710
C02711	S02711
C02712	S02712
C02713	S02713
C02714	S02714
C02715	S02715
C02716	S02716
C02717	S02717
C02718	S02718
C02719	S02719
C02720	S02720
C02721	S02721
C02722	S02722
C02723	S02723
C02724	S02724
C02725	S02725
C02726	S02726
C02727	S02727
C02728	S02728
C02729	S02729
C02730	S02730
C02731	S02731
C02732	S02732
C02733	S02733
C02734	S02734
C02735	S02735
C02736	S02736
C02737	S02737
C02738	S02738
C02739	S02739
C02740	S02740
C02741	S02741
C02742	S02742
C02743	S02743
C02744	S02744
C02745	S02745
C02746	S02746
C02747	S02747
C02748	S02748
C02749	S02749
C02750	S02750
C02751	S02751
C02752	S02752
C02753	S02753
C02754	S02754
C02755	S02755
C02756	S02756
C02757	S02757
C02758	S02758
C02759	S02759
C02760	S02760
C02761	S02761
C02762	S02762
C02763	S02763
C02764	S02764
C02765	S02765
C02766	S02766
C02767	S02767
C02768	S02768
C02769	S02769
C02770	S02770
C02771	S02771
C02772	S02772
C02773	S02773
C02774	S02774
C02775	S02775
C02776	S02776
C02777	S02777
C02778	S02778
C02779	S02779
C02780	S02780
C02781	S02781
C02782	S02782
C02783	S02783
C02784	S02784
C02785	S02785
C02786	S02786
C02787	S02787
C02788	S02788
C02789	S02789
C02790	S02790
C02791	S02791
C02792	S02792
C02793	S02793
C02794	S02794
C02795	S02795
C02796	S02796
C02797	S02797
C02798	S02798
C02799	S02799
C02800	S02800
C02801	S02801
C02802	S02802
C02803	S02803
C02804	S02804
C02805	S02805
C02806	S02806
C02807	S02807
C02808	S02808
C02809	S02809
C02810	S02810
C02811	S02811
C02812	S02812
C02813	S02813
C02814	S02814
C02815	S02815
C02816	S02816
C02817	S02817
C02818	S02818
C02819	S02819
C02820	S02820
C02821	S02821
C02822	S02822
C02823	S02823
C02824	S02824
C02825	S02825
C02826	S02826
C02827	S02827
C02828	S02828
C02829	S02829
C02830	S02830
C02831	S02831
C02832	S02832
C02833	S02833
C02834	S02834
C02835	S02835
C02836	S02836
C02837	S02837
C02838	S02838
C02839	S02839
C02840	S02840
C02841	S02841
C02842	S02842
C02843	S02843
C02844	S02844
C02845	S02845
C02846	S02846
C02847	S02847
C02848	S02848
C02849	S02849
C02850	S02850
C02851	S02851
C02852	S02852
C02853	S02853
C02854	S02854
C02855	S02855
C02856	S02856
C02857	S02857
C02858	S02858
C02859	S02859
C02860	S02860
C02861	S02861
C02862	S02862
C02863	S02863
C02864	S02864
C02865	S02865
C02866	S02866
C02867	S02867
C02868	S02868
C02869	S02869
C02870	S02870
C02871	S02871
C02872	S02872
C02873	S02873
C02874	S02874
C02875	S02875
C02876	S02876
C02877	S02877
C02878	S02878
C02879	S02879
C02880	S02880
C02881	S02881
C02882	S02882
C02883	S02883
C02884	S02884
C02885	S02885
C02886	S02886
C02887	S02887
C02888	S02888
C02889	S02889
C02890	S02890
C02891	S02891
C02892	S02892
C02893	S02893
C02894	S02894
C02895	S02895
C02896	S02896
C02897	S02897
C02898	S02898
C02899	S02899
C02900	S02900
C02901	S02901
C02902	S02902
C02903	S02903
C02904	S02904
C02905	S02905
C02906	S02906
C02907	S02907
C02908	S02908
C02909	S02909
C02910	S02910
C02911	S02911
C02912	S02912
C02913	S02913
C02914	S02914
C02915	S02915
C02916	S02916
C02917	S02917
C02918	S02918
C02919	S02919
C02920	S02920
C02921	S02921
C02922	S02922
C02923	S02923
C02924	S02924
C02925	S02925
C02926	S02926
C02927	S02927
C02928	S02928
C02929	S02929
C02930	S02930
C02931	S02931
C02932	S02932
C02933	S02933
C02934	S02934
C02935	S02935
C02936	S02936
C02937	S02937
C02938	S02938
C02939	S02939
C02940	S02940
C02941	S02941
C02942	S02942
C02943	S02943
C02944	S02944
C02945	S02945
C02946	S02946
C02947	S02947
C02948	S02948
C02949	S02949
C02950	S02950
C02951	S02951
C02952	S02952
C02953	S02953
C02954	S02954
C02955	S02955
C02956	S02956
C02957	S02957
C02958	S02958
C02959	S02959
C02960	S02960
C02961	S02961
C02962	S02962
C02963	S02963
C02964	S02964
C02965	S02965
C02966	S02966
C02967	S02967
C02968	S02968
C02969	S02969
C02970	S02970
C02971	S02971
C02972	S02972
C02973	S02973
C02974	S02974
C02975	S02975
C02976	S02976
C02977	S02977
C02978	S02978
C02979	S02979
C02980	S02980
C02981	S02981
C02982	S02982
C02983	S02983
C02984	S02984
C02985	S02985
C02986	S02986
C02987	S02987
C02988	S02988
C02989	S02989
C02990	S02990
C02991	S02991
C02992	S02992
C02993	S02993
C02994	S02994
C02995	S02995
C02996	S02996
C02997	S02997
C02998	S02998
C02999	S02999
C03000	S03000
C03001	S03001
C03002	S03002
C03003	S03003
C03004	S03004
C03005	S03005
C03006	S03006
C03007	S03007
C03008	S03008
C03009	S03009
C03010	S03010
C03011	S03011
C03012	S03012
C03013	S03013
C03014	S03014
C03015	S03015
C03016	S03016
C03017	S03017
C03018	S03018
C03019	S03019
C03020	S03020
C03021	S03021
C03022	S03022
C03023	S03023
C03024	S03024
C03025	S03025
C03026	S03026
C03027	S03027
C03028	S03028
C03029	S03029
C03030	S03030
C03031	S03031
C03032	S03032
C03033	S03033
C03034	S03034
C03035	S03035
C03036	S03036
C03037	S03037
C03038	S03038
C03039	S03039
C03040	S03040
C03041	S03041
C03042	S03042
C03043	S03043
C03044	S03044
C03045	S03045
C03046	S03046
C03047	S03047
C03048	S03048
C03049	S03049
C03050	S03050
C03051	S03051
C03052	S03052
C03053	S03053
C03054	S03054
C03055	S03055
C03056	S03056
C03057	S03057
C03058	S03058
C03059	S03059
C03060	S03060
C03061	S03061
C03062	S03062
C03063	S03063
C03064	S03064
C03065	S03065
C03066	S03066
C03067	S03067
C03068	S03068
C03069	S03069
C03070	S03070
C03071	S03071
C03072	S03072
C03073	S03073
C03074	S03074
C03075	S03075
C03076	S03076
C03077	S03077
C03078	S03078
C03079	S03079
C03080	S03080
C03081	S03081
C03082	S03082
C03083	S03083
C03084	S03084
C03085	S03085
C03086	S03086
C03087	S03087
C03088	S03088
C03089	S03089
C03090	S03090
C03091	S03091
C03092	S03092
C03093	S03093
C03094	S03094
C03095	S03095
C03096	S03096
C03097	S03097
C03098	S03098
C03099	S03099
C03100	S03100
C03101	S03101
C03102	S03102
C03103	S03103
C03104	S03104
C03105	S03105
C03106	S03106
C03107	S03107
C03108	S03108
C03109	S03109
C03110	S03110
C03111	S03111
C03112	S03112
C03113	S03113
C03114	S03114
C03115	S03115
C03116	S03116
C03117	S03117
C03118	S03118
C03119	S03119
C03120	S03120
C03121	S03121
C03122	S03122
C03123	S03123
C03124	S03124
C03125	S03125
C03126	S03126
C03127	S03127
C03128	S03128
C03129	S03129
C03130	S03130
C03131	S03131
C03132	S03132
C03133	S03133
C03134	S03134
C03135	S03135
C03136	S03136
C03137	S03137
C03138	S03138
C03139	S03139
C03140	S03140
C03141	S03141
C03142	S03142
C03143	S03143
C03144	S03144
C03145	S03145
C03146	S03146
C03147	S03147
C03148	S03148
C03149	S03149
C03150	S03150
C03151	S03151
C03152	S03152
C03153	S03153
C03154	S03154
C03155	S03155
C03156	S03156
C03157	S03157
C03158	S03158
C03159	S03159
C03160	S03160
C03161	S03161
C03162	S03162
C03163	S03163
C03164	S03164
C03165	S03165
C03166	S03166
C03167	S03167
C03168	S03168
C03169	S03169
C03170	S03170
C03171	S03171
C03172	S03172
C03173	S03173
C03174	S03174
C03175	S03175
C03176	S03176
C03177	S03177
C03178	S03178
C03179	S03179
C03180	S03180
C03181	S03181
C03182	S03182
C03183	S03183
C03184	S03184
C03185	S03185
C03186	S03186
C03187	S03187
C03188	S03188
C03189	S03189
C03190	S03190
C03191	S03191
C03192	S03192
C03193	S03193
C03194	S03194
C03195	S03195
C03196	S03196
C03197	S03197
C03198	S03198
C03199	S03199
C03200	S03200
C03201	S03201
C03202	S03202
C03203	S03203
C03204	S03204
C03205	S03205
C03206	S03206
C03207	S03207
C03208	S03208
C03209	S03209
C03210	S03210
C03211	S03211
C03212	S03212
C03213	S03213
C03214	S03214
C03215	S03215
C03216	S03216
C03217	S03217
C03218	S03218
C03219	S03219
C03220	S03220
C03221	S03221
C03222	S03222
C03223	S03223
C03224	S03224
C03225	S03225
C03226	S03226
C03227	S03227
C03228	S03228
C03229	S03229
C03230	S03230
C03231	S03231
C03232	S03232
C03233	S03233
C03234	S03234
C03235	S03235
C03236	S03236
C03237	S03237
C03238	S03238
C03239	S03239
C03240	S03240
C03241	S03241
C03242	S03242
C03243	S03243
C03244	S03244
C03245	S03245
C03246	S03246
C03247	S03247
C03248	S03248
C03249	S03249
C03250	S03250
C03251	S03251
C03252	S03252
C03253	S03253
C03254	S03254
C03255	S03255
C03256	S03256
C03257	S03257
C03258	S03258
C03259	S03259
C03260	S03260
C03261	S03261
C03262	S03262
C03263	S03263
C03264	S03264
C03265	S03265
C03266	S03266
C03267	S03267
C03268	S03268
C03269	S03269
C03270	S03270
C03271	S03271
C03272	S03272
C03273	S03273
C03274	S03274
C03275	S03275
C03276	S03276
C03277	S03277
C03278	S03278
C03279	S03279
C03280	S03280
C03281	S03281
C03282	S03282
C03283	S03283
C03284	S03284
C03285	S03285
C03286	S03286
C03287	S03287
C03288	S03288
C03289	S03289
C03290	S03290
C03291	S03291
C03292	S03292
C03293	S03293
C03294	S03294
C03295	S03295
C03296	S03296
C03297	S03297
C03298	S03298
C03299	S03299
C03300	S03300
C03301	S03301
C03302	S03302
C03303	S03303
C03304	S03304
C03305	S03305
C03306	S03306
C03307	S03307
C03308	S03308
C03309	S03309
C03310	S03310
C03311	S03311
C03312	S03312
C03313	S03313
C03314	S03314
C03315	S03315
C03316	S03316
C03317	S03317
C03318	S03318
C03319	S03319
C03320	S03320
C03321	S03321
C03322	S03322
C03323	S03323
C03324	S03324
C03325	S03325
C03326	S03326
C03327	S03327
C03328	S03328
C03329	S03329
C03330	S03330
C03331	S03331
C03332	S03332
C03333	S03333
C03334	S03334
C03335	S03335
C03336	S03336
C03337	S03337
C03338	S03338
C03339	S03339
C03340	S03340
C03341	S03341
C03342	S03342
C03343	S03343
C03344	S03344
C03345	S03345
C03346	S03346
C03347	S03347
C03348	S03348
C03349	S03349
C03350	S03350
C03351	S03351
C03352	S03352
C03353	S03353
C03354	S03354
C03355	S03355
C03356	S03356
C03357	S03357
C03358	S03358
C03359	S03359
C03360	S03360
C03361	S03361
C03362	S03362
C03363	S03363
C03364	S03364
C03365	S03365
C03366	S03366
C03367	S03367
C03368	S03368
C03369	S03369
C03370	S03370
C03371	S03371
C03372	S03372
C03373	S03373
C03374	S03374
C03375	S03375
C03376	S03376
C03377	S03377
C03378	S03378
C03379	S03379
C03380	S03380
C03381	S03381
C03382	S03382
C03383	S03383
C03384	S03384
C03385	S03385
C03386	S03386
C03387	S03387
C03388	S03388
C03389	S03389
C03390	S03390
C03391	S03391
C03392	S03392
C03393	S03393
C03394	S03394
C03395	S03395
C03396	S03396
C03397	S03397
C03398	S03398
C03399	S03399
C03400	S03400
C03401	S03401
C03402	S03402
C03403	S03403
C03404	S03404
C03405	S03405
C03406	S03406
C03407	S03407
C03408	S03408
C03409	S03409
C03410	S03410
C03411	S03411
C03412	S03412
C03413	S03413
C03414	S03414
C03415	S03415
C03416	S03416
C03417	S03417
C03418	S03418
C03419	S03419
C03420	S03420
C03421	S03421
C03422	S03422
C03423	S03423
C03424	S03424
C03425	S03425
C03426	S03426
C03427	S03427
C03428	S03428
C03429	S03429
C03430	S03430
C03431	S03431
C03432	S03432
C03433	S03433
C03434	S03434
C03435	S03435
C03436	S03436
C03437	S03437
C03438	S03438
C03439	S03439
C03440	S03440
C03441	S03441
C03442	S03442
C03443	S03443
C03444	S03444
C03445	S03445
C03446	S03446
C03447	S03447
C03448	S03448
C03449	S03449
C03450	S03450
C03451	S03451
C03452	S03452
C03453	S03453
C03454	S03454
C03455	S03455
C03456	S03456
C03457	S03457
C03458	S03458
C03459	S03459
C03460	S03460
C03461	S03461
C03462	S03462
C03463	S03463
C03464	S03464
C03465	S03465
C03466	S03466
C03467	S03467
C03468	S03468
C03469	S03469
C03470	S03470
C03471	S03471
C03472	S03472
C03473	S03473
C03474	S03474
C03475	S03475
C03476	S03476
C03477	S03477
C03478	S03478
C03479	S03479
C03480	S03480
C03481	S03481
C03482	S03482
C03483	S03483
C03484	S03484
C03485	S03485
C03486	S03486
C03487	S03487
C03488	S03488
C03489	S03489
C03490	S03490
C03491	S03491
C03492	S03492
C03493	S03493
C03494	S03494
C03495	S03495
C03496	S03496
C03497	S03497
C03498	S03498
C03499	S03499
C03500	S03500
C03501	S03501
C03502	S03502
C03503	S03503
C03504	S03504
C03505	S03505
C03506	S03506
C03507	S03507
C03508	S03508
C03509	S03509
C03510	S03510
C03511	S03511
C03512	S03512
C03513	S03513
C03514	S03514
C03515	S03515
C03516	S03516
C03517	S03517
C03518	S03518
C03519	S03519
C03520	S03520
C03521	S03521
C03522	S03522
C03523	S03523
C03524	S03524
C03525	S03525
C03526	S03526
C03527	S03527
C03528	S03528
C03529	S03529
C03530	S03530
C03531	S03531
C03532	S03532
C03533	S03533
C03534	S03534
C03535	S03535
C03536	S03536
C03537	S03537
C03538	S03538
C03539	S03539
C03540	S03540
C03541	S03541
C03542	S03542
C03543	S03543
C03544	S03544
C03545	S03545
C03546	S03546
C03547	S03547
C03548	S03548
C03549	S03549
C03550	S03550
C03551	S03551
C03552	S03552
C03553	S03553
C03554	S03554
C03555	S03555
C03556	S03556
C03557	S03557
C03558	S03558
C03559	S03559
C03560	S03560
C03561	S03561
C03562	S03562
C03563	S03563
C03564	S03564
C03565	S03565
C03566	S03566
C03567	S03567
C03568	S03568
C03569	S03569
C03570	S03570
C03571	S03571
C03572	S03572
C03573	S03573
C03574	S03574
C03575	S03575
C03576	S03576
C03577	S03577
C03578	S03578
C03579	S03579
C03580	S03580
C03581	S03581
C03582	S03582
C03583	S03583
C03584	S03584
C03585	S03585
C03586	S03586
C03587	S03587
C03588	S03588
C03589	S03589
C03590	S03590
C03591	S03591
C03592	S03592
C03593	S03593
C03594	S03594
C03595	S03595
C03596	S03596
C03597	S03597
C03598	S03598
C03599	S03599
C03600	S03600
C03601	S03601
C03602	S03602
C03603	S03603
C03604	S03604
C03605	S03605
C03606	S03606
C03607	S03607
C03608	S03608
C03609	S03609
C03610	S03610
C03611	S03611
C03612	S03612
C03613	S03613
C03614	S03614
C03615	S03615
C03616	S03616
C03617	S03617
C03618	S03618
C03619	S03619
C03620	S03620
C03621	S03621
C03622	S03622
C03623	S03623
C03624	S03624
C03625	S03625
C03626	S03626
C03627	S03627
C03628	S03628
C03629	S03629
C03630	S03630
C03631	S03631
C03632	S03632
C03633	S03633
C03634	S03634
C03635	S03635
C03636	S03636
C03637	S03637
C03638	S03638
C03639	S03639
C03640	S03640
C03641	S03641
C03642	S03642
C03643	S03643
C03644	S03644
C03645	S03645
C03646	S03646
C03647	S03647
C03648	S03648
C03649	S03649
C03650	S03650
C03651	S03651
C03652	S03652
C03653	S03653
C03654	S03654
C03655	S03655
C03656	S03656
C03657	S03657
C03658	S03658
C03659	S03659
C03660	S03660
C03661	S03661
C03662	S03662
C03663	S03663
C03664	S03664
C03665	S03665
C03666	S03666
C03667	S03667
C03668	S03668
C03669	S03669
C03670	S03670
C03671	S03671
C03672	S03672
C03673	S03673
C03674	S03674
C03675	S03675
C03676	S03676
C03677	S03677
C03678	S03678
C03679	S03679
C03680	S03680
C03681	S03681
C03682	S03682
C03683	S03683
C03684	S03684
C03685	S03685
C03686	S03686
C03687	S03687
C03688	S03688
C03689	S03689
C03690	S03690
C03691	S03691
C03692	S03692
C03693	S03693
C03694	S03694
C03695	S03695
C03696	S03696
C03697	S03697
C03698	S03698
C03699	S03699
C03700	S03700
C03701	S03701
C03702	S03702
C03703	S03703
C03704	S03704
C03705	S03705
C03706	S03706
C03707	S03707
C03708	S03708
C03709	S03709
C03710	S03710
C03711	S03711
C03712	S03712
C03713	S03713
C03714	S03714
C03715	S03715
C03716	S03716
C03717	S03717
C03718	S03718
C03719	S03719
C03720	S03720
C03721	S03721
C03722	S03722
C03723	S03723
C03724	S03724
C03725	S03725
C03726	S03726
C03727	S03727
C03728	S03728
C03729	S03729
C03730	S03730
C03731	S03731
C03732	S03732
C03733	S03733
C03734	S03734
C03735	S03735
C03736	S03736
C03737	S03737
C03738	S03738
C03739	S03739
C03740	S03740
C03741	S03741
C03742	S03742
C03743	S03743
C03744	S03744
C03745	S03745
C03746	S03746
C03747	S03747
C03748	S03748
C03749	S03749
C03750	S03750
C03751	S03751
C03752	S03752
C03753	S03753
C03754	S03754
C03755	S03755
C03756	S03756
C03757	S03757
C03758	S03758
C03759	S03759
C03760	S03760
C03761	S03761
C03762	S03762
C03763	S03763
C03764	S03764
C03765	S03765
C03766	S03766
C03767	S03767
C03768	S03768
C03769	S03769
C03770	S03770
C03771	S03771
C03772	S03772
C03773	S03773
C03774	S03774
C03775	S03775
C03776	S03776
C03777	S03777
C03778	S03778
C03779	S03779
C03780	S03780
C03781	S03781
C03782	S03782
C03783	S03783
C03784	S03784
C03785	S03785
C03786	S03786
C03787	S03787
C03788	S03788
C03789	S03789
C03790	S03790
C03791	S03791
C03792	S03792
C03793	S03793
C03794	S03794
C03795	S03795
C03796	S03796
C03797	S03797
C03798	S03798
C03799	S03799
C03800	S03800
C03801	S03801
C03802	S03802
C03803	S03803
C03804	S03804
C03805	S03805
C03806	S03806
C03807	S03807
C03808	S03808
C03809	S03809
C03810	S03810
C03811	S03811
C03812	S03812
C03813	S03813
C03814	S03814
C03815	S03815
C03816	S03816
C03817	S03817
C03818	S03818
C03819	S03819
C03820	S03820
C03821	S03821
C03822	S03822
C03823	S03823
C03824	S03824
C03825	S03825
C03826	S03826
C03827	S03827
C03828	S03828
C03829	S03829
C03830	S03830
C03831	S03831
C03832	S03832
C03833	S03833
C03834	S03834
C03835	S03835
C03836	S03836
C03837	S03837
C03838	S03838
C03839	S03839
C03840	S03840
C03841	S03841
C03842	S03842
C03843	S03843
C03844	S03844
C03845	S03845
C03846	S03846
C03847	S03847
C03848	S03848
C03849	S03849
C03850	S03850
C03851	S03851
C03852	S03852
C03853	S03853
C03854	S03854
C03855	S03855
C03856	S03856
C03857	S03857
C03858	S03858
C03859	S03859
C03860	S03860
C03861	S03861
C03862	S03862
C03863	S03863
C03864	S03864
C03865	S03865
C03866	S03866
C03867	S03867
C03868	S03868
C03869	S03869
C03870	S03870
C03871	S03871
C03872	S03872
C03873	S03873
C03874	S03874
C03875	S03875
C03876	S03876
C03877	S03877
C03878	S03878
C03879	S03879
C03880	S03880
C03881	S03881
C03882	S03882
C03883	S03883
C03884	S03884
C03885	S03885
C03886	S03886
C03887	S03887
C03888	S03888
C03889	S03889
C03890	S03890
C03891	S03891
C03892	S03892
C03893	S03893
C03894	S03894
C03895	S03895
C03896	S03896
C03897	S03897
C03898	S03898
C03899	S03899
C03900	S03900
C03901	S03901
C03902	S03902
C03903	S03903
C03904	S03904
C03905	S03905
C03906	S03906
C03907	S03907
C03908	S03908
C03909	S03909
C03910	S03910
C03911	S03911
C03912	S03912
C03913	S03913
C03914	S03914
C03915	S03915
C03916	S03916
C03917	S03917
C03918	S03918
C03919	S03919
C03920	S03920
C03921	S03921
C03922	S03922
C03923	S03923
C03924	S03924
C03925	S03925
C03926	S03926
C03927	S03927
C03928	S03928
C03929	S03929
C03930	S03930
C03931	S03931
C03932	S03932
C03933	S03933
C03934	S03934
C03935	S03935
C03936	S03936
C03937	S03937
C03938	S03938
C03939	S03939
C03940	S03940
C03941	S03941
C03942	S03942
C03943	S03943
C03944	S03944
C03945	S03945
C03946	S03946
C03947	S03947
C03948	S03948
C03949	S03949
C03950	S03950
C03951	S03951
C03952	S03952
C03953	S03953
C03954	S03954
C03955	S03955
C03956	S03956
C03957	S03957
C03958	S03958
C03959	S03959
C03960	S03960
C03961	S03961
C03962	S03962
C03963	S03963
C03964	S03964
C03965	S03965
C03966	S03966
C03967	S03967
C03968	S03968
C03969	S03969
C03970	S03970
C03971	S03971
C03972	S03972
C03973	S03973
C03974	S03974
C03975	S03975
C03976	S03976
C03977	S03977
C03978	S03978
C03979	S03979
C03980	S03980
C03981	S03981
C03982	S03982
C03983	S03983
C03984	S03984
C03985	S03985
C03986	S03986
C03987	S03987
C03988	S03988
C03989	S03989
C03990	S03990
C03991	S03991
C03992	S03992
C03993	S03993
C03994	S03994
C03995	S03995
C03996	S03996
C03997	S03997
C03998	S03998
C03999	S03999
C04000	S04000
C04001	S04001
C04002	S04002
C04003	S04003
C04004	S04004
C04005	S04005
C04006	S04006
C04007	S04007
C04008	S04008
C04009	S04009
C04010	S04010
C04011	S04011
C04012	S04012
C04013	S04013
C04014	S04014
C04015	S04015
C04016	S04016
C04017	S04017
C04018	S04018
C04019	S04019
C04020	S04020
C04021	S04021
C04022	S04022
C04023	S04023
C04024	S04024
C04025	S04025
C04026	S04026
C04027	S04027
C04028	S04028
C04029	S04029
C04030	S04030
C04031	S04031
C04032	S04032
C04033	S04033
C04034	S04034
C04035	S04035
C04036	S04036
C04037	S04037
C04038	S04038
C04039	S04039
C04040	S04040
C04041	S04041
C04042	S04042
C04043	S04043
C04044	S04044
C04045	S04045
C04046	S04046
C04047	S04047
C04048	S04048
C04049	S04049
C04050	S04050
C04051	S04051
C04052	S04052
C04053	S04053
C04054	S04054
C04055	S04055
C04056	S04056
C04057	S04057
C04058	S04058
C04059	S04059
C04060	S04060
C04061	S04061
C04062	S04062
C04063	S04063
C04064	S04064
C04065	S04065
C04066	S04066
C04067	S04067
C04068	S04068
C04069	S04069
C04070	S04070
C04071	S04071
C04072	S04072
C04073	S04073
C04074	S04074
C04075	S04075
C04076	S04076
C04077	S04077
C04078	S04078
C04079	S04079
C04080	S04080
C04081	S04081
C04082	S04082
C04083	S04083
C04084	S04084
C04085	S04085
C04086	S04086
C04087	S04087
C04088	S04088
C04089	S04089
C04090	S04090
C04091	S04091
C04092	S04092
C04093	S04093
C04094	S04094
C04095	S04095
C04096	S04096
C04097	S04097
C04098	S04098
C04099	S04099
C04100	S04100
C04101	S04101
C04102	S04102
C04103	S04103
C04104	S04104
C04105	S04105
C04106	S04106
C04107	S04107
C04108	S04108
C04109	S04109
C04110	S04110
C04111	S04111
C04112	S04112
C04113	S04113
C04114	S04114
C04115	S04115
C04116	S04116
C04117	S04117
C04118	S04118
C04119	S04119
C04120	S04120
C04121	S04121
C04122	S04122
C04123	S04123
C04124	S04124
C04125	S04125
C04126	S04126
C04127	S04127
C04128	S04128
C04129	S04129
C04130	S04130
C04131	S04131
C04132	S04132
C04133	S04133
C04134	S04134
C04135	S04135
C04136	S04136
C04137	S04137
C04138	S04138
C04139	S04139
C04140	S04140
C04141	S04141
C04142	S04142
C04143	S04143
C04144	S04144
C04145	S04145
C04146	S04146
C04147	S04147
C04148	S04148
C04149	S04149
C04150	S04150
C04151	S04151
C04152	S04152
C04153	S04153
C04154	S04154
C04155	S04155
C04156	S04156
C04157	S04157
C04158	S04158
C04159	S04159
C04160	S04160
C04161	S04161
C04162	S04162
C04163	S04163
C04164	S04164
C04165	S04165
C04166	S04166
C04167	S04167
C04168	S04168
C04169	S04169
C04170	S04170
C04171	S04171
C04172	S04172
C04173	S04173
C04174	S04174
C04175	S04175
C04176	S04176
C04177	S04177
C04178	S04178
C04179	S04179
C04180	S04180
C04181	S04181
C04182	S04182
C04183	S04183
C04184	S04184
C04185	S04185
C04186	S04186
C04187	S04187
C04188	S04188
C04189	S04189
C04190	S04190
C04191	S04191
C04192	S04192
C04193	S04193
C04194	S04194
C04195	S04195
C04196	S04196
C04197	S04197
C04198	S04198
C04199	S04199
C04200	S04200
C04201	S04201
C04202	S04202
C04203	S04203
C04204	S04204
C04205	S04205
C04206	S04206
C04207	S04207
C04208	S04208
C04209	S04209
C04210	S04210
C04211	S04211
C04212	S04212
C04213	S04213
C04214	S04214
C04215	S04215
C04216	S04216
C04217	S04217
C04218	S04218
C04219	S04219
C04220	S04220
C04221	S04221
C04222	S04222
C04223	S04223
C04224	S04224
C04225	S04225
C04226	S04226
C04227	S04227
C04228	S04228
C04229	S04229
C04230	S04230
C04231	S04231
C04232	S04232
C04233	S04233
C04234	S04234
C04235	S04235
C04236	S04236
C04237	S04237
C04238	S04238
C04239	S04239
C04240	S04240
C04241	S04241
C04242	S04242
C04243	S04243
C04244	S04244
C04245	S04245
C04246	S04246
C04247	S04247
C04248	S04248
C04249	S04249
C04250	S04250
C04251	S04251
C04252	S04252
C04253	S04253
C04254	S04254
C04255	S04255
C04256	S04256
C04257	S04257
C04258	S04258
C04259	S04259
C04260	S04260
C04261	S04261
C04262	S04262
C04263	S04263
C04264	S04264
C04265	S04265
C04266	S04266
C04267	S04267
C04268	S04268
C04269	S04269
C04270	S04270
C04271	S04271
C04272	S04272
C04273	S04273
C04274	S04274
C04275	S04275
C04276	S04276
C04277	S04277
C04278	S04278
C04279	S04279
C04280	S04280
C04281	S04281
C04282	S04282
C04283	S04283
C04284	S04284
C04285	S04285
C04286	S04286
C04287	S04287
C04288	S04288
C04289	S04289
C04290	S04290
C04291	S04291
C04292	S04292
C04293	S04293
C04294	S04294
C04295	S04295
C04296	S04296
C04297	S04297
C04298	S04298
C04299	S04299
C04300	S04300
C04301	S04301
C04302	S04302
C04303	S04303
C04304	S04304
C04305	S04305
C04306	S04306
C04307	S04307
C04308	S04308
C04309	S04309
C04310	S04310
C04311	S04311
C04312	S04312
C04313	S04313
C04314	S04314
C04315	S04315
C04316	S04316
C04317	S04317
C04318	S04318
C04319	S04319
C04320	S04320
C04321	S04321
C04322	S04322
C04323	S04323
C04324	S04324
C04325	S04325
C04326	S04326
C04327	S04327
C04328	S04328
C04329	S04329
C04330	S04330
C04331	S04331
C04332	S04332
C04333	S04333
C04334	S04334
C04335	S04335
C04336	S04336
C04337	S04337
C04338	S04338
C04339	S04339
C04340	S04340
C04341	S04341
C04342	S04342
C04343	S04343
C04344	S04344
C04345	S04345
C04346	S04346
C04347	S04347
C04348	S04348
C04349	S04349
C04350	S04350
C04351	S04351
C04352	S04352
C04353	S04353
C04354	S04354
C04355	S04355
C04356	S04356
C04357	S04357
C04358	S04358
C04359	S04359
C04360	S04360
C04361	S04361
C04362	S04362
C04363	S04363
C04364	S04364
C04365	S04365
C04366	S04366
C04367	S04367
C04368	S04368
C04369	S04369
C04370	S04370
C04371	S04371
C04372	S04372
C04373	S04373
C04374	S04374
C04375	S04375
C04376	S04376
C04377	S04377
C04378	S04378
C04379	S04379
C04380	S04380
C04381	S04381
C04382	S04382
C04383	S04383
C04384	S04384
C04385	S04385
C04386	S04386
C04387	S04387
C04388	S04388
C04389	S04389
C04390	S04390
C04391	S04391
C04392	S04392
C04393	S04393
C04394	S04394
C04395	S04395
C04396	S04396
C04397	S04397
C04398	S04398
C04399	S04399
C04400	S04400
C04401	S04401
C04402	S04402
C04403	S04403
C04404	S04404
C04405	S04405
C04406	S04406
C04407	S04407
C04408	S04408
C04409	S04409
C04410	S04410
C04411	S04411
C04412	S04412
C04413	S04413
C04414	S04414
C04415	S04415
C04416	S04416
C04417	S04417
C04418	S04418
C04419	S04419
C04420	S04420
C04421	S04421
C04422	S04422
C04423	S04423
C04424	S04424
C04425	S04425
C04426	S04426
C04427	S04427
C04428	S04428
C04429	S04429
C04430	S04430
C04431	S04431
C04432	S04432
C04433	S04433
C04434	S04434
C04435	S04435
C04436	S04436
C04437	S04437
C04438	S04438
C04439	S04439
C04440	S04440
C04441	S04441
C04442	S04442
C04443	S04443
C04444	S04444
C04445	S04445
C04446	S04446
C04447	S04447
C04448	S04448
C04449	S04449
C04450	S04450
C04451	S04451
C04452	S04452
C04453	S04453
C04454	S04454
C04455	S04455
C04456	S04456
C04457	S04457
C04458	S04458
C04459	S04459
C04460	S04460
C04461	S04461
C04462	S04462
C04463	S04463
C04464	S04464
C04465	S04465
C04466	S04466
C04467	S04467
C04468	S04468
C04469	S04469
C04470	S04470
C04471	S04471
C04472	S04472
C04473	S04473
C04474	S04474
C04475	S04475
C04476	S04476
C04477	S04477
C04478	S04478
C04479	S04479
C04480	S04480
C04481	S04481
C04482	S04482
C04483	S04483
C04484	S04484
C04485	S04485
C04486	S04486
C04487	S04487
C04488	S04488
C04489	S04489
C04490	S04490
C04491	S04491
C04492	S04492
C04493	S04493
C04494	S04494
C04495	S04495
C04496	S04496
C04497	S04497
C04498	S04498
C04499	S04499
C04500	S04500
C04501	S04501
C04502	S04502
C04503	S04503
C04504	S04504
C04505	S04505
C04506	S04506
C04507	S04507
C04508	S04508
C04509	S04509
C04510	S04510
C04511	S04511
C04512	S04512
C04513	S04513
C04514	S04514
C04515	S04515
C04516	S04516
C04517	S04517
C04518	S04518
C04519	S04519
C04520	S04520
C04521	S04521
C04522	S04522
C04523	S04523
C04524	S04524
C04525	S04525
C04526	S04526
C04527	S04527
C04528	S04528
C04529	S04529
C04530	S04530
C04531	S04531
C04532	S04532
C04533	S04533
C04534	S04534
C04535	S04535
C04536	S04536
C04537	S04537
C04538	S04538
C04539	S04539
C04540	S04540
C04541	S04541
C04542	S04542
C04543	S04543
C04544	S04544
C04545	S04545
C04546	S04546
C04547	S04547
C04548	S04548
C04549	S04549
C04550	S04550
C04551	S04551
C04552	S04552
C04553	S04553
C04554	S04554
C04555	S04555
C04556	S04556
C04557	S04557
C04558	S04558
C04559	S04559
C04560	S04560
C04561	S04561
C04562	S04562
C04563	S04563
C04564	S04564
C04565	S04565
C04566	S04566
C04567	S04567
C04568	S04568
C04569	S04569
C04570	S04570
C04571	S04571
C04572	S04572
C04573	S04573
C04574	S04574
C04575	S04575
C04576	S04576
C04577	S04577
C04578	S04578
C04579	S04579
C04580	S04580
C04581	S04581
C04582	S04582
C04583	S04583
C04584	S04584
C04585	S04585
C04586	S04586
C04587	S04587
C04588	S04588
C04589	S04589
C04590	S04590
C04591	S04591
C04592	S04592
C04593	S04593
C04594	S04594
C04595	S04595
C04596	S04596
C04597	S04597
C04598	S04598
C04599	S04599
C04600	S04600
C04601	S04601
C04602	S04602
C04603	S04603
C04604	S04604
C04605	S04605
C04606	S04606
C04607	S04607
C04608	S04608
C04609	S04609
C04610	S04610
C04611	S04611
C04612	S04612
C04613	S04613
C04614	S04614
C04615	S04615
C04616	S04616
C04617	S04617
C04618	S04618
C04619	S04619
C04620	S04620
C04621	S04621
C04622	S04622
C04623	S04623
C04624	S04624
C04625	S04625
C04626	S04626
C04627	S04627
C04628	S04628
C04629	S04629
C04630	S04630
C04631	S04631
C04632	S04632
C04633	S04633
C04634	S04634
C04635	S04635
C04636	S04636
C04637	S04637
C04638	S04638
C04639	S04639
C04640	S04640
C04641	S04641
C04642	S04642
C04643	S04643
C04644	S04644
C04645	S04645
C04646	S04646
C04647	S04647
C04648	S04648
C04649	S04649
C04650	S04650
C04651	S04651
C04652	S04652
C04653	S04653
C04654	S04654
C04655	S04655
C04656	S04656
C04657	S04657
C04658	S04658
C04659	S04659
C04660	S04660
C04661	S04661
C04662	S04662
C04663	S04663
C04664	S04664
C04665	S04665
C04666	S04666
C04667	S04667
C04668	S04668
C04669	S04669
C04670	S04670
C04671	S04671
C04672	S04672
C04673	S04673
C04674	S04674
C04675	S04675
C04676	S04676
C04677	S04677
C04678	S04678
C04679	S04679
C04680	S04680
C04681	S04681
C04682	S04682
C04683	S04683
C04684	S04684
C04685	S04685
C04686	S04686
C04687	S04687
C04688	S04688
C04689	S04689
C04690	S04690
C04691	S04691
C04692	S04692
C04693	S04693
C04694	S04694
C04695	S04695
C04696	S04696
C04697	S04697
C04698	S04698
C04699	S04699
C04700	S04700
C04701	S04701
C04702	S04702
C04703	S04703
C04704	S04704
C04705	S04705
C04706	S04706
C04707	S04707
C04708	S04708
C04709	S04709
C04710	S04710
C04711	S04711
C04712	S04712
C04713	S04713
C04714	S04714
C04715	S04715
C04716	S04716
C04717	S04717
C04718	S04718
C04719	S04719
C04720	S04720
C04721	S04721
C04722	S04722
C04723	S04723
C04724	S04724
C04725	S04725
C04726	S04726
C04727	S04727
C04728	S04728
C04729	S04729
C04730	S04730
C04731	S04731
C04732	S04732
C04733	S04733
C04734	S04734
C04735	S04735
C04736	S04736
C04737	S04737
C04738	S04738
C04739	S04739
C04740	S04740
C04741	S04741
C04742	S04742
C04743	S04743
C04744	S04744
C04745	S04745
C04746	S04746
C04747	S04747
C04748	S04748
C04749	S04749
C04750	S04750
C04751	S04751
C04752	S04752
C04753	S04753
C04754	S04754
C04755	S04755
C04756	S04756
C04757	S04757
C04758	S04758
C04759	S04759
C04760	S04760
C04761	S04761
C04762	S04762
C04763	S04763
C04764	S04764
C04765	S04765
C04766	S04766
C04767	S04767
C04768	S04768
C04769	S04769
C04770	S04770
C04771	S04771
C04772	S04772
C04773	S04773
C04774	S04774
C04775	S04775
C04776	S04776
C04777	S04777
C04778	S04778
C04779	S04779
C04780	S04780
C04781	S04781
C04782	S04782
C04783	S04783
C04784	S04784
C04785	S04785
C04786	S04786
C04787	S04787
C04788	S04788
C04789	S04789
C04790	S04790
C04791	S04791
C04792	S04792
C04793	S04793
C04794	S04794
C04795	S04795
C04796	S04796
C04797	S04797
C04798	S04798
C04799	S04799
C04800	S04800
C04801	S04801
C04802	S04802
C04803	S04803
C04804	S04804
C04805	S04805
C04806	S04806
C04807	S04807
C04808	S04808
C04809	S04809
C04810	S04810
C04811	S04811
C04812	S04812
C04813	S04813
C04814	S04814
C04815	S04815
C04816	S04816
C04817	S04817
C04818	S04818
C04819	S04819
C04820	S04820
C04821	S04821
C04822	S04822
C04823	S04823
C04824	S04824
C04825	S04825
C04826	S04826
C04827	S04827
C04828	S04828
C04829	S04829
C04830	S04830
C04831	S04831
C04832	S04832
C04833	S04833
C04834	S04834
C04835	S04835
C04836	S04836
C04837	S04837
C04838	S04838
C04839	S04839
C04840	S04840
C04841	S04841
C04842	S04842
C04843	S04843
C04844	S04844
C04845	S04845
C04846	S04846
C04847	S04847
C04848	S04848
C04849	S04849
C04850	S04850
C04851	S04851
C04852	S04852
C04853	S04853
C04854	S04854
C04855	S04855
C04856	S04856
C04857	S04857
C04858	S04858
C04859	S04859
C04860	S04860
C04861	S04861
C04862	S04862
C04863	S04863
C04864	S04864
C04865	S04865
C04866	S04866
C04867	S04867
C04868	S04868
C04869	S04869
C04870	S04870
C04871	S04871
C04872	S04872
C04873	S04873
C04874	S04874
C04875	S04875
C04876	S04876
C04877	S04877
C04878	S04878
C04879	S04879
C04880	S04880
C04881	S04881
C04882	S04882
C04883	S04883
C04884	S04884
C04885	S04885
C04886	S04886
C04887	S04887
C04888	S04888
C04889	S04889
C04890	S04890
C04891	S04891
C04892	S04892
C04893	S04893
C04894	S04894
C04895	S04895
C04896	S04896
C04897	S04897
C04898	S04898
C04899	S04899
C04900	S04900
C04901	S04901
C04902	S04902
C04903	S04903
C04904	S04904
C04905	S04905
C04906	S04906
C04907	S04907
C04908	S04908
C04909	S04909
C04910	S04910
C04911	S04911
C04912	S04912
C04913	S04913
C04914	S04914
C04915	S04915
C04916	S04916
C04917	S04917
C04918	S04918
C04919	S04919
C04920	S04920
C04921	S04921
C04922	S04922
C04923	S04923
C04924	S04924
C04925	S04925
C04926	S04926
C04927	S04927
C04928	S04928
C04929	S04929
C04930	S04930
C04931	S04931
C04932	S04932
C04933	S04933
C04934	S04934
C04935	S04935
C04936	S04936
C04937	S04937
C04938	S04938
C04939	S04939
C04940	S04940
C04941	S04941
C04942	S04942
C04943	S04943
C04944	S04944
C04945	S04945
C04946	S04946
C04947	S04947
C04948	S04948
C04949	S04949
C04950	S04950
C04951	S04951
C04952	S04952
C04953	S04953
C04954	S04954
C04955	S04955
C04956	S04956
C04957	S04957
C04958	S04958
C04959	S04959
C04960	S04960
C04961	S04961
C04962	S04962
C04963	S04963
C04964	S04964
C04965	S04965
C04966	S04966
C04967	S04967
C04968	S04968
C04969	S04969
C04970	S04970
C04971	S04971
C04972	S04972
C04973	S04973
C04974	S04974
C04975	S04975
C04976	S04976
C04977	S04977
C04978	S04978
C04979	S04979
C04980	S04980
C04981	S04981
C04982	S04982
C04983	S04983
C04984	S04984
C04985	S04985
C04986	S04986
C04987	S04987
C04988	S04988
C04989	S04989
C04990	S04990
C04991	S04991
C04992	S04992
C04993	S04993
C04994	S04994
C04995	S04995
C04996	S04996
C04997	S04997
C04998	S04998
C04999	S04999
C05000	S05000
C05001	S05001
C05002	S05002
C05003	S05003
C05004	S05004
C05005	S05005
C05006	S05006
C05007	S05007
C05008	S05008
C05009	S05009
C05010	S05010
C05011	S05011
C05012	S05012
C05013	S05013
C05014	S05014
C05015	S05015
C05016	S05016
C05017	S05017
C05018	S05018
C05019	S05019
C05020	S05020
C05021	S05021
C05022	S05022
C05023	S05023
C05024	S05024
C05025	S05025
C05026	S05026
C05027	S05027
C05028	S05028
C05029	S05029
C05030	S05030
C05031	S05031
C05032	S05032
C05033	S05033
C05034	S05034
C05035	S05035
C05036	S05036
C05037	S05037
C05038	S05038
C05039	S05039
C05040	S05040
C05041	S05041
C05042	S05042
C05043	S05043
C05044	S05044
C05045	S05045
C05046	S05046
C05047	S05047
C05048	S05048
C05049	S05049
C05050	S05050
C05051	S05051
C05052	S05052
C05053	S05053
C05054	S05054
C05055	S05055
C05056	S05056
C05057	S05057
C05058	S05058
C05059	S05059
C05060	S05060
C05061	S05061
C05062	S05062
C05063	S05063
C05064	S05064
C05065	S05065
C05066	S05066
C05067	S05067
C05068	S05068
C05069	S05069
C05070	S05070
C05071	S05071
C05072	S05072
C05073	S05073
C05074	S05074
C05075	S05075
C05076	S05076
C05077	S05077
C05078	S05078
C05079	S05079
C05080	S05080
C05081	S05081
C05082	S05082
C05083	S05083
C05084	S05084
C05085	S05085
C05086	S05086
C05087	S05087
C05088	S05088
C05089	S05089
C05090	S05090
C05091	S05091
C05092	S05092
C05093	S05093
C05094	S05094
C05095	S05095
C05096	S05096
C05097	S05097
C05098	S05098
C05099	S05099
C05100	S05100
C05101	S05101
C05102	S05102
C05103	S05103
C05104	S05104
C05105	S05105
C05106	S05106
C05107	S05107
C05108	S05108
C05109	S05109
C05110	S05110
C05111	S05111
C05112	S05112
C05113	S05113
C05114	S05114
C05115	S05115
C05116	S05116
C05117	S05117
C05118	S05118
C05119	S05119
C05120	S05120
C05121	S05121
C05122	S05122
C05123	S05123
C05124	S05124
C05125	S05125
C05126	S05126
C05127	S05127
C05128	S05128
C05129	S05129
C05130	S05130
C05131	S05131
C05132	S05132
C05133	S05133
C05134	S05134
C05135	S05135
C05136	S05136
C05137	S05137
C05138	S05138
C05139	S05139
C05140	S05140
C05141	S05141
C05142	S05142
C05143	S05143
C05144	S05144
C05145	S05145
C05146	S05146
C05147	S05147
C05148	S05148
C05149	S05149
C05150	S05150
C05151	S05151
C05152	S05152
C05153	S05153
C05154	S05154
C05155	S05155
C05156	S05156
C05157	S05157
C05158	S05158
C05159	S05159
C05160	S05160
C05161	S05161
C05162	S05162
C05163	S05163
C05164	S05164
C05165	S05165
C05166	S05166
C05167	S05167
C05168	S05168
C05169	S05169
C05170	S05170
C05171	S05171
C05172	S05172
C05173	S05173
C05174	S05174
C05175	S05175
C05176	S05176
C05177	S05177
C05178	S05178
C05179	S05179
C05180	S05180
C05181	S05181
C05182	S05182
C05183	S05183
C05184	S05184
C05185	S05185
C05186	S05186
C05187	S05187
C05188	S05188
C05189	S05189
C05190	S05190
C05191	S05191
C05192	S05192
C05193	S05193
C05194	S05194
C05195	S05195
C05196	S05196
C05197	S05197
C05198	S05198
C05199	S05199
C05200	S05200
C05201	S05201
C05202	S05202
C05203	S05203
C05204	S05204
C05205	S05205
C05206	S05206
C05207	S05207
C05208	S05208
C05209	S05209
C05210	S05210
C05211	S05211
C05212	S05212
C05213	S05213
C05214	S05214
C05215	S05215
C05216	S05216
C05217	S05217
C05218	S05218
C05219	S05219
C05220	S05220
C05221	S05221
C05222	S05222
C05223	S05223
C05224	S05224
C05225	S05225
C05226	S05226
C05227	S05227
C05228	S05228
C05229	S05229
C05230	S05230
C05231	S05231
C05232	S05232
C05233	S05233
C05234	S05234
C05235	S05235
C05236	S05236
C05237	S05237
C05238	S05238
C05239	S05239
C05240	S05240
C05241	S05241
C05242	S05242
C05243	S05243
C05244	S05244
C05245	S05245
C05246	S05246
C05247	S05247
C05248	S05248
C05249	S05249
C05250	S05250
C05251	S05251
C05252	S05252
C05253	S05253
C05254	S05254
C05255	S05255
C05256	S05256
C05257	S05257
C05258	S05258
C05259	S05259
C05260	S05260
C05261	S05261
C05262	S05262
C05263	S05263
C05264	S05264
C05265	S05265
C05266	S05266
C05267	S05267
C05268	S05268
C05269	S05269
C05270	S05270
C05271	S05271
C05272	S05272
C05273	S05273
C05274	S05274
C05275	S05275
C05276	S05276
C05277	S05277
C05278	S05278
C05279	S05279
C05280	S05280
C05281	S05281
C05282	S05282
C05283	S05283
C05284	S05284
C05285	S05285
C05286	S05286
C05287	S05287
C05288	S05288
C05289	S05289
C05290	S05290
C05291	S05291
C05292	S05292
C05293	S05293
C05294	S05294
C05295	S05295
C05296	S05296
C05297	S05297
C05298	S05298
C05299	S05299
C05300	S05300
C05301	S05301
C05302	S05302
C05303	S05303
C05304	S05304
C05305	S05305
C05306	S05306
C05307	S05307
C05308	S05308
C05309	S05309
C05310	S05310
C05311	S05311
C05312	S05312
C05313	S05313
C05314	S05314
C05315	S05315
C05316	S05316
C05317	S05317
C05318	S05318
C05319	S05319
C05320	S05320
C05321	S05321
C05322	S05322
C05323	S05323
C05324	S05324
C05325	S05325
C05326	S05326
C05327	S05327
C05328	S05328
C05329	S05329
C05330	S05330
C05331	S05331
C05332	S05332
C05333	S05333
C05334	S05334
C05335	S05335
C05336	S05336
C05337	S05337
C05338	S05338
C05339	S05339
C05340	S05340
C05341	S05341
C05342	S05342
C05343	S05343
C05344	S05344
C05345	S05345
C05346	S05346
C05347	S05347
C05348	S05348
C05349	S05349
C05350	S05350
C05351	S05351
C05352	S05352
C05353	S05353
C05354	S05354
C05355	S05355
C05356	S05356
C05357	S05357
C05358	S05358
C05359	S05359
C05360	S05360
C05361	S05361
C05362	S05362
C05363	S05363
C05364	S05364
C05365	S05365
C05366	S05366
C05367	S05367
C05368	S05368
C05369	S05369
C05370	S05370
C05371	S05371
C05372	S05372
C05373	S05373
C05374	S05374
C05375	S05375
C05376	S05376
C05377	S05377
C05378	S05378
C05379	S05379
C05380	S05380
C05381	S05381
C05382	S05382
C05383	S05383
C05384	S05384
C05385	S05385
C05386	S05386
C05387	S05387
C05388	S05388
C05389	S05389
C05390	S05390
C05391	S05391
C05392	S05392
C05393	S05393
C05394	S05394
C05395	S05395
C05396	S05396
C05397	S05397
C05398	S05398
C05399	S05399
C05400	S05400
C05401	S05401
C05402	S05402
C05403	S05403
C05404	S05404
C05405	S05405
C05406	S05406
C05407	S05407
C05408	S05408
C05409	S05409
C05410	S05410
C05411	S05411
C05412	S05412
C05413	S05413
C05414	S05414
C05415	S05415
C05416	S05416
C05417	S05417
C05418	S05418
C05419	S05419
C05420	S05420
C05421	S05421
C05422	S05422
C05423	S05423
C05424	S05424
C05425	S05425
C05426	S05426
C05427	S05427
C05428	S05428
C05429	S05429
C05430	S05430
C05431	S05431
C05432	S05432
C05433	S05433
C05434	S05434
C05435	S05435
C05436	S05436
C05437	S05437
C05438	S05438
C05439	S05439
C05440	S05440
C05441	S05441
C05442	S05442
C05443	S05443
C05444	S05444
C05445	S05445
C05446	S05446
C05447	S05447
C05448	S05448
C05449	S05449
C05450	S05450
C05451	S05451
C05452	S05452
C05453	S05453
C05454	S05454
C05455	S05455
C05456	S05456
C05457	S05457
C05458	S05458
C05459	S05459
C05460	S05460
C05461	S05461
C05462	S05462
C05463	S05463
C05464	S05464
C05465	S05465
C05466	S05466
C05467	S05467
C05468	S05468
C05469	S05469
C05470	S05470
C05471	S05471
C05472	S05472
C05473	S05473
C05474	S05474
C05475	S05475
C05476	S05476
C05477	S05477
C05478	S05478
C05479	S05479
C05480	S05480
C05481	S05481
C05482	S05482
C05483	S05483
C05484	S05484
C05485	S05485
C05486	S05486
C05487	S05487
C05488	S05488
C05489	S05489
C05490	S05490
C05491	S05491
C05492	S05492
C05493	S05493
C05494	S05494
C05495	S05495
C05496	S05496
C05497	S05497
C05498	S05498
C05499	S05499
C05500	S05500
C05501	S05501
C05502	S05502
C05503	S05503
C05504	S05504
C05505	S05505
C05506	S05506
C05507	S05507
C05508	S05508
C05509	S05509
C05510	S05510
C05511	S05511
C05512	S05512
C05513	S05513
C05514	S05514
C05515	S05515
C05516	S05516
C05517	S05517
C05518	S05518
C05519	S05519
C05520	S05520
C05521	S05521
C05522	S05522
C05523	S05523
C05524	S05524
C05525	S05525
C05526	S05526
C05527	S05527
C05528	S05528
C05529	S05529
C05530	S05530
C05531	S05531
C05532	S05532
C05533	S05533
C05534	S05534
C05535	S05535
C05536	S05536
C05537	S05537
C05538	S05538
C05539	S05539
C05540	S05540
C05541	S05541
C05542	S05542
C05543	S05543
C05544	S05544
C05545	S05545
C05546	S05546
C05547	S05547
C05548	S05548
C05549	S05549
C05550	S05550
C05551	S05551
C05552	S05552
C05553	S05553
C05554	S05554
C05555	S05555
C05556	S05556
C05557	S05557
C05558	S05558
C05559	S05559
C05560	S05560
C05561	S05561
C05562	S05562
C05563	S05563
C05564	S05564
C05565	S05565
C05566	S05566
C05567	S05567
C05568	S05568
C05569	S05569
C05570	S05570
C05571	S05571
C05572	S05572
C05573	S05573
C05574	S05574
C05575	S05575
C05576	S05576
C05577	S05577
C05578	S05578
C05579	S05579
C05580	S05580
C05581	S05581
C05582	S05582
C05583	S05583
C05584	S05584
C05585	S05585
C05586	S05586
C05587	S05587
C05588	S05588
C05589	S05589
C05590	S05590
C05591	S05591
C05592	S05592
C05593	S05593
C05594	S05594
C05595	S05595
C05596	S05596
C05597	S05597
C05598	S05598
C05599	S05599
C05600	S05600
C05601	S05601
C05602	S05602
C05603	S05603
C05604	S05604
C05605	S05605
C05606	S05606
C05607	S05607
C05608	S05608
C05609	S05609
C05610	S05610
C05611	S05611
C05612	S05612
C05613	S05613
C05614	S05614
C05615	S05615
C05616	S05616
C05617	S05617
C05618	S05618
C05619	S05619
C05620	S05620
C05621	S05621
C05622	S05622
C05623	S05623
C05624	S05624
C05625	S05625
C05626	S05626
C05627	S05627
C05628	S05628
C05629	S05629
C05630	S05630
C05631	S05631
C05632	S05632
C05633	S05633
C05634	S05634
C05635	S05635
C05636	S05636
C05637	S05637
C05638	S05638
C05639	S05639
C05640	S05640
C05641	S05641
C05642	S05642
C05643	S05643
C05644	S05644
C05645	S05645
C05646	S05646
C05647	S05647
C05648	S05648
C05649	S05649
C05650	S05650
C05651	S05651
C05652	S05652
C05653	S05653
C05654	S05654
C05655	S05655
C05656	S05656
C05657	S05657
C05658	S05658
C05659	S05659
C05660	S05660
C05661	S05661
C05662	S05662
C05663	S05663
C05664	S05664
C05665	S05665
C05666	S05666
C05667	S05667
C05668	S05668
C05669	S05669
C05670	S05670
C05671	S05671
C05672	S05672
C05673	S05673
C05674	S05674
C05675	S05675
C05676	S05676
C05677	S05677
C05678	S05678
C05679	S05679
C05680	S05680
C05681	S05681
C05682	S05682
C05683	S05683
C05684	S05684
C05685	S05685
C05686	S05686
C05687	S05687
C05688	S05688
C05689	S05689
C05690	S05690
C05691	S05691
C05692	S05692
C05693	S05693
C05694	S05694
C05695	S05695
C05696	S05696
C05697	S05697
C05698	S05698
C05699	S05699
C05700	S05700
C05701	S05701
C05702	S05702
C05703	S05703
C05704	S05704
C05705	S05705
C05706	S05706
C05707	S05707
C05708	S05708
C05709	S05709
C05710	S05710
C05711	S05711
C05712	S05712
C05713	S05713
C05714	S05714
C05715	S05715
C05716	S05716
C05717	S05717
C05718	S05718
C05719	S05719
C05720	S05720
C05721	S05721
C05722	S05722
C05723	S05723
C05724	S05724
C05725	S05725
C05726	S05726
C05727	S05727
C05728	S05728
C05729	S05729
C05730	S05730
C05731	S05731
C05732	S05732
C05733	S05733
C05734	S05734
C05735	S05735
C05736	S05736
C05737	S05737
C05738	S05738
C05739	S05739
C05740	S05740
C05741	S05741
C05742	S05742
C05743	S05743
C05744	S05744
C05745	S05745
C05746	S05746
C05747	S05747
C05748	S05748
C05749	S05749
C05750	S05750
C05751	S05751
C05752	S05752
C05753	S05753
C05754	S05754
C05755	S05755
C05756	S05756
C05757	S05757
C05758	S05758
C05759	S05759
C05760	S05760
C05761	S05761
C05762	S05762
C05763	S05763
C05764	S05764
C05765	S05765
C05766	S05766
C05767	S05767
C05768	S05768
C05769	S05769
C05770	S05770
C05771	S05771
C05772	S05772
C05773	S05773
C05774	S05774
C05775	S05775
C05776	S05776
C05777	S05777
C05778	S05778
C05779	S05779
C05780	S05780
C05781	S05781
C05782	S05782
C05783	S05783
C05784	S05784
C05785	S05785
C05786	S05786
C05787	S05787
C05788	S05788
C05789	S05789
C05790	S05790
C05791	S05791
C05792	S05792
C05793	S05793
C05794	S05794
C05795	S05795
C05796	S05796
C05797	S05797
C05798	S05798
C05799	S05799
C05800	S05800
C05801	S05801
C05802	S05802
C05803	S05803
C05804	S05804
C05805	S05805
C05806	S05806
C05807	S05807
C05808	S05808
C05809	S05809
C05810	S05810
C05811	S05811
C05812	S05812
C05813	S05813
C05814	S05814
C05815	S05815
C05816	S05816
C05817	S05817
C05818	S05818
C05819	S05819
C05820	S05820
C05821	S05821
C05822	S05822
C05823	S05823
C05824	S05824
C05825	S05825
C05826	S05826
C05827	S05827
C05828	S05828
C05829	S05829
C05830	S05830
C05831	S05831
C05832	S05832
C05833	S05833
C05834	S05834
C05835	S05835
C05836	S05836
C05837	S05837
C05838	S05838
C05839	S05839
C05840	S05840
C05841	S05841
C05842	S05842
C05843	S05843
C05844	S05844
C05845	S05845
C05846	S05846
C05847	S05847
C05848	S05848
C05849	S05849
C05850	S05850
C05851	S05851
C05852	S05852
C05853	S05853
C05854	S05854
C05855	S05855
C05856	S05856
C05857	S05857
C05858	S05858
C05859	S05859
C05860	S05860
C05861	S05861
C05862	S05862
C05863	S05863
C05864	S05864
C05865	S05865
C05866	S05866
C05867	S05867
C05868	S05868
C05869	S05869
C05870	S05870
C05871	S05871
C05872	S05872
C05873	S05873
C05874	S05874
C05875	S05875
C05876	S05876
C05877	S05877
C05878	S05878
C05879	S05879
C05880	S05880
C05881	S05881
C05882	S05882
C05883	S05883
C05884	S05884
C05885	S05885
C05886	S05886
C05887	S05887
C05888	S05888
C05889	S05889
C05890	S05890
C05891	S05891
C05892	S05892
C05893	S05893
C05894	S05894
C05895	S05895
C05896	S05896
C05897	S05897
C05898	S05898
C05899	S05899
C05900	S05900
C05901	S05901
C05902	S05902
C05903	S05903
C05904	S05904
C05905	S05905
C05906	S05906
C05907	S05907
C05908	S05908
C05909	S05909
C05910	S05910
C05911	S05911
C05912	S05912
C05913	S05913
C05914	S05914
C05915	S05915
C05916	S05916
C05917	S05917
C05918	S05918
C05919	S05919
C05920	S05920
C05921	S05921
C05922	S05922
C05923	S05923
C05924	S05924
C05925	S05925
C05926	S05926
C05927	S05927
C05928	S05928
C05929	S05929
C05930	S05930
C05931	S05931
C05932	S05932
C05933	S05933
C05934	S05934
C05935	S05935
C05936	S05936
C05937	S05937
C05938	S05938
C05939	S05939
C05940	S05940
C05941	S05941
C05942	S05942
C05943	S05943
C05944	S05944
C05945	S05945
C05946	S05946
C05947	S05947
C05948	S05948
C05949	S05949
C05950	S05950
C05951	S05951
C05952	S05952
C05953	S05953
C05954	S05954
C05955	S05955
C05956	S05956
C05957	S05957
C05958	S05958
C05959	S05959
C05960	S05960
C05961	S05961
C05962	S05962
C05963	S05963
C05964	S05964
C05965	S05965
C05966	S05966
C05967	S05967
C05968	S05968
C05969	S05969
C05970	S05970
C05971	S05971
C05972	S05972
C05973	S05973
C05974	S05974
C05975	S05975
C05976	S05976
C05977	S05977
C05978	S05978
C05979	S05979
C05980	S05980
C05981	S05981
C05982	S05982
C05983	S05983
C05984	S05984
C05985	S05985
C05986	S05986
C05987	S05987
C05988	S05988
C05989	S05989
C05990	S05990
C05991	S05991
C05992	S05992
C05993	S05993
C05994	S05994
C05995	S05995
C05996	S05996
C05997	S05997
C05998	S05998
C05999	S05999
C06000	S06000
C06001	S06001
C06002	S06002
C06003	S06003
C06004	S06004
C06005	S06005
C06006	S06006
C06007	S06007
C06008	S06008
C06009	S06009
C06010	S06010
C06011	S06011
C06012	S06012
C06013	S06013
C06014	S06014
C06015	S06015
C06016	S06016
C06017	S06017
C06018	S06018
C06019	S06019
C06020	S06020
C06021	S06021
C06022	S06022
C06023	S06023
C06024	S06024
C06025	S06025
C06026	S06026
C06027	S06027
C06028	S06028
C06029	S06029
C06030	S06030
C06031	S06031
C06032	S06032
C06033	S06033
C06034	S06034
C06035	S06035
C06036	S06036
C06037	S06037
C06038	S06038
C06039	S06039
C06040	S06040
C06041	S06041
C06042	S06042
C06043	S06043
C06044	S06044
C06045	S06045
C06046	S06046
C06047	S06047
C06048	S06048
C06049	S06049
C06050	S06050
C06051	S06051
C06052	S06052
C06053	S06053
C06054	S06054
C06055	S06055
C06056	S06056
C06057	S06057
C06058	S06058
C06059	S06059
C06060	S06060
C06061	S06061
C06062	S06062
C06063	S06063
C06064	S06064
C06065	S06065
C06066	S06066
C06067	S06067
C06068	S06068
C06069	S06069
C06070	S06070
C06071	S06071
C06072	S06072
C06073	S06073
C06074	S06074
C06075	S06075
C06076	S06076
C06077	S06077
C06078	S06078
C06079	S06079
C06080	S06080
C06081	S06081
C06082	S06082
C06083	S06083
C06084	S06084
C06085	S06085
C06086	S06086
C06087	S06087
C06088	S06088
C06089	S06089
C06090	S06090
C06091	S06091
C06092	S06092
C06093	S06093
C06094	S06094
C06095	S06095
C06096	S06096
C06097	S06097
C06098	S06098
C06099	S06099
C06100	S06100
C06101	S06101
C06102	S06102
C06103	S06103
C06104	S06104
C06105	S06105
C06106	S06106
C06107	S06107
C06108	S06108
C06109	S06109
C06110	S06110
C06111	S06111
C06112	S06112
C06113	S06113
C06114	S06114
C06115	S06115
C06116	S06116
C06117	S06117
C06118	S06118
C06119	S06119
C06120	S06120
C06121	S06121
C06122	S06122
C06123	S06123
C06124	S06124
C06125	S06125
C06126	S06126
C06127	S06127
C06128	S06128
C06129	S06129
C06130	S06130
C06131	S06131
C06132	S06132
C06133	S06133
C06134	S06134
C06135	S06135
C06136	S06136
C06137	S06137
C06138	S06138
C06139	S06139
C06140	S06140
C06141	S06141
C06142	S06142
C06143	S06143
C06144	S06144
C06145	S06145
C06146	S06146
C06147	S06147
C06148	S06148
C06149	S06149
C06150	S06150
C06151	S06151
C06152	S06152
C06153	S06153
C06154	S06154
C06155	S06155
C06156	S06156
C06157	S06157
C06158	S06158
C06159	S06159
C06160	S06160
C06161	S06161
C06162	S06162
C06163	S06163
C06164	S06164
C06165	S06165
C06166	S06166
C06167	S06167
C06168	S06168
C06169	S06169
C06170	S06170
C06171	S06171
C06172	S06172
C06173	S06173
C06174	S06174
C06175	S06175
C06176	S06176
C06177	S06177
C06178	S06178
C06179	S06179
C06180	S06180
C06181	S06181
C06182	S06182
C06183	S06183
C06184	S06184
C06185	S06185
C06186	S06186
C06187	S06187
C06188	S06188
C06189	S06189
C06190	S06190
C06191	S06191
C06192	S06192
C06193	S06193
C06194	S06194
C06195	S06195
C06196	S06196
C06197	S06197
C06198	S06198
C06199	S06199
C06200	S06200
C06201	S06201
C06202	S06202
C06203	S06203
C06204	S06204
C06205	S06205
C06206	S06206
C06207	S06207
C06208	S06208
C06209	S06209
C06210	S06210
C06211	S06211
C06212	S06212
C06213	S06213
C06214	S06214
C06215	S06215
C06216	S06216
C06217	S06217
C06218	S06218
C06219	S06219
C06220	S06220
C06221	S06221
C06222	S06222
C06223	S06223
C06224	S06224
C06225	S06225
C06226	S06226
C06227	S06227
C06228	S06228
C06229	S06229
C06230	S06230
C06231	S06231
C06232	S06232
C06233	S06233
C06234	S06234
C06235	S06235
C06236	S06236
C06237	S06237
C06238	S06238
C06239	S06239
C06240	S06240
C06241	S06241
C06242	S06242
C06243	S06243
C06244	S06244
C06245	S06245
C06246	S06246
C06247	S06247
C06248	S06248
C06249	S06249
C06250	S06250
C06251	S06251
C06252	S06252
C06253	S06253
C06254	S06254
C06255	S06255
C06256	S06256
C06257	S06257
C06258	S06258
C06259	S06259
C06260	S06260
C06261	S06261
C06262	S06262
C06263	S06263
C06264	S06264
C06265	S06265
C06266	S06266
C06267	S06267
C06268	S06268
C06269	S06269
C06270	S06270
C06271	S06271
C06272	S06272
C06273	S06273
C06274	S06274
C06275	S06275
C06276	S06276
C06277	S06277
C06278	S06278
C06279	S06279
C06280	S06280
C06281	S06281
C06282	S06282
C06283	S06283
C06284	S06284
C06285	S06285
C06286	S06286
C06287	S06287
C06288	S06288
C06289	S06289
C06290	S06290
C06291	S06291
C06292	S06292
C06293	S06293
C06294	S06294
C06295	S06295
C06296	S06296
C06297	S06297
C06298	S06298
C06299	S06299
C06300	S06300
C06301	S06301
C06302	S06302
C06303	S06303
C06304	S06304
C06305	S06305
C06306	S06306
C06307	S06307
C06308	S06308
C06309	S06309
C06310	S06310
C06311	S06311
C06312	S06312
C06313	S06313
C06314	S06314
C06315	S06315
C06316	S06316
C06317	S06317
C06318	S06318
C06319	S06319
C06320	S06320
C06321	S06321
C06322	S06322
C06323	S06323
C06324	S06324
C06325	S06325
C06326	S06326
C06327	S06327
C06328	S06328
C06329	S06329
C06330	S06330
C06331	S06331
C06332	S06332
C06333	S06333
C06334	S06334
C06335	S06335
C06336	S06336
C06337	S06337
C06338	S06338
C06339	S06339
C06340	S06340
C06341	S06341
C06342	S06342
C06343	S06343
C06344	S06344
C06345	S06345
C06346	S06346
C06347	S06347
C06348	S06348
C06349	S06349
C06350	S06350
C06351	S06351
C06352	S06352
C06353	S06353
C06354	S06354
C06355	S06355
C06356	S06356
C06357	S06357
C06358	S06358
C06359	S06359
C06360	S06360
C06361	S06361
C06362	S06362
C06363	S06363
C06364	S06364
C06365	S06365
C06366	S06366
C06367	S06367
C06368	S06368
C06369	S06369
C06370	S06370
C06371	S06371
C06372	S06372
C06373	S06373
C06374	S06374
C06375	S06375
C06376	S06376
C06377	S06377
C06378	S06378
C06379	S06379
C06380	S06380
C06381	S06381
C06382	S06382
C06383	S06383
C06384	S06384
C06385	S06385
C06386	S06386
C06387	S06387
C06388	S06388
C06389	S06389
C06390	S06390
C06391	S06391
C06392	S06392
C06393	S06393
C06394	S06394
C06395	S06395
C06396	S06396
C06397	S06397
C06398	S06398
C06399	S06399
C06400	S06400
C06401	S06401
C06402	S06402
C06403	S06403
C06404	S06404
C06405	S06405
C06406	S06406
C06407	S06407
C06408	S06408
C06409	S06409
C06410	S06410
C06411	S06411
C06412	S06412
C06413	S06413
C06414	S06414
C06415	S06415
C06416	S06416
C06417	S06417
C06418	S06418
C06419	S06419
C06420	S06420
C06421	S06421
C06422	S06422
C06423	S06423
C06424	S06424
C06425	S06425
C06426	S06426
C06427	S06427
C06428	S06428
C06429	S06429
C06430	S06430
C06431	S06431
C06432	S06432
C06433	S06433
C06434	S06434
C06435	S06435
C06436	S06436
C06437	S06437
C06438	S06438
C06439	S06439
C06440	S06440
C06441	S06441
C06442	S06442
C06443	S06443
C06444	S06444
C06445	S06445
C06446	S06446
C06447	S06447
C06448	S06448
C06449	S06449
C06450	S06450
C06451	S06451
C06452	S06452
C06453	S06453
C06454	S06454
C06455	S06455
C06456	S06456
C06457	S06457
C06458	S06458
C06459	S06459
C06460	S06460
C06461	S06461
C06462	S06462
C06463	S06463
C06464	S06464
C06465	S06465
C06466	S06466
C06467	S06467
C06468	S06468
C06469	S06469
C06470	S06470
C06471	S06471
C06472	S06472
C06473	S06473
C06474	S06474
C06475	S06475
C06476	S06476
C06477	S06477
C06478	S06478
C06479	S06479
C06480	S06480
C06481	S06481
C06482	S06482
C06483	S06483
C06484	S06484
C06485	S06485
C06486	S06486
C06487	S06487
C06488	S06488
C06489	S06489
C06490	S06490
C06491	S06491
C06492	S06492
C06493	S06493
C06494	S06494
C06495	S06495
C06496	S06496
C06497	S06497
C06498	S06498
C06499	S06499
C06500	S06500
C06501	S06501
C06502	S06502
C06503	S06503
C06504	S06504
C06505	S06505
C06506	S06506
C06507	S06507
C06508	S06508
C06509	S06509
C06510	S06510
C06511	S06511
C06512	S06512
C06513	S06513
C06514	S06514
C06515	S06515
C06516	S06516
C06517	S06517
C06518	S06518
C06519	S06519
C06520	S06520
C06521	S06521
C06522	S06522
C06523	S06523
C06524	S06524
C06525	S06525
C06526	S06526
C06527	S06527
C06528	S06528
C06529	S06529
C06530	S06530
C06531	S06531
C06532	S06532
C06533	S06533
C06534	S06534
C06535	S06535
C06536	S06536
C06537	S06537
C06538	S06538
C06539	S06539
C06540	S06540
C06541	S06541
C06542	S06542
C06543	S06543
C06544	S06544
C06545	S06545
C06546	S06546
C06547	S06547
C06548	S06548
C06549	S06549
C06550	S06550
C06551	S06551
C06552	S06552
C06553	S06553
C06554	S06554
C06555	S06555
C06556	S06556
C06557	S06557
C06558	S06558
C06559	S06559
C06560	S06560
C06561	S06561
C06562	S06562
C06563	S06563
C06564	S06564
C06565	S06565
C06566	S06566
C06567	S06567
C06568	S06568
C06569	S06569
C06570	S06570
C06571	S06571
C06572	S06572
C06573	S06573
C06574	S06574
C06575	S06575
C06576	S06576
C06577	S06577
C06578	S06578
C06579	S06579
C06580	S06580
C06581	S06581
C06582	S06582
C06583	S06583
C06584	S06584
C06585	S06585
C06586	S06586
C06587	S06587
C06588	S06588
C06589	S06589
C06590	S06590
C06591	S06591
C06592	S06592
C06593	S06593
C06594	S06594
C06595	S06595
C06596	S06596
C06597	S06597
C06598	S06598
C06599	S06599
C06600	S06600
C06601	S06601
C06602	S06602
C06603	S06603
C06604	S06604
C06605	S06605
C06606	S06606
C06607	S06607
C06608	S06608
C06609	S06609
C06610	S06610
C06611	S06611
C06612	S06612
C06613	S06613
C06614	S06614
C06615	S06615
C06616	S06616
C06617	S06617
C06618	S06618
C06619	S06619
C06620	S06620
C06621	S06621
C06622	S06622
C06623	S06623
C06624	S06624
C06625	S06625
C06626	S06626
C06627	S06627
C06628	S06628
C06629	S06629
C06630	S06630
C06631	S06631
C06632	S06632
C06633	S06633
C06634	S06634
C06635	S06635
C06636	S06636
C06637	S06637
C06638	S06638
C06639	S06639
C06640	S06640
C06641	S06641
C06642	S06642
C06643	S06643
C06644	S06644
C06645	S06645
C06646	S06646
C06647	S06647
C06648	S06648
C06649	S06649
C06650	S06650
C06651	S06651
C06652	S06652
C06653	S06653
C06654	S06654
C06655	S06655
C06656	S06656
C06657	S06657
C06658	S06658
C06659	S06659
C06660	S06660
C06661	S06661
C06662	S06662
C06663	S06663
C06664	S06664
C06665	S06665
C06666	S06666
C06667	S06667
C06668	S06668
C06669	S06669
C06670	S06670
C06671	S06671
C06672	S06672
C06673	S06673
C06674	S06674
C06675	S06675
C06676	S06676
C06677	S06677
C06678	S06678
C06679	S06679
C06680	S06680
C06681	S06681
C06682	S06682
C06683	S06683
C06684	S06684
C06685	S06685
C06686	S06686
C06687	S06687
C06688	S06688
C06689	S06689
C06690	S06690
C06691	S06691
C06692	S06692
C06693	S06693
C06694	S06694
C06695	S06695
C06696	S06696
C06697	S06697
C06698	S06698
C06699	S06699
C06700	S06700
C06701	S06701
C06702	S06702
C06703	S06703
C06704	S06704
C06705	S06705
C06706	S06706
C06707	S06707
C06708	S06708
C06709	S06709
C06710	S06710
C06711	S06711
C06712	S06712
C06713	S06713
C06714	S06714
C06715	S06715
C06716	S06716
C06717	S06717
C06718	S06718
C06719	S06719
C06720	S06720
C06721	S06721
C06722	S06722
C06723	S06723
C06724	S06724
C06725	S06725
C06726	S06726
C06727	S06727
C06728	S06728
C06729	S06729
C06730	S06730
C06731	S06731
C06732	S06732
C06733	S06733
C06734	S06734
C06735	S06735
C06736	S06736
C06737	S06737
C06738	S06738
C06739	S06739
C06740	S06740
C06741	S06741
C06742	S06742
C06743	S06743
C06744	S06744
C06745	S06745
C06746	S06746
C06747	S06747
C06748	S06748
C06749	S06749
C06750	S06750
C06751	S06751
C06752	S06752
C06753	S06753
C06754	S06754
C06755	S06755
C06756	S06756
C06757	S06757
C06758	S06758
C06759	S06759
C06760	S06760
C06761	S06761
C06762	S06762
C06763	S06763
C06764	S06764
C06765	S06765
C06766	S06766
C06767	S06767
C06768	S06768
C06769	S06769
C06770	S06770
C06771	S06771
C06772	S06772
C06773	S06773
C06774	S06774
C06775	S06775
C06776	S06776
C06777	S06777
C06778	S06778
C06779	S06779
C06780	S06780
C06781	S06781
C06782	S06782
C06783	S06783
C06784	S06784
C06785	S06785
C06786	S06786
C06787	S06787
C06788	S06788
C06789	S06789
C06790	S06790
C06791	S06791
C06792	S06792
C06793	S06793
C06794	S06794
C06795	S06795
C06796	S06796
C06797	S06797
C06798	S06798
C06799	S06799
C06800	S06800
C06801	S06801
C06802	S06802
C06803	S06803
C06804	S06804
C06805	S06805
C06806	S06806
C06807	S06807
C06808	S06808
C06809	S06809
C06810	S06810
C06811	S06811
C06812	S06812
C06813	S06813
C06814	S06814
C06815	S06815
C06816	S06816
C06817	S06817
C06818	S06818
C06819	S06819
C06820	S06820
C06821	S06821
C06822	S06822
C06823	S06823
C06824	S06824
C06825	S06825
C06826	S06826
C06827	S06827
C06828	S06828
C06829	S06829
C06830	S06830
C06831	S06831
C06832	S06832
C06833	S06833
C06834	S06834
C06835	S06835
C06836	S06836
C06837	S06837
C06838	S06838
C06839	S06839
C06840	S06840
C06841	S06841
C06842	S06842
C06843	S06843
C06844	S06844
C06845	S06845
C06846	S06846
C06847	S06847
C06848	S06848
C06849	S06849
C06850	S06850
C06851	S06851
C06852	S06852
C06853	S06853
C06854	S06854
C06855	S06855
C06856	S06856
C06857	S06857
C06858	S06858
C06859	S06859
C06860	S06860
C06861	S06861
C06862	S06862
C06863	S06863
C06864	S06864
C06865	S06865
C06866	S06866
C06867	S06867
C06868	S06868
C06869	S06869
C06870	S06870
C06871	S06871
C06872	S06872
C06873	S06873
C06874	S06874
C06875	S06875
C06876	S06876
C06877	S06877
C06878	S06878
C06879	S06879
C06880	S06880
C06881	S06881
C06882	S06882
C06883	S06883
C06884	S06884
C06885	S06885
C06886	S06886
C06887	S06887
C06888	S06888
C06889	S06889
C06890	S06890
C06891	S06891
C06892	S06892
C06893	S06893
C06894	S06894
C06895	S06895
C06896	S06896
C06897	S06897
C06898	S06898
C06899	S06899
C06900	S06900
C06901	S06901
C06902	S06902
C06903	S06903
C06904	S06904
C06905	S06905
C06906	S06906
C06907	S06907
C06908	S06908
C06909	S06909
C06910	S06910
C06911	S06911
C06912	S06912
C06913	S06913
C06914	S06914
C06915	S06915
C06916	S06916
C06917	S06917
C06918	S06918
C06919	S06919
C06920	S06920
C06921	S06921
C06922	S06922
C06923	S06923
C06924	S06924
C06925	S06925
C06926	S06926
C06927	S06927
C06928	S06928
C06929	S06929
C06930	S06930
C06931	S06931
C06932	S06932
C06933	S06933
C06934	S06934
C06935	S06935
C06936	S06936
C06937	S06937
C06938	S06938
C06939	S06939
C06940	S06940
C06941	S06941
C06942	S06942
C06943	S06943
C06944	S06944
C06945	S06945
C06946	S06946
C06947	S06947
C06948	S06948
C06949	S06949
C06950	S06950
C06951	S06951
C06952	S06952
C06953	S06953
C06954	S06954
C06955	S06955
C06956	S06956
C06957	S06957
C06958	S06958
C06959	S06959
C06960	S06960
C06961	S06961
C06962	S06962
C06963	S06963
C06964	S06964
C06965	S06965
C06966	S06966
C06967	S06967
C06968	S06968
C06969	S06969
C06970	S06970
C06971	S06971
C06972	S06972
C06973	S06973
C06974	S06974
C06975	S06975
C06976	S06976
C06977	S06977
C06978	S06978
C06979	S06979
C06980	S06980
C06981	S06981
C06982	S06982
C06983	S06983
C06984	S06984
C06985	S06985
C06986	S06986
C06987	S06987
C06988	S06988
C06989	S06989
C06990	S06990
C06991	S06991
C06992	S06992
C06993	S06993
C06994	S06994
C06995	S06995
C06996	S06996
C06997	S06997
C06998	S06998
C06999	S06999
C07000	S07000
C07001	S07001
C07002	S07002
C07003	S07003
C07004	S07004
C07005	S07005
C07006	S07006
C07007	S07007
C07008	S07008
C07009	S07009
C07010	S07010
C07011	S07011
C07012	S07012
C07013	S07013
C07014	S07014
C07015	S07015
C07016	S07016
C07017	S07017
C07018	S07018
C07019	S07019
C07020	S07020
C07021	S07021
C07022	S07022
C07023	S07023
C07024	S07024
C07025	S07025
C07026	S07026
C07027	S07027
C07028	S07028
C07029	S07029
C07030	S07030
C07031	S07031
C07032	S07032
C07033	S07033
C07034	S07034
C07035	S07035
C07036	S07036
C07037	S07037
C07038	S07038
C07039	S07039
C07040	S07040
C07041	S07041
C07042	S07042
C07043	S07043
C07044	S07044
C07045	S07045
C07046	S07046
C07047	S07047
C07048	S07048
C07049	S07049
C07050	S07050
C07051	S07051
C07052	S07052
C07053	S07053
C07054	S07054
C07055	S07055
C07056	S07056
C07057	S07057
C07058	S07058
C07059	S07059
C07060	S07060
C07061	S07061
C07062	S07062
C07063	S07063
C07064	S07064
C07065	S07065
C07066	S07066
C07067	S07067
C07068	S07068
C07069	S07069
C07070	S07070
C07071	S07071
C07072	S07072
C07073	S07073
C07074	S07074
C07075	S07075
C07076	S07076
C07077	S07077
C07078	S07078
C07079	S07079
C07080	S07080
C07081	S07081
C07082	S07082
C07083	S07083
C07084	S07084
C07085	S07085
C07086	S07086
C07087	S07087
C07088	S07088
C07089	S07089
C07090	S07090
C07091	S07091
C07092	S07092
C07093	S07093
C07094	S07094
C07095	S07095
C07096	S07096
C07097	S07097
C07098	S07098
C07099	S07099
C07100	S07100
C07101	S07101
C07102	S07102
C07103	S07103
C07104	S07104
C07105	S07105
C07106	S07106
C07107	S07107
C07108	S07108
C07109	S07109
C07110	S07110
C07111	S07111
C07112	S07112
C07113	S07113
C07114	S07114
C07115	S07115
C07116	S07116
C07117	S07117
C07118	S07118
C07119	S07119
C07120	S07120
C07121	S07121
C07122	S07122
C07123	S07123
C07124	S07124
C07125	S07125
C07126	S07126
C07127	S07127
C07128	S07128
C07129	S07129
C07130	S07130
C07131	S07131
C07132	S07132
C07133	S07133
C07134	S07134
C07135	S07135
C07136	S07136
C07137	S07137
C07138	S07138
C07139	S07139
C07140	S07140
C07141	S07141
C07142	S07142
C07143	S07143
C07144	S07144
C07145	S07145
C07146	S07146
C07147	S07147
C07148	S07148
C07149	S07149
C07150	S07150
C07151	S07151
C07152	S07152
C07153	S07153
C07154	S07154
C07155	S07155
C07156	S07156
C07157	S07157
C07158	S07158
C07159	S07159
C07160	S07160
C07161	S07161
C07162	S07162
C07163	S07163
C07164	S07164
C07165	S07165
C07166	S07166
C07167	S07167
C07168	S07168
C07169	S07169
C07170	S07170
C07171	S07171
C07172	S07172
C07173	S07173
C07174	S07174
C07175	S07175
C07176	S07176
C07177	S07177
C07178	S07178
C07179	S07179
C07180	S07180
C07181	S07181
C07182	S07182
C07183	S07183
C07184	S07184
C07185	S07185
C07186	S07186
C07187	S07187
C07188	S07188
C07189	S07189
C07190	S07190
C07191	S07191
C07192	S07192
C07193	S07193
C07194	S07194
C07195	S07195
C07196	S07196
C07197	S07197
C07198	S07198
C07199	S07199
C07200	S07200
C07201	S07201
C07202	S07202
C07203	S07203
C07204	S07204
C07205	S07205
C07206	S07206
C07207	S07207
C07208	S07208
C07209	S07209
C07210	S07210
C07211	S07211
C07212	S07212
C07213	S07213
C07214	S07214
C07215	S07215
C07216	S07216
C07217	S07217
C07218	S07218
C07219	S07219
C07220	S07220
C07221	S07221
C07222	S07222
C07223	S07223
C07224	S07224
C07225	S07225
C07226	S07226
C07227	S07227
C07228	S07228
C07229	S07229
C07230	S07230
C07231	S07231
C07232	S07232
C07233	S07233
C07234	S07234
C07235	S07235
C07236	S07236
C07237	S07237
C07238	S07238
C07239	S07239
C07240	S07240
C07241	S07241
C07242	S07242
C07243	S07243
C07244	S07244
C07245	S07245
C07246	S07246
C07247	S07247
C07248	S07248
C07249	S07249
C07250	S07250
C07251	S07251
C07252	S07252
C07253	S07253
C07254	S07254
C07255	S07255
C07256	S07256
C07257	S07257
C07258	S07258
C07259	S07259
C07260	S07260
C07261	S07261
C07262	S07262
C07263	S07263
C07264	S07264
C07265	S07265
C07266	S07266
C07267	S07267
C07268	S07268
C07269	S07269
C07270	S07270
C07271	S07271
C07272	S07272
C07273	S07273
C07274	S07274
C07275	S07275
C07276	S07276
C07277	S07277
C07278	S07278
C07279	S07279
C07280	S07280
C07281	S07281
C07282	S07282
C07283	S07283
C07284	S07284
C07285	S07285
C07286	S07286
C07287	S07287
C07288	S07288
C07289	S07289
C07290	S07290
C07291	S07291
C07292	S07292
C07293	S07293
C07294	S07294
C07295	S07295
C07296	S07296
C07297	S07297
C07298	S07298
C07299	S07299
C07300	S07300
C07301	S07301
C07302	S07302
C07303	S07303
C07304	S07304
C07305	S07305
C07306	S07306
C07307	S07307
C07308	S07308
C07309	S07309
C07310	S07310
C07311	S07311
C07312	S07312
C07313	S07313
C07314	S07314
C07315	S07315
C07316	S07316
C07317	S07317
C07318	S07318
C07319	S07319
C07320	S07320
C07321	S07321
C07322	S07322
C07323	S07323
C07324	S07324
C07325	S07325
C07326	S07326
C07327	S07327
C07328	S07328
C07329	S07329
C07330	S07330
C07331	S07331
C07332	S07332
C07333	S07333
C07334	S07334
C07335	S07335
C07336	S07336
C07337	S07337
C07338	S07338
C07339	S07339
C07340	S07340
C07341	S07341
C07342	S07342
C07343	S07343
C07344	S07344
C07345	S07345
C07346	S07346
C07347	S07347
C07348	S07348
C07349	S07349
C07350	S07350
C07351	S07351
C07352	S07352
C07353	S07353
C07354	S07354
C07355	S07355
C07356	S07356
C07357	S07357
C07358	S07358
C07359	S07359
C07360	S07360
C07361	S07361
C07362	S07362
C07363	S07363
C07364	S07364
C07365	S07365
C07366	S07366
C07367	S07367
C07368	S07368
C07369	S07369
C07370	S07370
C07371	S07371
C07372	S07372
C07373	S07373
C07374	S07374
C07375	S07375
C07376	S07376
C07377	S07377
C07378	S07378
C07379	S07379
C07380	S07380
C07381	S07381
C07382	S07382
C07383	S07383
C07384	S07384
C07385	S07385
C07386	S07386
C07387	S07387
C07388	S07388
C07389	S07389
C07390	S07390
C07391	S07391
C07392	S07392
C07393	S07393
C07394	S07394
C07395	S07395
C07396	S07396
C07397	S07397
C07398	S07398
C07399	S07399
C07400	S07400
C07401	S07401
C07402	S07402
C07403	S07403
C07404	S07404
C07405	S07405
C07406	S07406
C07407	S07407
C07408	S07408
C07409	S07409
C07410	S07410
C07411	S07411
C07412	S07412
C07413	S07413
C07414	S07414
C07415	S07415
C07416	S07416
C07417	S07417
C07418	S07418
C07419	S07419
C07420	S07420
C07421	S07421
C07422	S07422
C07423	S07423
C07424	S07424
C07425	S07425
C07426	S07426
C07427	S07427
C07428	S07428
C07429	S07429
C07430	S07430
C07431	S07431
C07432	S07432
C07433	S07433
C07434	S07434
C07435	S07435
C07436	S07436
C07437	S07437
C07438	S07438
C07439	S07439
C07440	S07440
C07441	S07441
C07442	S07442
C07443	S07443
C07444	S07444
C07445	S07445
C07446	S07446
C07447	S07447
C07448	S07448
C07449	S07449
C07450	S07450
C07451	S07451
C07452	S07452
C07453	S07453
C07454	S07454
C07455	S07455
C07456	S07456
C07457	S07457
C07458	S07458
C07459	S07459
C07460	S07460
C07461	S07461
C07462	S07462
C07463	S07463
C07464	S07464
C07465	S07465
C07466	S07466
C07467	S07467
C07468	S07468
C07469	S07469
C07470	S07470
C07471	S07471
C07472	S07472
C07473	S07473
C07474	S07474
C07475	S07475
C07476	S07476
C07477	S07477
C07478	S07478
C07479	S07479
C07480	S07480
C07481	S07481
C07482	S07482
C07483	S07483
C07484	S07484
C07485	S07485
C07486	S07486
C07487	S07487
C07488	S07488
C07489	S07489
C07490	S07490
C07491	S07491
C07492	S07492
C07493	S07493
C07494	S07494
C07495	S07495
C07496	S07496
C07497	S07497
C07498	S07498
C07499	S07499
C07500	S07500
C07501	S07501
C07502	S07502
C07503	S07503
C07504	S07504
C07505	S07505
C07506	S07506
C07507	S07507
C07508	S07508
C07509	S07509
C07510	S07510
C07511	S07511
C07512	S07512
C07513	S07513
C07514	S07514
C07515	S07515
C07516	S07516
C07517	S07517
C07518	S07518
C07519	S07519
C07520	S07520
C07521	S07521
C07522	S07522
C07523	S07523
C07524	S07524
C07525	S07525
C07526	S07526
C07527	S07527
C07528	S07528
C07529	S07529
C07530	S07530
C07531	S07531
C07532	S07532
C07533	S07533
C07534	S07534
C07535	S07535
C07536	S07536
C07537	S07537
C07538	S07538
C07539	S07539
C07540	S07540
C07541	S07541
C07542	S07542
C07543	S07543
C07544	S07544
C07545	S07545
C07546	S07546
C07547	S07547
C07548	S07548
C07549	S07549
C07550	S07550
C07551	S07551
C07552	S07552
C07553	S07553
C07554	S07554
C07555	S07555
C07556	S07556
C07557	S07557
C07558	S07558
C07559	S07559
C07560	S07560
C07561	S07561
C07562	S07562
C07563	S07563
C07564	S07564
C07565	S07565
C07566	S07566
C07567	S07567
C07568	S07568
C07569	S07569
C07570	S07570
C07571	S07571
C07572	S07572
C07573	S07573
C07574	S07574
C07575	S07575
C07576	S07576
C07577	S07577
C07578	S07578
C07579	S07579
C07580	S07580
C07581	S07581
C07582	S07582
C07583	S07583
C07584	S07584
C07585	S07585
C07586	S07586
C07587	S07587
C07588	S07588
C07589	S07589
C07590	S07590
C07591	S07591
C07592	S07592
C07593	S07593
C07594	S07594
C07595	S07595
C07596	S07596
C07597	S07597
C07598	S07598
C07599	S07599
C07600	S07600
C07601	S07601
C07602	S07602
C07603	S07603
C07604	S07604
C07605	S07605
C07606	S07606
C07607	S07607
C07608	S07608
C07609	S07609
C07610	S07610
C07611	S07611
C07612	S07612
C07613	S07613
C07614	S07614
C07615	S07615
C07616	S07616
C07617	S07617
C07618	S07618
C07619	S07619
C07620	S07620
C07621	S07621
C07622	S07622
C07623	S07623
C07624	S07624
C07625	S07625
C07626	S07626
C07627	S07627
C07628	S07628
C07629	S07629
C07630	S07630
C07631	S07631
C07632	S07632
C07633	S07633
C07634	S07634
C07635	S07635
C07636	S07636
C07637	S07637
C07638	S07638
C07639	S07639
C07640	S07640
C07641	S07641
C07642	S07642
C07643	S07643
C07644	S07644
C07645	S07645
C07646	S07646
C07647	S07647
C07648	S07648
C07649	S07649
C07650	S07650
C07651	S07651
C07652	S07652
C07653	S07653
C07654	S07654
C07655	S07655
C07656	S07656
C07657	S07657
C07658	S07658
C07659	S07659
C07660	S07660
C07661	S07661
C07662	S07662
C07663	S07663
C07664	S07664
C07665	S07665
C07666	S07666
C07667	S07667
C07668	S07668
C07669	S07669
C07670	S07670
C07671	S07671
C07672	S07672
C07673	S07673
C07674	S07674
C07675	S07675
C07676	S07676
C07677	S07677
C07678	S07678
C07679	S07679
C07680	S07680
C07681	S07681
C07682	S07682
C07683	S07683
C07684	S07684
C07685	S07685
C07686	S07686
C07687	S07687
C07688	S07688
C07689	S07689
C07690	S07690
C07691	S07691
C07692	S07692
C07693	S07693
C07694	S07694
C07695	S07695
C07696	S07696
C07697	S07697
C07698	S07698
C07699	S07699
C07700	S07700
C07701	S07701
C07702	S07702
C07703	S07703
C07704	S07704
C07705	S07705
C07706	S07706
C07707	S07707
C07708	S07708
C07709	S07709
C07710	S07710
C07711	S07711
C07712	S07712
C07713	S07713
C07714	S07714
C07715	S07715
C07716	S07716
C07717	S07717
C07718	S07718
C07719	S07719
C07720	S07720
C07721	S07721
C07722	S07722
C07723	S07723
C07724	S07724
C07725	S07725
C07726	S07726
C07727	S07727
C07728	S07728
C07729	S07729
C07730	S07730
C07731	S07731
C07732	S07732
C07733	S07733
C07734	S07734
C07735	S07735
C07736	S07736
C07737	S07737
C07738	S07738
C07739	S07739
C07740	S07740
C07741	S07741
C07742	S07742
C07743	S07743
C07744	S07744
C07745	S07745
C07746	S07746
C07747	S07747
C07748	S07748
C07749	S07749
C07750	S07750
C07751	S07751
C07752	S07752
C07753	S07753
C07754	S07754
C07755	S07755
C07756	S07756
C07757	S07757
C07758	S07758
C07759	S07759
C07760	S07760
C07761	S07761
C07762	S07762
C07763	S07763
C07764	S07764
C07765	S07765
C07766	S07766
C07767	S07767
C07768	S07768
C07769	S07769
C07770	S07770
C07771	S07771
C07772	S07772
C07773	S07773
C07774	S07774
C07775	S07775
C07776	S07776
C07777	S07777
C07778	S07778
C07779	S07779
C07780	S07780
C07781	S07781
C07782	S07782
C07783	S07783
C07784	S07784
C07785	S07785
C07786	S07786
C07787	S07787
C07788	S07788
C07789	S07789
C07790	S07790
C07791	S07791
C07792	S07792
C07793	S07793
C07794	S07794
C07795	S07795
C07796	S07796
C07797	S07797
C07798	S07798
C07799	S07799
C07800	S07800
C07801	S07801
C07802	S07802
C07803	S07803
C07804	S07804
C07805	S07805
C07806	S07806
C07807	S07807
C07808	S07808
C07809	S07809
C07810	S07810
C07811	S07811
C07812	S07812
C07813	S07813
C07814	S07814
C07815	S07815
C07816	S07816
C07817	S07817
C07818	S07818
C07819	S07819
C07820	S07820
C07821	S07821
C07822	S07822
C07823	S07823
C07824	S07824
C07825	S07825
C07826	S07826
C07827	S07827
C07828	S07828
C07829	S07829
C07830	S07830
C07831	S07831
C07832	S07832
C07833	S07833
C07834	S07834
C07835	S07835
C07836	S07836
C07837	S07837
C07838	S07838
C07839	S07839
C07840	S07840
C07841	S07841
C07842	S07842
C07843	S07843
C07844	S07844
C07845	S07845
C07846	S07846
C07847	S07847
C07848	S07848
C07849	S07849
C07850	S07850
C07851	S07851
C07852	S07852
C07853	S07853
C07854	S07854
C07855	S07855
C07856	S07856
C07857	S07857
C07858	S07858
C07859	S07859
C07860	S07860
C07861	S07861
C07862	S07862
C07863	S07863
C07864	S07864
C07865	S07865
C07866	S07866
C07867	S07867
C07868	S07868
C07869	S07869
C07870	S07870
C07871	S07871
C07872	S07872
C07873	S07873
C07874	S07874
C07875	S07875
C07876	S07876
C07877	S07877
C07878	S07878
C07879	S07879
C07880	S07880
C07881	S07881
C07882	S07882
C07883	S07883
C07884	S07884
C07885	S07885
C07886	S07886
C07887	S07887
C07888	S07888
C07889	S07889
C07890	S07890
C07891	S07891
C07892	S07892
C07893	S07893
C07894	S07894
C07895	S07895
C07896	S07896
C07897	S07897
C07898	S07898
C07899	S07899
C07900	S07900
C07901	S07901
C07902	S07902
C07903	S07903
C07904	S07904
C07905	S07905
C07906	S07906
C07907	S07907
C07908	S07908
C07909	S07909
C07910	S07910
C07911	S07911
C07912	S07912
C07913	S07913
C07914	S07914
C07915	S07915
C07916	S07916
C07917	S07917
C07918	S07918
C07919	S07919
C07920	S07920
C07921	S07921
C07922	S07922
C07923	S07923
C07924	S07924
C07925	S07925
C07926	S07926
C07927	S07927
C07928	S07928
C07929	S07929
C07930	S07930
C07931	S07931
C07932	S07932
C07933	S07933
C07934	S07934
C07935	S07935
C07936	S07936
C07937	S07937
C07938	S07938
C07939	S07939
C07940	S07940
C07941	S07941
C07942	S07942
C07943	S07943
C07944	S07944
C07945	S07945
C07946	S07946
C07947	S07947
C07948	S07948
C07949	S07949
C07950	S07950
C07951	S07951
C07952	S07952
C07953	S07953
C07954	S07954
C07955	S07955
C07956	S07956
C07957	S07957
C07958	S07958
C07959	S07959
C07960	S07960
C07961	S07961
C07962	S07962
C07963	S07963
C07964	S07964
C07965	S07965
C07966	S07966
C07967	S07967
C07968	S07968
C07969	S07969
C07970	S07970
C07971	S07971
C07972	S07972
C07973	S07973
C07974	S07974
C07975	S07975
C07976	S07976
C07977	S07977
C07978	S07978
C07979	S07979
C07980	S07980
C07981	S07981
C07982	S07982
C07983	S07983
C07984	S07984
C07985	S07985
C07986	S07986
C07987	S07987
C07988	S07988
C07989	S07989
C07990	S07990
C07991	S07991
C07992	S07992
C07993	S07993
C07994	S07994
C07995	S07995
C07996	S07996
C07997	S07997
C07998	S07998
C07999	S07999
C08000	S08000
C08001	S08001
C08002	S08002
C08003	S08003
C08004	S08004
C08005	S08005
C08006	S08006
C08007	S08007
C08008	S08008
C08009	S08009
C08010	S08010
C08011	S08011
C08012	S08012
C08013	S08013
C08014	S08014
C08015	S08015
C08016	S08016
C08017	S08017
C08018	S08018
C08019	S08019
C08020	S08020
C08021	S08021
C08022	S08022
C08023	S08023
C08024	S08024
C08025	S08025
C08026	S08026
C08027	S08027
C08028	S08028
C08029	S08029
C08030	S08030
C08031	S08031
C08032	S08032
C08033	S08033
C08034	S08034
C08035	S08035
C08036	S08036
C08037	S08037
C08038	S08038
C08039	S08039
C08040	S08040
C08041	S08041
C08042	S08042
C08043	S08043
C08044	S08044
C08045	S08045
C08046	S08046
C08047	S08047
C08048	S08048
C08049	S08049
C08050	S08050
C08051	S08051
C08052	S08052
C08053	S08053
C08054	S08054
C08055	S08055
C08056	S08056
C08057	S08057
C08058	S08058
C08059	S08059
C08060	S08060
C08061	S08061
C08062	S08062
C08063	S08063
C08064	S08064
C08065	S08065
C08066	S08066
C08067	S08067
C08068	S08068
C08069	S08069
C08070	S08070
C08071	S08071
C08072	S08072
C08073	S08073
C08074	S08074
C08075	S08075
C08076	S08076
C08077	S08077
C08078	S08078
C08079	S08079
C08080	S08080
C08081	S08081
C08082	S08082
C08083	S08083
C08084	S08084
C08085	S08085
C08086	S08086
C08087	S08087
C08088	S08088
C08089	S08089
C08090	S08090
C08091	S08091
C08092	S08092
C08093	S08093
C08094	S08094
C08095	S08095
C08096	S08096
C08097	S08097
C08098	S08098
C08099	S08099
C08100	S08100
C08101	S08101
C08102	S08102
C08103	S08103
C08104	S08104
C08105	S08105
C08106	S08106
C08107	S08107
C08108	S08108
C08109	S08109
C08110	S08110
C08111	S08111
C08112	S08112
C08113	S08113
C08114	S08114
C08115	S08115
C08116	S08116
C08117	S08117
C08118	S08118
C08119	S08119
C08120	S08120
C08121	S08121
C08122	S08122
C08123	S08123
C08124	S08124
C08125	S08125
C08126	S08126
C08127	S08127
C08128	S08128
C08129	S08129
C08130	S08130
C08131	S08131
C08132	S08132
C08133	S08133
C08134	S08134
C08135	S08135
C08136	S08136
C08137	S08137
C08138	S08138
C08139	S08139
C08140	S08140
C08141	S08141
C08142	S08142
C08143	S08143
C08144	S08144
C08145	S08145
C08146	S08146
C08147	S08147
C08148	S08148
C08149	S08149
C08150	S08150
C08151	S08151
C08152	S08152
C08153	S08153
C08154	S08154
C08155	S08155
C08156	S08156
C08157	S08157
C08158	S08158
C08159	S08159
C08160	S08160
C08161	S08161
C08162	S08162
C08163	S08163
C08164	S08164
C08165	S08165
C08166	S08166
C08167	S08167
C08168	S08168
C08169	S08169
C08170	S08170
C08171	S08171
C08172	S08172
C08173	S08173
C08174	S08174
C08175	S08175
C08176	S08176
C08177	S08177
C08178	S08178
C08179	S08179
C08180	S08180
C08181	S08181
C08182	S08182
C08183	S08183
C08184	S08184
C08185	S08185
C08186	S08186
C08187	S08187
C08188	S08188
C08189	S08189
C08190	S08190
C08191	S08191
C08192	S08192
C08193	S08193
C08194	S08194
C08195	S08195
C08196	S08196
C08197	S08197
C08198	S08198
C08199	S08199
C08200	S08200
C08201	S08201
C08202	S08202
C08203	S08203
C08204	S08204
C08205	S08205
C08206	S08206
C08207	S08207
C08208	S08208
C08209	S08209
C08210	S08210
C08211	S08211
C08212	S08212
C08213	S08213
C08214	S08214
C08215	S08215
C08216	S08216
C08217	S08217
C08218	S08218
C08219	S08219
C08220	S08220
C08221	S08221
C08222	S08222
C08223	S08223
C08224	S08224
C08225	S08225
C08226	S08226
C08227	S08227
C08228	S08228
C08229	S08229
C08230	S08230
C08231	S08231
C08232	S08232
C08233	S08233
C08234	S08234
C08235	S08235
C08236	S08236
C08237	S08237
C08238	S08238
C08239	S08239
C08240	S08240
C08241	S08241
C08242	S08242
C08243	S08243
C08244	S08244
C08245	S08245
C08246	S08246
C08247	S08247
C08248	S08248
C08249	S08249
C08250	S08250
C08251	S08251
C08252	S08252
C08253	S08253
C08254	S08254
C08255	S08255
C08256	S08256
C08257	S08257
C08258	S08258
C08259	S08259
C08260	S08260
C08261	S08261
C08262	S08262
C08263	S08263
C08264	S08264
C08265	S08265
C08266	S08266
C08267	S08267
C08268	S08268
C08269	S08269
C08270	S08270
C08271	S08271
C08272	S08272
C08273	S08273
C08274	S08274
C08275	S08275
C08276	S08276
C08277	S08277
C08278	S08278
C08279	S08279
C08280	S08280
C08281	S08281
C08282	S08282
C08283	S08283
C08284	S08284
C08285	S08285
C08286	S08286
C08287	S08287
C08288	S08288
C08289	S08289
C08290	S08290
C08291	S08291
C08292	S08292
C08293	S08293
C08294	S08294
C08295	S08295
C08296	S08296
C08297	S08297
C08298	S08298
C08299	S08299
C08300	S08300
C08301	S08301
C08302	S08302
C08303	S08303
C08304	S08304
C08305	S08305
C08306	S08306
C08307	S08307
C08308	S08308
C08309	S08309
C08310	S08310
C08311	S08311
C08312	S08312
C08313	S08313
C08314	S08314
C08315	S08315
C08316	S08316
C08317	S08317
C08318	S08318
C08319	S08319
C08320	S08320
C08321	S08321
C08322	S08322
C08323	S08323
C08324	S08324
C08325	S08325
C08326	S08326
C08327	S08327
C08328	S08328
C08329	S08329
C08330	S08330
C08331	S08331
C08332	S08332
C08333	S08333
C08334	S08334
C08335	S08335
C08336	S08336
C08337	S08337
C08338	S08338
C08339	S08339
C08340	S08340
C08341	S08341
C08342	S08342
C08343	S08343
C08344	S08344
C08345	S08345
C08346	S08346
C08347	S08347
C08348	S08348
C08349	S08349
C08350	S08350
C08351	S08351
C08352	S08352
C08353	S08353
C08354	S08354
C08355	S08355
C08356	S08356
C08357	S08357
C08358	S08358
C08359	S08359
C08360	S08360
C08361	S08361
C08362	S08362
C08363	S08363
C08364	S08364
C08365	S08365
C08366	S08366
C08367	S08367
C08368	S08368
C08369	S08369
C08370	S08370
C08371	S08371
C08372	S08372
C08373	S08373
C08374	S08374
C08375	S08375
C08376	S08376
C08377	S08377
C08378	S08378
C08379	S08379
C08380	S08380
C08381	S08381
C08382	S08382
C08383	S08383
C08384	S08384
C08385	S08385
C08386	S08386
C08387	S08387
C08388	S08388
C08389	S08389
C08390	S08390
C08391	S08391
C08392	S08392
C08393	S08393
C08394	S08394
C08395	S08395
C08396	S08396
C08397	S08397
C08398	S08398
C08399	S08399
C08400	S08400
C08401	S08401
C08402	S08402
C08403	S08403
C08404	S08404
C08405	S08405
C08406	S08406
C08407	S08407
C08408	S08408
C08409	S08409
C08410	S08410
C08411	S08411
C08412	S08412
C08413	S08413
C08414	S08414
C08415	S08415
C08416	S08416
C08417	S08417
C08418	S08418
C08419	S08419
C08420	S08420
C08421	S08421
C08422	S08422
C08423	S08423
C08424	S08424
C08425	S08425
C08426	S08426
C08427	S08427
C08428	S08428
C08429	S08429
C08430	S08430
C08431	S08431
C08432	S08432
C08433	S08433
C08434	S08434
C08435	S08435
C08436	S08436
C08437	S08437
C08438	S08438
C08439	S08439
C08440	S08440
C08441	S08441
C08442	S08442
C08443	S08443
C08444	S08444
C08445	S08445
C08446	S08446
C08447	S08447
C08448	S08448
C08449	S08449
C08450	S08450
C08451	S08451
C08452	S08452
C08453	S08453
C08454	S08454
C08455	S08455
C08456	S08456
C08457	S08457
C08458	S08458
C08459	S08459
C08460	S08460
C08461	S08461
C08462	S08462
C08463	S08463
C08464	S08464
C08465	S08465
C08466	S08466
C08467	S08467
C08468	S08468
C08469	S08469
C08470	S08470
C08471	S08471
C08472	S08472
C08473	S08473
C08474	S08474
C08475	S08475
C08476	S08476
C08477	S08477
C08478	S08478
C08479	S08479
C08480	S08480
C08481	S08481
C08482	S08482
C08483	S08483
C08484	S08484
C08485	S08485
C08486	S08486
C08487	S08487
C08488	S08488
C08489	S08489
C08490	S08490
C08491	S08491
C08492	S08492
C08493	S08493
C08494	S08494
C08495	S08495
C08496	S08496
C08497	S08497
C08498	S08498
C08499	S08499
C08500	S08500
C08501	S08501
C08502	S08502
C08503	S08503
C08504	S08504
C08505	S08505
C08506	S08506
C08507	S08507
C08508	S08508
C08509	S08509
C08510	S08510
C08511	S08511
C08512	S08512
C08513	S08513
C08514	S08514
C08515	S08515
C08516	S08516
C08517	S08517
C08518	S08518
C08519	S08519
C08520	S08520
C08521	S08521
C08522	S08522
C08523	S08523
C08524	S08524
C08525	S08525
C08526	S08526
C08527	S08527
C08528	S08528
C08529	S08529
C08530	S08530
C08531	S08531
C08532	S08532
C08533	S08533
C08534	S08534
C08535	S08535
C08536	S08536
C08537	S08537
C08538	S08538
C08539	S08539
C08540	S08540
C08541	S08541
C08542	S08542
C08543	S08543
C08544	S08544
C08545	S08545
C08546	S08546
C08547	S08547
C08548	S08548
C08549	S08549
C08550	S08550
C08551	S08551
C08552	S08552
C08553	S08553
C08554	S08554
C08555	S08555
C08556	S08556
C08557	S08557
C08558	S08558
C08559	S08559
C08560	S08560
C08561	S08561
C08562	S08562
C08563	S08563
C08564	S08564
C08565	S08565
C08566	S08566
C08567	S08567
C08568	S08568
C08569	S08569
C08570	S08570
C08571	S08571
C08572	S08572
C08573	S08573
C08574	S08574
C08575	S08575
C08576	S08576
C08577	S08577
C08578	S08578
C08579	S08579
C08580	S08580
C08581	S08581
C08582	S08582
C08583	S08583
C08584	S08584
C08585	S08585
C08586	S08586
C08587	S08587
C08588	S08588
C08589	S08589
C08590	S08590
C08591	S08591
C08592	S08592
C08593	S08593
C08594	S08594
C08595	S08595
C08596	S08596
C08597	S08597
C08598	S08598
C08599	S08599
C08600	S08600
C08601	S08601
C08602	S08602
C08603	S08603
C08604	S08604
C08605	S08605
C08606	S08606
C08607	S08607
C08608	S08608
C08609	S08609
C08610	S08610
C08611	S08611
C08612	S08612
C08613	S08613
C08614	S08614
C08615	S08615
C08616	S08616
C08617	S08617
C08618	S08618
C08619	S08619
C08620	S08620
C08621	S08621
C08622	S08622
C08623	S08623
C08624	S08624
C08625	S08625
C08626	S08626
C08627	S08627
C08628	S08628
C08629	S08629
C08630	S08630
C08631	S08631
C08632	S08632
C08633	S08633
C08634	S08634
C08635	S08635
C08636	S08636
C08637	S08637
C08638	S08638
C08639	S08639
C08640	S08640
C08641	S08641
C08642	S08642
C08643	S08643
C08644	S08644
C08645	S08645
C08646	S08646
C08647	S08647
C08648	S08648
C08649	S08649
C08650	S08650
C08651	S08651
C08652	S08652
C08653	S08653
C08654	S08654
C08655	S08655
C08656	S08656
C08657	S08657
C08658	S08658
C08659	S08659
C08660	S08660
C08661	S08661
C08662	S08662
C08663	S08663
C08664	S08664
C08665	S08665
C08666	S08666
C08667	S08667
C08668	S08668
C08669	S08669
C08670	S08670
C08671	S08671
C08672	S08672
C08673	S08673
C08674	S08674
C08675	S08675
C08676	S08676
C08677	S08677
C08678	S08678
C08679	S08679
C08680	S08680
C08681	S08681
C08682	S08682
C08683	S08683
C08684	S08684
C08685	S08685
C08686	S08686
C08687	S08687
C08688	S08688
C08689	S08689
C08690	S08690
C08691	S08691
C08692	S08692
C08693	S08693
C08694	S08694
C08695	S08695
C08696	S08696
C08697	S08697
C08698	S08698
C08699	S08699
C08700	S08700
C08701	S08701
C08702	S08702
C08703	S08703
C08704	S08704
C08705	S08705
C08706	S08706
C08707	S08707
C08708	S08708
C08709	S08709
C08710	S08710
C08711	S08711
C08712	S08712
C08713	S08713
C08714	S08714
C08715	S08715
C08716	S08716
C08717	S08717
C08718	S08718
C08719	S08719
C08720	S08720
C08721	S08721
C08722	S08722
C08723	S08723
C08724	S08724
C08725	S08725
C08726	S08726
C08727	S08727
C08728	S08728
C08729	S08729
C08730	S08730
C08731	S08731
C08732	S08732
C08733	S08733
C08734	S08734
C08735	S08735
C08736	S08736
C08737	S08737
C08738	S08738
C08739	S08739
C08740	S08740
C08741	S08741
C08742	S08742
C08743	S08743
C08744	S08744
C08745	S08745
C08746	S08746
C08747	S08747
C08748	S08748
C08749	S08749
C08750	S08750
C08751	S08751
C08752	S08752
C08753	S08753
C08754	S08754
C08755	S08755
C08756	S08756
C08757	S08757
C08758	S08758
C08759	S08759
C08760	S08760
C08761	S08761
C08762	S08762
C08763	S08763
C08764	S08764
C08765	S08765
C08766	S08766
C08767	S08767
C08768	S08768
C08769	S08769
C08770	S08770
C08771	S08771
C08772	S08772
C08773	S08773
C08774	S08774
C08775	S08775
C08776	S08776
C08777	S08777
C08778	S08778
C08779	S08779
C08780	S08780
C08781	S08781
C08782	S08782
C08783	S08783
C08784	S08784
C08785	S08785
C08786	S08786
C08787	S08787
C08788	S08788
C08789	S08789
C08790	S08790
C08791	S08791
C08792	S08792
C08793	S08793
C08794	S08794
C08795	S08795
C08796	S08796
C08797	S08797
C08798	S08798
C08799	S08799
C08800	S08800
C08801	S08801
C08802	S08802
C08803	S08803
C08804	S08804
C08805	S08805
C08806	S08806
C08807	S08807
C08808	S08808
C08809	S08809
C08810	S08810
C08811	S08811
C08812	S08812
C08813	S08813
C08814	S08814
C08815	S08815
C08816	S08816
C08817	S08817
C08818	S08818
C08819	S08819
C08820	S08820
C08821	S08821
C08822	S08822
C08823	S08823
C08824	S08824
C08825	S08825
C08826	S08826
C08827	S08827
C08828	S08828
C08829	S08829
C08830	S08830
C08831	S08831
C08832	S08832
C08833	S08833
C08834	S08834
C08835	S08835
C08836	S08836
C08837	S08837
C08838	S08838
C08839	S08839
C08840	S08840
C08841	S08841
C08842	S08842
C08843	S08843
C08844	S08844
C08845	S08845
C08846	S08846
C08847	S08847
C08848	S08848
C08849	S08849
C08850	S08850
C08851	S08851
C08852	S08852
C08853	S08853
C08854	S08854
C08855	S08855
C08856	S08856
C08857	S08857
C08858	S08858
C08859	S08859
C08860	S08860
C08861	S08861
C08862	S08862
C08863	S08863
C08864	S08864
C08865	S08865
C08866	S08866
C08867	S08867
C08868	S08868
C08869	S08869
C08870	S08870
C08871	S08871
C08872	S08872
C08873	S08873
C08874	S08874
C08875	S08875
C08876	S08876
C08877	S08877
C08878	S08878
C08879	S08879
C08880	S08880
C08881	S08881
C08882	S08882
C08883	S08883
C08884	S08884
C08885	S08885
C08886	S08886
C08887	S08887
C08888	S08888
C08889	S08889
C08890	S08890
C08891	S08891
C08892	S08892
C08893	S08893
C08894	S08894
C08895	S08895
C08896	S08896
C08897	S08897
C08898	S08898
C08899	S08899
C08900	S08900
C08901	S08901
C08902	S08902
C08903	S08903
C08904	S08904
C08905	S08905
C08906	S08906
C08907	S08907
C08908	S08908
C08909	S08909
C08910	S08910
C08911	S08911
C08912	S08912
C08913	S08913
C08914	S08914
C08915	S08915
C08916	S08916
C08917	S08917
C08918	S08918
C08919	S08919
C08920	S08920
C08921	S08921
C08922	S08922
C08923	S08923
C08924	S08924
C08925	S08925
C08926	S08926
C08927	S08927
C08928	S08928
C08929	S08929
C08930	S08930
C08931	S08931
C08932	S08932
C08933	S08933
C08934	S08934
C08935	S08935
C08936	S08936
C08937	S08937
C08938	S08938
C08939	S08939
C08940	S08940
C08941	S08941
C08942	S08942
C08943	S08943
C08944	S08944
C08945	S08945
C08946	S08946
C08947	S08947
C08948	S08948
C08949	S08949
C08950	S08950
C08951	S08951
C08952	S08952
C08953	S08953
C08954	S08954
C08955	S08955
C08956	S08956
C08957	S08957
C08958	S08958
C08959	S08959
C08960	S08960
C08961	S08961
C08962	S08962
C08963	S08963
C08964	S08964
C08965	S08965
C08966	S08966
C08967	S08967
C08968	S08968
C08969	S08969
C08970	S08970
C08971	S08971
C08972	S08972
C08973	S08973
C08974	S08974
C08975	S08975
C08976	S08976
C08977	S08977
C08978	S08978
C08979	S08979
C08980	S08980
C08981	S08981
C08982	S08982
C08983	S08983
C08984	S08984
C08985	S08985
C08986	S08986
C08987	S08987
C08988	S08988
C08989	S08989
C08990	S08990
C08991	S08991
C08992	S08992
C08993	S08993
C08994	S08994
C08995	S08995
C08996	S08996
C08997	S08997
C08998	S08998
C08999	S08999
C09000	S09000
C09001	S09001
C09002	S09002
C09003	S09003
C09004	S09004
C09005	S09005
C09006	S09006
C09007	S09007
C09008	S09008
C09009	S09009
C09010	S09010
C09011	S09011
C09012	S09012
C09013	S09013
C09014	S09014
C09015	S09015
C09016	S09016
C09017	S09017
C09018	S09018
C09019	S09019
C09020	S09020
C09021	S09021
C09022	S09022
C09023	S09023
C09024	S09024
C09025	S09025
C09026	S09026
C09027	S09027
C09028	S09028
C09029	S09029
C09030	S09030
C09031	S09031
C09032	S09032
C09033	S09033
C09034	S09034
C09035	S09035
C09036	S09036
C09037	S09037
C09038	S09038
C09039	S09039
C09040	S09040
C09041	S09041
C09042	S09042
C09043	S09043
C09044	S09044
C09045	S09045
C09046	S09046
C09047	S09047
C09048	S09048
C09049	S09049
C09050	S09050
C09051	S09051
C09052	S09052
C09053	S09053
C09054	S09054
C09055	S09055
C09056	S09056
C09057	S09057
C09058	S09058
C09059	S09059
C09060	S09060
C09061	S09061
C09062	S09062
C09063	S09063
C09064	S09064
C09065	S09065
C09066	S09066
C09067	S09067
C09068	S09068
C09069	S09069
C09070	S09070
C09071	S09071
C09072	S09072
C09073	S09073
C09074	S09074
C09075	S09075
C09076	S09076
C09077	S09077
C09078	S09078
C09079	S09079
C09080	S09080
C09081	S09081
C09082	S09082
C09083	S09083
C09084	S09084
C09085	S09085
C09086	S09086
C09087	S09087
C09088	S09088
C09089	S09089
C09090	S09090
C09091	S09091
C09092	S09092
C09093	S09093
C09094	S09094
C09095	S09095
C09096	S09096
C09097	S09097
C09098	S09098
C09099	S09099
C09100	S09100
C09101	S09101
C09102	S09102
C09103	S09103
C09104	S09104
C09105	S09105
C09106	S09106
C09107	S09107
C09108	S09108
C09109	S09109
C09110	S09110
C09111	S09111
C09112	S09112
C09113	S09113
C09114	S09114
C09115	S09115
C09116	S09116
C09117	S09117
C09118	S09118
C09119	S09119
C09120	S09120
C09121	S09121
C09122	S09122
C09123	S09123
C09124	S09124
C09125	S09125
C09126	S09126
C09127	S09127
C09128	S09128
C09129	S09129
C09130	S09130
C09131	S09131
C09132	S09132
C09133	S09133
C09134	S09134
C09135	S09135
C09136	S09136
C09137	S09137
C09138	S09138
C09139	S09139
C09140	S09140
C09141	S09141
C09142	S09142
C09143	S09143
C09144	S09144
C09145	S09145
C09146	S09146
C09147	S09147
C09148	S09148
C09149	S09149
C09150	S09150
C09151	S09151
C09152	S09152
C09153	S09153
C09154	S09154
C09155	S09155
C09156	S09156
C09157	S09157
C09158	S09158
C09159	S09159
C09160	S09160
C09161	S09161
C09162	S09162
C09163	S09163
C09164	S09164
C09165	S09165
C09166	S09166
C09167	S09167
C09168	S09168
C09169	S09169
C09170	S09170
C09171	S09171
C09172	S09172
C09173	S09173
C09174	S09174
C09175	S09175
C09176	S09176
C09177	S09177
C09178	S09178
C09179	S09179
C09180	S09180
C09181	S09181
C09182	S09182
C09183	S09183
C09184	S09184
C09185	S09185
C09186	S09186
C09187	S09187
C09188	S09188
C09189	S09189
C09190	S09190
C09191	S09191
C09192	S09192
C09193	S09193
C09194	S09194
C09195	S09195
C09196	S09196
C09197	S09197
C09198	S09198
C09199	S09199
C09200	S09200
C09201	S09201
C09202	S09202
C09203	S09203
C09204	S09204
C09205	S09205
C09206	S09206
C09207	S09207
C09208	S09208
C09209	S09209
C09210	S09210
C09211	S09211
C09212	S09212
C09213	S09213
C09214	S09214
C09215	S09215
C09216	S09216
C09217	S09217
C09218	S09218
C09219	S09219
C09220	S09220
C09221	S09221
C09222	S09222
C09223	S09223
C09224	S09224
C09225	S09225
C09226	S09226
C09227	S09227
C09228	S09228
C09229	S09229
C09230	S09230
C09231	S09231
C09232	S09232
C09233	S09233
C09234	S09234
C09235	S09235
C09236	S09236
C09237	S09237
C09238	S09238
C09239	S09239
C09240	S09240
C09241	S09241
C09242	S09242
C09243	S09243
C09244	S09244
C09245	S09245
C09246	S09246
C09247	S09247
C09248	S09248
C09249	S09249
C09250	S09250
C09251	S09251
C09252	S09252
C09253	S09253
C09254	S09254
C09255	S09255
C09256	S09256
C09257	S09257
C09258	S09258
C09259	S09259
C09260	S09260
C09261	S09261
C09262	S09262
C09263	S09263
C09264	S09264
C09265	S09265
C09266	S09266
C09267	S09267
C09268	S09268
C09269	S09269
C09270	S09270
C09271	S09271
C09272	S09272
C09273	S09273
C09274	S09274
C09275	S09275
C09276	S09276
C09277	S09277
C09278	S09278
C09279	S09279
C09280	S09280
C09281	S09281
C09282	S09282
C09283	S09283
C09284	S09284
C09285	S09285
C09286	S09286
C09287	S09287
C09288	S09288
C09289	S09289
C09290	S09290
C09291	S09291
C09292	S09292
C09293	S09293
C09294	S09294
C09295	S09295
C09296	S09296
C09297	S09297
C09298	S09298
C09299	S09299
C09300	S09300
C09301	S09301
C09302	S09302
C09303	S09303
C09304	S09304
C09305	S09305
C09306	S09306
C09307	S09307
C09308	S09308
C09309	S09309
C09310	S09310
C09311	S09311
C09312	S09312
C09313	S09313
C09314	S09314
C09315	S09315
C09316	S09316
C09317	S09317
C09318	S09318
C09319	S09319
C09320	S09320
C09321	S09321
C09322	S09322
C09323	S09323
C09324	S09324
C09325	S09325
C09326	S09326
C09327	S09327
C09328	S09328
C09329	S09329
C09330	S09330
C09331	S09331
C09332	S09332
C09333	S09333
C09334	S09334
C09335	S09335
C09336	S09336
C09337	S09337
C09338	S09338
C09339	S09339
C09340	S09340
C09341	S09341
C09342	S09342
C09343	S09343
C09344	S09344
C09345	S09345
C09346	S09346
C09347	S09347
C09348	S09348
C09349	S09349
C09350	S09350
C09351	S09351
C09352	S09352
C09353	S09353
C09354	S09354
C09355	S09355
C09356	S09356
C09357	S09357
C09358	S09358
C09359	S09359
C09360	S09360
C09361	S09361
C09362	S09362
C09363	S09363
C09364	S09364
C09365	S09365
C09366	S09366
C09367	S09367
C09368	S09368
C09369	S09369
C09370	S09370
C09371	S09371
C09372	S09372
C09373	S09373
C09374	S09374
C09375	S09375
C09376	S09376
C09377	S09377
C09378	S09378
C09379	S09379
C09380	S09380
C09381	S09381
C09382	S09382
C09383	S09383
C09384	S09384
C09385	S09385
C09386	S09386
C09387	S09387
C09388	S09388
C09389	S09389
C09390	S09390
C09391	S09391
C09392	S09392
C09393	S09393
C09394	S09394
C09395	S09395
C09396	S09396
C09397	S09397
C09398	S09398
C09399	S09399
C09400	S09400
C09401	S09401
C09402	S09402
C09403	S09403
C09404	S09404
C09405	S09405
C09406	S09406
C09407	S09407
C09408	S09408
C09409	S09409
C09410	S09410
C09411	S09411
C09412	S09412
C09413	S09413
C09414	S09414
C09415	S09415
C09416	S09416
C09417	S09417
C09418	S09418
C09419	S09419
C09420	S09420
C09421	S09421
C09422	S09422
C09423	S09423
C09424	S09424
C09425	S09425
C09426	S09426
C09427	S09427
C09428	S09428
C09429	S09429
C09430	S09430
C09431	S09431
C09432	S09432
C09433	S09433
C09434	S09434
C09435	S09435
C09436	S09436
C09437	S09437
C09438	S09438
C09439	S09439
C09440	S09440
C09441	S09441
C09442	S09442
C09443	S09443
C09444	S09444
C09445	S09445
C09446	S09446
C09447	S09447
C09448	S09448
C09449	S09449
C09450	S09450
C09451	S09451
C09452	S09452
C09453	S09453
C09454	S09454
C09455	S09455
C09456	S09456
C09457	S09457
C09458	S09458
C09459	S09459
C09460	S09460
C09461	S09461
C09462	S09462
C09463	S09463
C09464	S09464
C09465	S09465
C09466	S09466
C09467	S09467
C09468	S09468
C09469	S09469
C09470	S09470
C09471	S09471
C09472	S09472
C09473	S09473
C09474	S09474
C09475	S09475
C09476	S09476
C09477	S09477
C09478	S09478
C09479	S09479
C09480	S09480
C09481	S09481
C09482	S09482
C09483	S09483
C09484	S09484
C09485	S09485
C09486	S09486
C09487	S09487
C09488	S09488
C09489	S09489
C09490	S09490
C09491	S09491
C09492	S09492
C09493	S09493
C09494	S09494
C09495	S09495
C09496	S09496
C09497	S09497
C09498	S09498
C09499	S09499
C09500	S09500
C09501	S09501
C09502	S09502
C09503	S09503
C09504	S09504
C09505	S09505
C09506	S09506
C09507	S09507
C09508	S09508
C09509	S09509
C09510	S09510
C09511	S09511
C09512	S09512
C09513	S09513
C09514	S09514
C09515	S09515
C09516	S09516
C09517	S09517
C09518	S09518
C09519	S09519
C09520	S09520
C09521	S09521
C09522	S09522
C09523	S09523
C09524	S09524
C09525	S09525
C09526	S09526
C09527	S09527
C09528	S09528
C09529	S09529
C09530	S09530
C09531	S09531
C09532	S09532
C09533	S09533
C09534	S09534
C09535	S09535
C09536	S09536
C09537	S09537
C09538	S09538
C09539	S09539
C09540	S09540
C09541	S09541
C09542	S09542
C09543	S09543
C09544	S09544
C09545	S09545
C09546	S09546
C09547	S09547
C09548	S09548
C09549	S09549
C09550	S09550
C09551	S09551
C09552	S09552
C09553	S09553
C09554	S09554
C09555	S09555
C09556	S09556
C09557	S09557
C09558	S09558
C09559	S09559
C09560	S09560
C09561	S09561
C09562	S09562
C09563	S09563
C09564	S09564
C09565	S09565
C09566	S09566
C09567	S09567
C09568	S09568
C09569	S09569
C09570	S09570
C09571	S09571
C09572	S09572
C09573	S09573
C09574	S09574
C09575	S09575
C09576	S09576
C09577	S09577
C09578	S09578
C09579	S09579
C09580	S09580
C09581	S09581
C09582	S09582
C09583	S09583
C09584	S09584
C09585	S09585
C09586	S09586
C09587	S09587
C09588	S09588
C09589	S09589
C09590	S09590
C09591	S09591
C09592	S09592
C09593	S09593
C09594	S09594
C09595	S09595
C09596	S09596
C09597	S09597
C09598	S09598
C09599	S09599
C09600	S09600
C09601	S09601
C09602	S09602
C09603	S09603
C09604	S09604
C09605	S09605
C09606	S09606
C09607	S09607
C09608	S09608
C09609	S09609
C09610	S09610
C09611	S09611
C09612	S09612
C09613	S09613
C09614	S09614
C09615	S09615
C09616	S09616
C09617	S09617
C09618	S09618
C09619	S09619
C09620	S09620
C09621	S09621
C09622	S09622
C09623	S09623
C09624	S09624
C09625	S09625
C09626	S09626
C09627	S09627
C09628	S09628
C09629	S09629
C09630	S09630
C09631	S09631
C09632	S09632
C09633	S09633
C09634	S09634
C09635	S09635
C09636	S09636
C09637	S09637
C09638	S09638
C09639	S09639
C09640	S09640
C09641	S09641
C09642	S09642
C09643	S09643
C09644	S09644
C09645	S09645
C09646	S09646
C09647	S09647
C09648	S09648
C09649	S09649
C09650	S09650
C09651	S09651
C09652	S09652
C09653	S09653
C09654	S09654
C09655	S09655
C09656	S09656
C09657	S09657
C09658	S09658
C09659	S09659
C09660	S09660
C09661	S09661
C09662	S09662
C09663	S09663
C09664	S09664
C09665	S09665
C09666	S09666
C09667	S09667
C09668	S09668
C09669	S09669
C09670	S09670
C09671	S09671
C09672	S09672
C09673	S09673
C09674	S09674
C09675	S09675
C09676	S09676
C09677	S09677
C09678	S09678
C09679	S09679
C09680	S09680
C09681	S09681
C09682	S09682
C09683	S09683
C09684	S09684
C09685	S09685
C09686	S09686
C09687	S09687
C09688	S09688
C09689	S09689
C09690	S09690
C09691	S09691
C09692	S09692
C09693	S09693
C09694	S09694
C09695	S09695
C09696	S09696
C09697	S09697
C09698	S09698
C09699	S09699
C09700	S09700
C09701	S09701
C09702	S09702
C09703	S09703
C09704	S09704
C09705	S09705
C09706	S09706
C09707	S09707
C09708	S09708
C09709	S09709
C09710	S09710
C09711	S09711
C09712	S09712
C09713	S09713
C09714	S09714
C09715	S09715
C09716	S09716
C09717	S09717
C09718	S09718
C09719	S09719
C09720	S09720
C09721	S09721
C09722	S09722
C09723	S09723
C09724	S09724
C09725	S09725
C09726	S09726
C09727	S09727
C09728	S09728
C09729	S09729
C09730	S09730
C09731	S09731
C09732	S09732
