cluster_id	sequence_id
C00000	S00000
C00001	S00001
C00001	S03565
C00002	S00002
C00003	S00003
C00004	S00004
C00005	S00005
C00005	S06268
C00006	S00006
C00007	S00007
C00007	S01287
C00008	S00008
C00009	S00009
C00009	S04637
C00010	S00010
C00011	S00011
C00012	S00012
C00013	S00013
C00013	S04948
C00013	S05967
C00014	S00014
C00015	S00015
C00015	S02298
C00016	S00016
C00017	S00017
C00017	S00547
C00017	S00691
C00017	S05876
C00018	S00018
C00019	S00019
C00020	S00020
C00021	S00021
C00022	S00022
C00022	S00034
C00022	S09254
C00023	S00023
C00024	S00024
C00025	S00025
C00026	S00026
C00027	S00027
C00028	S00028
C00029	S00029
C00030	S00030
C00031	S00031
C00032	S00032
C00033	S00033
C00033	S03973
C00033	S04816
C00034	S00035
C00035	S00036
C00036	S00037
C00037	S00038
C00038	S00039
C00038	S03841
C00039	S00040
C00040	S00041
C00041	S00042
C00042	S00043
C00043	S00044
C00044	S00045
C00045	S00046
C00045	S08072
C00046	S00047
C00046	S02878
C00047	S00048
C00048	S00049
C00049	S00050
C00050	S00051
C00051	S00052
C00052	S00053
C00053	S00054
C00054	S00055
C00055	S00056
C00056	S00057
C00057	S00058
C00058	S00059
C00059	S00060
C00060	S00061
C00061	S00062
C00062	S00063
C00063	S00064
C00064	S00065
C00064	S01352
C00065	S00066
C00066	S00067
C00067	S00068
C00068	S00069
C00069	S00070
C00070	S00071
C00071	S00072
C00072	S00073
C00073	S00074
C00074	S00075
C00075	S00076
C00075	S03748
C00075	S06325
C00076	S00077
C00077	S00078
C00078	S00079
C00079	S00080
C00080	S00081
C00081	S00082
C00082	S00083
C00083	S00084
C00084	S00085
C00084	S00886
C00085	S00086
C00086	S00087
C00086	S06719
C00087	S00088
C00087	S03493
C00087	S06161
C00087	S06784
C00087	S07765
C00087	S08979
C00088	S00089
C00089	S00090
C00090	S00091
C00091	S00092
C00092	S00093
C00093	S00094
C00094	S00095
C00095	S00096
C00095	S02539
C00095	S04512
C00095	S05971
C00095	S08436
C00096	S00097
C00096	S00313
C00096	S00553
C00096	S06324
C00096	S07127
C00096	S09630
C00097	S00098
C00097	S06134
C00098	S00099
C00099	S00100
C00100	S00101
C00101	S00102
C00102	S00103
C00103	S00104
C00103	S04025
C00103	S04718
C00104	S00105
C00104	S04173
C00104	S08879
C00105	S00106
C00106	S00107
C00107	S00108
C00108	S00109
C00109	S00110
C00110	S00111
C00111	S00112
C00112	S00113
C00112	S00432
C00112	S02740
C00112	S02817
C00112	S04073
C00112	S04475
C00112	S08775
C00113	S00114
C00114	S00115
C00115	S00116
C00116	S00117
C00117	S00118
C00118	S00119
C00119	S00120
C00120	S00121
C00121	S00122
C00122	S00123
C00123	S00124
C00124	S00125
C00125	S00126
C00125	S09096
C00126	S00127
C00127	S00128
C00128	S00129
C00129	S00130
C00130	S00131
C00131	S00132
C00132	S00133
C00132	S02243
C00132	S09649
C00133	S00134
C00134	S00135
C00135	S00136
C00136	S00137
C00137	S00138
C00138	S00139
C00139	S00140
C00140	S00141
C00141	S00142
C00141	S09609
C00142	S00143
C00143	S00144
C00143	S03615
C00144	S00145
C00145	S00146
C00146	S00147
C00147	S00148
C00148	S00149
C00149	S00150
C00150	S00151
C00151	S00152
C00152	S00153
C00152	S02699
C00152	S03143
C00153	S00154
C00154	S00155
C00155	S00156
C00156	S00157
C00157	S00158
C00158	S00159
C00159	S00160
C00160	S00161
C00161	S00162
C00162	S00163
C00163	S00164
C00164	S00165
C00165	S00166
C00166	S00167
C00167	S00168
C00168	S00169
C00169	S00170
C00170	S00171
C00170	S02463
C00170	S04498
C00170	S07348
C00171	S00172
C00172	S00173
C00172	S01094
C00172	S04817
C00173	S00174
C00173	S02341
C00174	S00175
C00174	S08330
C00175	S00176
C00176	S00177
C00177	S00178
C00178	S00179
C00179	S00180
C00179	S01701
C00179	S04571
C00180	S00181
C00181	S00182
C00182	S00183
C00183	S00184
C00184	S00185
C00185	S00186
C00186	S00187
C00187	S00188
C00188	S00189
C00189	S00190
C00190	S00191
C00191	S00192
C00192	S00193
C00193	S00194
C00194	S00195
C00195	S00196
C00196	S00197
C00197	S00198
C00198	S00199
C00199	S00200
C00200	S00201
C00201	S00202
C00202	S00203
C00203	S00204
C00204	S00205
C00205	S00206
C00206	S00207
C00207	S00208
C00208	S00209
C00209	S00210
C00210	S00211
C00210	S09237
C00211	S00212
C00212	S00213
C00213	S00214
C00214	S00215
C00215	S00216
C00216	S00217
C00217	S00218
C00217	S02020
C00217	S02213
C00217	S03896
C00217	S05635
C00218	S00219
C00219	S00220
C00220	S00221
C00221	S00222
C00222	S00223
C00223	S00224
C00224	S00225
C00225	S00226
C00225	S01096
C00225	S03044
C00225	S05417
C00226	S00227
C00227	S00228
C00228	S00229
C00229	S00230
C00230	S00231
C00231	S00232
C00232	S00233
C00233	S00234
C00233	S09044
C00234	S00235
C00235	S00236
C00236	S00237
C00237	S00238
C00238	S00239
C00239	S00240
C00240	S00241
C00241	S00242
C00242	S00243
C00242	S03919
C00243	S00244
C00244	S00245
C00244	S01269
C00245	S00246
C00246	S00247
C00247	S00248
C00248	S00249
C00249	S00250
C00250	S00251
C00251	S00252
C00252	S00253
C00253	S00254
C00254	S00255
C00255	S00256
C00256	S00257
C00257	S00258
C00258	S00259
C00259	S00260
C00260	S00261
C00261	S00262
C00262	S00263
C00263	S00264
C00264	S00265
C00265	S00266
C00266	S00267
C00267	S00268
C00268	S00269
C00269	S00270
C00270	S00271
C00271	S00272
C00272	S00273
C00273	S00274
C00274	S00275
C00275	S00276
C00275	S08970
C00276	S00277
C00277	S00278
C00277	S03739
C00278	S00279
C00278	S00395
C00278	S01362
C00278	S03950
C00279	S00280
C00280	S00281
C00281	S00282
C00282	S00283
C00283	S00284
C00284	S00285
C00284	S00636
C00285	S00286
C00286	S00287
C00287	S00288
C00288	S00289
C00288	S09151
C00289	S00290
C00290	S00291
C00291	S00292
C00292	S00293
C00293	S00294
C00294	S00295
C00295	S00296
C00296	S00297
C00297	S00298
C00298	S00299
C00299	S00300
C00300	S00301
C00301	S00302
C00301	S04924
C00301	S05846
C00302	S00303
C00302	S08922
C00303	S00304
C00304	S00305
C00305	S00306
C00306	S00307
C00307	S00308
C00307	S08997
C00308	S00309
C00309	S00310
C00310	S00311
C00311	S00312
C00312	S00314
C00313	S00315
C00313	S01120
C00313	S06405
C00314	S00316
C00315	S00317
C00316	S00318
C00317	S00319
C00318	S00320
C00319	S00321
C00320	S00322
C00320	S07686
C00321	S00323
C00322	S00324
C00323	S00325
C00324	S00326
C00325	S00327
C00326	S00328
C00326	S01409
C00327	S00329
C00328	S00330
C00329	S00331
C00330	S00332
C00331	S00333
C00332	S00334
C00333	S00335
C00334	S00336
C00335	S00337
C00336	S00338
C00337	S00339
C00338	S00340
C00339	S00341
C00340	S00342
C00341	S00343
C00342	S00344
C00342	S09166
C00343	S00345
C00343	S02355
C00344	S00346
C00344	S03193
C00344	S03961
C00344	S05047
C00344	S06238
C00344	S06456
C00344	S06671
C00344	S07462
C00344	S08866
C00344	S09404
C00344	S09614
C00345	S00347
C00346	S00348
C00347	S00349
C00348	S00350
C00349	S00351
C00349	S06230
C00349	S06375
C00350	S00352
C00351	S00353
C00352	S00354
C00353	S00355
C00354	S00356
C00355	S00357
C00356	S00358
C00357	S00359
C00358	S00360
C00359	S00361
C00360	S00362
C00361	S00363
C00362	S00364
C00363	S00365
C00364	S00366
C00365	S00367
C00366	S00368
C00367	S00369
C00368	S00370
C00369	S00371
C00370	S00372
C00371	S00373
C00372	S00374
C00373	S00375
C00374	S00376
C00375	S00377
C00376	S00378
C00377	S00379
C00378	S00380
C00379	S00381
C00379	S01980
C00379	S04419
C00380	S00382
C00381	S00383
C00382	S00384
C00383	S00385
C00384	S00386
C00385	S00387
C00385	S02032
C00385	S06428
C00385	S07485
C00385	S09491
C00386	S00388
C00387	S00389
C00387	S02684
C00388	S00390
C00389	S00391
C00390	S00392
C00391	S00393
C00392	S00394
C00393	S00396
C00394	S00397
C00394	S03228
C00395	S00398
C00396	S00399
C00397	S00400
C00398	S00401
C00399	S00402
C00400	S00403
C00401	S00404
C00402	S00405
C00403	S00406
C00404	S00407
C00405	S00408
C00406	S00409
C00407	S00410
C00408	S00411
C00408	S00834
C00409	S00412
C00410	S00413
C00411	S00414
C00412	S00415
C00412	S00925
C00413	S00416
C00414	S00417
C00415	S00418
C00416	S00419
C00417	S00420
C00418	S00421
C00419	S00422
C00420	S00423
C00421	S00424
C00422	S00425
C00423	S00426
C00424	S00427
C00425	S00428
C00426	S00429
C00427	S00430
C00428	S00431
C00428	S01631
C00428	S05359
C00429	S00433
C00430	S00434
C00431	S00435
C00432	S00436
C00433	S00437
C00434	S00438
C00434	S01178
C00434	S02487
C00434	S06562
C00435	S00439
C00435	S02171
C00436	S00440
C00437	S00441
C00438	S00442
C00439	S00443
C00440	S00444
C00441	S00445
C00442	S00446
C00442	S03852
C00442	S09514
C00443	S00447
C00444	S00448
C00445	S00449
C00446	S00450
C00447	S00451
C00448	S00452
C00449	S00453
C00450	S00454
C00451	S00455
C00452	S00456
C00453	S00457
C00454	S00458
C00454	S06114
C00455	S00459
C00456	S00460
C00456	S01289
C00457	S00461
C00458	S00462
C00458	S07049
C00459	S00463
C00460	S00464
C00461	S00465
C00462	S00466
C00463	S00467
C00464	S00468
C00465	S00469
C00466	S00470
C00467	S00471
C00468	S00472
C00469	S00473
C00470	S00474
C00471	S00475
C00472	S00476
C00473	S00477
C00474	S00478
C00475	S00479
C00475	S02086
C00475	S05125
C00476	S00480
C00477	S00481
C00477	S02048
C00478	S00482
C00479	S00483
C00480	S00484
C00481	S00485
C00482	S00486
C00483	S00487
C00484	S00488
C00485	S00489
C00486	S00490
C00487	S00491
C00488	S00492
C00489	S00493
C00490	S00494
C00491	S00495
C00492	S00496
C00493	S00497
C00494	S00498
C00494	S06711
C00495	S00499
C00496	S00500
C00497	S00501
C00498	S00502
C00499	S00503
C00500	S00504
C00501	S00505
C00501	S09716
C00502	S00506
C00503	S00507
C00504	S00508
C00505	S00509
C00506	S00510
C00507	S00511
C00508	S00512
C00508	S01225
C00509	S00513
C00510	S00514
C00511	S00515
C00512	S00516
C00513	S00517
C00514	S00518
C00515	S00519
C00516	S00520
C00517	S00521
C00518	S00522
C00519	S00523
C00520	S00524
C00521	S00525
C00522	S00526
C00523	S00527
C00524	S00528
C00524	S02350
C00524	S07186
C00524	S07625
C00525	S00529
C00526	S00530
C00527	S00531
C00528	S00532
C00528	S00799
C00528	S02238
C00528	S06071
C00528	S07284
C00528	S08549
C00528	S08771
C00529	S00533
C00530	S00534
C00531	S00535
C00531	S00715
C00531	S05048
C00531	S08424
C00532	S00536
C00532	S07715
C00533	S00537
C00534	S00538
C00535	S00539
C00536	S00540
C00537	S00541
C00538	S00542
C00539	S00543
C00539	S02827
C00540	S00544
C00541	S00545
C00542	S00546
C00543	S00548
C00543	S08087
C00544	S00549
C00545	S00550
C00546	S00551
C00547	S00552
C00547	S09611
C00548	S00554
C00548	S06676
C00549	S00555
C00550	S00556
C00551	S00557
C00552	S00558
C00552	S05432
C00553	S00559
C00554	S00560
C00555	S00561
C00556	S00562
C00557	S00563
C00558	S00564
C00559	S00565
C00559	S02999
C00559	S06471
C00560	S00566
C00561	S00567
C00562	S00568
C00563	S00569
C00564	S00570
C00565	S00571
C00566	S00572
C00567	S00573
C00568	S00574
C00569	S00575
C00570	S00576
C00571	S00577
C00571	S09587
C00572	S00578
C00573	S00579
C00574	S00580
C00575	S00581
C00575	S01983
C00576	S00582
C00577	S00583
C00578	S00584
C00579	S00585
C00580	S00586
C00581	S00587
C00582	S00588
C00583	S00589
C00584	S00590
C00585	S00591
C00586	S00592
C00587	S00593
C00588	S00594
C00589	S00595
C00590	S00596
C00591	S00597
C00592	S00598
C00593	S00599
C00594	S00600
C00595	S00601
C00596	S00602
C00597	S00603
C00598	S00604
C00599	S00605
C00600	S00606
C00601	S00607
C00602	S00608
C00603	S00609
C00604	S00610
C00604	S08630
C00605	S00611
C00606	S00612
C00607	S00613
C00608	S00614
C00609	S00615
C00610	S00616
C00611	S00617
C00612	S00618
C00613	S00619
C00614	S00620
C00615	S00621
C00616	S00622
C00617	S00623
C00618	S00624
C00619	S00625
C00620	S00626
C00620	S03165
C00620	S03715
C00620	S05514
C00620	S08135
C00621	S00627
C00622	S00628
C00623	S00629
C00623	S01048
C00624	S00630
C00625	S00631
C00626	S00632
C00627	S00633
C00628	S00634
C00629	S00635
C00630	S00637
C00631	S00638
C00632	S00639
C00633	S00640
C00634	S00641
C00635	S00642
C00636	S00643
C00637	S00644
C00638	S00645
C00639	S00646
C00640	S00647
C00641	S00648
C00642	S00649
C00643	S00650
C00644	S00651
C00645	S00652
C00645	S01152
C00646	S00653
C00647	S00654
C00648	S00655
C00649	S00656
C00650	S00657
C00651	S00658
C00652	S00659
C00653	S00660
C00654	S00661
C00655	S00662
C00656	S00663
C00657	S00664
C00657	S00725
C00657	S04207
C00658	S00665
C00659	S00666
C00660	S00667
C00661	S00668
C00661	S02523
C00661	S02850
C00661	S03991
C00662	S00669
C00663	S00670
C00664	S00671
C00665	S00672
C00666	S00673
C00667	S00674
C00668	S00675
C00669	S00676
C00670	S00677
C00671	S00678
C00672	S00679
C00673	S00680
C00674	S00681
C00675	S00682
C00676	S00683
C00677	S00684
C00678	S00685
C00678	S04043
C00678	S05283
C00678	S05944
C00679	S00686
C00679	S02467
C00679	S08959
C00680	S00687
C00681	S00688
C00682	S00689
C00683	S00690
C00684	S00692
C00685	S00693
C00686	S00694
C00687	S00695
C00688	S00696
C00689	S00697
C00690	S00698
C00691	S00699
C00691	S06519
C00692	S00700
C00693	S00701
C00694	S00702
C00695	S00703
C00696	S00704
C00697	S00705
C00698	S00706
C00699	S00707
C00700	S00708
C00701	S00709
C00702	S00710
C00703	S00711
C00704	S00712
C00705	S00713
C00705	S04890
C00706	S00714
C00706	S08972
C00707	S00716
C00708	S00717
C00709	S00718
C00710	S00719
C00711	S00720
C00711	S07922
C00712	S00721
C00713	S00722
C00714	S00723
C00715	S00724
C00716	S00726
C00717	S00727
C00718	S00728
C00718	S03778
C00718	S04791
C00719	S00729
C00720	S00730
C00721	S00731
C00722	S00732
C00723	S00733
C00723	S03381
C00724	S00734
C00725	S00735
C00726	S00736
C00727	S00737
C00728	S00738
C00729	S00739
C00730	S00740
C00731	S00741
C00732	S00742
C00733	S00743
C00733	S05054
C00733	S08031
C00733	S08377
C00733	S08381
C00734	S00744
C00735	S00745
C00736	S00746
C00737	S00747
C00738	S00748
C00739	S00749
C00740	S00750
C00741	S00751
C00742	S00752
C00743	S00753
C00744	S00754
C00744	S07581
C00745	S00755
C00746	S00756
C00747	S00757
C00748	S00758
C00749	S00759
C00750	S00760
C00751	S00761
C00752	S00762
C00753	S00763
C00753	S00981
C00753	S01529
C00754	S00764
C00755	S00765
C00756	S00766
C00757	S00767
C00757	S01719
C00757	S04403
C00758	S00768
C00759	S00769
C00760	S00770
C00761	S00771
C00762	S00772
C00763	S00773
C00764	S00774
C00765	S00775
C00766	S00776
C00767	S00777
C00768	S00778
C00769	S00779
C00770	S00780
C00771	S00781
C00772	S00782
C00773	S00783
C00774	S00784
C00775	S00785
C00776	S00786
C00777	S00787
C00778	S00788
C00779	S00789
C00780	S00790
C00780	S02395
C00781	S00791
C00781	S03858
C00781	S04846
C00781	S07720
C00782	S00792
C00783	S00793
C00784	S00794
C00784	S03723
C00785	S00795
C00786	S00796
C00787	S00797
C00787	S08600
C00788	S00798
C00789	S00800
C00790	S00801
C00791	S00802
C00792	S00803
C00793	S00804
C00794	S00805
C00795	S00806
C00796	S00807
C00797	S00808
C00798	S00809
C00799	S00810
C00800	S00811
C00801	S00812
C00802	S00813
C00803	S00814
C00804	S00815
C00805	S00816
C00806	S00817
C00807	S00818
C00808	S00819
C00809	S00820
C00810	S00821
C00811	S00822
C00812	S00823
C00813	S00824
C00814	S00825
C00815	S00826
C00815	S03060
C00816	S00827
C00817	S00828
C00817	S07992
C00818	S00829
C00819	S00830
C00820	S00831
C00821	S00832
C00822	S00833
C00823	S00835
C00824	S00836
C00825	S00837
C00826	S00838
C00827	S00839
C00828	S00840
C00829	S00841
C00830	S00842
C00831	S00843
C00832	S00844
C00833	S00845
C00834	S00846
C00835	S00847
C00835	S02287
C00836	S00848
C00836	S01684
C00836	S02872
C00836	S03666
C00836	S06270
C00837	S00849
C00838	S00850
C00839	S00851
C00840	S00852
C00841	S00853
C00842	S00854
C00843	S00855
C00844	S00856
C00845	S00857
C00845	S03195
C00846	S00858
C00847	S00859
C00848	S00860
C00849	S00861
C00850	S00862
C00851	S00863
C00852	S00864
C00853	S00865
C00854	S00866
C00855	S00867
C00856	S00868
C00857	S00869
C00858	S00870
C00859	S00871
C00860	S00872
C00861	S00873
C00862	S00874
C00863	S00875
C00864	S00876
C00865	S00877
C00866	S00878
C00867	S00879
C00868	S00880
C00869	S00881
C00870	S00882
C00871	S00883
C00872	S00884
C00873	S00885
C00874	S00887
C00875	S00888
C00876	S00889
C00877	S00890
C00878	S00891
C00879	S00892
C00880	S00893
C00881	S00894
C00882	S00895
C00883	S00896
C00884	S00897
C00884	S09722
C00885	S00898
C00886	S00899
C00887	S00900
C00888	S00901
C00888	S09594
C00889	S00902
C00889	S08363
C00890	S00903
C00891	S00904
C00892	S00905
C00893	S00906
C00894	S00907
C00895	S00908
C00896	S00909
C00897	S00910
C00898	S00911
C00899	S00912
C00900	S00913
C00901	S00914
C00902	S00915
C00903	S00916
C00904	S00917
C00905	S00918
C00906	S00919
C00907	S00920
C00908	S00921
C00909	S00922
C00910	S00923
C00911	S00924
C00912	S00926
C00912	S09054
C00913	S00927
C00914	S00928
C00915	S00929
C00915	S07935
C00916	S00930
C00917	S00931
C00918	S00932
C00919	S00933
C00920	S00934
C00920	S01350
C00921	S00935
C00921	S06963
C00922	S00936
C00923	S00937
C00924	S00938
C00925	S00939
C00926	S00940
C00927	S00941
C00928	S00942
C00929	S00943
C00930	S00944
C00931	S00945
C00932	S00946
C00932	S01006
C00933	S00947
C00934	S00948
C00935	S00949
C00936	S00950
C00937	S00951
C00938	S00952
C00938	S03529
C00939	S00953
C00940	S00954
C00941	S00955
C00942	S00956
C00943	S00957
C00944	S00958
C00945	S00959
C00946	S00960
C00947	S00961
C00948	S00962
C00949	S00963
C00950	S00964
C00950	S01489
C00950	S01791
C00950	S07093
C00951	S00965
C00952	S00966
C00953	S00967
C00954	S00968
C00954	S09212
C00955	S00969
C00956	S00970
C00956	S08570
C00957	S00971
C00958	S00972
C00959	S00973
C00960	S00974
C00961	S00975
C00962	S00976
C00963	S00977
C00964	S00978
C00965	S00979
C00966	S00980
C00967	S00982
C00968	S00983
C00968	S08617
C00969	S00984
C00970	S00985
C00971	S00986
C00972	S00987
C00973	S00988
C00974	S00989
C00975	S00990
C00976	S00991
C00977	S00992
C00978	S00993
C00979	S00994
C00980	S00995
C00981	S00996
C00982	S00997
C00983	S00998
C00984	S00999
C00985	S01000
C00985	S05444
C00986	S01001
C00987	S01002
C00988	S01003
C00989	S01004
C00990	S01005
C00991	S01007
C00992	S01008
C00993	S01009
C00994	S01010
C00995	S01011
C00996	S01012
C00997	S01013
C00998	S01014
C00999	S01015
C01000	S01016
C01001	S01017
C01002	S01018
C01003	S01019
C01004	S01020
C01005	S01021
C01006	S01022
C01007	S01023
C01008	S01024
C01008	S02196
C01008	S05116
C01008	S07463
C01009	S01025
C01010	S01026
C01011	S01027
C01011	S01966
C01011	S02066
C01011	S04719
C01011	S04793
C01011	S06008
C01011	S07870
C01011	S09030
C01012	S01028
C01013	S01029
C01014	S01030
C01015	S01031
C01016	S01032
C01017	S01033
C01018	S01034
C01019	S01035
C01020	S01036
C01020	S07591
C01021	S01037
C01022	S01038
C01022	S07540
C01023	S01039
C01024	S01040
C01025	S01041
C01026	S01042
C01027	S01043
C01028	S01044
C01029	S01045
C01030	S01046
C01031	S01047
C01032	S01049
C01033	S01050
C01034	S01051
C01035	S01052
C01036	S01053
C01037	S01054
C01038	S01055
C01039	S01056
C01040	S01057
C01041	S01058
C01042	S01059
C01043	S01060
C01044	S01061
C01044	S03750
C01045	S01062
C01046	S01063
C01047	S01064
C01048	S01065
C01049	S01066
C01049	S06467
C01050	S01067
C01051	S01068
C01052	S01069
C01053	S01070
C01054	S01071
C01054	S03327
C01055	S01072
C01056	S01073
C01057	S01074
C01058	S01075
C01059	S01076
C01059	S08295
C01060	S01077
C01061	S01078
C01062	S01079
C01063	S01080
C01064	S01081
C01065	S01082
C01065	S07376
C01066	S01083
C01067	S01084
C01068	S01085
C01069	S01086
C01070	S01087
C01071	S01088
C01072	S01089
C01073	S01090
C01074	S01091
C01075	S01092
C01076	S01093
C01076	S04047
C01076	S05376
C01076	S08871
C01076	S09380
C01077	S01095
C01078	S01097
C01079	S01098
C01080	S01099
C01081	S01100
C01082	S01101
C01083	S01102
C01084	S01103
C01085	S01104
C01086	S01105
C01087	S01106
C01088	S01107
C01089	S01108
C01090	S01109
C01091	S01110
C01092	S01111
C01093	S01112
C01093	S03346
C01094	S01113
C01095	S01114
C01096	S01115
C01097	S01116
C01098	S01117
C01099	S01118
C01100	S01119
C01101	S01121
C01102	S01122
C01102	S04041
C01103	S01123
C01104	S01124
C01105	S01125
C01106	S01126
C01107	S01127
C01108	S01128
C01109	S01129
C01110	S01130
C01110	S03114
C01110	S07444
C01111	S01131
C01112	S01132
C01113	S01133
C01114	S01134
C01115	S01135
C01116	S01136
C01117	S01137
C01118	S01138
C01118	S01159
C01119	S01139
C01120	S01140
C01121	S01141
C01122	S01142
C01123	S01143
C01124	S01144
C01125	S01145
C01126	S01146
C01127	S01147
C01128	S01148
C01129	S01149
C01130	S01150
C01131	S01151
C01132	S01153
C01133	S01154
C01133	S04893
C01134	S01155
C01135	S01156
C01136	S01157
C01137	S01158
C01138	S01160
C01139	S01161
C01140	S01162
C01140	S02076
C01141	S01163
C01142	S01164
C01143	S01165
C01143	S07946
C01144	S01166
C01145	S01167
C01146	S01168
C01147	S01169
C01148	S01170
C01149	S01171
C01150	S01172
C01151	S01173
C01152	S01174
C01153	S01175
C01154	S01176
C01155	S01177
C01156	S01179
C01156	S06757
C01156	S07538
C01157	S01180
C01158	S01181
C01159	S01182
C01160	S01183
C01161	S01184
C01162	S01185
C01163	S01186
C01163	S09728
C01164	S01187
C01165	S01188
C01165	S03074
C01166	S01189
C01166	S04134
C01167	S01190
C01168	S01191
C01169	S01192
C01170	S01193
C01171	S01194
C01172	S01195
C01173	S01196
C01174	S01197
C01175	S01198
C01176	S01199
C01177	S01200
C01178	S01201
C01179	S01202
C01180	S01203
C01181	S01204
C01182	S01205
C01183	S01206
C01184	S01207
C01185	S01208
C01186	S01209
C01187	S01210
C01188	S01211
C01189	S01212
C01190	S01213
C01191	S01214
C01192	S01215
C01193	S01216
C01194	S01217
C01195	S01218
C01196	S01219
C01197	S01220
C01197	S01420
C01197	S06745
C01197	S09000
C01198	S01221
C01199	S01222
C01199	S01313
C01200	S01223
C01201	S01224
C01202	S01226
C01203	S01227
C01204	S01228
C01205	S01229
C01206	S01230
C01207	S01231
C01207	S03566
C01208	S01232
C01209	S01233
C01210	S01234
C01211	S01235
C01211	S09680
C01212	S01236
C01213	S01237
C01214	S01238
C01214	S07635
C01215	S01239
C01216	S01240
C01217	S01241
C01218	S01242
C01219	S01243
C01220	S01244
C01221	S01245
C01222	S01246
C01223	S01247
C01224	S01248
C01225	S01249
C01226	S01250
C01227	S01251
C01228	S01252
C01229	S01253
C01230	S01254
C01231	S01255
C01232	S01256
C01232	S06259
C01233	S01257
C01233	S02455
C01234	S01258
C01235	S01259
C01236	S01260
C01237	S01261
C01238	S01262
C01239	S01263
C01240	S01264
C01241	S01265
C01242	S01266
C01243	S01267
C01244	S01268
C01245	S01270
C01246	S01271
C01247	S01272
C01248	S01273
C01249	S01274
C01250	S01275
C01251	S01276
C01252	S01277
C01253	S01278
C01254	S01279
C01254	S04990
C01255	S01280
C01256	S01281
C01257	S01282
C01257	S02800
C01258	S01283
C01259	S01284
C01260	S01285
C01261	S01286
C01261	S03577
C01262	S01288
C01263	S01290
C01264	S01291
C01265	S01292
C01266	S01293
C01267	S01294
C01268	S01295
C01269	S01296
C01270	S01297
C01271	S01298
C01272	S01299
C01273	S01300
C01274	S01301
C01275	S01302
C01275	S01646
C01275	S01781
C01275	S07504
C01276	S01303
C01277	S01304
C01278	S01305
C01279	S01306
C01280	S01307
C01281	S01308
C01282	S01309
C01283	S01310
C01284	S01311
C01285	S01312
C01286	S01314
C01287	S01315
C01288	S01316
C01289	S01317
C01290	S01318
C01291	S01319
C01292	S01320
C01293	S01321
C01294	S01322
C01294	S03372
C01295	S01323
C01296	S01324
C01297	S01325
C01297	S09363
C01298	S01326
C01299	S01327
C01300	S01328
C01301	S01329
C01302	S01330
C01303	S01331
C01303	S05449
C01304	S01332
C01305	S01333
C01306	S01334
C01307	S01335
C01308	S01336
C01309	S01337
C01309	S05959
C01310	S01338
C01311	S01339
C01311	S05247
C01312	S01340
C01313	S01341
C01314	S01342
C01315	S01343
C01316	S01344
C01317	S01345
C01318	S01346
C01319	S01347
C01320	S01348
C01321	S01349
C01322	S01351
C01323	S01353
C01324	S01354
C01325	S01355
C01326	S01356
C01327	S01357
C01327	S03945
C01328	S01358
C01328	S04554
C01329	S01359
C01330	S01360
C01331	S01361
C01332	S01363
C01333	S01364
C01333	S08704
C01334	S01365
C01335	S01366
C01336	S01367
C01336	S03536
C01337	S01368
C01338	S01369
C01339	S01370
C01339	S03314
C01339	S04465
C01340	S01371
C01341	S01372
C01342	S01373
C01343	S01374
C01344	S01375
C01345	S01376
C01346	S01377
C01347	S01378
C01347	S03907
C01348	S01379
C01348	S01754
C01348	S04210
C01348	S04281
C01348	S04851
C01348	S07641
C01349	S01380
C01349	S07886
C01350	S01381
C01351	S01382
C01352	S01383
C01353	S01384
C01354	S01385
C01355	S01386
C01356	S01387
C01357	S01388
C01358	S01389
C01359	S01390
C01360	S01391
C01361	S01392
C01362	S01393
C01363	S01394
C01364	S01395
C01365	S01396
C01366	S01397
C01367	S01398
C01367	S07472
C01368	S01399
C01369	S01400
C01369	S07027
C01369	S08479
C01370	S01401
C01371	S01402
C01372	S01403
C01373	S01404
C01374	S01405
C01375	S01406
C01376	S01407
C01377	S01408
C01377	S04421
C01378	S01410
C01379	S01411
C01380	S01412
C01380	S05229
C01381	S01413
C01382	S01414
C01383	S01415
C01384	S01416
C01385	S01417
C01386	S01418
C01387	S01419
C01388	S01421
C01389	S01422
C01390	S01423
C01391	S01424
C01392	S01425
C01393	S01426
C01394	S01427
C01395	S01428
C01396	S01429
C01397	S01430
C01398	S01431
C01399	S01432
C01400	S01433
C01401	S01434
C01401	S02535
C01402	S01435
C01403	S01436
C01404	S01437
C01404	S07798
C01405	S01438
C01406	S01439
C01407	S01440
C01408	S01441
C01409	S01442
C01410	S01443
C01411	S01444
C01412	S01445
C01413	S01446
C01413	S07502
C01414	S01447
C01415	S01448
C01416	S01449
C01417	S01450
C01418	S01451
C01419	S01452
C01419	S04172
C01420	S01453
C01420	S06715
C01421	S01454
C01422	S01455
C01423	S01456
C01424	S01457
C01425	S01458
C01426	S01459
C01427	S01460
C01428	S01461
C01429	S01462
C01430	S01463
C01431	S01464
C01431	S04407
C01431	S04448
C01432	S01465
C01433	S01466
C01433	S01945
C01434	S01467
C01435	S01468
C01436	S01469
C01437	S01470
C01438	S01471
C01439	S01472
C01440	S01473
C01441	S01474
C01442	S01475
C01443	S01476
C01444	S01477
C01445	S01478
C01446	S01479
C01447	S01480
C01448	S01481
C01449	S01482
C01450	S01483
C01451	S01484
C01452	S01485
C01453	S01486
C01454	S01487
C01455	S01488
C01456	S01490
C01457	S01491
C01458	S01492
C01458	S06593
C01459	S01493
C01460	S01494
C01461	S01495
C01462	S01496
C01463	S01497
C01464	S01498
C01465	S01499
C01466	S01500
C01467	S01501
C01468	S01502
C01469	S01503
C01470	S01504
C01471	S01505
C01472	S01506
C01473	S01507
C01474	S01508
C01475	S01509
C01476	S01510
C01477	S01511
C01478	S01512
C01479	S01513
C01480	S01514
C01480	S07876
C01481	S01515
C01482	S01516
C01483	S01517
C01484	S01518
C01485	S01519
C01486	S01520
C01487	S01521
C01488	S01522
C01489	S01523
C01489	S04999
C01490	S01524
C01491	S01525
C01492	S01526
C01493	S01527
C01494	S01528
C01495	S01530
C01496	S01531
C01497	S01532
C01498	S01533
C01499	S01534
C01500	S01535
C01501	S01536
C01501	S03352
C01502	S01537
C01503	S01538
C01504	S01539
C01504	S01734
C01505	S01540
C01506	S01541
C01507	S01542
C01508	S01543
C01509	S01544
C01510	S01545
C01511	S01546
C01512	S01547
C01513	S01548
C01514	S01549
C01515	S01550
C01516	S01551
C01517	S01552
C01518	S01553
C01519	S01554
C01520	S01555
C01521	S01556
C01522	S01557
C01523	S01558
C01524	S01559
C01525	S01560
C01525	S07063
C01526	S01561
C01527	S01562
C01528	S01563
C01529	S01564
C01530	S01565
C01531	S01566
C01532	S01567
C01533	S01568
C01534	S01569
C01535	S01570
C01536	S01571
C01537	S01572
C01537	S07516
C01537	S08326
C01538	S01573
C01539	S01574
C01540	S01575
C01541	S01576
C01542	S01577
C01543	S01578
C01544	S01579
C01545	S01580
C01546	S01581
C01547	S01582
C01547	S01676
C01548	S01583
C01549	S01584
C01550	S01585
C01551	S01586
C01551	S03704
C01552	S01587
C01553	S01588
C01554	S01589
C01555	S01590
C01556	S01591
C01557	S01592
C01558	S01593
C01559	S01594
C01560	S01595
C01561	S01596
C01562	S01597
C01563	S01598
C01564	S01599
C01565	S01600
C01566	S01601
C01567	S01602
C01568	S01603
C01569	S01604
C01570	S01605
C01571	S01606
C01572	S01607
C01573	S01608
C01574	S01609
C01575	S01610
C01576	S01611
C01577	S01612
C01578	S01613
C01578	S05294
C01579	S01614
C01580	S01615
C01581	S01616
C01582	S01617
C01582	S02037
C01582	S06718
C01583	S01618
C01584	S01619
C01585	S01620
C01586	S01621
C01587	S01622
C01588	S01623
C01589	S01624
C01590	S01625
C01591	S01626
C01592	S01627
C01593	S01628
C01594	S01629
C01595	S01630
C01596	S01632
C01596	S05808
C01597	S01633
C01598	S01634
C01599	S01635
C01600	S01636
C01601	S01637
C01602	S01638
C01603	S01639
C01604	S01640
C01605	S01641
C01606	S01642
C01607	S01643
C01608	S01644
C01609	S01645
C01610	S01647
C01611	S01648
C01612	S01649
C01613	S01650
C01614	S01651
C01615	S01652
C01616	S01653
C01617	S01654
C01617	S03300
C01617	S04338
C01617	S06200
C01618	S01655
C01619	S01656
C01620	S01657
C01621	S01658
C01622	S01659
C01623	S01660
C01624	S01661
C01625	S01662
C01626	S01663
C01626	S05324
C01627	S01664
C01628	S01665
C01629	S01666
C01630	S01667
C01631	S01668
C01632	S01669
C01633	S01670
C01634	S01671
C01635	S01672
C01636	S01673
C01637	S01674
C01638	S01675
C01639	S01677
C01640	S01678
C01641	S01679
C01642	S01680
C01642	S08401
C01643	S01681
C01644	S01682
C01644	S08370
C01645	S01683
C01646	S01685
C01647	S01686
C01648	S01687
C01648	S02074
C01648	S02276
C01648	S06723
C01649	S01688
C01650	S01689
C01651	S01690
C01652	S01691
C01652	S02177
C01653	S01692
C01654	S01693
C01655	S01694
C01656	S01695
C01657	S01696
C01658	S01697
C01659	S01698
C01660	S01699
C01661	S01700
C01662	S01702
C01663	S01703
C01664	S01704
C01665	S01705
C01666	S01706
C01667	S01707
C01668	S01708
C01669	S01709
C01670	S01710
C01671	S01711
C01672	S01712
C01673	S01713
C01674	S01714
C01675	S01715
C01676	S01716
C01677	S01717
C01678	S01718
C01679	S01720
C01680	S01721
C01681	S01722
C01682	S01723
C01683	S01724
C01684	S01725
C01685	S01726
C01686	S01727
C01687	S01728
C01688	S01729
C01689	S01730
C01690	S01731
C01691	S01732
C01692	S01733
C01693	S01735
C01694	S01736
C01694	S04487
C01695	S01737
C01696	S01738
C01697	S01739
C01698	S01740
C01699	S01741
C01700	S01742
C01701	S01743
C01702	S01744
C01703	S01745
C01704	S01746
C01705	S01747
C01706	S01748
C01706	S09270
C01707	S01749
C01708	S01750
C01709	S01751
C01710	S01752
C01711	S01753
C01712	S01755
C01713	S01756
C01714	S01757
C01715	S01758
C01716	S01759
C01717	S01760
C01718	S01761
C01719	S01762
C01719	S02204
C01720	S01763
C01721	S01764
C01722	S01765
C01723	S01766
C01724	S01767
C01725	S01768
C01726	S01769
C01726	S05119
C01727	S01770
C01728	S01771
C01729	S01772
C01730	S01773
C01731	S01774
C01732	S01775
C01733	S01776
C01734	S01777
C01735	S01778
C01736	S01779
C01737	S01780
C01738	S01782
C01739	S01783
C01740	S01784
C01741	S01785
C01742	S01786
C01743	S01787
C01743	S04879
C01744	S01788
C01745	S01789
C01746	S01790
C01747	S01792
C01748	S01793
C01749	S01794
C01750	S01795
C01751	S01796
C01751	S07681
C01752	S01797
C01753	S01798
C01754	S01799
C01755	S01800
C01756	S01801
C01757	S01802
C01758	S01803
C01759	S01804
C01760	S01805
C01760	S08310
C01761	S01806
C01762	S01807
C01763	S01808
C01764	S01809
C01765	S01810
C01766	S01811
C01767	S01812
C01768	S01813
C01769	S01814
C01770	S01815
C01771	S01816
C01772	S01817
C01772	S05278
C01773	S01818
C01774	S01819
C01775	S01820
C01776	S01821
C01777	S01822
C01778	S01823
C01778	S02785
C01778	S06228
C01779	S01824
C01780	S01825
C01781	S01826
C01782	S01827
C01783	S01828
C01784	S01829
C01785	S01830
C01786	S01831
C01786	S05647
C01787	S01832
C01788	S01833
C01789	S01834
C01790	S01835
C01791	S01836
C01792	S01837
C01793	S01838
C01794	S01839
C01795	S01840
C01796	S01841
C01797	S01842
C01798	S01843
C01799	S01844
C01800	S01845
C01801	S01846
C01802	S01847
C01803	S01848
C01804	S01849
C01805	S01850
C01805	S03667
C01805	S07157
C01806	S01851
C01807	S01852
C01807	S02244
C01808	S01853
C01809	S01854
C01810	S01855
C01811	S01856
C01812	S01857
C01813	S01858
C01814	S01859
C01815	S01860
C01815	S07759
C01816	S01861
C01817	S01862
C01818	S01863
C01818	S02284
C01818	S05855
C01818	S06697
C01819	S01864
C01820	S01865
C01821	S01866
C01822	S01867
C01823	S01868
C01824	S01869
C01825	S01870
C01826	S01871
C01827	S01872
C01828	S01873
C01829	S01874
C01830	S01875
C01831	S01876
C01832	S01877
C01833	S01878
C01834	S01879
C01835	S01880
C01836	S01881
C01837	S01882
C01838	S01883
C01839	S01884
C01840	S01885
C01841	S01886
C01842	S01887
C01843	S01888
C01844	S01889
C01845	S01890
C01846	S01891
C01847	S01892
C01848	S01893
C01849	S01894
C01850	S01895
C01851	S01896
C01852	S01897
C01853	S01898
C01854	S01899
C01855	S01900
C01855	S04039
C01856	S01901
C01857	S01902
C01858	S01903
C01859	S01904
C01860	S01905
C01861	S01906
C01862	S01907
C01863	S01908
C01864	S01909
C01865	S01910
C01866	S01911
C01867	S01912
C01868	S01913
C01869	S01914
C01870	S01915
C01871	S01916
C01872	S01917
C01873	S01918
C01874	S01919
C01875	S01920
C01875	S04379
C01876	S01921
C01877	S01922
C01878	S01923
C01879	S01924
C01880	S01925
C01881	S01926
C01882	S01927
C01883	S01928
C01884	S01929
C01885	S01930
C01886	S01931
C01887	S01932
C01888	S01933
C01889	S01934
C01890	S01935
C01891	S01936
C01892	S01937
C01893	S01938
C01894	S01939
C01895	S01940
C01896	S01941
C01897	S01942
C01898	S01943
C01899	S01944
C01900	S01946
C01901	S01947
C01902	S01948
C01902	S09595
C01903	S01949
C01904	S01950
C01905	S01951
C01906	S01952
C01907	S01953
C01908	S01954
C01909	S01955
C01910	S01956
C01911	S01957
C01912	S01958
C01913	S01959
C01914	S01960
C01915	S01961
C01916	S01962
C01917	S01963
C01918	S01964
C01919	S01965
C01920	S01967
C01921	S01968
C01922	S01969
C01923	S01970
C01923	S03767
C01924	S01971
C01925	S01972
C01926	S01973
C01927	S01974
C01928	S01975
C01929	S01976
C01930	S01977
C01931	S01978
C01932	S01979
C01933	S01981
C01933	S07098
C01934	S01982
C01935	S01984
C01936	S01985
C01937	S01986
C01938	S01987
C01939	S01988
C01940	S01989
C01941	S01990
C01942	S01991
C01943	S01992
C01944	S01993
C01945	S01994
C01946	S01995
C01946	S04229
C01947	S01996
C01948	S01997
C01949	S01998
C01950	S01999
C01951	S02000
C01952	S02001
C01953	S02002
C01954	S02003
C01955	S02004
C01955	S02898
C01955	S06011
C01955	S07449
C01956	S02005
C01957	S02006
C01958	S02007
C01959	S02008
C01960	S02009
C01961	S02010
C01962	S02011
C01963	S02012
C01963	S05118
C01964	S02013
C01965	S02014
C01966	S02015
C01967	S02016
C01968	S02017
C01968	S02111
C01969	S02018
C01970	S02019
C01971	S02021
C01972	S02022
C01973	S02023
C01974	S02024
C01974	S08640
C01975	S02025
C01976	S02026
C01977	S02027
C01978	S02028
C01979	S02029
C01980	S02030
C01981	S02031
C01982	S02033
C01983	S02034
C01984	S02035
C01985	S02036
C01986	S02038
C01987	S02039
C01987	S03561
C01988	S02040
C01989	S02041
C01990	S02042
C01991	S02043
C01992	S02044
C01993	S02045
C01994	S02046
C01995	S02047
C01996	S02049
C01997	S02050
C01998	S02051
C01999	S02052
C02000	S02053
C02001	S02054
C02002	S02055
C02003	S02056
C02004	S02057
C02005	S02058
C02006	S02059
C02007	S02060
C02007	S06888
C02008	S02061
C02009	S02062
C02010	S02063
C02011	S02064
C02012	S02065
C02013	S02067
C02014	S02068
C02015	S02069
C02016	S02070
C02017	S02071
C02017	S03651
C02018	S02072
C02018	S07393
C02019	S02073
C02020	S02075
C02021	S02077
C02021	S09608
C02022	S02078
C02023	S02079
C02024	S02080
C02025	S02081
C02026	S02082
C02027	S02083
C02028	S02084
C02028	S08216
C02029	S02085
C02030	S02087
C02031	S02088
C02031	S03283
C02032	S02089
C02033	S02090
C02034	S02091
C02035	S02092
C02036	S02093
C02037	S02094
C02038	S02095
C02039	S02096
C02040	S02097
C02041	S02098
C02042	S02099
C02043	S02100
C02044	S02101
C02045	S02102
C02046	S02103
C02047	S02104
C02048	S02105
C02049	S02106
C02049	S06351
C02050	S02107
C02051	S02108
C02052	S02109
C02053	S02110
C02054	S02112
C02055	S02113
C02056	S02114
C02057	S02115
C02058	S02116
C02059	S02117
C02060	S02118
C02061	S02119
C02062	S02120
C02063	S02121
C02064	S02122
C02065	S02123
C02066	S02124
C02067	S02125
C02068	S02126
C02069	S02127
C02070	S02128
C02071	S02129
C02072	S02130
C02072	S04282
C02073	S02131
C02074	S02132
C02075	S02133
C02075	S04762
C02076	S02134
C02076	S03011
C02076	S05221
C02077	S02135
C02078	S02136
C02079	S02137
C02080	S02138
C02081	S02139
C02082	S02140
C02083	S02141
C02084	S02142
C02085	S02143
C02086	S02144
C02086	S06339
C02087	S02145
C02088	S02146
C02089	S02147
C02090	S02148
C02091	S02149
C02091	S04610
C02092	S02150
C02093	S02151
C02094	S02152
C02095	S02153
C02096	S02154
C02097	S02155
C02098	S02156
C02099	S02157
C02100	S02158
C02101	S02159
C02102	S02160
C02103	S02161
C02104	S02162
C02105	S02163
C02106	S02164
C02106	S03007
C02107	S02165
C02108	S02166
C02109	S02167
C02110	S02168
C02111	S02169
C02112	S02170
C02113	S02172
C02114	S02173
C02115	S02174
C02116	S02175
C02117	S02176
C02118	S02178
C02118	S03862
C02119	S02179
C02120	S02180
C02121	S02181
C02122	S02182
C02123	S02183
C02124	S02184
C02125	S02185
C02126	S02186
C02127	S02187
C02128	S02188
C02129	S02189
C02129	S04991
C02130	S02190
C02131	S02191
C02132	S02192
C02133	S02193
C02134	S02194
C02135	S02195
C02136	S02197
C02136	S03793
C02137	S02198
C02138	S02199
C02139	S02200
C02140	S02201
C02141	S02202
C02142	S02203
C02143	S02205
C02144	S02206
C02145	S02207
C02146	S02208
C02147	S02209
C02148	S02210
C02149	S02211
C02150	S02212
C02151	S02214
C02152	S02215
C02152	S03175
C02152	S06517
C02153	S02216
C02154	S02217
C02155	S02218
C02156	S02219
C02157	S02220
C02158	S02221
C02159	S02222
C02160	S02223
C02161	S02224
C02162	S02225
C02163	S02226
C02164	S02227
C02165	S02228
C02166	S02229
C02167	S02230
C02168	S02231
C02169	S02232
C02170	S02233
C02171	S02234
C02172	S02235
C02173	S02236
C02174	S02237
C02175	S02239
C02176	S02240
C02177	S02241
C02178	S02242
C02179	S02245
C02180	S02246
C02181	S02247
C02182	S02248
C02183	S02249
C02184	S02250
C02184	S05617
C02185	S02251
C02185	S07416
C02185	S09078
C02186	S02252
C02186	S04456
C02187	S02253
C02188	S02254
C02189	S02255
C02190	S02256
C02191	S02257
C02192	S02258
C02193	S02259
C02194	S02260
C02195	S02261
C02196	S02262
C02197	S02263
C02198	S02264
C02199	S02265
C02200	S02266
C02201	S02267
C02202	S02268
C02203	S02269
C02204	S02270
C02205	S02271
C02206	S02272
C02207	S02273
C02208	S02274
C02209	S02275
C02210	S02277
C02211	S02278
C02212	S02279
C02213	S02280
C02214	S02281
C02215	S02282
C02216	S02283
C02217	S02285
C02218	S02286
C02219	S02288
C02220	S02289
C02221	S02290
C02222	S02291
C02223	S02292
C02224	S02293
C02225	S02294
C02226	S02295
C02227	S02296
C02228	S02297
C02229	S02299
C02230	S02300
C02231	S02301
C02232	S02302
C02233	S02303
C02234	S02304
C02235	S02305
C02236	S02306
C02237	S02307
C02238	S02308
C02239	S02309
C02239	S06891
C02240	S02310
C02241	S02311
C02241	S05857
C02241	S08939
C02242	S02312
C02243	S02313
C02244	S02314
C02245	S02315
C02246	S02316
C02247	S02317
C02248	S02318
C02249	S02319
C02250	S02320
C02251	S02321
C02252	S02322
C02253	S02323
C02254	S02324
C02255	S02325
C02256	S02326
C02257	S02327
C02258	S02328
C02259	S02329
C02260	S02330
C02261	S02331
C02261	S06859
C02262	S02332
C02263	S02333
C02264	S02334
C02265	S02335
C02266	S02336
C02267	S02337
C02268	S02338
C02269	S02339
C02270	S02340
C02271	S02342
C02272	S02343
C02273	S02344
C02274	S02345
C02274	S03522
C02275	S02346
C02276	S02347
C02277	S02348
C02278	S02349
C02279	S02351
C02280	S02352
C02281	S02353
C02282	S02354
C02282	S09193
C02283	S02356
C02284	S02357
C02285	S02358
C02286	S02359
C02287	S02360
C02288	S02361
C02289	S02362
C02290	S02363
C02291	S02364
C02292	S02365
C02293	S02366
C02293	S05298
C02293	S06705
C02294	S02367
C02295	S02368
C02296	S02369
C02297	S02370
C02298	S02371
C02299	S02372
C02300	S02373
C02300	S02998
C02301	S02374
C02302	S02375
C02303	S02376
C02304	S02377
C02304	S09322
C02305	S02378
C02306	S02379
C02307	S02380
C02308	S02381
C02309	S02382
C02310	S02383
C02311	S02384
C02312	S02385
C02313	S02386
C02314	S02387
C02315	S02388
C02316	S02389
C02317	S02390
C02318	S02391
C02319	S02392
C02319	S04350
C02319	S07811
C02319	S09617
C02320	S02393
C02321	S02394
C02322	S02396
C02323	S02397
C02324	S02398
C02324	S04224
C02324	S05842
C02325	S02399
C02326	S02400
C02327	S02401
C02328	S02402
C02329	S02403
C02330	S02404
C02331	S02405
C02331	S09228
C02332	S02406
C02333	S02407
C02334	S02408
C02335	S02409
C02336	S02410
C02337	S02411
C02338	S02412
C02339	S02413
C02340	S02414
C02340	S05835
C02341	S02415
C02341	S04643
C02342	S02416
C02343	S02417
C02344	S02418
C02345	S02419
C02346	S02420
C02347	S02421
C02348	S02422
C02349	S02423
C02350	S02424
C02351	S02425
C02352	S02426
C02352	S05919
C02353	S02427
C02354	S02428
C02355	S02429
C02355	S07083
C02356	S02430
C02357	S02431
C02358	S02432
C02359	S02433
C02360	S02434
C02361	S02435
C02362	S02436
C02363	S02437
C02364	S02438
C02365	S02439
C02366	S02440
C02367	S02441
C02368	S02442
C02369	S02443
C02370	S02444
C02370	S07682
C02371	S02445
C02372	S02446
C02372	S06111
C02372	S08433
C02372	S09279
C02373	S02447
C02374	S02448
C02375	S02449
C02376	S02450
C02377	S02451
C02377	S03579
C02377	S05584
C02378	S02452
C02378	S06136
C02379	S02453
C02380	S02454
C02381	S02456
C02382	S02457
C02383	S02458
C02384	S02459
C02385	S02460
C02386	S02461
C02387	S02462
C02387	S05075
C02388	S02464
C02389	S02465
C02390	S02466
C02391	S02468
C02392	S02469
C02393	S02470
C02394	S02471
C02395	S02472
C02396	S02473
C02397	S02474
C02398	S02475
C02399	S02476
C02400	S02477
C02401	S02478
C02402	S02479
C02403	S02480
C02404	S02481
C02405	S02482
C02406	S02483
C02407	S02484
C02408	S02485
C02409	S02486
C02410	S02488
C02411	S02489
C02412	S02490
C02413	S02491
C02413	S08400
C02414	S02492
C02415	S02493
C02415	S03039
C02415	S04459
C02415	S04913
C02416	S02494
C02417	S02495
C02418	S02496
C02419	S02497
C02420	S02498
C02421	S02499
C02422	S02500
C02423	S02501
C02424	S02502
C02425	S02503
C02426	S02504
C02427	S02505
C02428	S02506
C02429	S02507
C02430	S02508
C02431	S02509
C02432	S02510
C02433	S02511
C02434	S02512
C02435	S02513
C02436	S02514
C02436	S03092
C02436	S09191
C02437	S02515
C02438	S02516
C02439	S02517
C02440	S02518
C02441	S02519
C02442	S02520
C02443	S02521
C02444	S02522
C02445	S02524
C02446	S02525
C02446	S04373
C02447	S02526
C02448	S02527
C02449	S02528
C02450	S02529
C02451	S02530
C02452	S02531
C02453	S02532
C02454	S02533
C02455	S02534
C02456	S02536
C02457	S02537
C02458	S02538
C02459	S02540
C02459	S08518
C02460	S02541
C02461	S02542
C02462	S02543
C02463	S02544
C02463	S02637
C02464	S02545
C02465	S02546
C02466	S02547
C02467	S02548
C02467	S05130
C02468	S02549
C02469	S02550
C02470	S02551
C02471	S02552
C02472	S02553
C02473	S02554
C02474	S02555
C02475	S02556
C02475	S09639
C02476	S02557
C02477	S02558
C02478	S02559
C02478	S05999
C02479	S02560
C02480	S02561
C02481	S02562
C02482	S02563
C02483	S02564
C02483	S03042
C02484	S02565
C02485	S02566
C02486	S02567
C02487	S02568
C02488	S02569
C02489	S02570
C02490	S02571
C02491	S02572
C02492	S02573
C02493	S02574
C02494	S02575
C02495	S02576
C02496	S02577
C02497	S02578
C02498	S02579
C02499	S02580
C02500	S02581
C02501	S02582
C02502	S02583
C02503	S02584
C02504	S02585
C02505	S02586
C02506	S02587
C02507	S02588
C02508	S02589
C02509	S02590
C02510	S02591
C02511	S02592
C02512	S02593
C02513	S02594
C02514	S02595
C02515	S02596
C02516	S02597
C02517	S02598
C02518	S02599
C02519	S02600
C02520	S02601
C02521	S02602
C02522	S02603
C02523	S02604
C02524	S02605
C02525	S02606
C02526	S02607
C02526	S04654
C02527	S02608
C02527	S04813
C02528	S02609
C02529	S02610
C02530	S02611
C02531	S02612
C02532	S02613
C02533	S02614
C02534	S02615
C02535	S02616
C02536	S02617
C02537	S02618
C02538	S02619
C02538	S05601
C02539	S02620
C02539	S08386
C02539	S09282
C02540	S02621
C02541	S02622
C02542	S02623
C02543	S02624
C02544	S02625
C02545	S02626
C02546	S02627
C02547	S02628
C02548	S02629
C02549	S02630
C02550	S02631
C02551	S02632
C02552	S02633
C02553	S02634
C02554	S02635
C02555	S02636
C02555	S04514
C02555	S04986
C02555	S07639
C02556	S02638
C02557	S02639
C02558	S02640
C02558	S03982
C02559	S02641
C02560	S02642
C02561	S02643
C02562	S02644
C02563	S02645
C02564	S02646
C02565	S02647
C02566	S02648
C02567	S02649
C02568	S02650
C02569	S02651
C02569	S03775
C02570	S02652
C02571	S02653
C02572	S02654
C02573	S02655
C02574	S02656
C02575	S02657
C02576	S02658
C02576	S03744
C02577	S02659
C02578	S02660
C02579	S02661
C02580	S02662
C02581	S02663
C02582	S02664
C02583	S02665
C02584	S02666
C02585	S02667
C02586	S02668
C02587	S02669
C02588	S02670
C02589	S02671
C02590	S02672
C02590	S07511
C02591	S02673
C02592	S02674
C02593	S02675
C02594	S02676
C02595	S02677
C02596	S02678
C02597	S02679
C02598	S02680
C02599	S02681
C02600	S02682
C02601	S02683
C02602	S02685
C02603	S02686
C02604	S02687
C02605	S02688
C02606	S02689
C02607	S02690
C02608	S02691
C02609	S02692
C02610	S02693
C02610	S07985
C02611	S02694
C02612	S02695
C02612	S07779
C02613	S02696
C02614	S02697
C02615	S02698
C02616	S02700
C02616	S09494
C02617	S02701
C02618	S02702
C02619	S02703
C02619	S05731
C02620	S02704
C02621	S02705
C02622	S02706
C02623	S02707
C02624	S02708
C02625	S02709
C02626	S02710
C02627	S02711
C02628	S02712
C02629	S02713
C02630	S02714
C02631	S02715
C02632	S02716
C02633	S02717
C02634	S02718
C02635	S02719
C02636	S02720
C02636	S03783
C02637	S02721
C02638	S02722
C02639	S02723
C02640	S02724
C02641	S02725
C02642	S02726
C02642	S07031
C02643	S02727
C02644	S02728
C02645	S02729
C02645	S03873
C02645	S06550
C02646	S02730
C02647	S02731
C02648	S02732
C02649	S02733
C02650	S02734
C02651	S02735
C02652	S02736
C02653	S02737
C02654	S02738
C02655	S02739
C02656	S02741
C02657	S02742
C02658	S02743
C02658	S03124
C02659	S02744
C02660	S02745
C02661	S02746
C02662	S02747
C02663	S02748
C02664	S02749
C02665	S02750
C02666	S02751
C02667	S02752
C02668	S02753
C02669	S02754
C02670	S02755
C02671	S02756
C02671	S08029
C02672	S02757
C02673	S02758
C02674	S02759
C02675	S02760
C02676	S02761
C02677	S02762
C02678	S02763
C02679	S02764
C02680	S02765
C02681	S02766
C02682	S02767
C02683	S02768
C02684	S02769
C02685	S02770
C02686	S02771
C02686	S04326
C02687	S02772
C02688	S02773
C02689	S02774
C02690	S02775
C02691	S02776
C02692	S02777
C02693	S02778
C02694	S02779
C02695	S02780
C02696	S02781
C02697	S02782
C02698	S02783
C02699	S02784
C02699	S06832
C02700	S02786
C02701	S02787
C02702	S02788
C02703	S02789
C02704	S02790
C02705	S02791
C02706	S02792
C02707	S02793
C02708	S02794
C02709	S02795
C02710	S02796
C02711	S02797
C02712	S02798
C02713	S02799
C02714	S02801
C02715	S02802
C02716	S02803
C02717	S02804
C02717	S09081
C02718	S02805
C02719	S02806
C02720	S02807
C02721	S02808
C02722	S02809
C02722	S02835
C02722	S02974
C02722	S06516
C02723	S02810
C02724	S02811
C02725	S02812
C02726	S02813
C02727	S02814
C02728	S02815
C02729	S02816
C02730	S02818
C02731	S02819
C02732	S02820
C02733	S02821
C02734	S02822
C02735	S02823
C02736	S02824
C02737	S02825
C02738	S02826
C02739	S02828
C02740	S02829
C02741	S02830
C02742	S02831
C02743	S02832
C02744	S02833
C02745	S02834
C02746	S02836
C02747	S02837
C02747	S03647
C02747	S07947
C02748	S02838
C02749	S02839
C02750	S02840
C02751	S02841
C02752	S02842
C02753	S02843
C02754	S02844
C02755	S02845
C02756	S02846
C02757	S02847
C02758	S02848
C02759	S02849
C02760	S02851
C02761	S02852
C02761	S04556
C02761	S06216
C02762	S02853
C02763	S02854
C02764	S02855
C02764	S05467
C02765	S02856
C02766	S02857
C02767	S02858
C02768	S02859
C02769	S02860
C02770	S02861
C02771	S02862
C02772	S02863
C02773	S02864
C02774	S02865
C02775	S02866
C02776	S02867
C02777	S02868
C02778	S02869
C02779	S02870
C02780	S02871
C02781	S02873
C02782	S02874
C02783	S02875
C02784	S02876
C02784	S03368
C02785	S02877
C02786	S02879
C02787	S02880
C02788	S02881
C02789	S02882
C02790	S02883
C02791	S02884
C02792	S02885
C02792	S06895
C02793	S02886
C02794	S02887
C02795	S02888
C02796	S02889
C02797	S02890
C02798	S02891
C02799	S02892
C02800	S02893
C02801	S02894
C02802	S02895
C02803	S02896
C02804	S02897
C02805	S02899
C02806	S02900
C02807	S02901
C02808	S02902
C02809	S02903
C02809	S03005
C02809	S03811
C02809	S04212
C02809	S07708
C02810	S02904
C02811	S02905
C02812	S02906
C02813	S02907
C02814	S02908
C02815	S02909
C02816	S02910
C02817	S02911
C02818	S02912
C02819	S02913
C02820	S02914
C02821	S02915
C02822	S02916
C02823	S02917
C02824	S02918
C02824	S04649
C02825	S02919
C02826	S02920
C02826	S07002
C02826	S08740
C02827	S02921
C02828	S02922
C02829	S02923
C02830	S02924
C02831	S02925
C02832	S02926
C02833	S02927
C02834	S02928
C02835	S02929
C02836	S02930
C02837	S02931
C02838	S02932
C02839	S02933
C02840	S02934
C02841	S02935
C02842	S02936
C02843	S02937
C02844	S02938
C02845	S02939
C02846	S02940
C02847	S02941
C02848	S02942
C02849	S02943
C02850	S02944
C02851	S02945
C02852	S02946
C02853	S02947
C02854	S02948
C02855	S02949
C02856	S02950
C02857	S02951
C02858	S02952
C02858	S05752
C02859	S02953
C02860	S02954
C02860	S05910
C02861	S02955
C02862	S02956
C02863	S02957
C02864	S02958
C02865	S02959
C02866	S02960
C02867	S02961
C02868	S02962
C02869	S02963
C02870	S02964
C02871	S02965
C02872	S02966
C02873	S02967
C02874	S02968
C02875	S02969
C02876	S02970
C02876	S04106
C02877	S02971
C02878	S02972
C02879	S02973
C02880	S02975
C02881	S02976
C02882	S02977
C02883	S02978
C02884	S02979
C02885	S02980
C02886	S02981
C02887	S02982
C02888	S02983
C02889	S02984
C02890	S02985
C02891	S02986
C02891	S06174
C02892	S02987
C02893	S02988
C02894	S02989
C02895	S02990
C02896	S02991
C02897	S02992
C02898	S02993
C02899	S02994
C02900	S02995
C02901	S02996
C02902	S02997
C02903	S03000
C02904	S03001
C02905	S03002
C02906	S03003
C02907	S03004
C02908	S03006
C02908	S07370
C02909	S03008
C02910	S03009
C02911	S03010
C02912	S03012
C02913	S03013
C02914	S03014
C02915	S03015
C02916	S03016
C02917	S03017
C02918	S03018
C02919	S03019
C02920	S03020
C02921	S03021
C02921	S03959
C02921	S09194
C02922	S03022
C02923	S03023
C02924	S03024
C02925	S03025
C02926	S03026
C02926	S06232
C02927	S03027
C02927	S04198
C02927	S09713
C02928	S03028
C02929	S03029
C02930	S03030
C02931	S03031
C02932	S03032
C02933	S03033
C02934	S03034
C02935	S03035
C02936	S03036
C02937	S03037
C02938	S03038
C02939	S03040
C02940	S03041
C02940	S03501
C02941	S03043
C02942	S03045
C02943	S03046
C02944	S03047
C02944	S03132
C02945	S03048
C02945	S07460
C02946	S03049
C02947	S03050
C02948	S03051
C02949	S03052
C02950	S03053
C02951	S03054
C02952	S03055
C02953	S03056
C02954	S03057
C02955	S03058
C02956	S03059
C02957	S03061
C02958	S03062
C02959	S03063
C02960	S03064
C02961	S03065
C02962	S03066
C02963	S03067
C02964	S03068
C02964	S05905
C02964	S06233
C02965	S03069
C02966	S03070
C02967	S03071
C02967	S06928
C02968	S03072
C02969	S03073
C02970	S03075
C02971	S03076
C02972	S03077
C02973	S03078
C02974	S03079
C02975	S03080
C02976	S03081
C02977	S03082
C02978	S03083
C02979	S03084
C02980	S03085
C02981	S03086
C02982	S03087
C02983	S03088
C02984	S03089
C02985	S03090
C02986	S03091
C02987	S03093
C02987	S04894
C02988	S03094
C02989	S03095
C02990	S03096
C02991	S03097
C02992	S03098
C02993	S03099
C02994	S03100
C02994	S08384
C02995	S03101
C02996	S03102
C02997	S03103
C02998	S03104
C02999	S03105
C02999	S04493
C03000	S03106
C03001	S03107
C03002	S03108
C03003	S03109
C03004	S03110
C03005	S03111
C03006	S03112
C03007	S03113
C03008	S03115
C03009	S03116
C03010	S03117
C03011	S03118
C03012	S03119
C03013	S03120
C03014	S03121
C03015	S03122
C03016	S03123
C03017	S03125
C03018	S03126
C03019	S03127
C03020	S03128
C03021	S03129
C03022	S03130
C03023	S03131
C03023	S08880
C03024	S03133
C03025	S03134
C03026	S03135
C03027	S03136
C03027	S07323
C03028	S03137
C03029	S03138
C03030	S03139
C03031	S03140
C03032	S03141
C03033	S03142
C03033	S09319
C03034	S03144
C03035	S03145
C03036	S03146
C03037	S03147
C03038	S03148
C03039	S03149
C03040	S03150
C03041	S03151
C03042	S03152
C03043	S03153
C03044	S03154
C03045	S03155
C03046	S03156
C03047	S03157
C03048	S03158
C03049	S03159
C03050	S03160
C03051	S03161
C03052	S03162
C03053	S03163
C03053	S04354
C03054	S03164
C03055	S03166
C03056	S03167
C03057	S03168
C03057	S03367
C03058	S03169
C03059	S03170
C03060	S03171
C03060	S08159
C03061	S03172
C03062	S03173
C03063	S03174
C03063	S05889
C03063	S06666
C03063	S07187
C03063	S08705
C03064	S03176
C03065	S03177
C03066	S03178
C03067	S03179
C03068	S03180
C03069	S03181
C03070	S03182
C03071	S03183
C03072	S03184
C03073	S03185
C03074	S03186
C03075	S03187
C03076	S03188
C03077	S03189
C03078	S03190
C03079	S03191
C03080	S03192
C03081	S03194
C03082	S03196
C03083	S03197
C03083	S09707
C03084	S03198
C03085	S03199
C03086	S03200
C03087	S03201
C03088	S03202
C03089	S03203
C03090	S03204
C03091	S03205
C03092	S03206
C03093	S03207
C03094	S03208
C03094	S03614
C03095	S03209
C03096	S03210
C03097	S03211
C03098	S03212
C03099	S03213
C03100	S03214
C03101	S03215
C03102	S03216
C03103	S03217
C03104	S03218
C03105	S03219
C03106	S03220
C03107	S03221
C03108	S03222
C03109	S03223
C03109	S06780
C03110	S03224
C03111	S03225
C03112	S03226
C03113	S03227
C03114	S03229
C03115	S03230
C03116	S03231
C03117	S03232
C03118	S03233
C03119	S03234
C03120	S03235
C03121	S03236
C03122	S03237
C03123	S03238
C03124	S03239
C03125	S03240
C03126	S03241
C03127	S03242
C03128	S03243
C03129	S03244
C03130	S03245
C03131	S03246
C03132	S03247
C03133	S03248
C03134	S03249
C03135	S03250
C03136	S03251
C03136	S03266
C03136	S04053
C03136	S04629
C03136	S05286
C03136	S06404
C03136	S06810
C03136	S07320
C03136	S07669
C03136	S08822
C03137	S03252
C03138	S03253
C03139	S03254
C03140	S03255
C03141	S03256
C03142	S03257
C03143	S03258
C03144	S03259
C03145	S03260
C03146	S03261
C03147	S03262
C03148	S03263
C03149	S03264
C03150	S03265
C03151	S03267
C03152	S03268
C03153	S03269
C03154	S03270
C03155	S03271
C03156	S03272
C03157	S03273
C03158	S03274
C03159	S03275
C03160	S03276
C03160	S06619
C03160	S08205
C03161	S03277
C03162	S03278
C03162	S04154
C03163	S03279
C03164	S03280
C03165	S03281
C03166	S03282
C03167	S03284
C03168	S03285
C03168	S07071
C03169	S03286
C03170	S03287
C03171	S03288
C03172	S03289
C03173	S03290
C03174	S03291
C03175	S03292
C03176	S03293
C03177	S03294
C03178	S03295
C03179	S03296
C03180	S03297
C03181	S03298
C03182	S03299
C03183	S03301
C03184	S03302
C03185	S03303
C03186	S03304
C03186	S04678
C03186	S05524
C03187	S03305
C03188	S03306
C03189	S03307
C03190	S03308
C03191	S03309
C03192	S03310
C03193	S03311
C03194	S03312
C03195	S03313
C03196	S03315
C03197	S03316
C03198	S03317
C03199	S03318
C03200	S03319
C03201	S03320
C03202	S03321
C03203	S03322
C03204	S03323
C03205	S03324
C03206	S03325
C03207	S03326
C03208	S03328
C03209	S03329
C03210	S03330
C03211	S03331
C03212	S03332
C03213	S03333
C03214	S03334
C03215	S03335
C03216	S03336
C03217	S03337
C03218	S03338
C03219	S03339
C03220	S03340
C03221	S03341
C03222	S03342
C03223	S03343
C03224	S03344
C03225	S03345
C03226	S03347
C03227	S03348
C03228	S03349
C03228	S07609
C03229	S03350
C03230	S03351
C03231	S03353
C03232	S03354
C03233	S03355
C03234	S03356
C03235	S03357
C03236	S03358
C03237	S03359
C03238	S03360
C03239	S03361
C03240	S03362
C03241	S03363
C03242	S03364
C03243	S03365
C03244	S03366
C03245	S03369
C03246	S03370
C03246	S04831
C03247	S03371
C03248	S03373
C03249	S03374
C03250	S03375
C03251	S03376
C03252	S03377
C03253	S03378
C03254	S03379
C03255	S03380
C03256	S03382
C03257	S03383
C03258	S03384
C03259	S03385
C03260	S03386
C03261	S03387
C03262	S03388
C03263	S03389
C03264	S03390
C03265	S03391
C03266	S03392
C03266	S04953
C03267	S03393
C03268	S03394
C03269	S03395
C03270	S03396
C03271	S03397
C03272	S03398
C03273	S03399
C03274	S03400
C03275	S03401
C03276	S03402
C03277	S03403
C03278	S03404
C03279	S03405
C03280	S03406
C03281	S03407
C03282	S03408
C03283	S03409
C03284	S03410
C03285	S03411
C03286	S03412
C03286	S03691
C03287	S03413
C03287	S06401
C03287	S08815
C03288	S03414
C03289	S03415
C03290	S03416
C03291	S03417
C03292	S03418
C03293	S03419
C03294	S03420
C03295	S03421
C03296	S03422
C03297	S03423
C03298	S03424
C03299	S03425
C03300	S03426
C03301	S03427
C03302	S03428
C03303	S03429
C03304	S03430
C03305	S03431
C03305	S05817
C03306	S03432
C03307	S03433
C03308	S03434
C03309	S03435
C03310	S03436
C03311	S03437
C03312	S03438
C03312	S07169
C03313	S03439
C03314	S03440
C03315	S03441
C03316	S03442
C03317	S03443
C03318	S03444
C03319	S03445
C03320	S03446
C03321	S03447
C03322	S03448
C03323	S03449
C03324	S03450
C03325	S03451
C03326	S03452
C03327	S03453
C03328	S03454
C03329	S03455
C03330	S03456
C03331	S03457
C03332	S03458
C03333	S03459
C03334	S03460
C03335	S03461
C03336	S03462
C03337	S03463
C03337	S04878
C03338	S03464
C03339	S03465
C03340	S03466
C03341	S03467
C03342	S03468
C03343	S03469
C03344	S03470
C03345	S03471
C03346	S03472
C03347	S03473
C03348	S03474
C03349	S03475
C03350	S03476
C03351	S03477
C03352	S03478
C03353	S03479
C03354	S03480
C03355	S03481
C03356	S03482
C03357	S03483
C03357	S04811
C03358	S03484
C03359	S03485
C03359	S07628
C03360	S03486
C03361	S03487
C03362	S03488
C03363	S03489
C03364	S03490
C03365	S03491
C03366	S03492
C03367	S03494
C03368	S03495
C03369	S03496
C03370	S03497
C03371	S03498
C03372	S03499
C03372	S04331
C03373	S03500
C03374	S03502
C03375	S03503
C03376	S03504
C03377	S03505
C03378	S03506
C03379	S03507
C03379	S05093
C03380	S03508
C03381	S03509
C03382	S03510
C03383	S03511
C03383	S09561
C03384	S03512
C03384	S03617
C03385	S03513
C03386	S03514
C03387	S03515
C03388	S03516
C03389	S03517
C03390	S03518
C03391	S03519
C03392	S03520
C03393	S03521
C03394	S03523
C03394	S05105
C03395	S03524
C03396	S03525
C03397	S03526
C03398	S03527
C03399	S03528
C03400	S03530
C03401	S03531
C03402	S03532
C03403	S03533
C03404	S03534
C03405	S03535
C03406	S03537
C03407	S03538
C03407	S05429
C03408	S03539
C03409	S03540
C03410	S03541
C03411	S03542
C03412	S03543
C03413	S03544
C03414	S03545
C03414	S04613
C03414	S06182
C03415	S03546
C03416	S03547
C03417	S03548
C03418	S03549
C03419	S03550
C03419	S09731
C03420	S03551
C03421	S03552
C03422	S03553
C03423	S03554
C03424	S03555
C03425	S03556
C03426	S03557
C03427	S03558
C03428	S03559
C03429	S03560
C03430	S03562
C03431	S03563
C03432	S03564
C03433	S03567
C03434	S03568
C03435	S03569
C03436	S03570
C03437	S03571
C03438	S03572
C03439	S03573
C03440	S03574
C03441	S03575
C03442	S03576
C03443	S03578
C03444	S03580
C03445	S03581
C03445	S06360
C03446	S03582
C03447	S03583
C03448	S03584
C03449	S03585
C03450	S03586
C03451	S03587
C03452	S03588
C03453	S03589
C03454	S03590
C03455	S03591
C03456	S03592
C03457	S03593
C03458	S03594
C03459	S03595
C03460	S03596
C03461	S03597
C03462	S03598
C03463	S03599
C03464	S03600
C03464	S08887
C03465	S03601
C03466	S03602
C03467	S03603
C03468	S03604
C03469	S03605
C03470	S03606
C03471	S03607
C03471	S08166
C03472	S03608
C03473	S03609
C03474	S03610
C03475	S03611
C03476	S03612
C03477	S03613
C03478	S03616
C03479	S03618
C03480	S03619
C03481	S03620
C03482	S03621
C03483	S03622
C03484	S03623
C03485	S03624
C03486	S03625
C03487	S03626
C03488	S03627
C03489	S03628
C03490	S03629
C03491	S03630
C03492	S03631
C03493	S03632
C03494	S03633
C03495	S03634
C03496	S03635
C03497	S03636
C03498	S03637
C03499	S03638
C03500	S03639
C03501	S03640
C03502	S03641
C03503	S03642
C03504	S03643
C03505	S03644
C03506	S03645
C03507	S03646
C03508	S03648
C03508	S04631
C03509	S03649
C03510	S03650
C03511	S03652
C03511	S06765
C03512	S03653
C03513	S03654
C03514	S03655
C03515	S03656
C03516	S03657
C03517	S03658
C03518	S03659
C03519	S03660
C03519	S09003
C03520	S03661
C03521	S03662
C03522	S03663
C03523	S03664
C03524	S03665
C03525	S03668
C03526	S03669
C03527	S03670
C03528	S03671
C03529	S03672
C03530	S03673
C03531	S03674
C03532	S03675
C03533	S03676
C03534	S03677
C03535	S03678
C03536	S03679
C03537	S03680
C03538	S03681
C03539	S03682
C03540	S03683
C03541	S03684
C03542	S03685
C03543	S03686
C03544	S03687
C03545	S03688
C03546	S03689
C03547	S03690
C03548	S03692
C03549	S03693
C03550	S03694
C03551	S03695
C03552	S03696
C03553	S03697
C03554	S03698
C03555	S03699
C03556	S03700
C03557	S03701
C03558	S03702
C03559	S03703
C03560	S03705
C03561	S03706
C03561	S07322
C03562	S03707
C03563	S03708
C03564	S03709
C03565	S03710
C03566	S03711
C03567	S03712
C03568	S03713
C03569	S03714
C03569	S07144
C03570	S03716
C03571	S03717
C03572	S03718
C03573	S03719
C03574	S03720
C03575	S03721
C03576	S03722
C03577	S03724
C03578	S03725
C03579	S03726
C03580	S03727
C03581	S03728
C03582	S03729
C03583	S03730
C03584	S03731
C03585	S03732
C03586	S03733
C03587	S03734
C03588	S03735
C03589	S03736
C03590	S03737
C03591	S03738
C03592	S03740
C03593	S03741
C03594	S03742
C03595	S03743
C03596	S03745
C03597	S03746
C03597	S05735
C03598	S03747
C03599	S03749
C03600	S03751
C03601	S03752
C03602	S03753
C03603	S03754
C03604	S03755
C03605	S03756
C03606	S03757
C03607	S03758
C03607	S03998
C03608	S03759
C03609	S03760
C03609	S06386
C03610	S03761
C03611	S03762
C03611	S05859
C03612	S03763
C03613	S03764
C03614	S03765
C03615	S03766
C03616	S03768
C03617	S03769
C03618	S03770
C03619	S03771
C03620	S03772
C03621	S03773
C03622	S03774
C03623	S03776
C03624	S03777
C03625	S03779
C03626	S03780
C03627	S03781
C03628	S03782
C03629	S03784
C03630	S03785
C03631	S03786
C03632	S03787
C03633	S03788
C03634	S03789
C03635	S03790
C03635	S06389
C03635	S07817
C03635	S08719
C03636	S03791
C03637	S03792
C03638	S03794
C03639	S03795
C03640	S03796
C03641	S03797
C03642	S03798
C03643	S03799
C03644	S03800
C03645	S03801
C03646	S03802
C03647	S03803
C03648	S03804
C03648	S08262
C03649	S03805
C03650	S03806
C03651	S03807
C03652	S03808
C03653	S03809
C03654	S03810
C03655	S03812
C03656	S03813
C03657	S03814
C03658	S03815
C03659	S03816
C03660	S03817
C03660	S09009
C03661	S03818
C03662	S03819
C03663	S03820
C03664	S03821
C03665	S03822
C03666	S03823
C03667	S03824
C03668	S03825
C03669	S03826
C03670	S03827
C03670	S08963
C03671	S03828
C03672	S03829
C03673	S03830
C03674	S03831
C03675	S03832
C03676	S03833
C03677	S03834
C03678	S03835
C03679	S03836
C03680	S03837
C03681	S03838
C03682	S03839
C03683	S03840
C03684	S03842
C03685	S03843
C03686	S03844
C03687	S03845
C03688	S03846
C03689	S03847
C03690	S03848
C03691	S03849
C03692	S03850
C03693	S03851
C03694	S03853
C03695	S03854
C03696	S03855
C03697	S03856
C03697	S07471
C03698	S03857
C03699	S03859
C03700	S03860
C03701	S03861
C03702	S03863
C03703	S03864
C03704	S03865
C03705	S03866
C03706	S03867
C03707	S03868
C03708	S03869
C03709	S03870
C03710	S03871
C03711	S03872
C03712	S03874
C03713	S03875
C03713	S07550
C03714	S03876
C03715	S03877
C03716	S03878
C03717	S03879
C03718	S03880
C03719	S03881
C03720	S03882
C03721	S03883
C03722	S03884
C03723	S03885
C03724	S03886
C03725	S03887
C03726	S03888
C03727	S03889
C03728	S03890
C03729	S03891
C03730	S03892
C03731	S03893
C03732	S03894
C03733	S03895
C03734	S03897
C03735	S03898
C03736	S03899
C03737	S03900
C03738	S03901
C03739	S03902
C03740	S03903
C03741	S03904
C03742	S03905
C03743	S03906
C03744	S03908
C03745	S03909
C03746	S03910
C03747	S03911
C03748	S03912
C03749	S03913
C03749	S06975
C03750	S03914
C03751	S03915
C03752	S03916
C03753	S03917
C03754	S03918
C03755	S03920
C03756	S03921
C03756	S05856
C03757	S03922
C03758	S03923
C03759	S03924
C03760	S03925
C03761	S03926
C03762	S03927
C03763	S03928
C03764	S03929
C03765	S03930
C03766	S03931
C03767	S03932
C03768	S03933
C03769	S03934
C03770	S03935
C03771	S03936
C03772	S03937
C03773	S03938
C03774	S03939
C03775	S03940
C03776	S03941
C03777	S03942
C03778	S03943
C03779	S03944
C03780	S03946
C03781	S03947
C03782	S03948
C03783	S03949
C03783	S05669
C03783	S08916
C03784	S03951
C03785	S03952
C03786	S03953
C03787	S03954
C03788	S03955
C03789	S03956
C03790	S03957
C03791	S03958
C03792	S03960
C03793	S03962
C03794	S03963
C03795	S03964
C03796	S03965
C03797	S03966
C03798	S03967
C03799	S03968
C03800	S03969
C03801	S03970
C03802	S03971
C03803	S03972
C03804	S03974
C03805	S03975
C03806	S03976
C03807	S03977
C03808	S03978
C03809	S03979
C03810	S03980
C03811	S03981
C03812	S03983
C03813	S03984
C03814	S03985
C03815	S03986
C03816	S03987
C03817	S03988
C03818	S03989
C03819	S03990
C03820	S03992
C03821	S03993
C03822	S03994
C03822	S07660
C03823	S03995
C03824	S03996
C03825	S03997
C03826	S03999
C03827	S04000
C03828	S04001
C03828	S08455
C03829	S04002
C03830	S04003
C03830	S04492
C03830	S06250
C03831	S04004
C03832	S04005
C03833	S04006
C03834	S04007
C03835	S04008
C03836	S04009
C03837	S04010
C03838	S04011
C03839	S04012
C03840	S04013
C03841	S04014
C03842	S04015
C03843	S04016
C03844	S04017
C03845	S04018
C03846	S04019
C03847	S04020
C03848	S04021
C03849	S04022
C03850	S04023
C03850	S08161
C03851	S04024
C03852	S04026
C03853	S04027
C03853	S07223
C03854	S04028
C03855	S04029
C03856	S04030
C03857	S04031
C03858	S04032
C03859	S04033
C03860	S04034
C03861	S04035
C03862	S04036
C03863	S04037
C03864	S04038
C03865	S04040
C03866	S04042
C03867	S04044
C03868	S04045
C03869	S04046
C03869	S08103
C03870	S04048
C03870	S06177
C03871	S04049
C03872	S04050
C03873	S04051
C03874	S04052
C03875	S04054
C03876	S04055
C03877	S04056
C03878	S04057
C03879	S04058
C03880	S04059
C03881	S04060
C03882	S04061
C03883	S04062
C03884	S04063
C03885	S04064
C03886	S04065
C03886	S08945
C03887	S04066
C03888	S04067
C03889	S04068
C03889	S08839
C03890	S04069
C03891	S04070
C03892	S04071
C03892	S08469
C03893	S04072
C03894	S04074
C03895	S04075
C03896	S04076
C03897	S04077
C03898	S04078
C03899	S04079
C03900	S04080
C03901	S04081
C03902	S04082
C03903	S04083
C03904	S04084
C03905	S04085
C03906	S04086
C03907	S04087
C03908	S04088
C03909	S04089
C03910	S04090
C03911	S04091
C03912	S04092
C03913	S04093
C03914	S04094
C03915	S04095
C03916	S04096
C03916	S04763
C03917	S04097
C03918	S04098
C03919	S04099
C03920	S04100
C03921	S04101
C03922	S04102
C03923	S04103
C03924	S04104
C03925	S04105
C03926	S04107
C03927	S04108
C03928	S04109
C03929	S04110
C03930	S04111
C03931	S04112
C03931	S04954
C03932	S04113
C03933	S04114
C03934	S04115
C03935	S04116
C03936	S04117
C03937	S04118
C03938	S04119
C03939	S04120
C03940	S04121
C03941	S04122
C03942	S04123
C03943	S04124
C03944	S04125
C03945	S04126
C03946	S04127
C03947	S04128
C03948	S04129
C03949	S04130
C03950	S04131
C03951	S04132
C03952	S04133
C03953	S04135
C03954	S04136
C03955	S04137
C03956	S04138
C03957	S04139
C03958	S04140
C03959	S04141
C03959	S07091
C03960	S04142
C03961	S04143
C03962	S04144
C03963	S04145
C03964	S04146
C03965	S04147
C03966	S04148
C03967	S04149
C03968	S04150
C03969	S04151
C03970	S04152
C03971	S04153
C03972	S04155
C03973	S04156
C03974	S04157
C03975	S04158
C03976	S04159
C03977	S04160
C03978	S04161
C03979	S04162
C03980	S04163
C03981	S04164
C03982	S04165
C03983	S04166
C03984	S04167
C03985	S04168
C03986	S04169
C03987	S04170
C03988	S04171
C03989	S04174
C03990	S04175
C03991	S04176
C03992	S04177
C03993	S04178
C03994	S04179
C03995	S04180
C03996	S04181
C03997	S04182
C03998	S04183
C03999	S04184
C04000	S04185
C04001	S04186
C04002	S04187
C04003	S04188
C04004	S04189
C04005	S04190
C04006	S04191
C04007	S04192
C04008	S04193
C04009	S04194
C04010	S04195
C04011	S04196
C04012	S04197
C04013	S04199
C04014	S04200
C04015	S04201
C04016	S04202
C04017	S04203
C04018	S04204
C04019	S04205
C04020	S04206
C04021	S04208
C04022	S04209
C04023	S04211
C04024	S04213
C04025	S04214
C04026	S04215
C04027	S04216
C04028	S04217
C04029	S04218
C04030	S04219
C04030	S07910
C04031	S04220
C04031	S05062
C04032	S04221
C04033	S04222
C04034	S04223
C04035	S04225
C04036	S04226
C04037	S04227
C04038	S04228
C04039	S04230
C04040	S04231
C04041	S04232
C04042	S04233
C04043	S04234
C04043	S05901
C04044	S04235
C04045	S04236
C04046	S04237
C04047	S04238
C04048	S04239
C04049	S04240
C04050	S04241
C04051	S04242
C04052	S04243
C04053	S04244
C04054	S04245
C04055	S04246
C04056	S04247
C04057	S04248
C04058	S04249
C04058	S04736
C04059	S04250
C04060	S04251
C04061	S04252
C04062	S04253
C04063	S04254
C04064	S04255
C04065	S04256
C04066	S04257
C04067	S04258
C04068	S04259
C04069	S04260
C04070	S04261
C04071	S04262
C04072	S04263
C04073	S04264
C04074	S04265
C04075	S04266
C04076	S04267
C04077	S04268
C04078	S04269
C04079	S04270
C04080	S04271
C04081	S04272
C04082	S04273
C04082	S05378
C04083	S04274
C04083	S07722
C04083	S07766
C04084	S04275
C04085	S04276
C04086	S04277
C04087	S04278
C04088	S04279
C04089	S04280
C04089	S04516
C04090	S04283
C04091	S04284
C04092	S04285
C04093	S04286
C04094	S04287
C04095	S04288
C04096	S04289
C04097	S04290
C04098	S04291
C04099	S04292
C04100	S04293
C04101	S04294
C04102	S04295
C04103	S04296
C04104	S04297
C04105	S04298
C04106	S04299
C04107	S04300
C04108	S04301
C04109	S04302
C04110	S04303
C04111	S04304
C04112	S04305
C04113	S04306
C04114	S04307
C04115	S04308
C04116	S04309
C04117	S04310
C04118	S04311
C04119	S04312
C04119	S05029
C04120	S04313
C04121	S04314
C04122	S04315
C04123	S04316
C04124	S04317
C04125	S04318
C04126	S04319
C04127	S04320
C04128	S04321
C04129	S04322
C04130	S04323
C04131	S04324
C04132	S04325
C04133	S04327
C04134	S04328
C04135	S04329
C04136	S04330
C04137	S04332
C04138	S04333
C04138	S07115
C04139	S04334
C04140	S04335
C04141	S04336
C04142	S04337
C04143	S04339
C04143	S08754
C04144	S04340
C04145	S04341
C04146	S04342
C04147	S04343
C04148	S04344
C04149	S04345
C04150	S04346
C04151	S04347
C04151	S06969
C04152	S04348
C04153	S04349
C04154	S04351
C04155	S04352
C04156	S04353
C04157	S04355
C04158	S04356
C04159	S04357
C04160	S04358
C04161	S04359
C04162	S04360
C04163	S04361
C04164	S04362
C04165	S04363
C04166	S04364
C04167	S04365
C04168	S04366
C04169	S04367
C04170	S04368
C04171	S04369
C04172	S04370
C04173	S04371
C04174	S04372
C04175	S04374
C04176	S04375
C04177	S04376
C04178	S04377
C04179	S04378
C04180	S04380
C04181	S04381
C04182	S04382
C04183	S04383
C04184	S04384
C04185	S04385
C04186	S04386
C04187	S04387
C04188	S04388
C04189	S04389
C04190	S04390
C04191	S04391
C04192	S04392
C04193	S04393
C04194	S04394
C04195	S04395
C04196	S04396
C04197	S04397
C04198	S04398
C04199	S04399
C04200	S04400
C04201	S04401
C04202	S04402
C04203	S04404
C04204	S04405
C04205	S04406
C04206	S04408
C04207	S04409
C04208	S04410
C04209	S04411
C04210	S04412
C04211	S04413
C04212	S04414
C04213	S04415
C04214	S04416
C04215	S04417
C04216	S04418
C04217	S04420
C04218	S04422
C04219	S04423
C04220	S04424
C04221	S04425
C04221	S04627
C04221	S07643
C04222	S04426
C04223	S04427
C04224	S04428
C04225	S04429
C04226	S04430
C04227	S04431
C04228	S04432
C04229	S04433
C04230	S04434
C04231	S04435
C04232	S04436
C04233	S04437
C04234	S04438
C04235	S04439
C04236	S04440
C04237	S04441
C04237	S06775
C04238	S04442
C04238	S04951
C04239	S04443
C04240	S04444
C04241	S04445
C04242	S04446
C04243	S04447
C04244	S04449
C04245	S04450
C04246	S04451
C04247	S04452
C04248	S04453
C04248	S06450
C04249	S04454
C04249	S05695
C04250	S04455
C04250	S08236
C04251	S04457
C04252	S04458
C04253	S04460
C04254	S04461
C04255	S04462
C04256	S04463
C04257	S04464
C04258	S04466
C04258	S07224
C04259	S04467
C04260	S04468
C04261	S04469
C04262	S04470
C04263	S04471
C04264	S04472
C04265	S04473
C04266	S04474
C04267	S04476
C04268	S04477
C04269	S04478
C04269	S04558
C04270	S04479
C04271	S04480
C04272	S04481
C04273	S04482
C04273	S07369
C04273	S08587
C04274	S04483
C04275	S04484
C04276	S04485
C04277	S04486
C04278	S04488
C04279	S04489
C04280	S04490
C04281	S04491
C04282	S04494
C04283	S04495
C04284	S04496
C04285	S04497
C04286	S04499
C04287	S04500
C04288	S04501
C04289	S04502
C04290	S04503
C04291	S04504
C04292	S04505
C04293	S04506
C04294	S04507
C04295	S04508
C04296	S04509
C04297	S04510
C04298	S04511
C04299	S04513
C04300	S04515
C04301	S04517
C04302	S04518
C04303	S04519
C04304	S04520
C04305	S04521
C04306	S04522
C04307	S04523
C04308	S04524
C04308	S08268
C04309	S04525
C04310	S04526
C04311	S04527
C04312	S04528
C04313	S04529
C04314	S04530
C04315	S04531
C04316	S04532
C04317	S04533
C04318	S04534
C04319	S04535
C04320	S04536
C04321	S04537
C04322	S04538
C04323	S04539
C04324	S04540
C04325	S04541
C04326	S04542
C04327	S04543
C04328	S04544
C04329	S04545
C04330	S04546
C04330	S09621
C04331	S04547
C04332	S04548
C04333	S04549
C04334	S04550
C04335	S04551
C04336	S04552
C04337	S04553
C04338	S04555
C04339	S04557
C04340	S04559
C04341	S04560
C04342	S04561
C04343	S04562
C04344	S04563
C04345	S04564
C04346	S04565
C04347	S04566
C04348	S04567
C04349	S04568
C04350	S04569
C04351	S04570
C04352	S04572
C04353	S04573
C04354	S04574
C04354	S04827
C04355	S04575
C04356	S04576
C04357	S04577
C04358	S04578
C04359	S04579
C04360	S04580
C04361	S04581
C04362	S04582
C04363	S04583
C04364	S04584
C04365	S04585
C04366	S04586
C04367	S04587
C04368	S04588
C04369	S04589
C04370	S04590
C04371	S04591
C04372	S04592
C04373	S04593
C04374	S04594
C04375	S04595
C04376	S04596
C04377	S04597
C04378	S04598
C04379	S04599
C04380	S04600
C04381	S04601
C04382	S04602
C04383	S04603
C04384	S04604
C04385	S04605
C04386	S04606
C04387	S04607
C04388	S04608
C04389	S04609
C04390	S04611
C04391	S04612
C04392	S04614
C04393	S04615
C04394	S04616
C04395	S04617
C04396	S04618
C04397	S04619
C04398	S04620
C04399	S04621
C04399	S05195
C04400	S04622
C04401	S04623
C04402	S04624
C04403	S04625
C04404	S04626
C04404	S07490
C04405	S04628
C04406	S04630
C04406	S06129
C04407	S04632
C04408	S04633
C04408	S04801
C04409	S04634
C04410	S04635
C04411	S04636
C04411	S06030
C04412	S04638
C04413	S04639
C04414	S04640
C04415	S04641
C04416	S04642
C04417	S04644
C04418	S04645
C04418	S05439
C04418	S07469
C04419	S04646
C04420	S04647
C04421	S04648
C04422	S04650
C04423	S04651
C04424	S04652
C04425	S04653
C04426	S04655
C04427	S04656
C04428	S04657
C04429	S04658
C04430	S04659
C04431	S04660
C04432	S04661
C04433	S04662
C04434	S04663
C04434	S08884
C04435	S04664
C04436	S04665
C04437	S04666
C04438	S04667
C04439	S04668
C04440	S04669
C04441	S04670
C04442	S04671
C04443	S04672
C04444	S04673
C04445	S04674
C04446	S04675
C04447	S04676
C04448	S04677
C04449	S04679
C04450	S04680
C04451	S04681
C04452	S04682
C04453	S04683
C04454	S04684
C04455	S04685
C04456	S04686
C04457	S04687
C04458	S04688
C04459	S04689
C04460	S04690
C04461	S04691
C04462	S04692
C04463	S04693
C04464	S04694
C04465	S04695
C04466	S04696
C04466	S09138
C04467	S04697
C04468	S04698
C04469	S04699
C04470	S04700
C04471	S04701
C04472	S04702
C04473	S04703
C04473	S05287
C04474	S04704
C04475	S04705
C04476	S04706
C04477	S04707
C04478	S04708
C04479	S04709
C04480	S04710
C04481	S04711
C04482	S04712
C04483	S04713
C04484	S04714
C04485	S04715
C04485	S04864
C04486	S04716
C04487	S04717
C04488	S04720
C04489	S04721
C04490	S04722
C04491	S04723
C04492	S04724
C04493	S04725
C04494	S04726
C04495	S04727
C04496	S04728
C04497	S04729
C04498	S04730
C04499	S04731
C04500	S04732
C04501	S04733
C04502	S04734
C04503	S04735
C04504	S04737
C04505	S04738
C04506	S04739
C04507	S04740
C04508	S04741
C04509	S04742
C04510	S04743
C04511	S04744
C04512	S04745
C04513	S04746
C04514	S04747
C04515	S04748
C04516	S04749
C04517	S04750
C04518	S04751
C04519	S04752
C04520	S04753
C04521	S04754
C04521	S09338
C04522	S04755
C04523	S04756
C04524	S04757
C04525	S04758
C04526	S04759
C04526	S06974
C04526	S09535
C04527	S04760
C04527	S07120
C04528	S04761
C04529	S04764
C04530	S04765
C04531	S04766
C04532	S04767
C04533	S04768
C04534	S04769
C04535	S04770
C04536	S04771
C04537	S04772
C04538	S04773
C04539	S04774
C04540	S04775
C04541	S04776
C04542	S04777
C04543	S04778
C04544	S04779
C04545	S04780
C04546	S04781
C04547	S04782
C04548	S04783
C04549	S04784
C04550	S04785
C04551	S04786
C04552	S04787
C04553	S04788
C04554	S04789
C04555	S04790
C04556	S04792
C04557	S04794
C04557	S08081
C04558	S04795
C04559	S04796
C04560	S04797
C04561	S04798
C04561	S05211
C04561	S09452
C04562	S04799
C04563	S04800
C04564	S04802
C04565	S04803
C04566	S04804
C04567	S04805
C04568	S04806
C04569	S04807
C04570	S04808
C04571	S04809
C04572	S04810
C04573	S04812
C04574	S04814
C04575	S04815
C04576	S04818
C04577	S04819
C04578	S04820
C04579	S04821
C04580	S04822
C04581	S04823
C04582	S04824
C04583	S04825
C04584	S04826
C04585	S04828
C04586	S04829
C04587	S04830
C04587	S08229
C04588	S04832
C04589	S04833
C04590	S04834
C04591	S04835
C04592	S04836
C04593	S04837
C04594	S04838
C04595	S04839
C04596	S04840
C04596	S04941
C04597	S04841
C04597	S08661
C04598	S04842
C04599	S04843
C04600	S04844
C04601	S04845
C04602	S04847
C04603	S04848
C04604	S04849
C04605	S04850
C04606	S04852
C04607	S04853
C04608	S04854
C04609	S04855
C04610	S04856
C04611	S04857
C04612	S04858
C04613	S04859
C04614	S04860
C04615	S04861
C04616	S04862
C04617	S04863
C04618	S04865
C04619	S04866
C04619	S08396
C04620	S04867
C04621	S04868
C04622	S04869
C04623	S04870
C04624	S04871
C04625	S04872
C04626	S04873
C04627	S04874
C04628	S04875
C04629	S04876
C04630	S04877
C04631	S04880
C04632	S04881
C04633	S04882
C04634	S04883
C04635	S04884
C04636	S04885
C04637	S04886
C04638	S04887
C04639	S04888
C04640	S04889
C04641	S04891
C04642	S04892
C04643	S04895
C04644	S04896
C04645	S04897
C04646	S04898
C04647	S04899
C04647	S08844
C04648	S04900
C04649	S04901
C04650	S04902
C04651	S04903
C04652	S04904
C04653	S04905
C04654	S04906
C04655	S04907
C04656	S04908
C04657	S04909
C04658	S04910
C04658	S05845
C04659	S04911
C04660	S04912
C04661	S04914
C04662	S04915
C04663	S04916
C04664	S04917
C04665	S04918
C04666	S04919
C04667	S04920
C04668	S04921
C04669	S04922
C04670	S04923
C04671	S04925
C04672	S04926
C04673	S04927
C04674	S04928
C04675	S04929
C04676	S04930
C04677	S04931
C04678	S04932
C04679	S04933
C04680	S04934
C04680	S06151
C04681	S04935
C04681	S09565
C04682	S04936
C04683	S04937
C04684	S04938
C04685	S04939
C04686	S04940
C04687	S04942
C04688	S04943
C04689	S04944
C04690	S04945
C04690	S07850
C04691	S04946
C04691	S08429
C04692	S04947
C04693	S04949
C04694	S04950
C04695	S04952
C04696	S04955
C04697	S04956
C04698	S04957
C04698	S05915
C04699	S04958
C04700	S04959
C04701	S04960
C04702	S04961
C04703	S04962
C04704	S04963
C04705	S04964
C04706	S04965
C04707	S04966
C04708	S04967
C04709	S04968
C04710	S04969
C04711	S04970
C04712	S04971
C04713	S04972
C04714	S04973
C04715	S04974
C04716	S04975
C04717	S04976
C04718	S04977
C04719	S04978
C04720	S04979
C04721	S04980
C04722	S04981
C04723	S04982
C04724	S04983
C04725	S04984
C04726	S04985
C04727	S04987
C04728	S04988
C04728	S06514
C04729	S04989
C04730	S04992
C04731	S04993
C04732	S04994
C04733	S04995
C04734	S04996
C04735	S04997
C04736	S04998
C04737	S05000
C04738	S05001
C04739	S05002
C04740	S05003
C04741	S05004
C04742	S05005
C04743	S05006
C04744	S05007
C04745	S05008
C04746	S05009
C04747	S05010
C04748	S05011
C04749	S05012
C04749	S08039
C04749	S08373
C04750	S05013
C04751	S05014
C04752	S05015
C04753	S05016
C04754	S05017
C04755	S05018
C04756	S05019
C04757	S05020
C04758	S05021
C04759	S05022
C04760	S05023
C04761	S05024
C04762	S05025
C04763	S05026
C04764	S05027
C04765	S05028
C04766	S05030
C04767	S05031
C04768	S05032
C04769	S05033
C04770	S05034
C04771	S05035
C04772	S05036
C04773	S05037
C04774	S05038
C04775	S05039
C04776	S05040
C04777	S05041
C04778	S05042
C04779	S05043
C04780	S05044
C04781	S05045
C04782	S05046
C04783	S05049
C04784	S05050
C04784	S08702
C04785	S05051
C04786	S05052
C04787	S05053
C04788	S05055
C04789	S05056
C04789	S09360
C04790	S05057
C04791	S05058
C04792	S05059
C04793	S05060
C04794	S05061
C04795	S05063
C04796	S05064
C04797	S05065
C04798	S05066
C04799	S05067
C04800	S05068
C04801	S05069
C04802	S05070
C04803	S05071
C04804	S05072
C04805	S05073
C04806	S05074
C04807	S05076
C04808	S05077
C04809	S05078
C04810	S05079
C04811	S05080
C04812	S05081
C04813	S05082
C04814	S05083
C04815	S05084
C04816	S05085
C04816	S07583
C04817	S05086
C04818	S05087
C04819	S05088
C04820	S05089
C04821	S05090
C04822	S05091
C04823	S05092
C04824	S05094
C04825	S05095
C04826	S05096
C04827	S05097
C04827	S09201
C04828	S05098
C04829	S05099
C04830	S05100
C04831	S05101
C04832	S05102
C04833	S05103
C04834	S05104
C04835	S05106
C04836	S05107
C04836	S07897
C04837	S05108
C04838	S05109
C04839	S05110
C04840	S05111
C04841	S05112
C04842	S05113
C04843	S05114
C04844	S05115
C04845	S05117
C04846	S05120
C04847	S05121
C04848	S05122
C04849	S05123
C04850	S05124
C04851	S05126
C04852	S05127
C04853	S05128
C04854	S05129
C04855	S05131
C04856	S05132
C04857	S05133
C04858	S05134
C04859	S05135
C04859	S08235
C04860	S05136
C04861	S05137
C04862	S05138
C04863	S05139
C04864	S05140
C04865	S05141
C04866	S05142
C04867	S05143
C04868	S05144
C04869	S05145
C04870	S05146
C04871	S05147
C04871	S09115
C04872	S05148
C04873	S05149
C04874	S05150
C04875	S05151
C04876	S05152
C04877	S05153
C04878	S05154
C04879	S05155
C04880	S05156
C04881	S05157
C04882	S05158
C04883	S05159
C04884	S05160
C04885	S05161
C04886	S05162
C04887	S05163
C04888	S05164
C04889	S05165
C04890	S05166
C04891	S05167
C04891	S08881
C04891	S08908
C04892	S05168
C04893	S05169
C04894	S05170
C04895	S05171
C04896	S05172
C04897	S05173
C04898	S05174
C04899	S05175
C04900	S05176
C04901	S05177
C04902	S05178
C04903	S05179
C04904	S05180
C04905	S05181
C04906	S05182
C04907	S05183
C04908	S05184
C04909	S05185
C04910	S05186
C04911	S05187
C04912	S05188
C04913	S05189
C04914	S05190
C04915	S05191
C04915	S08724
C04916	S05192
C04917	S05193
C04918	S05194
C04919	S05196
C04920	S05197
C04921	S05198
C04922	S05199
C04923	S05200
C04924	S05201
C04925	S05202
C04926	S05203
C04927	S05204
C04928	S05205
C04929	S05206
C04930	S05207
C04931	S05208
C04932	S05209
C04933	S05210
C04934	S05212
C04935	S05213
C04936	S05214
C04937	S05215
C04938	S05216
C04939	S05217
C04940	S05218
C04941	S05219
C04942	S05220
C04943	S05222
C04944	S05223
C04945	S05224
C04946	S05225
C04947	S05226
C04948	S05227
C04949	S05228
C04950	S05230
C04951	S05231
C04952	S05232
C04953	S05233
C04954	S05234
C04955	S05235
C04956	S05236
C04957	S05237
C04958	S05238
C04959	S05239
C04960	S05240
C04961	S05241
C04962	S05242
C04963	S05243
C04964	S05244
C04965	S05245
C04966	S05246
C04967	S05248
C04968	S05249
C04969	S05250
C04970	S05251
C04971	S05252
C04972	S05253
C04973	S05254
C04974	S05255
C04975	S05256
C04976	S05257
C04977	S05258
C04978	S05259
C04979	S05260
C04980	S05261
C04981	S05262
C04982	S05263
C04983	S05264
C04984	S05265
C04985	S05266
C04986	S05267
C04987	S05268
C04988	S05269
C04989	S05270
C04990	S05271
C04991	S05272
C04992	S05273
C04993	S05274
C04994	S05275
C04995	S05276
C04996	S05277
C04997	S05279
C04998	S05280
C04998	S06829
C04999	S05281
C05000	S05282
C05001	S05284
C05002	S05285
C05003	S05288
C05004	S05289
C05005	S05290
C05006	S05291
C05007	S05292
C05008	S05293
C05009	S05295
C05010	S05296
C05011	S05297
C05012	S05299
C05013	S05300
C05014	S05301
C05015	S05302
C05016	S05303
C05017	S05304
C05018	S05305
C05019	S05306
C05020	S05307
C05021	S05308
C05022	S05309
C05023	S05310
C05024	S05311
C05025	S05312
C05026	S05313
C05026	S08406
C05027	S05314
C05028	S05315
C05029	S05316
C05029	S05982
C05030	S05317
C05030	S09127
C05031	S05318
C05032	S05319
C05032	S06203
C05033	S05320
C05034	S05321
C05035	S05322
C05036	S05323
C05037	S05325
C05038	S05326
C05039	S05327
C05040	S05328
C05041	S05329
C05042	S05330
C05043	S05331
C05044	S05332
C05045	S05333
C05046	S05334
C05047	S05335
C05048	S05336
C05048	S07445
C05049	S05337
C05050	S05338
C05051	S05339
C05052	S05340
C05053	S05341
C05054	S05342
C05055	S05343
C05056	S05344
C05057	S05345
C05058	S05346
C05059	S05347
C05060	S05348
C05061	S05349
C05062	S05350
C05063	S05351
C05064	S05352
C05065	S05353
C05066	S05354
C05067	S05355
C05068	S05356
C05069	S05357
C05070	S05358
C05071	S05360
C05072	S05361
C05073	S05362
C05074	S05363
C05075	S05364
C05076	S05365
C05077	S05366
C05078	S05367
C05079	S05368
C05080	S05369
C05081	S05370
C05082	S05371
C05083	S05372
C05084	S05373
C05085	S05374
C05086	S05375
C05087	S05377
C05088	S05379
C05089	S05380
C05090	S05381
C05091	S05382
C05092	S05383
C05093	S05384
C05093	S05900
C05094	S05385
C05095	S05386
C05096	S05387
C05097	S05388
C05098	S05389
C05099	S05390
C05100	S05391
C05101	S05392
C05102	S05393
C05103	S05394
C05104	S05395
C05105	S05396
C05106	S05397
C05107	S05398
C05108	S05399
C05109	S05400
C05110	S05401
C05111	S05402
C05112	S05403
C05113	S05404
C05114	S05405
C05115	S05406
C05116	S05407
C05117	S05408
C05118	S05409
C05119	S05410
C05120	S05411
C05121	S05412
C05121	S06328
C05122	S05413
C05123	S05414
C05124	S05415
C05125	S05416
C05126	S05418
C05127	S05419
C05128	S05420
C05129	S05421
C05130	S05422
C05131	S05423
C05132	S05424
C05133	S05425
C05134	S05426
C05135	S05427
C05136	S05428
C05137	S05430
C05138	S05431
C05139	S05433
C05140	S05434
C05141	S05435
C05142	S05436
C05143	S05437
C05144	S05438
C05145	S05440
C05145	S07945
C05146	S05441
C05147	S05442
C05147	S06833
C05148	S05443
C05149	S05445
C05150	S05446
C05151	S05447
C05152	S05448
C05153	S05450
C05154	S05451
C05155	S05452
C05156	S05453
C05157	S05454
C05158	S05455
C05159	S05456
C05160	S05457
C05161	S05458
C05162	S05459
C05163	S05460
C05164	S05461
C05165	S05462
C05166	S05463
C05167	S05464
C05168	S05465
C05169	S05466
C05170	S05468
C05171	S05469
C05172	S05470
C05173	S05471
C05174	S05472
C05175	S05473
C05176	S05474
C05177	S05475
C05178	S05476
C05178	S08778
C05179	S05477
C05180	S05478
C05181	S05479
C05182	S05480
C05183	S05481
C05184	S05482
C05185	S05483
C05185	S08408
C05186	S05484
C05187	S05485
C05188	S05486
C05189	S05487
C05190	S05488
C05191	S05489
C05192	S05490
C05193	S05491
C05194	S05492
C05195	S05493
C05196	S05494
C05197	S05495
C05198	S05496
C05199	S05497
C05200	S05498
C05201	S05499
C05202	S05500
C05203	S05501
C05204	S05502
C05205	S05503
C05206	S05504
C05207	S05505
C05208	S05506
C05209	S05507
C05210	S05508
C05211	S05509
C05212	S05510
C05213	S05511
C05214	S05512
C05215	S05513
C05216	S05515
C05217	S05516
C05218	S05517
C05219	S05518
C05220	S05519
C05221	S05520
C05222	S05521
C05223	S05522
C05224	S05523
C05225	S05525
C05226	S05526
C05227	S05527
C05228	S05528
C05229	S05529
C05230	S05530
C05231	S05531
C05232	S05532
C05233	S05533
C05234	S05534
C05235	S05535
C05236	S05536
C05237	S05537
C05238	S05538
C05239	S05539
C05240	S05540
C05241	S05541
C05242	S05542
C05243	S05543
C05244	S05544
C05245	S05545
C05246	S05546
C05247	S05547
C05248	S05548
C05249	S05549
C05250	S05550
C05251	S05551
C05252	S05552
C05252	S07285
C05253	S05553
C05254	S05554
C05255	S05555
C05256	S05556
C05257	S05557
C05258	S05558
C05259	S05559
C05260	S05560
C05261	S05561
C05262	S05562
C05263	S05563
C05264	S05564
C05265	S05565
C05266	S05566
C05267	S05567
C05268	S05568
C05269	S05569
C05270	S05570
C05271	S05571
C05272	S05572
C05273	S05573
C05274	S05574
C05275	S05575
C05276	S05576
C05277	S05577
C05278	S05578
C05279	S05579
C05280	S05580
C05281	S05581
C05282	S05582
C05283	S05583
C05283	S07484
C05284	S05585
C05285	S05586
C05286	S05587
C05287	S05588
C05288	S05589
C05289	S05590
C05289	S05881
C05290	S05591
C05291	S05592
C05292	S05593
C05293	S05594
C05293	S09441
C05294	S05595
C05295	S05596
C05296	S05597
C05297	S05598
C05298	S05599
C05299	S05600
C05300	S05602
C05301	S05603
C05302	S05604
C05303	S05605
C05304	S05606
C05305	S05607
C05306	S05608
C05307	S05609
C05308	S05610
C05309	S05611
C05310	S05612
C05311	S05613
C05312	S05614
C05313	S05615
C05314	S05616
C05315	S05618
C05316	S05619
C05317	S05620
C05318	S05621
C05319	S05622
C05320	S05623
C05321	S05624
C05322	S05625
C05323	S05626
C05324	S05627
C05325	S05628
C05325	S05718
C05326	S05629
C05327	S05630
C05328	S05631
C05329	S05632
C05329	S08208
C05330	S05633
C05331	S05634
C05332	S05636
C05333	S05637
C05334	S05638
C05335	S05639
C05336	S05640
C05337	S05641
C05338	S05642
C05339	S05643
C05340	S05644
C05341	S05645
C05342	S05646
C05343	S05648
C05344	S05649
C05345	S05650
C05346	S05651
C05347	S05652
C05348	S05653
C05349	S05654
C05350	S05655
C05351	S05656
C05352	S05657
C05353	S05658
C05354	S05659
C05355	S05660
C05356	S05661
C05357	S05662
C05358	S05663
C05359	S05664
C05360	S05665
C05361	S05666
C05362	S05667
C05363	S05668
C05364	S05670
C05365	S05671
C05366	S05672
C05367	S05673
C05368	S05674
C05369	S05675
C05370	S05676
C05371	S05677
C05372	S05678
C05373	S05679
C05374	S05680
C05375	S05681
C05376	S05682
C05377	S05683
C05378	S05684
C05379	S05685
C05380	S05686
C05381	S05687
C05382	S05688
C05383	S05689
C05384	S05690
C05385	S05691
C05386	S05692
C05387	S05693
C05388	S05694
C05389	S05696
C05390	S05697
C05391	S05698
C05392	S05699
C05393	S05700
C05394	S05701
C05395	S05702
C05396	S05703
C05397	S05704
C05398	S05705
C05399	S05706
C05400	S05707
C05401	S05708
C05402	S05709
C05403	S05710
C05404	S05711
C05405	S05712
C05406	S05713
C05407	S05714
C05408	S05715
C05409	S05716
C05410	S05717
C05411	S05719
C05412	S05720
C05413	S05721
C05414	S05722
C05415	S05723
C05416	S05724
C05417	S05725
C05418	S05726
C05418	S06153
C05419	S05727
C05420	S05728
C05421	S05729
C05422	S05730
C05423	S05732
C05424	S05733
C05425	S05734
C05426	S05736
C05427	S05737
C05428	S05738
C05429	S05739
C05430	S05740
C05431	S05741
C05432	S05742
C05433	S05743
C05434	S05744
C05435	S05745
C05436	S05746
C05437	S05747
C05438	S05748
C05439	S05749
C05440	S05750
C05441	S05751
C05442	S05753
C05443	S05754
C05444	S05755
C05445	S05756
C05446	S05757
C05446	S08248
C05447	S05758
C05448	S05759
C05449	S05760
C05450	S05761
C05451	S05762
C05452	S05763
C05453	S05764
C05454	S05765
C05455	S05766
C05456	S05767
C05457	S05768
C05458	S05769
C05459	S05770
C05460	S05771
C05461	S05772
C05462	S05773
C05463	S05774
C05464	S05775
C05464	S05955
C05465	S05776
C05466	S05777
C05467	S05778
C05468	S05779
C05469	S05780
C05470	S05781
C05471	S05782
C05472	S05783
C05473	S05784
C05474	S05785
C05475	S05786
C05475	S06591
C05476	S05787
C05477	S05788
C05478	S05789
C05479	S05790
C05480	S05791
C05481	S05792
C05482	S05793
C05483	S05794
C05484	S05795
C05484	S06788
C05485	S05796
C05486	S05797
C05487	S05798
C05488	S05799
C05489	S05800
C05490	S05801
C05491	S05802
C05492	S05803
C05493	S05804
C05494	S05805
C05495	S05806
C05496	S05807
C05497	S05809
C05497	S07800
C05498	S05810
C05499	S05811
C05500	S05812
C05501	S05813
C05502	S05814
C05503	S05815
C05504	S05816
C05505	S05818
C05506	S05819
C05507	S05820
C05508	S05821
C05509	S05822
C05510	S05823
C05511	S05824
C05512	S05825
C05513	S05826
C05514	S05827
C05515	S05828
C05516	S05829
C05517	S05830
C05518	S05831
C05519	S05832
C05520	S05833
C05521	S05834
C05522	S05836
C05523	S05837
C05524	S05838
C05525	S05839
C05526	S05840
C05527	S05841
C05528	S05843
C05529	S05844
C05530	S05847
C05531	S05848
C05532	S05849
C05533	S05850
C05534	S05851
C05535	S05852
C05536	S05853
C05537	S05854
C05538	S05858
C05539	S05860
C05540	S05861
C05541	S05862
C05542	S05863
C05543	S05864
C05544	S05865
C05545	S05866
C05546	S05867
C05547	S05868
C05548	S05869
C05549	S05870
C05550	S05871
C05551	S05872
C05552	S05873
C05553	S05874
C05553	S06350
C05554	S05875
C05555	S05877
C05556	S05878
C05557	S05879
C05558	S05880
C05559	S05882
C05560	S05883
C05561	S05884
C05562	S05885
C05563	S05886
C05564	S05887
C05565	S05888
C05566	S05890
C05567	S05891
C05568	S05892
C05569	S05893
C05570	S05894
C05571	S05895
C05572	S05896
C05573	S05897
C05574	S05898
C05575	S05899
C05576	S05902
C05577	S05903
C05578	S05904
C05579	S05906
C05580	S05907
C05581	S05908
C05582	S05909
C05583	S05911
C05584	S05912
C05585	S05913
C05586	S05914
C05587	S05916
C05588	S05917
C05589	S05918
C05590	S05920
C05591	S05921
C05592	S05922
C05593	S05923
C05594	S05924
C05595	S05925
C05596	S05926
C05597	S05927
C05598	S05928
C05599	S05929
C05600	S05930
C05601	S05931
C05602	S05932
C05603	S05933
C05604	S05934
C05605	S05935
C05606	S05936
C05607	S05937
C05608	S05938
C05609	S05939
C05610	S05940
C05611	S05941
C05612	S05942
C05613	S05943
C05614	S05945
C05615	S05946
C05616	S05947
C05617	S05948
C05618	S05949
C05619	S05950
C05620	S05951
C05621	S05952
C05622	S05953
C05623	S05954
C05624	S05956
C05625	S05957
C05626	S05958
C05627	S05960
C05628	S05961
C05629	S05962
C05630	S05963
C05630	S08058
C05631	S05964
C05632	S05965
C05633	S05966
C05634	S05968
C05635	S05969
C05636	S05970
C05637	S05972
C05638	S05973
C05639	S05974
C05640	S05975
C05641	S05976
C05642	S05977
C05643	S05978
C05644	S05979
C05645	S05980
C05646	S05981
C05647	S05983
C05648	S05984
C05649	S05985
C05650	S05986
C05651	S05987
C05651	S06302
C05652	S05988
C05653	S05989
C05654	S05990
C05655	S05991
C05656	S05992
C05657	S05993
C05658	S05994
C05659	S05995
C05660	S05996
C05661	S05997
C05662	S05998
C05663	S06000
C05664	S06001
C05665	S06002
C05666	S06003
C05667	S06004
C05668	S06005
C05669	S06006
C05670	S06007
C05670	S06188
C05671	S06009
C05672	S06010
C05673	S06012
C05674	S06013
C05675	S06014
C05676	S06015
C05677	S06016
C05678	S06017
C05679	S06018
C05680	S06019
C05681	S06020
C05682	S06021
C05683	S06022
C05684	S06023
C05685	S06024
C05686	S06025
C05687	S06026
C05688	S06027
C05689	S06028
C05690	S06029
C05691	S06031
C05692	S06032
C05693	S06033
C05693	S06742
C05694	S06034
C05695	S06035
C05696	S06036
C05697	S06037
C05698	S06038
C05699	S06039
C05700	S06040
C05701	S06041
C05702	S06042
C05703	S06043
C05704	S06044
C05705	S06045
C05706	S06046
C05707	S06047
C05708	S06048
C05709	S06049
C05710	S06050
C05711	S06051
C05712	S06052
C05713	S06053
C05714	S06054
C05715	S06055
C05716	S06056
C05717	S06057
C05717	S06299
C05718	S06058
C05719	S06059
C05720	S06060
C05721	S06061
C05722	S06062
C05723	S06063
C05724	S06064
C05725	S06065
C05726	S06066
C05727	S06067
C05728	S06068
C05728	S07553
C05729	S06069
C05730	S06070
C05731	S06072
C05732	S06073
C05732	S06986
C05733	S06074
C05734	S06075
C05735	S06076
C05736	S06077
C05737	S06078
C05738	S06079
C05739	S06080
C05740	S06081
C05741	S06082
C05742	S06083
C05743	S06084
C05744	S06085
C05745	S06086
C05746	S06087
C05747	S06088
C05748	S06089
C05749	S06090
C05750	S06091
C05751	S06092
C05752	S06093
C05753	S06094
C05754	S06095
C05755	S06096
C05756	S06097
C05757	S06098
C05758	S06099
C05759	S06100
C05760	S06101
C05761	S06102
C05762	S06103
C05763	S06104
C05764	S06105
C05765	S06106
C05766	S06107
C05767	S06108
C05768	S06109
C05769	S06110
C05770	S06112
C05771	S06113
C05772	S06115
C05773	S06116
C05774	S06117
C05775	S06118
C05776	S06119
C05777	S06120
C05778	S06121
C05779	S06122
C05780	S06123
C05781	S06124
C05782	S06125
C05783	S06126
C05784	S06127
C05784	S08459
C05785	S06128
C05786	S06130
C05787	S06131
C05788	S06132
C05789	S06133
C05790	S06135
C05791	S06137
C05792	S06138
C05793	S06139
C05794	S06140
C05794	S09721
C05795	S06141
C05796	S06142
C05797	S06143
C05798	S06144
C05798	S08696
C05799	S06145
C05800	S06146
C05801	S06147
C05802	S06148
C05803	S06149
C05804	S06150
C05805	S06152
C05806	S06154
C05807	S06155
C05808	S06156
C05809	S06157
C05810	S06158
C05811	S06159
C05811	S07543
C05812	S06160
C05813	S06162
C05814	S06163
C05815	S06164
C05815	S07149
C05816	S06165
C05817	S06166
C05818	S06167
C05819	S06168
C05820	S06169
C05821	S06170
C05822	S06171
C05823	S06172
C05824	S06173
C05825	S06175
C05826	S06176
C05827	S06178
C05828	S06179
C05829	S06180
C05830	S06181
C05831	S06183
C05832	S06184
C05833	S06185
C05834	S06186
C05835	S06187
C05836	S06189
C05837	S06190
C05838	S06191
C05839	S06192
C05840	S06193
C05841	S06194
C05842	S06195
C05843	S06196
C05844	S06197
C05845	S06198
C05846	S06199
C05847	S06201
C05848	S06202
C05849	S06204
C05850	S06205
C05851	S06206
C05852	S06207
C05853	S06208
C05854	S06209
C05855	S06210
C05856	S06211
C05857	S06212
C05858	S06213
C05859	S06214
C05860	S06215
C05861	S06217
C05861	S06807
C05861	S08162
C05862	S06218
C05863	S06219
C05864	S06220
C05865	S06221
C05865	S09265
C05866	S06222
C05867	S06223
C05868	S06224
C05869	S06225
C05870	S06226
C05871	S06227
C05872	S06229
C05873	S06231
C05874	S06234
C05875	S06235
C05876	S06236
C05877	S06237
C05878	S06239
C05879	S06240
C05880	S06241
C05881	S06242
C05882	S06243
C05883	S06244
C05884	S06245
C05885	S06246
C05886	S06247
C05887	S06248
C05888	S06249
C05889	S06251
C05890	S06252
C05891	S06253
C05892	S06254
C05893	S06255
C05894	S06256
C05895	S06257
C05896	S06258
C05897	S06260
C05898	S06261
C05899	S06262
C05900	S06263
C05901	S06264
C05902	S06265
C05903	S06266
C05904	S06267
C05905	S06269
C05906	S06271
C05907	S06272
C05908	S06273
C05909	S06274
C05910	S06275
C05911	S06276
C05912	S06277
C05913	S06278
C05914	S06279
C05915	S06280
C05916	S06281
C05917	S06282
C05918	S06283
C05919	S06284
C05920	S06285
C05921	S06286
C05922	S06287
C05923	S06288
C05924	S06289
C05925	S06290
C05926	S06291
C05927	S06292
C05928	S06293
C05929	S06294
C05930	S06295
C05931	S06296
C05932	S06297
C05933	S06298
C05934	S06300
C05935	S06301
C05936	S06303
C05937	S06304
C05938	S06305
C05939	S06306
C05940	S06307
C05941	S06308
C05942	S06309
C05943	S06310
C05944	S06311
C05945	S06312
C05946	S06313
C05947	S06314
C05948	S06315
C05949	S06316
C05950	S06317
C05951	S06318
C05952	S06319
C05953	S06320
C05953	S07279
C05954	S06321
C05955	S06322
C05956	S06323
C05957	S06326
C05958	S06327
C05959	S06329
C05960	S06330
C05961	S06331
C05962	S06332
C05963	S06333
C05964	S06334
C05965	S06335
C05965	S08700
C05966	S06336
C05967	S06337
C05968	S06338
C05968	S07029
C05969	S06340
C05970	S06341
C05971	S06342
C05972	S06343
C05973	S06344
C05974	S06345
C05975	S06346
C05976	S06347
C05977	S06348
C05978	S06349
C05979	S06352
C05980	S06353
C05981	S06354
C05982	S06355
C05983	S06356
C05984	S06357
C05985	S06358
C05986	S06359
C05987	S06361
C05988	S06362
C05989	S06363
C05990	S06364
C05991	S06365
C05992	S06366
C05993	S06367
C05994	S06368
C05995	S06369
C05996	S06370
C05997	S06371
C05998	S06372
C05999	S06373
C06000	S06374
C06001	S06376
C06002	S06377
C06003	S06378
C06004	S06379
C06005	S06380
C06006	S06381
C06007	S06382
C06008	S06383
C06009	S06384
C06010	S06385
C06011	S06387
C06012	S06388
C06013	S06390
C06014	S06391
C06015	S06392
C06016	S06393
C06017	S06394
C06018	S06395
C06019	S06396
C06020	S06397
C06021	S06398
C06022	S06399
C06023	S06400
C06024	S06402
C06025	S06403
C06026	S06406
C06027	S06407
C06028	S06408
C06029	S06409
C06030	S06410
C06031	S06411
C06032	S06412
C06033	S06413
C06034	S06414
C06035	S06415
C06036	S06416
C06037	S06417
C06038	S06418
C06039	S06419
C06040	S06420
C06041	S06421
C06042	S06422
C06043	S06423
C06044	S06424
C06045	S06425
C06046	S06426
C06047	S06427
C06048	S06429
C06049	S06430
C06050	S06431
C06051	S06432
C06052	S06433
C06053	S06434
C06054	S06435
C06055	S06436
C06056	S06437
C06057	S06438
C06058	S06439
C06059	S06440
C06060	S06441
C06061	S06442
C06062	S06443
C06063	S06444
C06064	S06445
C06065	S06446
C06066	S06447
C06067	S06448
C06068	S06449
C06069	S06451
C06070	S06452
C06071	S06453
C06072	S06454
C06073	S06455
C06074	S06457
C06075	S06458
C06076	S06459
C06077	S06460
C06078	S06461
C06079	S06462
C06080	S06463
C06081	S06464
C06082	S06465
C06083	S06466
C06084	S06468
C06085	S06469
C06086	S06470
C06087	S06472
C06088	S06473
C06089	S06474
C06090	S06475
C06091	S06476
C06092	S06477
C06093	S06478
C06094	S06479
C06095	S06480
C06096	S06481
C06097	S06482
C06098	S06483
C06099	S06484
C06100	S06485
C06101	S06486
C06102	S06487
C06103	S06488
C06104	S06489
C06105	S06490
C06106	S06491
C06107	S06492
C06108	S06493
C06109	S06494
C06110	S06495
C06111	S06496
C06112	S06497
C06113	S06498
C06114	S06499
C06115	S06500
C06116	S06501
C06117	S06502
C06118	S06503
C06119	S06504
C06120	S06505
C06121	S06506
C06122	S06507
C06123	S06508
C06124	S06509
C06125	S06510
C06126	S06511
C06127	S06512
C06128	S06513
C06129	S06515
C06130	S06518
C06131	S06520
C06132	S06521
C06133	S06522
C06134	S06523
C06135	S06524
C06136	S06525
C06137	S06526
C06138	S06527
C06139	S06528
C06140	S06529
C06141	S06530
C06142	S06531
C06143	S06532
C06144	S06533
C06145	S06534
C06146	S06535
C06147	S06536
C06148	S06537
C06149	S06538
C06150	S06539
C06151	S06540
C06152	S06541
C06153	S06542
C06154	S06543
C06155	S06544
C06156	S06545
C06157	S06546
C06158	S06547
C06159	S06548
C06160	S06549
C06161	S06551
C06162	S06552
C06162	S08541
C06163	S06553
C06164	S06554
C06165	S06555
C06166	S06556
C06167	S06557
C06168	S06558
C06169	S06559
C06170	S06560
C06171	S06561
C06172	S06563
C06173	S06564
C06174	S06565
C06175	S06566
C06176	S06567
C06177	S06568
C06178	S06569
C06179	S06570
C06180	S06571
C06181	S06572
C06182	S06573
C06183	S06574
C06184	S06575
C06185	S06576
C06186	S06577
C06186	S06667
C06187	S06578
C06188	S06579
C06189	S06580
C06190	S06581
C06191	S06582
C06192	S06583
C06193	S06584
C06194	S06585
C06195	S06586
C06196	S06587
C06197	S06588
C06198	S06589
C06199	S06590
C06200	S06592
C06201	S06594
C06202	S06595
C06203	S06596
C06204	S06597
C06205	S06598
C06206	S06599
C06207	S06600
C06208	S06601
C06209	S06602
C06210	S06603
C06211	S06604
C06212	S06605
C06213	S06606
C06214	S06607
C06215	S06608
C06216	S06609
C06217	S06610
C06218	S06611
C06219	S06612
C06220	S06613
C06221	S06614
C06222	S06615
C06223	S06616
C06224	S06617
C06225	S06618
C06226	S06620
C06227	S06621
C06228	S06622
C06229	S06623
C06229	S06798
C06230	S06624
C06231	S06625
C06232	S06626
C06233	S06627
C06233	S08583
C06234	S06628
C06235	S06629
C06236	S06630
C06237	S06631
C06238	S06632
C06239	S06633
C06240	S06634
C06241	S06635
C06242	S06636
C06243	S06637
C06244	S06638
C06245	S06639
C06246	S06640
C06247	S06641
C06248	S06642
C06249	S06643
C06250	S06644
C06251	S06645
C06252	S06646
C06253	S06647
C06254	S06648
C06255	S06649
C06256	S06650
C06257	S06651
C06258	S06652
C06259	S06653
C06260	S06654
C06261	S06655
C06262	S06656
C06263	S06657
C06264	S06658
C06265	S06659
C06266	S06660
C06267	S06661
C06268	S06662
C06269	S06663
C06270	S06664
C06271	S06665
C06272	S06668
C06273	S06669
C06274	S06670
C06275	S06672
C06276	S06673
C06277	S06674
C06278	S06675
C06279	S06677
C06280	S06678
C06281	S06679
C06282	S06680
C06283	S06681
C06284	S06682
C06285	S06683
C06286	S06684
C06287	S06685
C06288	S06686
C06289	S06687
C06290	S06688
C06291	S06689
C06292	S06690
C06293	S06691
C06294	S06692
C06295	S06693
C06296	S06694
C06297	S06695
C06298	S06696
C06299	S06698
C06300	S06699
C06301	S06700
C06302	S06701
C06303	S06702
C06304	S06703
C06305	S06704
C06306	S06706
C06307	S06707
C06308	S06708
C06309	S06709
C06310	S06710
C06311	S06712
C06312	S06713
C06313	S06714
C06314	S06716
C06315	S06717
C06316	S06720
C06317	S06721
C06318	S06722
C06319	S06724
C06320	S06725
C06321	S06726
C06322	S06727
C06323	S06728
C06324	S06729
C06325	S06730
C06326	S06731
C06327	S06732
C06328	S06733
C06329	S06734
C06330	S06735
C06331	S06736
C06332	S06737
C06333	S06738
C06334	S06739
C06335	S06740
C06336	S06741
C06337	S06743
C06338	S06744
C06339	S06746
C06339	S06835
C06339	S09544
C06340	S06747
C06341	S06748
C06342	S06749
C06343	S06750
C06344	S06751
C06345	S06752
C06346	S06753
C06347	S06754
C06348	S06755
C06349	S06756
C06350	S06758
C06351	S06759
C06352	S06760
C06353	S06761
C06354	S06762
C06355	S06763
C06356	S06764
C06357	S06766
C06358	S06767
C06359	S06768
C06360	S06769
C06361	S06770
C06362	S06771
C06363	S06772
C06364	S06773
C06365	S06774
C06366	S06776
C06367	S06777
C06368	S06778
C06369	S06779
C06370	S06781
C06371	S06782
C06372	S06783
C06373	S06785
C06374	S06786
C06375	S06787
C06376	S06789
C06377	S06790
C06378	S06791
C06379	S06792
C06380	S06793
C06381	S06794
C06382	S06795
C06383	S06796
C06384	S06797
C06385	S06799
C06386	S06800
C06387	S06801
C06388	S06802
C06389	S06803
C06390	S06804
C06390	S08889
C06391	S06805
C06392	S06806
C06393	S06808
C06394	S06809
C06395	S06811
C06396	S06812
C06397	S06813
C06398	S06814
C06399	S06815
C06400	S06816
C06401	S06817
C06402	S06818
C06403	S06819
C06404	S06820
C06405	S06821
C06406	S06822
C06407	S06823
C06408	S06824
C06409	S06825
C06410	S06826
C06411	S06827
C06412	S06828
C06413	S06830
C06414	S06831
C06415	S06834
C06416	S06836
C06417	S06837
C06418	S06838
C06419	S06839
C06420	S06840
C06421	S06841
C06421	S07441
C06422	S06842
C06423	S06843
C06424	S06844
C06425	S06845
C06426	S06846
C06427	S06847
C06428	S06848
C06429	S06849
C06430	S06850
C06431	S06851
C06432	S06852
C06433	S06853
C06434	S06854
C06435	S06855
C06436	S06856
C06437	S06857
C06438	S06858
C06439	S06860
C06440	S06861
C06441	S06862
C06442	S06863
C06443	S06864
C06444	S06865
C06444	S08467
C06445	S06866
C06446	S06867
C06447	S06868
C06448	S06869
C06449	S06870
C06450	S06871
C06451	S06872
C06452	S06873
C06453	S06874
C06454	S06875
C06455	S06876
C06456	S06877
C06457	S06878
C06458	S06879
C06459	S06880
C06460	S06881
C06461	S06882
C06462	S06883
C06463	S06884
C06464	S06885
C06465	S06886
C06466	S06887
C06467	S06889
C06468	S06890
C06469	S06892
C06470	S06893
C06471	S06894
C06472	S06896
C06473	S06897
C06474	S06898
C06475	S06899
C06476	S06900
C06477	S06901
C06478	S06902
C06479	S06903
C06480	S06904
C06481	S06905
C06482	S06906
C06483	S06907
C06484	S06908
C06485	S06909
C06486	S06910
C06487	S06911
C06488	S06912
C06489	S06913
C06490	S06914
C06491	S06915
C06492	S06916
C06493	S06917
C06494	S06918
C06495	S06919
C06496	S06920
C06497	S06921
C06498	S06922
C06499	S06923
C06500	S06924
C06501	S06925
C06502	S06926
C06503	S06927
C06504	S06929
C06505	S06930
C06506	S06931
C06507	S06932
C06508	S06933
C06509	S06934
C06510	S06935
C06511	S06936
C06512	S06937
C06513	S06938
C06514	S06939
C06515	S06940
C06516	S06941
C06517	S06942
C06518	S06943
C06519	S06944
C06520	S06945
C06521	S06946
C06522	S06947
C06523	S06948
C06524	S06949
C06525	S06950
C06526	S06951
C06527	S06952
C06528	S06953
C06529	S06954
C06530	S06955
C06531	S06956
C06532	S06957
C06533	S06958
C06534	S06959
C06535	S06960
C06536	S06961
C06537	S06962
C06538	S06964
C06539	S06965
C06540	S06966
C06541	S06967
C06542	S06968
C06543	S06970
C06543	S09183
C06544	S06971
C06545	S06972
C06546	S06973
C06547	S06976
C06548	S06977
C06549	S06978
C06550	S06979
C06551	S06980
C06552	S06981
C06553	S06982
C06554	S06983
C06555	S06984
C06556	S06985
C06557	S06987
C06558	S06988
C06559	S06989
C06560	S06990
C06561	S06991
C06562	S06992
C06563	S06993
C06564	S06994
C06565	S06995
C06566	S06996
C06567	S06997
C06568	S06998
C06569	S06999
C06570	S07000
C06571	S07001
C06572	S07003
C06573	S07004
C06574	S07005
C06575	S07006
C06576	S07007
C06577	S07008
C06578	S07009
C06579	S07010
C06580	S07011
C06581	S07012
C06582	S07013
C06583	S07014
C06584	S07015
C06585	S07016
C06586	S07017
C06587	S07018
C06588	S07019
C06589	S07020
C06590	S07021
C06591	S07022
C06592	S07023
C06593	S07024
C06594	S07025
C06595	S07026
C06596	S07028
C06597	S07030
C06598	S07032
C06599	S07033
C06600	S07034
C06601	S07035
C06602	S07036
C06603	S07037
C06604	S07038
C06605	S07039
C06606	S07040
C06607	S07041
C06608	S07042
C06609	S07043
C06609	S09451
C06610	S07044
C06611	S07045
C06612	S07046
C06613	S07047
C06614	S07048
C06615	S07050
C06616	S07051
C06617	S07052
C06618	S07053
C06619	S07054
C06620	S07055
C06621	S07056
C06622	S07057
C06623	S07058
C06624	S07059
C06625	S07060
C06626	S07061
C06627	S07062
C06628	S07064
C06629	S07065
C06630	S07066
C06631	S07067
C06632	S07068
C06633	S07069
C06634	S07070
C06635	S07072
C06636	S07073
C06637	S07074
C06638	S07075
C06639	S07076
C06640	S07077
C06641	S07078
C06642	S07079
C06643	S07080
C06644	S07081
C06645	S07082
C06646	S07084
C06647	S07085
C06648	S07086
C06649	S07087
C06650	S07088
C06651	S07089
C06652	S07090
C06653	S07092
C06654	S07094
C06655	S07095
C06656	S07096
C06657	S07097
C06658	S07099
C06659	S07100
C06660	S07101
C06661	S07102
C06662	S07103
C06663	S07104
C06664	S07105
C06665	S07106
C06666	S07107
C06667	S07108
C06668	S07109
C06669	S07110
C06670	S07111
C06671	S07112
C06672	S07113
C06673	S07114
C06674	S07116
C06675	S07117
C06676	S07118
C06677	S07119
C06677	S07403
C06678	S07121
C06679	S07122
C06680	S07123
C06681	S07124
C06682	S07125
C06683	S07126
C06684	S07128
C06685	S07129
C06686	S07130
C06687	S07131
C06688	S07132
C06689	S07133
C06690	S07134
C06691	S07135
C06692	S07136
C06693	S07137
C06694	S07138
C06695	S07139
C06696	S07140
C06697	S07141
C06698	S07142
C06699	S07143
C06700	S07145
C06701	S07146
C06702	S07147
C06703	S07148
C06704	S07150
C06705	S07151
C06706	S07152
C06707	S07153
C06708	S07154
C06709	S07155
C06710	S07156
C06711	S07158
C06712	S07159
C06713	S07160
C06714	S07161
C06715	S07162
C06716	S07163
C06717	S07164
C06718	S07165
C06719	S07166
C06720	S07167
C06721	S07168
C06722	S07170
C06723	S07171
C06724	S07172
C06725	S07173
C06726	S07174
C06727	S07175
C06728	S07176
C06729	S07177
C06730	S07178
C06731	S07179
C06732	S07180
C06733	S07181
C06734	S07182
C06735	S07183
C06736	S07184
C06737	S07185
C06738	S07188
C06739	S07189
C06740	S07190
C06741	S07191
C06742	S07192
C06743	S07193
C06744	S07194
C06745	S07195
C06746	S07196
C06747	S07197
C06748	S07198
C06749	S07199
C06750	S07200
C06751	S07201
C06752	S07202
C06753	S07203
C06754	S07204
C06755	S07205
C06756	S07206
C06757	S07207
C06758	S07208
C06759	S07209
C06760	S07210
C06761	S07211
C06762	S07212
C06763	S07213
C06764	S07214
C06765	S07215
C06766	S07216
C06767	S07217
C06768	S07218
C06769	S07219
C06770	S07220
C06771	S07221
C06772	S07222
C06773	S07225
C06774	S07226
C06775	S07227
C06776	S07228
C06777	S07229
C06778	S07230
C06779	S07231
C06780	S07232
C06781	S07233
C06782	S07234
C06783	S07235
C06784	S07236
C06785	S07237
C06786	S07238
C06787	S07239
C06788	S07240
C06789	S07241
C06790	S07242
C06791	S07243
C06792	S07244
C06793	S07245
C06794	S07246
C06795	S07247
C06796	S07248
C06797	S07249
C06798	S07250
C06799	S07251
C06800	S07252
C06801	S07253
C06802	S07254
C06803	S07255
C06804	S07256
C06805	S07257
C06806	S07258
C06807	S07259
C06808	S07260
C06809	S07261
C06810	S07262
C06811	S07263
C06812	S07264
C06813	S07265
C06814	S07266
C06815	S07267
C06816	S07268
C06817	S07269
C06818	S07270
C06819	S07271
C06820	S07272
C06821	S07273
C06822	S07274
C06823	S07275
C06824	S07276
C06825	S07277
C06826	S07278
C06827	S07280
C06828	S07281
C06829	S07282
C06830	S07283
C06831	S07286
C06832	S07287
C06833	S07288
C06834	S07289
C06835	S07290
C06836	S07291
C06837	S07292
C06838	S07293
C06839	S07294
C06840	S07295
C06841	S07296
C06842	S07297
C06843	S07298
C06844	S07299
C06845	S07300
C06846	S07301
C06847	S07302
C06847	S09014
C06848	S07303
C06849	S07304
C06850	S07305
C06851	S07306
C06852	S07307
C06853	S07308
C06854	S07309
C06855	S07310
C06856	S07311
C06857	S07312
C06858	S07313
C06859	S07314
C06860	S07315
C06861	S07316
C06862	S07317
C06863	S07318
C06864	S07319
C06865	S07321
C06866	S07324
C06867	S07325
C06868	S07326
C06869	S07327
C06870	S07328
C06871	S07329
C06872	S07330
C06873	S07331
C06874	S07332
C06875	S07333
C06876	S07334
C06877	S07335
C06878	S07336
C06879	S07337
C06880	S07338
C06881	S07339
C06882	S07340
C06883	S07341
C06884	S07342
C06885	S07343
C06886	S07344
C06887	S07345
C06888	S07346
C06889	S07347
C06890	S07349
C06890	S08297
C06891	S07350
C06892	S07351
C06893	S07352
C06894	S07353
C06895	S07354
C06896	S07355
C06897	S07356
C06898	S07357
C06899	S07358
C06900	S07359
C06901	S07360
C06902	S07361
C06903	S07362
C06904	S07363
C06905	S07364
C06906	S07365
C06907	S07366
C06907	S08174
C06907	S08721
C06908	S07367
C06909	S07368
C06910	S07371
C06911	S07372
C06912	S07373
C06913	S07374
C06914	S07375
C06915	S07377
C06916	S07378
C06917	S07379
C06918	S07380
C06919	S07381
C06920	S07382
C06921	S07383
C06922	S07384
C06923	S07385
C06924	S07386
C06925	S07387
C06926	S07388
C06927	S07389
C06928	S07390
C06929	S07391
C06930	S07392
C06931	S07394
C06932	S07395
C06933	S07396
C06934	S07397
C06935	S07398
C06936	S07399
C06937	S07400
C06938	S07401
C06939	S07402
C06940	S07404
C06941	S07405
C06942	S07406
C06943	S07407
C06944	S07408
C06945	S07409
C06946	S07410
C06947	S07411
C06948	S07412
C06949	S07413
C06950	S07414
C06951	S07415
C06952	S07417
C06953	S07418
C06954	S07419
C06955	S07420
C06956	S07421
C06957	S07422
C06958	S07423
C06959	S07424
C06960	S07425
C06961	S07426
C06962	S07427
C06963	S07428
C06964	S07429
C06965	S07430
C06966	S07431
C06967	S07432
C06967	S08033
C06968	S07433
C06969	S07434
C06970	S07435
C06971	S07436
C06972	S07437
C06973	S07438
C06974	S07439
C06975	S07440
C06976	S07442
C06977	S07443
C06978	S07446
C06979	S07447
C06980	S07448
C06981	S07450
C06982	S07451
C06983	S07452
C06984	S07453
C06985	S07454
C06986	S07455
C06987	S07456
C06988	S07457
C06989	S07458
C06990	S07459
C06991	S07461
C06992	S07464
C06993	S07465
C06994	S07466
C06995	S07467
C06996	S07468
C06997	S07470
C06998	S07473
C06999	S07474
C07000	S07475
C07001	S07476
C07002	S07477
C07003	S07478
C07004	S07479
C07005	S07480
C07006	S07481
C07007	S07482
C07008	S07483
C07009	S07486
C07010	S07487
C07011	S07488
C07012	S07489
C07013	S07491
C07014	S07492
C07015	S07493
C07016	S07494
C07017	S07495
C07018	S07496
C07019	S07497
C07020	S07498
C07021	S07499
C07022	S07500
C07022	S08348
C07023	S07501
C07024	S07503
C07025	S07505
C07026	S07506
C07027	S07507
C07028	S07508
C07029	S07509
C07030	S07510
C07031	S07512
C07032	S07513
C07033	S07514
C07034	S07515
C07035	S07517
C07036	S07518
C07037	S07519
C07038	S07520
C07039	S07521
C07040	S07522
C07041	S07523
C07042	S07524
C07043	S07525
C07044	S07526
C07045	S07527
C07046	S07528
C07047	S07529
C07048	S07530
C07049	S07531
C07050	S07532
C07051	S07533
C07052	S07534
C07053	S07535
C07054	S07536
C07055	S07537
C07056	S07539
C07057	S07541
C07058	S07542
C07059	S07544
C07060	S07545
C07061	S07546
C07062	S07547
C07063	S07548
C07064	S07549
C07065	S07551
C07066	S07552
C07067	S07554
C07068	S07555
C07069	S07556
C07070	S07557
C07071	S07558
C07072	S07559
C07073	S07560
C07074	S07561
C07075	S07562
C07076	S07563
C07077	S07564
C07078	S07565
C07079	S07566
C07080	S07567
C07081	S07568
C07082	S07569
C07083	S07570
C07084	S07571
C07085	S07572
C07086	S07573
C07087	S07574
C07088	S07575
C07089	S07576
C07090	S07577
C07091	S07578
C07092	S07579
C07093	S07580
C07094	S07582
C07095	S07584
C07096	S07585
C07097	S07586
C07098	S07587
C07099	S07588
C07100	S07589
C07101	S07590
C07102	S07592
C07103	S07593
C07104	S07594
C07105	S07595
C07106	S07596
C07107	S07597
C07108	S07598
C07109	S07599
C07110	S07600
C07111	S07601
C07112	S07602
C07113	S07603
C07114	S07604
C07115	S07605
C07116	S07606
C07116	S08942
C07117	S07607
C07117	S08912
C07118	S07608
C07119	S07610
C07120	S07611
C07121	S07612
C07122	S07613
C07123	S07614
C07124	S07615
C07125	S07616
C07126	S07617
C07127	S07618
C07128	S07619
C07129	S07620
C07130	S07621
C07131	S07622
C07132	S07623
C07133	S07624
C07134	S07626
C07135	S07627
C07136	S07629
C07137	S07630
C07138	S07631
C07139	S07632
C07140	S07633
C07141	S07634
C07142	S07636
C07143	S07637
C07144	S07638
C07145	S07640
C07146	S07642
C07147	S07644
C07148	S07645
C07149	S07646
C07150	S07647
C07151	S07648
C07152	S07649
C07153	S07650
C07154	S07651
C07155	S07652
C07156	S07653
C07157	S07654
C07158	S07655
C07159	S07656
C07160	S07657
C07161	S07658
C07162	S07659
C07162	S09069
C07163	S07661
C07164	S07662
C07165	S07663
C07166	S07664
C07167	S07665
C07168	S07666
C07169	S07667
C07170	S07668
C07171	S07670
C07172	S07671
C07173	S07672
C07174	S07673
C07175	S07674
C07176	S07675
C07177	S07676
C07178	S07677
C07179	S07678
C07180	S07679
C07181	S07680
C07182	S07683
C07183	S07684
C07184	S07685
C07184	S08861
C07185	S07687
C07186	S07688
C07187	S07689
C07188	S07690
C07189	S07691
C07190	S07692
C07191	S07693
C07191	S09371
C07192	S07694
C07193	S07695
C07194	S07696
C07195	S07697
C07196	S07698
C07197	S07699
C07198	S07700
C07199	S07701
C07200	S07702
C07201	S07703
C07202	S07704
C07203	S07705
C07204	S07706
C07205	S07707
C07206	S07709
C07207	S07710
C07208	S07711
C07209	S07712
C07210	S07713
C07211	S07714
C07212	S07716
C07213	S07717
C07214	S07718
C07215	S07719
C07216	S07721
C07217	S07723
C07218	S07724
C07219	S07725
C07220	S07726
C07221	S07727
C07222	S07728
C07222	S08040
C07223	S07729
C07224	S07730
C07225	S07731
C07226	S07732
C07227	S07733
C07228	S07734
C07229	S07735
C07230	S07736
C07231	S07737
C07232	S07738
C07233	S07739
C07234	S07740
C07235	S07741
C07236	S07742
C07237	S07743
C07238	S07744
C07239	S07745
C07240	S07746
C07241	S07747
C07242	S07748
C07243	S07749
C07244	S07750
C07245	S07751
C07246	S07752
C07247	S07753
C07248	S07754
C07249	S07755
C07250	S07756
C07251	S07757
C07252	S07758
C07252	S08911
C07253	S07760
C07254	S07761
C07255	S07762
C07256	S07763
C07257	S07764
C07258	S07767
C07259	S07768
C07260	S07769
C07261	S07770
C07262	S07771
C07263	S07772
C07264	S07773
C07265	S07774
C07266	S07775
C07267	S07776
C07268	S07777
C07269	S07778
C07270	S07780
C07271	S07781
C07272	S07782
C07273	S07783
C07274	S07784
C07275	S07785
C07276	S07786
C07277	S07787
C07278	S07788
C07279	S07789
C07280	S07790
C07281	S07791
C07282	S07792
C07283	S07793
C07284	S07794
C07285	S07795
C07286	S07796
C07287	S07797
C07288	S07799
C07289	S07801
C07290	S07802
C07291	S07803
C07292	S07804
C07293	S07805
C07294	S07806
C07295	S07807
C07296	S07808
C07297	S07809
C07298	S07810
C07299	S07812
C07300	S07813
C07301	S07814
C07302	S07815
C07303	S07816
C07304	S07818
C07305	S07819
C07306	S07820
C07307	S07821
C07308	S07822
C07309	S07823
C07310	S07824
C07311	S07825
C07312	S07826
C07313	S07827
C07314	S07828
C07315	S07829
C07316	S07830
C07317	S07831
C07318	S07832
C07319	S07833
C07320	S07834
C07321	S07835
C07322	S07836
C07323	S07837
C07324	S07838
C07325	S07839
C07326	S07840
C07327	S07841
C07328	S07842
C07329	S07843
C07330	S07844
C07331	S07845
C07332	S07846
C07333	S07847
C07334	S07848
C07335	S07849
C07336	S07851
C07337	S07852
C07338	S07853
C07339	S07854
C07340	S07855
C07341	S07856
C07342	S07857
C07343	S07858
C07344	S07859
C07345	S07860
C07346	S07861
C07347	S07862
C07348	S07863
C07349	S07864
C07350	S07865
C07351	S07866
C07352	S07867
C07353	S07868
C07354	S07869
C07355	S07871
C07356	S07872
C07357	S07873
C07358	S07874
C07359	S07875
C07360	S07877
C07360	S09665
C07361	S07878
C07362	S07879
C07363	S07880
C07364	S07881
C07365	S07882
C07366	S07883
C07367	S07884
C07368	S07885
C07369	S07887
C07370	S07888
C07371	S07889
C07372	S07890
C07373	S07891
C07374	S07892
C07375	S07893
C07376	S07894
C07377	S07895
C07378	S07896
C07379	S07898
C07380	S07899
C07381	S07900
C07382	S07901
C07383	S07902
C07384	S07903
C07385	S07904
C07386	S07905
C07387	S07906
C07388	S07907
C07389	S07908
C07390	S07909
C07391	S07911
C07392	S07912
C07393	S07913
C07394	S07914
C07395	S07915
C07396	S07916
C07397	S07917
C07398	S07918
C07399	S07919
C07400	S07920
C07401	S07921
C07402	S07923
C07403	S07924
C07404	S07925
C07405	S07926
C07406	S07927
C07407	S07928
C07408	S07929
C07409	S07930
C07410	S07931
C07411	S07932
C07412	S07933
C07413	S07934
C07414	S07936
C07415	S07937
C07416	S07938
C07417	S07939
C07418	S07940
C07419	S07941
C07420	S07942
C07421	S07943
C07422	S07944
C07423	S07948
C07424	S07949
C07425	S07950
C07426	S07951
C07427	S07952
C07428	S07953
C07429	S07954
C07430	S07955
C07431	S07956
C07432	S07957
C07433	S07958
C07434	S07959
C07435	S07960
C07436	S07961
C07437	S07962
C07438	S07963
C07439	S07964
C07440	S07965
C07441	S07966
C07441	S08238
C07442	S07967
C07443	S07968
C07444	S07969
C07445	S07970
C07446	S07971
C07447	S07972
C07448	S07973
C07449	S07974
C07450	S07975
C07451	S07976
C07452	S07977
C07452	S09519
C07453	S07978
C07454	S07979
C07455	S07980
C07456	S07981
C07457	S07982
C07458	S07983
C07459	S07984
C07460	S07986
C07461	S07987
C07462	S07988
C07463	S07989
C07464	S07990
C07465	S07991
C07466	S07993
C07467	S07994
C07468	S07995
C07469	S07996
C07470	S07997
C07471	S07998
C07472	S07999
C07473	S08000
C07474	S08001
C07475	S08002
C07476	S08003
C07477	S08004
C07478	S08005
C07479	S08006
C07480	S08007
C07481	S08008
C07482	S08009
C07483	S08010
C07484	S08011
C07485	S08012
C07486	S08013
C07487	S08014
C07488	S08015
C07489	S08016
C07490	S08017
C07491	S08018
C07492	S08019
C07493	S08020
C07494	S08021
C07495	S08022
C07495	S09600
C07496	S08023
C07497	S08024
C07498	S08025
C07499	S08026
C07500	S08027
C07501	S08028
C07502	S08030
C07503	S08032
C07504	S08034
C07505	S08035
C07506	S08036
C07507	S08037
C07508	S08038
C07509	S08041
C07510	S08042
C07511	S08043
C07512	S08044
C07513	S08045
C07514	S08046
C07515	S08047
C07516	S08048
C07517	S08049
C07518	S08050
C07519	S08051
C07520	S08052
C07521	S08053
C07521	S09231
C07522	S08054
C07523	S08055
C07524	S08056
C07525	S08057
C07526	S08059
C07527	S08060
C07528	S08061
C07529	S08062
C07530	S08063
C07531	S08064
C07532	S08065
C07533	S08066
C07534	S08067
C07535	S08068
C07536	S08069
C07537	S08070
C07538	S08071
C07539	S08073
C07540	S08074
C07541	S08075
C07542	S08076
C07543	S08077
C07544	S08078
C07545	S08079
C07546	S08080
C07547	S08082
C07548	S08083
C07549	S08084
C07550	S08085
C07551	S08086
C07552	S08088
C07553	S08089
C07554	S08090
C07554	S08599
C07555	S08091
C07556	S08092
C07557	S08093
C07558	S08094
C07559	S08095
C07560	S08096
C07561	S08097
C07562	S08098
C07563	S08099
C07564	S08100
C07565	S08101
C07566	S08102
C07567	S08104
C07568	S08105
C07569	S08106
C07570	S08107
C07571	S08108
C07572	S08109
C07573	S08110
C07574	S08111
C07575	S08112
C07576	S08113
C07577	S08114
C07578	S08115
C07579	S08116
C07580	S08117
C07581	S08118
C07582	S08119
C07583	S08120
C07584	S08121
C07585	S08122
C07586	S08123
C07587	S08124
C07588	S08125
C07589	S08126
C07590	S08127
C07591	S08128
C07592	S08129
C07593	S08130
C07594	S08131
C07595	S08132
C07596	S08133
C07597	S08134
C07598	S08136
C07599	S08137
C07600	S08138
C07601	S08139
C07602	S08140
C07603	S08141
C07604	S08142
C07605	S08143
C07606	S08144
C07607	S08145
C07608	S08146
C07609	S08147
C07610	S08148
C07611	S08149
C07612	S08150
C07613	S08151
C07614	S08152
C07615	S08153
C07616	S08154
C07617	S08155
C07618	S08156
C07619	S08157
C07620	S08158
C07621	S08160
C07622	S08163
C07623	S08164
C07624	S08165
C07625	S08167
C07626	S08168
C07627	S08169
C07628	S08170
C07629	S08171
C07630	S08172
C07631	S08173
C07632	S08175
C07633	S08176
C07634	S08177
C07635	S08178
C07636	S08179
C07637	S08180
C07638	S08181
C07639	S08182
C07640	S08183
C07641	S08184
C07642	S08185
C07643	S08186
C07643	S08516
C07644	S08187
C07645	S08188
C07646	S08189
C07647	S08190
C07648	S08191
C07649	S08192
C07650	S08193
C07651	S08194
C07652	S08195
C07653	S08196
C07654	S08197
C07655	S08198
C07656	S08199
C07657	S08200
C07658	S08201
C07659	S08202
C07660	S08203
C07661	S08204
C07662	S08206
C07663	S08207
C07664	S08209
C07665	S08210
C07666	S08211
C07667	S08212
C07668	S08213
C07669	S08214
C07670	S08215
C07671	S08217
C07672	S08218
C07673	S08219
C07674	S08220
C07675	S08221
C07676	S08222
C07677	S08223
C07678	S08224
C07679	S08225
C07680	S08226
C07681	S08227
C07682	S08228
C07683	S08230
C07684	S08231
C07685	S08232
C07686	S08233
C07687	S08234
C07688	S08237
C07689	S08239
C07690	S08240
C07691	S08241
C07692	S08242
C07693	S08243
C07694	S08244
C07695	S08245
C07696	S08246
C07697	S08247
C07698	S08249
C07699	S08250
C07700	S08251
C07701	S08252
C07702	S08253
C07703	S08254
C07704	S08255
C07705	S08256
C07705	S09284
C07706	S08257
C07707	S08258
C07708	S08259
C07709	S08260
C07710	S08261
C07711	S08263
C07712	S08264
C07713	S08265
C07714	S08266
C07715	S08267
C07716	S08269
C07717	S08270
C07718	S08271
C07719	S08272
C07720	S08273
C07721	S08274
C07722	S08275
C07723	S08276
C07724	S08277
C07725	S08278
C07726	S08279
C07727	S08280
C07728	S08281
C07729	S08282
C07730	S08283
C07731	S08284
C07732	S08285
C07733	S08286
C07734	S08287
C07735	S08288
C07736	S08289
C07737	S08290
C07738	S08291
C07739	S08292
C07740	S08293
C07741	S08294
C07742	S08296
C07743	S08298
C07744	S08299
C07745	S08300
C07746	S08301
C07747	S08302
C07748	S08303
C07749	S08304
C07750	S08305
C07751	S08306
C07752	S08307
C07753	S08308
C07754	S08309
C07755	S08311
C07756	S08312
C07757	S08313
C07758	S08314
C07759	S08315
C07760	S08316
C07761	S08317
C07762	S08318
C07763	S08319
C07764	S08320
C07765	S08321
C07766	S08322
C07767	S08323
C07768	S08324
C07769	S08325
C07770	S08327
C07771	S08328
C07772	S08329
C07772	S08756
C07773	S08331
C07774	S08332
C07775	S08333
C07776	S08334
C07777	S08335
C07778	S08336
C07779	S08337
C07780	S08338
C07781	S08339
C07782	S08340
C07783	S08341
C07783	S09283
C07784	S08342
C07785	S08343
C07786	S08344
C07787	S08345
C07788	S08346
C07789	S08347
C07790	S08349
C07791	S08350
C07792	S08351
C07793	S08352
C07794	S08353
C07795	S08354
C07796	S08355
C07797	S08356
C07798	S08357
C07799	S08358
C07800	S08359
C07801	S08360
C07802	S08361
C07803	S08362
C07804	S08364
C07805	S08365
C07806	S08366
C07807	S08367
C07808	S08368
C07809	S08369
C07810	S08371
C07811	S08372
C07812	S08374
C07813	S08375
C07814	S08376
C07815	S08378
C07816	S08379
C07817	S08380
C07818	S08382
C07819	S08383
C07820	S08385
C07821	S08387
C07822	S08388
C07823	S08389
C07824	S08390
C07825	S08391
C07826	S08392
C07827	S08393
C07828	S08394
C07829	S08395
C07830	S08397
C07831	S08398
C07832	S08399
C07833	S08402
C07834	S08403
C07835	S08404
C07836	S08405
C07837	S08407
C07838	S08409
C07839	S08410
C07840	S08411
C07841	S08412
C07842	S08413
C07842	S09653
C07843	S08414
C07844	S08415
C07845	S08416
C07846	S08417
C07847	S08418
C07848	S08419
C07849	S08420
C07850	S08421
C07851	S08422
C07852	S08423
C07853	S08425
C07854	S08426
C07855	S08427
C07856	S08428
C07857	S08430
C07858	S08431
C07859	S08432
C07859	S09021
C07860	S08434
C07861	S08435
C07862	S08437
C07863	S08438
C07864	S08439
C07865	S08440
C07866	S08441
C07867	S08442
C07868	S08443
C07869	S08444
C07870	S08445
C07871	S08446
C07872	S08447
C07873	S08448
C07874	S08449
C07875	S08450
C07876	S08451
C07877	S08452
C07878	S08453
C07879	S08454
C07880	S08456
C07881	S08457
C07882	S08458
C07883	S08460
C07884	S08461
C07885	S08462
C07886	S08463
C07887	S08464
C07888	S08465
C07889	S08466
C07890	S08468
C07891	S08470
C07892	S08471
C07893	S08472
C07894	S08473
C07895	S08474
C07896	S08475
C07897	S08476
C07898	S08477
C07899	S08478
C07900	S08480
C07901	S08481
C07902	S08482
C07903	S08483
C07904	S08484
C07905	S08485
C07906	S08486
C07907	S08487
C07908	S08488
C07909	S08489
C07910	S08490
C07911	S08491
C07912	S08492
C07913	S08493
C07914	S08494
C07915	S08495
C07916	S08496
C07917	S08497
C07918	S08498
C07919	S08499
C07920	S08500
C07921	S08501
C07922	S08502
C07923	S08503
C07924	S08504
C07925	S08505
C07926	S08506
C07927	S08507
C07928	S08508
C07929	S08509
C07930	S08510
C07931	S08511
C07932	S08512
C07933	S08513
C07934	S08514
C07935	S08515
C07936	S08517
C07937	S08519
C07938	S08520
C07939	S08521
C07940	S08522
C07941	S08523
C07942	S08524
C07943	S08525
C07944	S08526
C07945	S08527
C07946	S08528
C07947	S08529
C07948	S08530
C07949	S08531
C07950	S08532
C07951	S08533
C07952	S08534
C07953	S08535
C07954	S08536
C07955	S08537
C07956	S08538
C07957	S08539
C07958	S08540
C07959	S08542
C07960	S08543
C07961	S08544
C07962	S08545
C07963	S08546
C07964	S08547
C07965	S08548
C07966	S08550
C07967	S08551
C07968	S08552
C07969	S08553
C07970	S08554
C07971	S08555
C07972	S08556
C07973	S08557
C07974	S08558
C07975	S08559
C07976	S08560
C07977	S08561
C07978	S08562
C07979	S08563
C07980	S08564
C07981	S08565
C07982	S08566
C07983	S08567
C07984	S08568
C07985	S08569
C07986	S08571
C07987	S08572
C07988	S08573
C07989	S08574
C07990	S08575
C07991	S08576
C07992	S08577
C07993	S08578
C07994	S08579
C07995	S08580
C07996	S08581
C07997	S08582
C07998	S08584
C07999	S08585
C08000	S08586
C08001	S08588
C08002	S08589
C08003	S08590
C08004	S08591
C08005	S08592
C08006	S08593
C08007	S08594
C08008	S08595
C08009	S08596
C08010	S08597
C08011	S08598
C08012	S08601
C08013	S08602
C08014	S08603
C08015	S08604
C08016	S08605
C08017	S08606
C08018	S08607
C08019	S08608
C08020	S08609
C08021	S08610
C08022	S08611
C08023	S08612
C08024	S08613
C08025	S08614
C08026	S08615
C08027	S08616
C08028	S08618
C08029	S08619
C08030	S08620
C08031	S08621
C08032	S08622
C08033	S08623
C08034	S08624
C08035	S08625
C08036	S08626
C08037	S08627
C08038	S08628
C08039	S08629
C08040	S08631
C08041	S08632
C08042	S08633
C08043	S08634
C08044	S08635
C08045	S08636
C08046	S08637
C08047	S08638
C08048	S08639
C08049	S08641
C08050	S08642
C08051	S08643
C08052	S08644
C08053	S08645
C08054	S08646
C08055	S08647
C08056	S08648
C08057	S08649
C08058	S08650
C08059	S08651
C08060	S08652
C08061	S08653
C08062	S08654
C08063	S08655
C08064	S08656
C08065	S08657
C08066	S08658
C08067	S08659
C08068	S08660
C08069	S08662
C08070	S08663
C08071	S08664
C08072	S08665
C08073	S08666
C08074	S08667
C08075	S08668
C08076	S08669
C08077	S08670
C08078	S08671
C08079	S08672
C08080	S08673
C08081	S08674
C08082	S08675
C08083	S08676
C08084	S08677
C08085	S08678
C08086	S08679
C08087	S08680
C08088	S08681
C08089	S08682
C08090	S08683
C08091	S08684
C08092	S08685
C08093	S08686
C08094	S08687
C08095	S08688
C08096	S08689
C08096	S09574
C08097	S08690
C08098	S08691
C08099	S08692
C08100	S08693
C08101	S08694
C08102	S08695
C08103	S08697
C08104	S08698
C08105	S08699
C08106	S08701
C08107	S08703
C08108	S08706
C08109	S08707
C08110	S08708
C08111	S08709
C08112	S08710
C08113	S08711
C08114	S08712
C08115	S08713
C08116	S08714
C08117	S08715
C08118	S08716
C08119	S08717
C08119	S09473
C08120	S08718
C08121	S08720
C08122	S08722
C08123	S08723
C08124	S08725
C08125	S08726
C08126	S08727
C08127	S08728
C08128	S08729
C08129	S08730
C08130	S08731
C08131	S08732
C08132	S08733
C08133	S08734
C08134	S08735
C08135	S08736
C08136	S08737
C08137	S08738
C08138	S08739
C08139	S08741
C08140	S08742
C08141	S08743
C08142	S08744
C08143	S08745
C08144	S08746
C08145	S08747
C08146	S08748
C08146	S09512
C08147	S08749
C08148	S08750
C08149	S08751
C08150	S08752
C08151	S08753
C08152	S08755
C08153	S08757
C08154	S08758
C08155	S08759
C08156	S08760
C08157	S08761
C08158	S08762
C08159	S08763
C08160	S08764
C08161	S08765
C08162	S08766
C08163	S08767
C08164	S08768
C08165	S08769
C08166	S08770
C08167	S08772
C08168	S08773
C08169	S08774
C08170	S08776
C08171	S08777
C08172	S08779
C08173	S08780
C08174	S08781
C08175	S08782
C08176	S08783
C08177	S08784
C08178	S08785
C08178	S08909
C08179	S08786
C08179	S09727
C08180	S08787
C08181	S08788
C08182	S08789
C08183	S08790
C08184	S08791
C08185	S08792
C08186	S08793
C08187	S08794
C08188	S08795
C08189	S08796
C08190	S08797
C08191	S08798
C08192	S08799
C08193	S08800
C08194	S08801
C08195	S08802
C08196	S08803
C08197	S08804
C08198	S08805
C08199	S08806
C08200	S08807
C08201	S08808
C08202	S08809
C08203	S08810
C08204	S08811
C08205	S08812
C08206	S08813
C08207	S08814
C08208	S08816
C08209	S08817
C08210	S08818
C08211	S08819
C08212	S08820
C08213	S08821
C08214	S08823
C08215	S08824
C08216	S08825
C08217	S08826
C08218	S08827
C08219	S08828
C08220	S08829
C08221	S08830
C08222	S08831
C08223	S08832
C08224	S08833
C08225	S08834
C08226	S08835
C08227	S08836
C08228	S08837
C08229	S08838
C08230	S08840
C08231	S08841
C08232	S08842
C08233	S08843
C08234	S08845
C08235	S08846
C08236	S08847
C08237	S08848
C08238	S08849
C08239	S08850
C08240	S08851
C08241	S08852
C08242	S08853
C08243	S08854
C08244	S08855
C08245	S08856
C08246	S08857
C08247	S08858
C08248	S08859
C08249	S08860
C08250	S08862
C08251	S08863
C08252	S08864
C08253	S08865
C08254	S08867
C08255	S08868
C08256	S08869
C08257	S08870
C08258	S08872
C08259	S08873
C08260	S08874
C08261	S08875
C08262	S08876
C08263	S08877
C08264	S08878
C08265	S08882
C08266	S08883
C08267	S08885
C08268	S08886
C08269	S08888
C08270	S08890
C08271	S08891
C08272	S08892
C08272	S09158
C08273	S08893
C08274	S08894
C08275	S08895
C08276	S08896
C08277	S08897
C08278	S08898
C08279	S08899
C08280	S08900
C08281	S08901
C08282	S08902
C08283	S08903
C08284	S08904
C08285	S08905
C08286	S08906
C08287	S08907
C08288	S08910
C08289	S08913
C08290	S08914
C08291	S08915
C08292	S08917
C08293	S08918
C08294	S08919
C08295	S08920
C08296	S08921
C08297	S08923
C08298	S08924
C08299	S08925
C08300	S08926
C08301	S08927
C08302	S08928
C08303	S08929
C08304	S08930
C08305	S08931
C08306	S08932
C08307	S08933
C08308	S08934
C08309	S08935
C08310	S08936
C08311	S08937
C08312	S08938
C08313	S08940
C08314	S08941
C08315	S08943
C08316	S08944
C08317	S08946
C08318	S08947
C08319	S08948
C08320	S08949
C08321	S08950
C08322	S08951
C08323	S08952
C08324	S08953
C08325	S08954
C08326	S08955
C08327	S08956
C08328	S08957
C08329	S08958
C08330	S08960
C08331	S08961
C08332	S08962
C08333	S08964
C08334	S08965
C08335	S08966
C08336	S08967
C08337	S08968
C08338	S08969
C08339	S08971
C08340	S08973
C08340	S09292
C08341	S08974
C08342	S08975
C08343	S08976
C08344	S08977
C08345	S08978
C08346	S08980
C08347	S08981
C08348	S08982
C08349	S08983
C08350	S08984
C08351	S08985
C08352	S08986
C08353	S08987
C08354	S08988
C08355	S08989
C08356	S08990
C08357	S08991
C08358	S08992
C08359	S08993
C08360	S08994
C08361	S08995
C08362	S08996
C08363	S08998
C08364	S08999
C08365	S09001
C08366	S09002
C08367	S09004
C08368	S09005
C08369	S09006
C08370	S09007
C08371	S09008
C08372	S09010
C08373	S09011
C08374	S09012
C08375	S09013
C08376	S09015
C08377	S09016
C08378	S09017
C08379	S09018
C08380	S09019
C08381	S09020
C08382	S09022
C08383	S09023
C08384	S09024
C08385	S09025
C08386	S09026
C08387	S09027
C08388	S09028
C08389	S09029
C08390	S09031
C08391	S09032
C08392	S09033
C08393	S09034
C08394	S09035
C08395	S09036
C08396	S09037
C08397	S09038
C08398	S09039
C08399	S09040
C08400	S09041
C08401	S09042
C08402	S09043
C08403	S09045
C08404	S09046
C08405	S09047
C08406	S09048
C08407	S09049
C08408	S09050
C08409	S09051
C08410	S09052
C08411	S09053
C08412	S09055
C08413	S09056
C08414	S09057
C08415	S09058
C08416	S09059
C08417	S09060
C08418	S09061
C08419	S09062
C08420	S09063
C08421	S09064
C08422	S09065
C08423	S09066
C08424	S09067
C08425	S09068
C08426	S09070
C08427	S09071
C08428	S09072
C08429	S09073
C08430	S09074
C08430	S09121
C08431	S09075
C08432	S09076
C08433	S09077
C08434	S09079
C08435	S09080
C08436	S09082
C08437	S09083
C08438	S09084
C08439	S09085
C08440	S09086
C08441	S09087
C08442	S09088
C08443	S09089
C08444	S09090
C08445	S09091
C08446	S09092
C08447	S09093
C08448	S09094
C08449	S09095
C08450	S09097
C08451	S09098
C08452	S09099
C08453	S09100
C08454	S09101
C08455	S09102
C08456	S09103
C08456	S09475
C08457	S09104
C08458	S09105
C08459	S09106
C08460	S09107
C08461	S09108
C08462	S09109
C08463	S09110
C08464	S09111
C08465	S09112
C08466	S09113
C08467	S09114
C08468	S09116
C08469	S09117
C08470	S09118
C08471	S09119
C08472	S09120
C08473	S09122
C08474	S09123
C08475	S09124
C08476	S09125
C08477	S09126
C08478	S09128
C08479	S09129
C08480	S09130
C08481	S09131
C08482	S09132
C08483	S09133
C08484	S09134
C08485	S09135
C08486	S09136
C08487	S09137
C08488	S09139
C08489	S09140
C08490	S09141
C08491	S09142
C08492	S09143
C08493	S09144
C08494	S09145
C08495	S09146
C08496	S09147
C08497	S09148
C08498	S09149
C08499	S09150
C08500	S09152
C08501	S09153
C08502	S09154
C08503	S09155
C08504	S09156
C08505	S09157
C08506	S09159
C08507	S09160
C08508	S09161
C08509	S09162
C08510	S09163
C08511	S09164
C08512	S09165
C08513	S09167
C08514	S09168
C08515	S09169
C08516	S09170
C08517	S09171
C08518	S09172
C08519	S09173
C08520	S09174
C08521	S09175
C08522	S09176
C08523	S09177
C08524	S09178
C08525	S09179
C08526	S09180
C08527	S09181
C08528	S09182
C08529	S09184
C08530	S09185
C08531	S09186
C08532	S09187
C08533	S09188
C08534	S09189
C08535	S09190
C08536	S09192
C08537	S09195
C08538	S09196
C08539	S09197
C08540	S09198
C08541	S09199
C08542	S09200
C08543	S09202
C08544	S09203
C08545	S09204
C08546	S09205
C08547	S09206
C08548	S09207
C08549	S09208
C08550	S09209
C08551	S09210
C08552	S09211
C08553	S09213
C08554	S09214
C08555	S09215
C08556	S09216
C08557	S09217
C08558	S09218
C08559	S09219
C08560	S09220
C08561	S09221
C08562	S09222
C08563	S09223
C08564	S09224
C08565	S09225
C08566	S09226
C08567	S09227
C08568	S09229
C08569	S09230
C08570	S09232
C08571	S09233
C08572	S09234
C08573	S09235
C08574	S09236
C08575	S09238
C08576	S09239
C08577	S09240
C08578	S09241
C08579	S09242
C08580	S09243
C08581	S09244
C08582	S09245
C08583	S09246
C08584	S09247
C08585	S09248
C08586	S09249
C08587	S09250
C08588	S09251
C08589	S09252
C08590	S09253
C08591	S09255
C08592	S09256
C08593	S09257
C08594	S09258
C08595	S09259
C08596	S09260
C08597	S09261
C08598	S09262
C08599	S09263
C08600	S09264
C08601	S09266
C08602	S09267
C08603	S09268
C08604	S09269
C08605	S09271
C08606	S09272
C08607	S09273
C08608	S09274
C08609	S09275
C08610	S09276
C08611	S09277
C08612	S09278
C08613	S09280
C08614	S09281
C08615	S09285
C08615	S09354
C08616	S09286
C08617	S09287
C08618	S09288
C08619	S09289
C08620	S09290
C08621	S09291
C08622	S09293
C08623	S09294
C08624	S09295
C08625	S09296
C08626	S09297
C08627	S09298
C08628	S09299
C08629	S09300
C08630	S09301
C08631	S09302
C08632	S09303
C08633	S09304
C08634	S09305
C08635	S09306
C08636	S09307
C08637	S09308
C08638	S09309
C08639	S09310
C08640	S09311
C08641	S09312
C08642	S09313
C08643	S09314
C08644	S09315
C08645	S09316
C08646	S09317
C08647	S09318
C08648	S09320
C08649	S09321
C08650	S09323
C08651	S09324
C08652	S09325
C08653	S09326
C08654	S09327
C08655	S09328
C08656	S09329
C08657	S09330
C08658	S09331
C08659	S09332
C08660	S09333
C08661	S09334
C08662	S09335
C08663	S09336
C08664	S09337
C08665	S09339
C08666	S09340
C08667	S09341
C08668	S09342
C08669	S09343
C08670	S09344
C08671	S09345
C08672	S09346
C08673	S09347
C08674	S09348
C08675	S09349
C08676	S09350
C08677	S09351
C08678	S09352
C08679	S09353
C08680	S09355
C08681	S09356
C08682	S09357
C08683	S09358
C08684	S09359
C08685	S09361
C08686	S09362
C08687	S09364
C08688	S09365
C08689	S09366
C08690	S09367
C08691	S09368
C08692	S09369
C08693	S09370
C08694	S09372
C08695	S09373
C08696	S09374
C08697	S09375
C08698	S09376
C08699	S09377
C08700	S09378
C08701	S09379
C08702	S09381
C08703	S09382
C08704	S09383
C08705	S09384
C08706	S09385
C08707	S09386
C08707	S09720
C08708	S09387
C08709	S09388
C08710	S09389
C08711	S09390
C08712	S09391
C08713	S09392
C08714	S09393
C08715	S09394
C08716	S09395
C08717	S09396
C08718	S09397
C08719	S09398
C08720	S09399
C08721	S09400
C08722	S09401
C08723	S09402
C08724	S09403
C08724	S09493
C08725	S09405
C08726	S09406
C08727	S09407
C08728	S09408
C08729	S09409
C08730	S09410
C08731	S09411
C08732	S09412
C08733	S09413
C08734	S09414
C08735	S09415
C08736	S09416
C08737	S09417
C08738	S09418
C08739	S09419
C08740	S09420
C08741	S09421
C08742	S09422
C08743	S09423
C08744	S09424
C08745	S09425
C08746	S09426
C08747	S09427
C08748	S09428
C08749	S09429
C08750	S09430
C08751	S09431
C08752	S09432
C08753	S09433
C08754	S09434
C08755	S09435
C08756	S09436
C08757	S09437
C08758	S09438
C08759	S09439
C08760	S09440
C08761	S09442
C08762	S09443
C08763	S09444
C08764	S09445
C08765	S09446
C08766	S09447
C08767	S09448
C08768	S09449
C08769	S09450
C08770	S09453
C08771	S09454
C08772	S09455
C08773	S09456
C08774	S09457
C08775	S09458
C08776	S09459
C08777	S09460
C08778	S09461
C08779	S09462
C08780	S09463
C08781	S09464
C08782	S09465
C08783	S09466
C08784	S09467
C08785	S09468
C08786	S09469
C08787	S09470
C08788	S09471
C08789	S09472
C08790	S09474
C08791	S09476
C08792	S09477
C08793	S09478
C08794	S09479
C08795	S09480
C08796	S09481
C08797	S09482
C08798	S09483
C08799	S09484
C08800	S09485
C08801	S09486
C08802	S09487
C08803	S09488
C08804	S09489
C08805	S09490
C08806	S09492
C08807	S09495
C08808	S09496
C08809	S09497
C08810	S09498
C08811	S09499
C08812	S09500
C08813	S09501
C08814	S09502
C08815	S09503
C08816	S09504
C08817	S09505
C08818	S09506
C08819	S09507
C08820	S09508
C08821	S09509
C08822	S09510
C08823	S09511
C08824	S09513
C08825	S09515
C08826	S09516
C08827	S09517
C08828	S09518
C08829	S09520
C08830	S09521
C08831	S09522
C08832	S09523
C08833	S09524
C08834	S09525
C08835	S09526
C08836	S09527
C08837	S09528
C08838	S09529
C08839	S09530
C08840	S09531
C08841	S09532
C08842	S09533
C08843	S09534
C08844	S09536
C08845	S09537
C08846	S09538
C08847	S09539
C08848	S09540
C08849	S09541
C08850	S09542
C08851	S09543
C08852	S09545
C08853	S09546
C08854	S09547
C08855	S09548
C08856	S09549
C08857	S09550
C08858	S09551
C08859	S09552
C08860	S09553
C08861	S09554
C08862	S09555
C08863	S09556
C08864	S09557
C08865	S09558
C08866	S09559
C08867	S09560
C08868	S09562
C08869	S09563
C08870	S09564
C08871	S09566
C08872	S09567
C08873	S09568
C08874	S09569
C08875	S09570
C08876	S09571
C08877	S09572
C08878	S09573
C08879	S09575
C08880	S09576
C08881	S09577
C08882	S09578
C08883	S09579
C08884	S09580
C08885	S09581
C08886	S09582
C08887	S09583
C08888	S09584
C08889	S09585
C08890	S09586
C08891	S09588
C08892	S09589
C08893	S09590
C08894	S09591
C08895	S09592
C08896	S09593
C08897	S09596
C08898	S09597
C08899	S09598
C08900	S09599
C08901	S09601
C08902	S09602
C08903	S09603
C08904	S09604
C08905	S09605
C08906	S09606
C08907	S09607
C08908	S09610
C08909	S09612
C08910	S09613
C08911	S09615
C08912	S09616
C08913	S09618
C08914	S09619
C08915	S09620
C08916	S09622
C08917	S09623
C08918	S09624
C08919	S09625
C08920	S09626
C08921	S09627
C08922	S09628
C08923	S09629
C08924	S09631
C08925	S09632
C08926	S09633
C08927	S09634
C08928	S09635
C08929	S09636
C08930	S09637
C08931	S09638
C08932	S09640
C08933	S09641
C08934	S09642
C08935	S09643
C08936	S09644
C08937	S09645
C08938	S09646
C08939	S09647
C08940	S09648
C08941	S09650
C08942	S09651
C08943	S09652
C08944	S09654
C08945	S09655
C08946	S09656
C08947	S09657
C08948	S09658
C08949	S09659
C08950	S09660
C08951	S09661
C08952	S09662
C08953	S09663
C08954	S09664
C08955	S09666
C08956	S09667
C08957	S09668
C08958	S09669
C08959	S09670
C08960	S09671
C08961	S09672
C08962	S09673
C08963	S09674
C08964	S09675
C08965	S09676
C08966	S09677
C08967	S09678
C08968	S09679
C08969	S09681
C08970	S09682
C08971	S09683
C08972	S09684
C08973	S09685
C08974	S09686
C08975	S09687
C08976	S09688
C08977	S09689
C08978	S09690
C08979	S09691
C08980	S09692
C08981	S09693
C08982	S09694
C08983	S09695
C08984	S09696
C08985	S09697
C08986	S09698
C08987	S09699
C08988	S09700
C08989	S09701
C08990	S09702
C08991	S09703
C08992	S09704
C08993	S09705
C08994	S09706
C08995	S09708
C08996	S09709
C08997	S09710
C08998	S09711
C08999	S09712
C09000	S09714
C09001	S09715
C09002	S09717
C09003	S09718
C09004	S09719
C09005	S09723
C09006	S09724
C09007	S09725
C09008	S09726
C09009	S09729
C09010	S09730
C09011	S09732
