cluster_id	protein_id	split
A0A016Q182	A0A016Q182	train
A0A016VAH2	A0A016VAH2	train
A0A016VAH2	A0A0B2V3X6	train
A0A016VAH2	A8NS89	train
A0A023I760	A0A023I760	test
A0A023I760	A0S5Z5	test
A0A023I760	A6MN06	test
A0A023I760	A7LFK0	test
A0A023I760	A7LFK1	test
A0A023I760	B6RB00	test
A0A023I760	B6RB01	test
A0A023I760	B6RB02	test
A0A023I760	D3U1A5	test
A0A023I760	E2RWY6	test
A0A023I760	J9Q529	test
A0A023I760	J9WN12	test
A0A023I760	J9WNR5	test
A0A023I760	L7QHV5	test
A0A023I760	L7QI27	test
A0A023I760	O49235	test
A0A023I760	O60760	test
A0A023I760	P08263	test
A0A023I760	P12653	test
A0A023I760	P19157	test
A0A023I760	P30711	test
A0A023I760	P51781	test
A0A023I760	P78417	test
A0A023I760	Q03520	test
A0A023I760	Q0P7I5	test
A0A023I760	Q0ZS46	test
A0A023I760	Q3MUP2	test
A0A023I760	Q49SB0	test
A0A023I760	Q4ACU7	test
A0A023I760	Q50LH1	test
A0A023I760	Q6DNI8	test
A0A023I760	Q6J1M5	test
A0A023I760	Q84UH4	test
A0A023I760	Q8MWS0	test
A0A023I760	Q937X0	test
A0A023I760	Q93WY5	test
A0A023I760	Q9DDU5	test
A0A023I760	Q9FQE8	test
A0A023I760	Q9FWR4	test
A0A023I760	Q9GN60	test
A0A023I760	Q9H4Y5	test
A0A023I760	Q9VSL4	test
A0A023I760	Q9VSL5	test
A0A023I760	U5XYA0	test
A0A023IUM3	A0A023IUM3	train
A0A023IUM3	O15379	train
A0A023IUM3	P56517	train
A0A023IUM3	Q13547	train
A0A023IUM3	Q92769	train
A0A023J5W7	A0A023J5W7	validation
A0A023J5W7	A0A075EKG1	validation
A0A023J5W7	A0A0B4RUW2	validation
A0A023J5W7	A0A0H3W535	validation
A0A023J5W7	A0A191KCR0	validation
A0A023J5W7	A0A191KCR1	validation
A0A023J5W7	A0A191KCR2	validation
A0A023J5W7	A1S0B1	validation
A0A023J5W7	A5A4M8	validation
A0A023J5W7	A8NIX3	validation
A0A023J5W7	A9UIG0	validation
A0A023J5W7	C9E9M9	validation
A0A023J5W7	D2C716	validation
A0A023J5W7	D2KAT1	validation
A0A023J5W7	D3VYD8	validation
A0A023J5W7	D4AHT5	validation
A0A023J5W7	F7YVT1	validation
A0A023J5W7	G2QDN2	validation
A0A023J5W7	L0EKQ7	validation
A0A023J5W7	M5AXT3	validation
A0A023J5W7	O00089	validation
A0A023J5W7	Q0GC07	validation
A0A023J5W7	Q0ZUL0	validation
A0A023J5W7	Q4AEG8	validation
A0A023J5W7	Q4U4W7	validation
A0A023J5W7	Q6RXY3	validation
A0A023J5W7	Q7S3R5	validation
A0A023J5W7	Q7X508	validation
A0A023J5W7	Q875K3	validation
A0A023J5W7	Q8TGI8	validation
A0A023J5W7	Q8W012	validation
A0A023J5W7	Q92AS9	validation
A0A023J5W7	Q97UI4	validation
A0A023J5W7	Q9C3Z9	validation
A0A023J5W7	Q9FGY1	validation
A0A023J5W7	Q9FLG1	validation
A0A023MIF8	A0A023MIF8	test
A0A023MIF8	A0A076JRL8	test
A0A023MIF8	A0A0H2UP35	test
A0A023MIF8	A0A1E1FFN6	test
A0A023MIF8	A0A1Q2U2F1	test
A0A023MIF8	A0A1Q2U2F5	test
A0A023MIF8	A0A2H4ER88	test
A0A023MIF8	A0A2I2LGB3	test
A0A023MIF8	A1C3J9	test
A0A023MIF8	A4XIG7	test
A0A023MIF8	A8WAC9	test
A0A023MIF8	B6ZKM3	test
A0A023MIF8	B9K7M5	test
A0A023MIF8	C9WCQ0	test
A0A023MIF8	C9WCQ1	test
A0A023MIF8	D5KX75	test
A0A023MIF8	E7FHC0	test
A0A023MIF8	E7FHY4	test
A0A023MIF8	I1TIJ2	test
A0A023MIF8	I6TNE2	test
A0A023MIF8	L7Y2Z6	test
A0A023MIF8	O58237	test
A0A023MIF8	O93785	test
A0A023MIF8	P14288	test
A0A023MIF8	P49235	test
A0A023MIF8	P50388	test
A0A023MIF8	Q08IT7	test
A0A023MIF8	Q1XH05	test
A0A023MIF8	Q25BW4	test
A0A023MIF8	Q25BW5	test
A0A023MIF8	Q2WGB4	test
A0A023MIF8	Q42629	test
A0A023MIF8	Q42707	test
A0A023MIF8	Q4AE75	test
A0A023MIF8	Q53EH2	test
A0A023MIF8	Q5PXK2	test
A0A023MIF8	Q6QGY5	test
A0A023MIF8	Q75W17	test
A0A023MIF8	Q86D78	test
A0A023MIF8	Q8GU20	test
A0A023MIF8	Q8L7J2	test
A0A023MIF8	Q8T0W7	test
A0A023MIF8	Q8U3U9	test
A0A023MIF8	Q9C525	test
A0A023MIF8	Q9C8Y9	test
A0A023MIF8	Q9FYS3	test
A0A023MIF8	Q9HIL6	test
A0A023MIF8	Q9SE50	test
A0A023MIF8	Q9SLA0	test
A0A023MIF8	Q9SPP9	test
A0A023MIF8	Q9SR37	test
A0A023MIF8	Q9STD7	test
A0A023MIF8	Q9YGB8	test
A0A023MIF8	S5U834	test
A0A023MIF8	V9PVN6	test
A0A023MIF8	W8QF82	test
A0A023RBJ1	A0A023RBJ1	test
A0A023RBJ1	A0A0E4B3N6	test
A0A023RBJ1	A0A0U1ZF25	test
A0A023RBJ1	A0A0U5FNC1	test
A0A023RBJ1	A0A125SUY5	test
A0A023RBJ1	A0A1B4XTS0	test
A0A023RBJ1	A0A223LRZ7	test
A0A023RBJ1	A0A380WRS7	test
A0A023RBJ1	A0A3S7PMB5	test
A0A023RBJ1	A0A3S7PMC4	test
A0A023RBJ1	A0A7G4NVP1	test
A0A023RBJ1	A0A7G4NVP2	test
A0A023RBJ1	A3GHL4	test
A0A023RBJ1	A3GHR6	test
A0A023RBJ1	A4YGN0	test
A0A023RBJ1	A4YGN2	test
A0A023RBJ1	B8QU18	test
A0A023RBJ1	C5J3R8	test
A0A023RBJ1	C7R702	test
A0A023RBJ1	D2Y3F4	test
A0A023RBJ1	D7PGW0	test
A0A023RBJ1	D9ZKR7	test
A0A023RBJ1	E1V4Y1	test
A0A023RBJ1	F1T242	test
A0A023RBJ1	F6L7F4	test
A0A023RBJ1	F6L7F5	test
A0A023RBJ1	G2I689	test
A0A023RBJ1	G3FFC9	test
A0A023RBJ1	H1ZV38	test
A0A023RBJ1	H6WCP4	test
A0A023RBJ1	K9RZL7	test
A0A023RBJ1	K9S0X0	test
A0A023RBJ1	K9S1J6	test
A0A023RBJ1	M4VRJ6	test
A0A023RBJ1	M5AJW4	test
A0A023RBJ1	O34788	test
A0A023RBJ1	O58389	test
A0A023RBJ1	O87871	test
A0A023RBJ1	P00327	test
A0A023RBJ1	P00330	test
A0A023RBJ1	P06525	test
A0A023RBJ1	P07913	test
A0A023RBJ1	P09347	test
A0A023RBJ1	P0DOW0	test
A0A023RBJ1	P13203	test
A0A023RBJ1	P14941	test
A0A023RBJ1	P22144	test
A0A023RBJ1	P26646	test
A0A023RBJ1	P39849	test
A0A023RBJ1	P80175	test
A0A023RBJ1	P93243	test
A0A023RBJ1	Q02971	test
A0A023RBJ1	Q07993	test
A0A023RBJ1	Q29073	test
A0A023RBJ1	Q2K0Q7	test
A0A023RBJ1	Q2KNL6	test
A0A023RBJ1	Q3J6K9	test
A0A023RBJ1	Q59I44	test
A0A023RBJ1	Q5AVP8	test
A0A023RBJ1	Q5LS56	test
A0A023RBJ1	Q6EM42	test
A0A023RBJ1	Q6EM45	test
A0A023RBJ1	Q6EM46	test
A0A023RBJ1	Q6KAV2	test
A0A023RBJ1	Q6L047	test
A0A023RBJ1	Q6L0S1	test
A0A023RBJ1	Q79ZT3	test
A0A023RBJ1	Q7LYI9	test
A0A023RBJ1	Q86ZV0	test
A0A023RBJ1	Q8L3C9	test
A0A023RBJ1	Q8U259	test
A0A023RBJ1	Q8XB60	test
A0A023RBJ1	Q941I0	test
A0A023RBJ1	Q96V44	test
A0A023RBJ1	Q96ZY7	test
A0A023RBJ1	Q975C8	test
A0A023RBJ1	Q979W2	test
A0A023RBJ1	Q97U21	test
A0A023RBJ1	Q97YM2	test
A0A023RBJ1	Q9ATW1	test
A0A023RBJ1	Q9HIM3	test
A0A023RBJ1	Q9HTE3	test
A0A023RBJ1	Q9HWM8	test
A0A023RBJ1	S6BFC0	test
A0A023RBJ1	T1WUT6	test
A0A023RBJ1	T1WUU2	test
A0A023RBJ1	T1WVG5	test
A0A023RBJ1	T1WW77	test
A0A023RBJ1	T1WW82	test
A0A023RBJ1	T1WWB9	test
A0A023RBJ1	T1WWR8	test
A0A023RBJ1	U3TDQ6	test
A0A023RBJ1	U3TH11	test
A0A023RBJ1	U3TI46	test
A0A023RBJ1	V9SCJ1	test
A0A023RBJ1	V9SDP6	test
A0A023RBJ1	V9SFA1	test
A0A023UHK6	A0A023UHK6	train
A0A023UHK6	A0A067L5U2	train
A0A023UHK6	A0A0C4Y3B2	train
A0A023UHK6	A0A143G976	train
A0A023UHK6	A3REN3	train
A0A023UHK6	A5XB38	train
A0A023UHK6	A7LP30	train
A0A023UHK6	D7RJ66	train
A0A023UHK6	L8B3D7	train
A0A023UHK6	P00432	train
A0A023UHK6	P26901	train
A0A023UHK6	Q8L2Z7	train
A0A023UHK6	Q9AQQ9	train
A0A024A6V9	A0A024A6V9	train
A0A024A6V9	A0A399G7U0	train
A0A024A6V9	A9ZND1	train
A0A024A6V9	K7T9D9	train
A0A024A6V9	Q09LX0	train
A0A024A6V9	Q2I2N4	train
A0A024A6V9	Q5JB56	train
A0A024A6V9	V5J3M5	train
A0A024A6V9	W0BU85	train
A0A024CDT8	A0A024CDT8	validation
A0A024CDT8	A0A0H0ZQK0	validation
A0A024CDT8	A0A1A5VII5	validation
A0A024CDT8	A0A286S6I1	validation
A0A024CDT8	A4PEU6	validation
A0A024CDT8	A6G7B1	validation
A0A024CDT8	B0M0H6	validation
A0A024CDT8	B5SU85	validation
A0A024CDT8	C0LA90	validation
A0A024CDT8	C0WZ89	validation
A0A024CDT8	C2F9L5	validation
A0A024CDT8	C6KI04	validation
A0A024CDT8	C7TMK0	validation
A0A024CDT8	C9V492	validation
A0A024CDT8	D0EPY0	validation
A0A024CDT8	D1MX73	validation
A0A024CDT8	D2J2T6	validation
A0A024CDT8	D2T083	validation
A0A024CDT8	D9XDN2	validation
A0A024CDT8	E2RV69	validation
A0A024CDT8	F9ECN6	validation
A0A024CDT8	G3JWZ2	validation
A0A024CDT8	G3KFX4	validation
A0A024CDT8	G4I2J6	validation
A0A024CDT8	G4I5P8	validation
A0A024CDT8	G9J616	validation
A0A024CDT8	H9CDG2	validation
A0A024CDT8	M5DDN2	validation
A0A024CDT8	O07427	validation
A0A024CDT8	O22975	validation
A0A024CDT8	P27652	validation
A0A024CDT8	P29715	validation
A0A024CDT8	P52278	validation
A0A024CDT8	P52704	validation
A0A024CDT8	P59337	validation
A0A024CDT8	P77044	validation
A0A024CDT8	P82597	validation
A0A024CDT8	P96965	validation
A0A024CDT8	P9WNH5	validation
A0A024CDT8	Q03NE0	validation
A0A024CDT8	Q2KTB5	validation
A0A024CDT8	Q2V0W1	validation
A0A024CDT8	Q3HWU8	validation
A0A024CDT8	Q3V1F8	validation
A0A024CDT8	Q5FMT1	validation
A0A024CDT8	Q5JIE9	validation
A0A024CDT8	Q5Y152	validation
A0A024CDT8	Q6DND9	validation
A0A024CDT8	Q6NAM1	validation
A0A024CDT8	Q6PLI2	validation
A0A024CDT8	Q73Y99	validation
A0A024CDT8	Q76KX0	validation
A0A024CDT8	Q7WSQ7	validation
A0A024CDT8	Q890D8	validation
A0A024CDT8	Q8KT44	validation
A0A024CDT8	Q8R431	validation
A0A024CDT8	Q8U3I6	validation
A0A024CDT8	Q9A919	validation
A0A024CDT8	Q9AQM4	validation
A0A024CDT8	Q9DBL9	validation
A0A024CDT8	Q9H6B9	validation
A0A024CDT8	Q9KJG6	validation
A0A024CDT8	V5YT97	validation
A0A024CDT8	W8QMJ2	validation
A0A024FRL9	A0A024FRL9	train
A0A024FRL9	C7C422	train
A0A024FRL9	F2YZ26	train
A0A024FRL9	H6WET3	train
A0A024FRL9	H6WZS9	train
A0A024FRL9	I3VKD5	train
A0A024FRL9	J7I0S9	train
A0A024FRL9	M1VE66	train
A0A024FRL9	Q9K2N0	train
A0A024FRL9	S5ZIP8	train
A0A024FRL9	T2A6Y2	train
A0A024FS29	A0A024FS29	train
A0A024FS29	A0A024FSF5	train
A0A024FS29	I3JCG9	train
A0A024FS29	L0N7M7	train
A0A024FS29	Q9UQ49	train
A0A024JUE5	A0A024JUE5	test
A0A024JUE5	A0A0E4GVV3	test
A0A024JUE5	P9WFZ5	test
A0A024SN40	A0A024SN40	train
A0A024SN40	A0A166HLT6	train
A0A024SN40	A0A1D8DGR2	train
A0A024SN40	A0A1L5IUR2	train
A0A024SN40	A0A1S6XZP1	train
A0A024SN40	E1CJT1	train
A0A024SN40	E2GDF4	train
A0A024SN40	G2QPS0	train
A0A024SN40	H1AAU7	train
A0A024SN40	P08017	train
A0A024SN40	P69327	train
A0A024SN40	Q0H9W2	train
A0A024SN40	Q58HN1	train
A0A024SN40	Q8TFE5	train
A0A024SN40	Q9C1V4	train
A0A059Q746	A0A059Q746	validation
A0A059Q746	A0A060DAC6	validation
A0A059Q746	A0A0A0BUC7	validation
A0A059Q746	A0A0A0Q4S7	validation
A0A059Q746	A0A0A0WA73	validation
A0A059Q746	A0A0C5GWS2	validation
A0A059Q746	A0A0D8DNG2	validation
A0A059Q746	A0A0F6QDD4	validation
A0A059Q746	A0A0H2X5U3	validation
A0A059Q746	A0A0S3TVE8	validation
A0A059Q746	A0A0U4VEK2	validation
A0A059Q746	A0A168VCK5	validation
A0A059Q746	A0A192GPZ8	validation
A0A059Q746	A0A1G8DI07	validation
A0A059Q746	A0A1I7MT66	validation
A0A059Q746	A0A1L6Z980	validation
A0A059Q746	A0A1P8L1E1	validation
A0A059Q746	A0A1R4FYB1	validation
A0A059Q746	A0A1S6JYL1	validation
A0A059Q746	A0A1V0FWX7	validation
A0A059Q746	A0A1Y3Q6Q6	validation
A0A059Q746	A0A222C758	validation
A0A059Q746	A0A223KY92	validation
A0A059Q746	A0A286QJY9	validation
A0A059Q746	A0A2I7SX03	validation
A0A059Q746	A0A2N0UQI0	validation
A0A059Q746	A0A482EWM9	validation
A0A059Q746	A0A4P8XUU6	validation
A0A059Q746	A0A6C7EEG6	validation
A0A059Q746	A1IHL0	validation
A0A059Q746	A1YR25	validation
A0A059Q746	A3F9M7	validation
A0A059Q746	A4UU34	validation
A0A059Q746	A4UU35	validation
A0A059Q746	A4UU36	validation
A0A059Q746	A5A8M5	validation
A0A059Q746	A5ILB0	validation
A0A059Q746	A5JVZ2	validation
A0A059Q746	A7DWA8	validation
A0A059Q746	A7LI67	validation
A0A059Q746	A8QX00	validation
A0A059Q746	A8VWC5	validation
A0A059Q746	A9YDD9	validation
A0A059Q746	A9ZPD1	validation
A0A059Q746	B0F411	validation
A0A059Q746	B1NLD3	validation
A0A059Q746	B1NLD4	validation
A0A059Q746	B1VC16	validation
A0A059Q746	B1VK33	validation
A0A059Q746	B1XIU7	validation
A0A059Q746	B5ABD8	validation
A0A059Q746	B5ARZ9	validation
A0A059Q746	B6E9W1	validation
A0A059Q746	B6F2H1	validation
A0A059Q746	B6RB08	validation
A0A059Q746	B8H6N5	validation
A0A059Q746	B8Y1H0	validation
A0A059Q746	B8Y3Y0	validation
A0A059Q746	B8YM30	validation
A0A059Q746	B9MPC3	validation
A0A059Q746	C0JP82	validation
A0A059Q746	C0JP83	validation
A0A059Q746	C0LZ63	validation
A0A059Q746	C1DMP8	validation
A0A059Q746	D0VX20	validation
A0A059Q746	D1ABU6	validation
A0A059Q746	D1CE96	validation
A0A059Q746	D2RTP2	validation
A0A059Q746	D3A730	validation
A0A059Q746	D4P4Y7	validation
A0A059Q746	D7BAR0	validation
A0A059Q746	D7VFY4	validation
A0A059Q746	D9MPF2	validation
A0A059Q746	D9TT09	validation
A0A059Q746	E0X988	validation
A0A059Q746	E4PMA5	validation
A0A059Q746	F5S1H2	validation
A0A059Q746	G4T024	validation
A0A059Q746	G4Y5W9	validation
A0A059Q746	H2N0D4	validation
A0A059Q746	I3P686	validation
A0A059Q746	I3ZTQ5	validation
A0A059Q746	J9PXA2	validation
A0A059Q746	J9SJ08	validation
A0A059Q746	K9DE84	validation
A0A059Q746	M1PA89	validation
A0A059Q746	O24421	validation
A0A059Q746	O33476	validation
A0A059Q746	O33838	validation
A0A059Q746	O80403	validation
A0A059Q746	O93647	validation
A0A059Q746	P00690	validation
A0A059Q746	P00692	validation
A0A059Q746	P04063	validation
A0A059Q746	P04746	validation
A0A059Q746	P04830	validation
A0A059Q746	P05618	validation
A0A059Q746	P06279	validation
A0A059Q746	P07762	validation
A0A059Q746	P08144	validation
A0A059Q746	P09107	validation
A0A059Q746	P0CW40	validation
A0A059Q746	P16954	validation
A0A059Q746	P19531	validation
A0A059Q746	P19571	validation
A0A059Q746	P31797	validation
A0A059Q746	P40884	validation
A0A059Q746	P53051	validation
A0A059Q746	P53341	validation
A0A059Q746	P76041	validation
A0A059Q746	P80099	validation
A0A059Q746	P95867	validation
A0A059Q746	P95868	validation
A0A059Q746	P96107	validation
A0A059Q746	P9WN45	validation
A0A059Q746	Q01401	validation
A0A059Q746	Q08295	validation
A0A059Q746	Q14EH6	validation
A0A059Q746	Q197W1	validation
A0A059Q746	Q1GY12	validation
A0A059Q746	Q1IZQ3	validation
A0A059Q746	Q1J0W0	validation
A0A059Q746	Q1J0Z5	validation
A0A059Q746	Q1KLC8	validation
A0A059Q746	Q27GR5	validation
A0A059Q746	Q2HWU5	validation
A0A059Q746	Q2KJQ1	validation
A0A059Q746	Q2QC88	validation
A0A059Q746	Q3BJY5	validation
A0A059Q746	Q3HUR2	validation
A0A059Q746	Q47R94	validation
A0A059Q746	Q47SE5	validation
A0A059Q746	Q4VUI1	validation
A0A059Q746	Q53641	validation
A0A059Q746	Q53I75	validation
A0A059Q746	Q55088	validation
A0A059Q746	Q59495	validation
A0A059Q746	Q5BLZ6	validation
A0A059Q746	Q5FMB7	validation
A0A059Q746	Q5JJ59	validation
A0A059Q746	Q5U9W0	validation
A0A059Q746	Q65MI2	validation
A0A059Q746	Q68KL3	validation
A0A059Q746	Q6H6P8	validation
A0A059Q746	Q6L2Z7	validation
A0A059Q746	Q6S3E3	validation
A0A059Q746	Q6UVM5	validation
A0A059Q746	Q6WUB6	validation
A0A059Q746	Q6XKX6	validation
A0A059Q746	Q6XNK6	validation
A0A059Q746	Q72ID4	validation
A0A059Q746	Q7X8Q2	validation
A0A059Q746	Q84HQ2	validation
A0A059Q746	Q8DT52	validation
A0A059Q746	Q8TZP8	validation
A0A059Q746	Q8X268	validation
A0A059Q746	Q92394	validation
A0A059Q746	Q93HU3	validation
A0A059Q746	Q93I48	validation
A0A059Q746	Q99040	validation
A0A059Q746	Q9AF93	validation
A0A059Q746	Q9AIV2	validation
A0A059Q746	Q9HHB0	validation
A0A059Q746	Q9RTB7	validation
A0A059Q746	Q9RVT9	validation
A0A059Q746	Q9X2F4	validation
A0A059Q746	Q9ZAP8	validation
A0A059Q746	S5UGW5	validation
A0A059Q746	S5YEW8	validation
A0A059Q746	T1WDH2	validation
A0A059Q746	T1WE96	validation
A0A059Q746	W8CJT2	validation
A0A059Q746	W8SKF6	validation
A0A059Q746	X5CPN2	validation
A0A059SVJ4	A0A059SVJ4	test
A0A059SVJ4	A0A067XR63	test
A0A059SVJ4	A0A067XRK9	test
A0A059SVJ4	A0A067XSJ2	test
A0A059SVJ4	A0A2L0E8U4	test
A0A059SVJ4	A0A2L0E8V5	test
A0A059SVJ4	B1P1S7	test
A0A059SVJ4	C0IRH4	test
A0A059SVJ4	C0IRH6	test
A0A059SVJ4	C0IRH7	test
A0A059SVJ4	C0IRH8	test
A0A059SVJ4	C0IRH9	test
A0A059SVJ4	C0IRI0	test
A0A059SVJ4	C0IRI1	test
A0A059SVJ4	C0IRI2	test
A0A059SVJ4	C0IRI3	test
A0A059SVJ4	D5HP43	test
A0A059SVJ4	G5DAC6	test
A0A059SVJ4	G5DAC7	test
A0A059SVJ4	G5DAC8	test
A0A059SVJ4	G5DAC9	test
A0A059SVJ4	P24806	test
A0A059SVJ4	P93349	test
A0A059SVJ4	P93671	test
A0A059SVJ4	P93672	test
A0A059SVJ4	Q1XD17	test
A0A059SVJ4	Q40144	test
A0A059SVJ4	Q43527	test
A0A059SVJ4	Q43528	test
A0A059SVJ4	Q5JZX2	test
A0A059SVJ4	Q6RHX7	test
A0A059SVJ4	Q6RHX8	test
A0A059SVJ4	Q6RHX9	test
A0A059SVJ4	Q6RHY0	test
A0A059SVJ4	Q6RHY1	test
A0A059SVJ4	Q6YDN9	test
A0A059SVJ4	Q8GTJ0	test
A0A059SVJ4	Q8GZD5	test
A0A059SVJ4	Q9FI31	test
A0A059SVJ4	Q9FR51	test
A0A059SVJ4	Q9FZ05	test
A0A059SVJ4	Q9SLN9	test
A0A059SVJ4	Q9ZSU4	test
A0A059SVJ4	Q9ZV40	test
A0A059SVJ4	V5ZEF7	test
A0A059TC02	A0A059TC02	validation
A0A059TC02	A0A0A0PTJ7	validation
A0A059TC02	A0A0A0PVL7	validation
A0A059TC02	A0A0C6E754	validation
A0A059TC02	A0A0C6EUC4	validation
A0A059TC02	A0A0E4AX59	validation
A0A059TC02	A0A0E4AY21	validation
A0A059TC02	A0A0F7EVN0	validation
A0A059TC02	A0A0H2UQY4	validation
A0A059TC02	A0A0H2URG4	validation
A0A059TC02	A0A0H3JPH0	validation
A0A059TC02	A0A168GPL0	validation
A0A059TC02	A0A168GPQ3	validation
A0A059TC02	A0A168GPR3	validation
A0A059TC02	A2IBG2	validation
A0A059TC02	A3C4S4	validation
A0A059TC02	A3MUJ4	validation
A0A059TC02	A7GKX7	validation
A0A059TC02	A7K9F4	validation
A0A059TC02	B0M3E8	validation
A0A059TC02	C4R4L0	validation
A0A059TC02	C5YGL7	validation
A0A059TC02	C5YLL4	validation
A0A059TC02	C8VAU8	validation
A0A059TC02	D2IX40	validation
A0A059TC02	D2IX45	validation
A0A059TC02	D3JU53	validation
A0A059TC02	D3JU54	validation
A0A059TC02	D4GP33	validation
A0A059TC02	D4GS48	validation
A0A059TC02	D6Y7Y8	validation
A0A059TC02	E5F146	validation
A0A059TC02	E5RQ20	validation
A0A059TC02	F8U969	validation
A0A059TC02	F8U971	validation
A0A059TC02	G4VV62	validation
A0A059TC02	G5CSR9	validation
A0A059TC02	H9TZS7	validation
A0A059TC02	J7II91	validation
A0A059TC02	O22141	validation
A0A059TC02	O22617	validation
A0A059TC02	O60547	validation
A0A059TC02	O73960	validation
A0A059TC02	P09147	validation
A0A059TC02	P51103	validation
A0A059TC02	P51104	validation
A0A059TC02	P51105	validation
A0A059TC02	P51107	validation
A0A059TC02	P53199	validation
A0A059TC02	P93031	validation
A0A059TC02	P9WN65	validation
A0A059TC02	P9WN67	validation
A0A059TC02	P9WQP7	validation
A0A059TC02	Q08GL0	validation
A0A059TC02	Q12068	validation
A0A059TC02	Q15738	validation
A0A059TC02	Q2LC81	validation
A0A059TC02	Q2LC82	validation
A0A059TC02	Q2LC83	validation
A0A059TC02	Q2SYH7	validation
A0A059TC02	Q304Y2	validation
A0A059TC02	Q41158	validation
A0A059TC02	Q42605	validation
A0A059TC02	Q4JBJ3	validation
A0A059TC02	Q4U1I4	validation
A0A059TC02	Q4U1I5	validation
A0A059TC02	Q58IJ6	validation
A0A059TC02	Q5FB34	validation
A0A059TC02	Q5UL14	validation
A0A059TC02	Q6EB26	validation
A0A059TC02	Q6K9M5	validation
A0A059TC02	Q6S3D7	validation
A0A059TC02	Q6TQT0	validation
A0A059TC02	Q6TQT1	validation
A0A059TC02	Q75PK6	validation
A0A059TC02	Q75PK7	validation
A0A059TC02	Q7CRQ0	validation
A0A059TC02	Q7PCC4	validation
A0A059TC02	Q81A42	validation
A0A059TC02	Q81JK4	validation
A0A059TC02	Q81K34	validation
A0A059TC02	Q868I5	validation
A0A059TC02	Q888H1	validation
A0A059TC02	Q88NN6	validation
A0A059TC02	Q8KZM4	validation
A0A059TC02	Q8L0V2	validation
A0A059TC02	Q8LDN8	validation
A0A059TC02	Q8LNZ3	validation
A0A059TC02	Q8W3J0	validation
A0A059TC02	Q92WA3	validation
A0A059TC02	Q96V00	validation
A0A059TC02	Q9AV98	validation
A0A059TC02	Q9C7W7	validation
A0A059TC02	Q9LFG7	validation
A0A059TC02	Q9LIS3	validation
A0A059TC02	Q9M0B6	validation
A0A059TC02	Q9M631	validation
A0A059TC02	Q9N119	validation
A0A059TC02	Q9S787	validation
A0A059TC02	Q9SN58	validation
A0A059TC02	Q9STI6	validation
A0A059TC02	Q9T0A7	validation
A0A059TC02	Q9WYX9	validation
A0A059TC02	Q9XES5	validation
A0A059TC02	Q9Y7X5	validation
A0A059TC02	T1SEU9	validation
A0A059TC02	T1SEV0	validation
A0A059TC02	T1WWB5	validation
A0A059VLI3	A0A059VLI3	train
A0A059VLI3	A0A179FQV9	train
A0A059VLI3	A9UKG4	train
A0A059VLI3	O00105	train
A0A059VLI3	P48845	train
A0A059WLZ7	A0A059WLZ7	train
A0A059ZV61	A0A059ZV61	test
A0A059ZV61	D4H6M0	test
A0A059ZV61	F4K5W8	test
A0A059ZV61	H6TFZ4	test
A0A059ZV61	I7A3T6	test
A0A059ZV61	K9K7W3	test
A0A059ZV61	P30298	test
A0A059ZV61	P31924	test
A0A059ZV61	Q00917	test
A0A059ZV61	Q10LP5	test
A0A059ZV61	Q6K973	test
A0A059ZV61	Q9FX32	test
A0A059ZV61	Q9LXL5	test
A0A060A630	A0A060A630	validation
A0A060A630	A0A2I7M6F6	validation
A0A060A630	A1Z0K2	validation
A0A060A630	A5K3U9	validation
A0A060A630	C5NSV0	validation
A0A060A630	C6FWG9	validation
A0A060A630	C6FWH0	validation
A0A060A630	O25294	validation
A0A060A630	O32106	validation
A0A060A630	O86436	validation
A0A060A630	P00727	validation
A0A060A630	P28838	validation
A0A060A630	P68767	validation
A0A060A630	P9WHT3	validation
A0A060A630	Q09735	validation
A0A060A630	Q0KKA6	validation
A0A060A630	Q10712	validation
A0A060A630	Q4A9M4	validation
A0A060A630	Q500X4	validation
A0A060A630	Q5CRI9	validation
A0A060A630	Q7K2S9	validation
A0A060A630	Q7K5K9	validation
A0A060A630	Q7KF27	validation
A0A060A630	Q8GZD8	validation
A0A060A630	Q8IL11	validation
A0A060A630	Q8T4F1	validation
A0A060A630	Q95R35	validation
A0A060A630	Q95V75	validation
A0A060A630	Q95V76	validation
A0A060A630	Q961W5	validation
A0A060A630	Q9GQ37	validation
A0A060A630	Q9VSM6	validation
A0A060A630	Q9VSM7	validation
A0A060IGN1	A0A060IGN1	train
A0A060INS8	A0A060INS8	test
A0A060INS8	A0A0U4HGR1	test
A0A060INS8	A0A220T1Z2	test
A0A060INS8	A0A248QF88	test
A0A060INS8	A0A2H4PKA2	test
A0A060INS8	A0A2U8JGA6	test
A0A060INS8	A1YLF1	test
A0A060INS8	A1YLF2	test
A0A060INS8	A5HJW4	test
A0A060INS8	A7L844	test
A0A060INS8	A7LM75	test
A0A060INS8	B0L0Y4	test
A0A060INS8	B2C323	test
A0A060INS8	B2XVS9	test
A0A060INS8	B2Z447	test
A0A060INS8	B3TM67	test
A0A060INS8	B5BLP0	test
A0A060INS8	B5G4Y8	test
A0A060INS8	C4LTT0	test
A0A060INS8	E4W4G9	test
A0A060INS8	G1JRK2	test
A0A060INS8	G3INC5	test
A0A060INS8	G8Z9T0	test
A0A060INS8	G9F9V4	test
A0A060INS8	G9FTP5	test
A0A060INS8	H8WG11	test
A0A060INS8	H9B8T9	test
A0A060INS8	I6QMK7	test
A0A060INS8	K7QTY9	test
A0A060INS8	O23801	test
A0A060INS8	O35186	test
A0A060INS8	O60911	test
A0A060INS8	P00787	test
A0A060INS8	P07858	test
A0A060INS8	P10056	test
A0A060INS8	P10605	test
A0A060INS8	P16311	test
A0A060INS8	P25774	test
A0A060INS8	P25783	test
A0A060INS8	P43510	test
A0A060INS8	P80884	test
A0A060INS8	Q0PZI4	test
A0A060INS8	Q1HER6	test
A0A060INS8	Q4VRW4	test
A0A060INS8	Q4VRW5	test
A0A060INS8	Q4VRW6	test
A0A060INS8	Q4VRW7	test
A0A060INS8	Q4VRW8	test
A0A060INS8	Q4VRW9	test
A0A060INS8	Q58HF4	test
A0A060INS8	Q5PXS3	test
A0A060INS8	Q5VJM8	test
A0A060INS8	Q6PH75	test
A0A060INS8	Q6Q2T4	test
A0A060INS8	Q6R7Z5	test
A0A060INS8	Q6SSE0	test
A0A060INS8	Q6T857	test
A0A060INS8	Q7JNQ9	test
A0A060INS8	Q86MW7	test
A0A060INS8	Q95030	test
A0A060INS8	Q9NB30	test
A0A060INS8	Q9R014	test
A0A060INS8	X5D761	test
A0A060INS8	X5D911	test
A0A060KZ16	A0A060KZ16	train
A0A060KZ16	A0A140JW76	train
A0A060KZ16	A0A140JW77	train
A0A060KZ16	P0A6S7	train
A0A060KZ16	P21695	train
A0A060KZ16	Q00055	train
A0A060PQX5	A0A060PQX5	train
A0A060PQX5	A0A0U5KG73	train
A0A060PQX5	A0A1D8PG20	train
A0A060PQX5	A0A223K4L6	train
A0A060PQX5	A0A5B8TZA8	train
A0A060PQX5	A0A6F8T0V6	train
A0A060PQX5	A0A6P3CW87	train
A0A060PQX5	A7XRY8	train
A0A060PQX5	B1B6U5	train
A0A060PQX5	B9X1L2	train
A0A060PQX5	D2Z0I0	train
A0A060PQX5	P14909	train
A0A060PQX5	P24298	train
A0A060PQX5	Q02635	train
A0A060PQX5	Q56232	train
A0A060PQX5	Q58097	train
A0A060PQX5	Q67Y55	train
A0A060PQX5	Q8NRE6	train
A0A060PQX5	Q939C9	train
A0A060PQX5	Q93ZN9	train
A0A060PQX5	Q9FN30	train
A0A060PQX5	Q9LVY1	train
A0A060PQX5	Q9P9M8	train
A0A060PQX5	Q9SIE1	train
A0A060PQX5	Q9X0D0	train
A0A060PQX5	S4UF58	train
A0A060S684	A0A060S684	test
A0A060S684	A0A0P0DIY6	test
A0A060S684	A0A0X9E4F6	test
A0A060S684	A0A0X9FVC0	test
A0A060S684	A0A1B1FIV8	test
A0A060S684	A0A1B1FIW0	test
A0A060S684	A0A1B1FIW2	test
A0A060S684	A0A1B1FIZ1	test
A0A060S684	A0A287BBZ0	test
A0A060S684	A7YN26	test
A0A060S684	B7X755	test
A0A060S684	B7ZF10	test
A0A060S684	D2D3B6	test
A0A060S684	D2KWC2	test
A0A060S684	D5GRP3	test
A0A060S684	D8UUL2	test
A0A060S684	O00748	test
A0A060S684	O35535	test
A0A060S684	O70177	test
A0A060S684	O70631	test
A0A060S684	P04058	test
A0A060S684	P06276	test
A0A060S684	P07140	test
A0A060S684	P10959	test
A0A060S684	P16303	test
A0A060S684	P20261	test
A0A060S684	P21836	test
A0A060S684	P23141	test
A0A060S684	P23795	test
A0A060S684	P23953	test
A0A060S684	P32749	test
A0A060S684	P32947	test
A0A060S684	P37136	test
A0A060S684	P37967	test
A0A060S684	Q0MVP3	test
A0A060S684	Q2TFW1	test
A0A060S684	Q63108	test
A0A060S684	Q63880	test
A0A060S684	Q64176	test
A0A060S684	Q64285	test
A0A060S684	Q64573	test
A0A060S684	Q65MY7	test
A0A060S684	Q8K3R0	test
A0A060S684	Q8VCC2	test
A0A060S684	Q8VCT4	test
A0A060S684	Q95N05	test
A0A060S684	Q9DDE3	test
A0A060S684	Q9JKC1	test
A0A060S684	S4TYB2	test
A0A060S684	V5QQC6	test
A0A060S684	V6BP73	test
A0A060TAG5	A0A060TAG5	train
A0A061D1S0	A0A061D1S0	test
A0A061D1S0	Q9LAH7	test
A0A061J5A1	A0A061J5A1	train
A0A061J5A1	A0A0H5S3P5	train
A0A061J5A1	A8JC04	train
A0A061J5A1	C1LT16	train
A0A061J5A1	P00558	train
A0A061J5A1	P20971	train
A0A061J5A1	P46273	train
A0A061J5A1	P50311	train
A0A061J5A1	P50317	train
A0A061J5A1	P61884	train
A0A061J5A1	Q01655	train
A0A061J5A1	Q27683	train
A0A061J5A1	Q95PK9	train
A0A061J5A1	Q9RBS3	train
A0A067XRW0	A0A067XRW0	test
A0A067XRW0	A0A088BC14	test
A0A067XRW0	A0A0F7MX47	test
A0A067XRW0	A0A0F7MYK0	test
A0A067XRW0	A0A0S2I9J6	test
A0A067XRW0	A0A286LNP2	test
A0A067XRW0	A0A2H4RAC5	test
A0A067XRW0	A0A2U9Q8K4	test
A0A067XRW0	A0A346PXS9	test
A0A067XRW0	A0A3T0YV67	test
A0A067XRW0	A5IL00	test
A0A067XRW0	A7TVD4	test
A0A067XRW0	B1B533	test
A0A067XRW0	B2BZ80	test
A0A067XRW0	B4XVN1	test
A0A067XRW0	B5M201	test
A0A067XRW0	B8XY24	test
A0A067XRW0	B9VSZ3	test
A0A067XRW0	C3VEV9	test
A0A067XRW0	C6FX34	test
A0A067XRW0	C6ZHB0	test
A0A067XRW0	D0QF43	test
A0A067XRW0	D3VWB5	test
A0A067XRW0	D8L2Y2	test
A0A067XRW0	E1APH5	test
A0A067XRW0	E3WF08	test
A0A067XRW0	E4Q2A4	test
A0A067XRW0	F0S6Y3	test
A0A067XRW0	F2VRY7	test
A0A067XRW0	F7YXD6	test
A0A067XRW0	I6Z9A7	test
A0A067XRW0	M4QNR9	test
A0A067XRW0	O68541	test
A0A067XRW0	Q17TM8	test
A0A067XRW0	Q59922	test
A0A067XRW0	Q5ZNB1	test
A0A067XRW0	Q8CJQ1	test
A0A067XRW0	Q9X584	test
A0A067XRW0	T2HRP0	test
A0A067YX61	A0A067YX61	train
A0A067YX61	A0A1L1YPD7	train
A0A068CB13	A0A068CB13	validation
A0A068CB13	A0A140CUL9	validation
A0A068CB13	A0A145Y386	validation
A0A068CB13	A0A173MZJ8	validation
A0A068CB13	A0A1E1GL61	validation
A0A068CB13	A0A1E1GL87	validation
A0A068CB13	A0A2H4PJM2	validation
A0A068CB13	A0A3S4PHH6	validation
A0A068CB13	A0A3S5YA89	validation
A0A068CB13	A4PIB0	validation
A0A068CB13	A7LGL0	validation
A0A068CB13	A7LLT8	validation
A0A068CB13	A8DPS4	validation
A0A068CB13	B7VF77	validation
A0A068CB13	B9X0I1	validation
A0A068CB13	B9X0I2	validation
A0A068CB13	E4QP00	validation
A0A068CB13	H9NJ43	validation
A0A068CB13	H9NJ52	validation
A0A068CB13	I7FDJ2	validation
A0A068CB13	P12676	validation
A0A068CB13	P22637	validation
A0A068CB13	P81156	validation
A0A068CB13	Q0CDD9	validation
A0A068CB13	Q0PB95	validation
A0A068CB13	Q0PGS3	validation
A0A068CB13	Q0R4L2	validation
A0A068CB13	Q12062	validation
A0A068CB13	Q157H4	validation
A0A068CB13	Q3L1D1	validation
A0A068CB13	Q3L243	validation
A0A068CB13	Q53U15	validation
A0A068CB13	Q55020	validation
A0A068CB13	Q56DL0	validation
A0A068CB13	Q5NT46	validation
A0A068CB13	Q70FC9	validation
A0A068CB13	Q8GQE7	validation
A0A068CB13	Q8NE62	validation
A0A068CB13	Q988C9	validation
A0A068CB13	Q9AJD6	validation
A0A068CB13	Q9HFQ1	validation
A0A068CB13	T2M2J4	validation
A0A068EUE1	A0A068EUE1	test
A0A068EUE1	A0A0H2Z9F5	test
A0A068EUE1	A0A0H2ZB32	test
A0A068EUE1	A0A0H2ZHZ0	test
A0A068EUE1	A4V929	test
A0A068EUE1	A4YG49	test
A0A068EUE1	A5N930	test
A0A068EUE1	A7AW73	test
A0A068EUE1	A8UT36	test
A0A068EUE1	B2G3S1	test
A0A068EUE1	B4U9T7	test
A0A068EUE1	B6F1A8	test
A0A068EUE1	D9J041	test
A0A068EUE1	E0XF09	test
A0A068EUE1	F6IXY6	test
A0A068EUE1	O29852	test
A0A068EUE1	O58308	test
A0A068EUE1	P00390	test
A0A068EUE1	P09622	test
A0A068EUE1	P27306	test
A0A068EUE1	Q0GU43	test
A0A068EUE1	Q0VTB0	test
A0A068EUE1	Q2I826	test
A0A068EUE1	Q2I827	test
A0A068EUE1	Q2I828	test
A0A068EUE1	Q2WFW5	test
A0A068EUE1	Q54453	test
A0A068EUE1	Q56839	test
A0A068EUE1	Q5JFZ8	test
A0A068EUE1	Q5JGP4	test
A0A068EUE1	Q5JHY2	test
A0A068EUE1	Q5JJB9	test
A0A068EUE1	Q8MZR8	test
A0A068EUE1	Q8NTE1	test
A0A068EUE1	Q8U1K9	test
A0A068EUE1	Q8U1M0	test
A0A068EUE1	Q95PT6	test
A0A068EUE1	Q9NL96	test
A0A068EUE1	V5TDP2	test
A0A068FNL1	A0A068FNL1	train
A0A068FNL1	A0A2D3HJ61	train
A0A068FNL1	A0A2I6U1R5	train
A0A068FNL1	C7YUZ1	train
A0A068FNL1	H2EIY3	train
A0A068FNL1	I0CKV2	train
A0A068FNL1	I0CKV3	train
A0A068FNL1	O42815	train
A0A068FNL1	O59952	train
A0A068FNL1	P61872	train
A0A068FNL1	Q2QFX1	train
A0A068FNL1	Q3HRV6	train
A0A068FNL1	Q7LST4	train
A0A068FNL1	Q872L3	train
A0A068FNL1	Q872L4	train
A0A068L7N8	A0A068L7N8	test
A0A068L7N8	A0A068L889	test
A0A068L7N8	A0A068L9J0	test
A0A068L7N8	A0A077JGG8	test
A0A068L7N8	A0A097SRT3	test
A0A068L7N8	A0A0A0RDZ8	test
A0A068L7N8	A0A0A7AN31	test
A0A068L7N8	A0A0A7ANT1	test
A0A068L7N8	A0A0C5QH30	test
A0A068L7N8	A0A0G3BIB7	test
A0A068L7N8	A0A0H4U599	test
A0A068L7N8	A0A0M3Q1Q3	test
A0A068L7N8	A0A109P1X1	test
A0A068L7N8	A0A176VPW0	test
A0A068L7N8	A0A185NWC6	test
A0A068L7N8	A0A1C7AAM8	test
A0A068L7N8	A0A1V0D8Y5	test
A0A068L7N8	A0A1W6GW06	test
A0A068L7N8	A0A1W6GW18	test
A0A068L7N8	A0A1W6GW32	test
A0A068L7N8	A0A1X9ISP7	test
A0A068L7N8	A0A1Z3GCD1	test
A0A068L7N8	A0A385J6X8	test
A0A068L7N8	A0A385J6Y9	test
A0A068L7N8	A4KAG7	test
A0A068L7N8	A4KAG8	test
A0A068L7N8	A5A8G0	test
A0A068L7N8	A5Y5L5	test
A0A068L7N8	B0FGA9	test
A0A068L7N8	B1B1U3	test
A0A068L7N8	B3TPQ6	test
A0A068L7N8	D2XEB3	test
A0A068L7N8	E2E2P0	test
A0A068L7N8	E2IHE0	test
A0A068L7N8	E3W202	test
A0A068L7N8	E3W203	test
A0A068L7N8	E3W204	test
A0A068L7N8	E5GAF4	test
A0A068L7N8	E5LLI1	test
A0A068L7N8	E9N3U9	test
A0A068L7N8	G9MAN7	test
A0A068L7N8	H8ZM73	test
A0A068L7N8	I6XZ73	test
A0A068L7N8	J7LH11	test
A0A068L7N8	K4HYB0	test
A0A068L7N8	K4LMW2	test
A0A068L7N8	K9Y6Y9	test
A0A068L7N8	O81191	test
A0A068L7N8	P0DI76	test
A0A068L7N8	Q0JA82	test
A0A068L7N8	Q0VHD6	test
A0A068L7N8	Q1PDD2	test
A0A068L7N8	Q1XBU5	test
A0A068L7N8	Q2XSC4	test
A0A068L7N8	Q39760	test
A0A068L7N8	Q39761	test
A0A068L7N8	Q49SP3	test
A0A068L7N8	Q49SP6	test
A0A068L7N8	Q4U3F7	test
A0A068L7N8	Q50L36	test
A0A068L7N8	Q5GJ59	test
A0A068L7N8	Q6F5H0	test
A0A068L7N8	Q6Q3H2	test
A0A068L7N8	Q6Q3H3	test
A0A068L7N8	Q6YN71	test
A0A068L7N8	Q7XAS7	test
A0A068L7N8	Q84KL3	test
A0A068L7N8	Q84KL6	test
A0A068L7N8	Q84LB2	test
A0A068L7N8	Q84ZW8	test
A0A068L7N8	Q8GUE4	test
A0A068L7N8	Q8H2B4	test
A0A068L7N8	Q8L5K1	test
A0A068L7N8	Q8L5K3	test
A0A068L7N8	Q8LSC2	test
A0A068L7N8	Q8LSC3	test
A0A068L7N8	Q947C4	test
A0A068L7N8	Q9AR04	test
A0A068L7N8	Q9AR67	test
A0A068L7N8	Q9FUW5	test
A0A068L7N8	Q9FXY7	test
A0A068L7N8	Q9LLR9	test
A0A068L7N8	Q9SAK2	test
A0A068L7N8	Q9XEH9	test
A0A068LJN3	A0A068LJN3	train
A0A068LJN3	D9IL10	train
A0A068LJN3	H6WVX3	train
A0A068LJN3	H9GBL1	train
A0A068LJN3	O14556	train
A0A068LJN3	O34425	train
A0A068LJN3	P00356	train
A0A068LJN3	P00359	train
A0A068LJN3	P04797	train
A0A068LJN3	P0C0G6	train
A0A068LJN3	P16858	train
A0A068LJN3	P46406	train
A0A068LJN3	P9WN83	train
A0A068LJN3	Q01651	train
A0A068LJN3	Q6GIL8	train
A0A068LJN3	Q81X74	train
A0A068LJN3	Q8LK04	train
A0A068LJN3	Q8T6B1	train
A0A068LJN3	V7PVE5	train
A0A068PC91	A0A068PC91	train
A0A068PC91	A0A1B1Y7V0	train
A0A068PC91	A0A346FH09	train
A0A068PC91	A3UR44	train
A0A068PC91	A3UT33	train
A0A068PC91	A7LFP7	train
A0A068PC91	B5BSV2	train
A0A068PC91	G0L2Y1	train
A0A068PC91	G3LI08	train
A0A068PC91	G9CHX6	train
A0A068PC91	L8B3Z6	train
A0A068PC91	Q53EJ1	train
A0A068PC91	Q59478	train
A0A068PC91	Q9RB42	train
A0A068Q816	A0A068Q816	train
A0A068Q816	P19113	train
A0A069AW73	A0A069AW73	train
A0A069AW73	A4YGC7	train
A0A069AW73	A7LCL0	train
A0A069AW73	P55792	train
A0A069AW73	Q4L1M7	train
A0A069AW73	Q8RQQ0	train
A0A069AW73	Q9LAG3	train
A0A069Q255	A0A069Q255	test
A0A069Q255	P0A784	test
A0A069Q255	Q47VZ4	test
A0A073KHN9	A0A073KHN9	train
A0A073KHN9	A0A1B1KJ01	train
A0A073KHN9	C0STY0	train
A0A073KHN9	C0STY1	train
A0A073KHN9	P41407	train
A0A073KHN9	Q831B2	train
A0A073KHN9	Q8E990	train
A0A075B5G4	A0A075B5G4	train
A0A075B5G4	A0A0F6TMI2	train
A0A075B5G4	A0A1S6YJF3	train
A0A075B5G4	A7EQQ8	train
A0A075B5G4	B9U443	train
A0A075B5G4	F2X2F9	train
A0A075B5G4	G2QH51	train
A0A075B5G4	P00590	train
A0A075B5G4	Q5AVY9	train
A0A075B5G4	S4VCH4	train
A0A075EDT8	A0A075EDT8	train
A0A075EDT8	A0A0K2SQX3	train
A0A075EDT8	A0A0P0ISK8	train
A0A075EDT8	A0A1W6ALG2	train
A0A075EDT8	A0A1W6ALG8	train
A0A075EDT8	A4XJR8	train
A0A075EDT8	B2D088	train
A0A075EDT8	E7CY70	train
A0A075EDT8	F4H166	train
A0A075EDT8	F7YTI3	train
A0A075EDT8	O69262	train
A0A075EDT8	P94531	train
A0A075EDT8	P94552	train
A0A075EDT8	Q2MJP5	train
A0A075EDT8	Q841V6	train
A0A075EDT8	Q9WYB7	train
A0A075EDT8	Q9XBQ3	train
A0A075FFV0	A0A075FFV0	train
A0A075Q354	A0A075Q354	test
A0A075Q354	A0A0M3TGF7	test
A0A075Q354	A0A0M4NDK0	test
A0A075Q354	A9H275	test
A0A075Q354	O82647	test
A0A075Q354	P06169	test
A0A075Q354	P0AFI0	test
A0A075Q354	P16467	test
A0A075Q354	P17109	test
A0A075Q354	P17597	test
A0A075Q354	P20906	test
A0A075Q354	P26263	test
A0A075Q354	P37251	test
A0A075Q354	P45261	test
A0A075Q354	P51852	test
A0A075Q354	P51853	test
A0A075Q354	P9WG37	test
A0A075Q354	P9WG39	test
A0A075Q354	P9WG41	test
A0A075Q354	Q04789	test
A0A075Q354	Q06408	test
A0A075Q354	Q12629	test
A0A075Q354	Q14TG2	test
A0A075Q354	Q14TG4	test
A0A075Q354	Q5SJ01	test
A0A075Q354	Q5VB42	test
A0A075Q354	Q5VB44	test
A0A075Q354	Q5VB49	test
A0A075Q354	Q684J7	test
A0A075Q354	Q6FJA3	test
A0A075Q354	Q6K2E8	test
A0A075Q354	Q6NYI5	test
A0A075Q354	Q6QBS4	test
A0A075Q354	Q836A5	test
A0A075Q354	Q8CHM7	test
A0A075Q354	Q8NK64	test
A0A075Q354	Q8NK65	test
A0A075Q354	Q8RL88	test
A0A075Q354	Q8U2A4	test
A0A075Q354	Q93EN4	test
A0A075Q354	Q9FFT4	test
A0A075Q354	Q9M039	test
A0A075Q354	Q9M040	test
A0A075Q354	Q9UJ83	test
A0A075Q354	Q9UUT6	test
A0A075Q354	Q9WZ18	test
A0A075X1K1	A0A075X1K1	train
A0A075XAG5	A0A075XAG5	train
A0A075XAG5	D7P5V0	train
A0A075XAG5	E7CYP8	train
A0A075XAG5	F8G0M4	train
A0A075XAG5	G8B709	train
A0A075XAG5	I7ASS7	train
A0A075XAG5	O15229	train
A0A075XAG5	O29786	train
A0A075XAG5	Q0SFK6	train
A0A075XAG5	Q5EXK1	train
A0A075XAG5	Q84HF5	train
A0A075XAG5	Q86PM2	train
A0A075XAG5	Q88FY2	train
A0A075XAG5	Q8ISJ5	train
A0A075XAG5	Q8KAB0	train
A0A075XAG5	Q8NLB6	train
A0A075XAG5	Q93L51	train
A0A075XAG5	Q988D3	train
A0A075XAG5	Q9CA67	train
A0A075XAG5	Q9F131	train
A0A075XAG5	Q9HKS9	train
A0A075XAG5	Q9I0Q0	train
A0A075XAG5	Q9MZS9	train
A0A075XAG5	Q9Z5D4	train
A0A075XAG5	W8E0Y0	train
A0A076MQB4	A0A076MQB4	test
A0A076MQB4	A0A0U4MRI4	test
A0A076MQB4	A0A0U5A554	test
A0A076MQB4	A0A0U5AKI6	test
A0A076MQB4	A0A0X1KHE6	test
A0A076MQB4	A0A2Z6G0Q7	test
A0A076MQB4	A0QY48	test
A0A076MQB4	A4F2N8	test
A0A076MQB4	A4HPM6	test
A0A076MQB4	A5HUN0	test
A0A076MQB4	A6QDA0	test
A0A076MQB4	A8YBP8	test
A0A076MQB4	A8YBS4	test
A0A076MQB4	B1M5C5	test
A0A076MQB4	B8IP05	test
A0A076MQB4	C5AQP6	test
A0A076MQB4	D2Z027	test
A0A076MQB4	F5HTD7	test
A0A076MQB4	F7ZG00	test
A0A076MQB4	G1C2I2	test
A0A076MQB4	I1L6I6	test
A0A076MQB4	J9WJN8	test
A0A076MQB4	K1QH67	test
A0A076MQB4	L0N5C4	test
A0A076MQB4	O15635	test
A0A076MQB4	P0A1E3	test
A0A076MQB4	P20132	test
A0A076MQB4	P29848	test
A0A076MQB4	P40817	test
A0A076MQB4	P45040	test
A0A076MQB4	P66899	test
A0A076MQB4	P9WG59	test
A0A076MQB4	Q2PGG3	test
A0A076MQB4	Q401L7	test
A0A076MQB4	Q54HH2	test
A0A076MQB4	Q5JDJ1	test
A0A076MQB4	Q5PWZ8	test
A0A076MQB4	Q76EQ0	test
A0A076MQB4	Q7XSN8	test
A0A076MQB4	Q84IF9	test
A0A076MQB4	Q8L0X3	test
A0A076MQB4	Q93968	test
A0A076MQB4	Q96GA7	test
A0A076MQB4	Q9FFW8	test
A0A076MQB4	Q9GZT4	test
A0A076MQB4	Q9YGB0	test
A0A076MQB4	T1KF23	test
A0A076MQB4	W5S3I4	test
A0A076N4W8	A0A076N4W8	train
A0A076N4W8	A0A076N8Z0	train
A0A076N4W8	A0A1L1VVY8	train
A0A076N4W8	A0A1P8VSL7	train
A0A076N4W8	V5TD11	train
A0A076U8J8	A0A076U8J8	train
A0A076U8J8	A0A172MJX5	train
A0A076U8J8	A2IBI0	train
A0A076U8J8	D0UZK7	train
A0A076U8J8	F5BR59	train
A0A076U8J8	H6V8U4	train
A0A076U8J8	J9QYL0	train
A0A076U8J8	O48882	train
A0A076U8J8	P05116	train
A0A076U8J8	P07920	train
A0A076U8J8	P24157	train
A0A076U8J8	P24397	train
A0A076U8J8	P32021	train
A0A076U8J8	Q00985	train
A0A076U8J8	Q07DT9	train
A0A076U8J8	Q15JG7	train
A0A076U8J8	Q39103	train
A0A076U8J8	Q66ME9	train
A0A076U8J8	Q66Q78	train
A0A076U8J8	Q6V0J1	train
A0A076U8J8	Q7RYZ9	train
A0A076U8J8	Q9LE86	train
A0A076U8J8	Q9LHN8	train
A0A076U8J8	Q9ZWQ9	train
A0A076U8J8	T1UPN7	train
A0A076VF18	A0A076VF18	train
A0A077AY47	A0A077AY47	train
A0A077AY47	A0A0K0XHU0	train
A0A077AY47	Q6HKW3	train
A0A077ERI8	A0A077ERI8	train
A0A077ERI8	F0S764	train
A0A077ERI8	I6QML9	train
A0A077ERI8	Q53591	train
A0A077ERI8	Q59288	train
A0A077ERI8	W6E7E9	train
A0A077EWA5	A0A077EWA5	train
A0A077EWA5	A0A090BN67	train
A0A077EWA5	F2YP45	train
A0A077EWA5	Q40313	train
A0A077EWA5	Q43237	train
A0A077EWA5	Q9XGP7	train
A0A077HCY1	A0A077HCY1	train
A0A077HCY1	L7RFF8	train
A0A077HCY1	O82832	train
A0A077HCY1	O95749	train
A0A077HCY1	P0AD57	train
A0A077HCY1	P14324	train
A0A077HCY1	P39464	train
A0A077HCY1	Q12051	train
A0A077HCY1	Q2FYG6	train
A0A077HCY1	Q4QBL1	train
A0A077HCY1	Q548K3	train
A0A077HCY1	Q5I7E1	train
A0A077HCY1	Q7XYS8	train
A0A077HCY1	Q8II79	train
A0A077HCY1	Q8PYS1	train
A0A077HCY1	Q94IE8	train
A0A077HCY1	Q94IE9	train
A0A077HCY1	Q9UWR6	train
A0A077HCY1	S6AGL5	train
A0A077HCY1	U3RD44	train
A0A077JBW9	A0A077JBW9	train
A0A077JIE7	A0A077JIE7	train
A0A077JIE7	B4XEY3	train
A0A077JIE7	B5MF68	train
A0A077JIE7	B7XBZ7	train
A0A077JIE7	B7XBZ9	train
A0A077JIE7	B7XC00	train
A0A077JIE7	F6N111	train
A0A077JIE7	P22984	train
A0A077JIE7	Q5YFS2	train
A0A077JIE7	Q84DC4	train
A0A077JN67	A0A077JN67	validation
A0A077JN67	A0A158RFS7	validation
A0A077JN67	A1RVM8	validation
A0A077JN67	A3KCL7	validation
A0A077JN67	A3KEZ1	validation
A0A077JN67	D7UTZ8	validation
A0A077JN67	L7T8Y9	validation
A0A077JN67	O31616	validation
A0A077JN67	O59089	validation
A0A077JN67	O59445	validation
A0A077JN67	P00371	validation
A0A077JN67	P14920	validation
A0A077JN67	P80324	validation
A0A077JN67	Q5JFG2	validation
A0A077JN67	Q5JFG7	validation
A0A077JN67	Q6ITC6	validation
A0A077JN67	Q6R4Q9	validation
A0A077JN67	Q6RH61	validation
A0A077JN67	Q6TGN2	validation
A0A077JN67	Q75WF1	validation
A0A077JN67	Q76M73	validation
A0A077JN67	Q7X2D3	validation
A0A077JN67	Q88EK5	validation
A0A077JN67	Q88Q83	validation
A0A077JN67	Q89E94	validation
A0A077JN67	Q89E97	validation
A0A077JN67	Q8U022	validation
A0A077JN67	Q8U1G2	validation
A0A077JN67	Q9H9P8	validation
A0A077JN67	Q9HTQ0	validation
A0A077JN67	S5FMM4	validation
A0A077JN67	S6C8W7	validation
A0A077YGC3	A0A077YGC3	train
A0A077YGC3	B3Y018	train
A0A078H868	A0A078H868	train
A0A078H868	B9RK42	train
A0A078H868	Q9FJB4	train
A0A080UUN2	A0A080UUN2	test
A0A080UUN2	P0C037	test
A0A080UUN2	Q8E927	test
A0A085HKM4	A0A085HKM4	train
A0A085HKM4	B1KD89	train
A0A085HKM4	B1KDE7	train
A0A085HKM4	B1KRG2	train
A0A085HKM4	B2UQR6	train
A0A085HKM4	M1F2U2	train
A0A085HKM4	Q4DF18	train
A0A085HKM4	Q4DFH6	train
A0A085HKM4	Q4Q6K7	train
A0A085HKM4	Q8VYG2	train
A0A085HKM4	Q9K3S8	train
A0A087BL81	A0A087BL81	train
A0A087BL81	A0A087D2Y1	train
A0A087BL81	A0A1V0FWZ3	train
A0A087BL81	A0A1Y0E209	train
A0A087BL81	A5HKP3	train
A0A087BL81	B5TQZ0	train
A0A087BL81	B9V401	train
A0A087BL81	B9V405	train
A0A087BL81	C0BTD8	train
A0A087BL81	C7AQX8	train
A0A087BL81	C7AQX9	train
A0A087BL81	C7AQY2	train
A0A087BL81	C7CXJ5	train
A0A087BL81	G0YYC2	train
A0A087BL81	H6WSA2	train
A0A087BL81	M1R367	train
A0A087BL81	M1R991	train
A0A087BL81	P12256	train
A0A087BL81	P54965	train
A0A087BL81	Q1WR93	train
A0A087BL81	Q2HPP6	train
A0A087BL81	Q2YS20	train
A0A087BL81	Q52UN2	train
A0A087BL81	Q53CP8	train
A0A087BL81	Q74IV4	train
A0A087BL81	Q74JG0	train
A0A087BL81	Q9KK62	train
A0A087INM7	A0A087INM7	train
A0A087INM7	P60932	train
A0A087IPJ7	A0A087IPJ7	train
A0A087IPJ7	B8XA40	train
A0A087IPJ7	C7GM47	train
A0A087IPJ7	K7WCI9	train
A0A087IPJ7	M4QSY7	train
A0A087IPJ7	O80458	train
A0A087IPJ7	O82827	train
A0A087IPJ7	P35196	train
A0A087IPJ7	P55984	train
A0A087IPJ7	P9WFF7	train
A0A087IPJ7	Q5LI17	train
A0A087IPJ7	Q6GHH5	train
A0A087IPJ7	Q8DRB3	train
A0A087IPJ7	Q9HH76	train
A0A087IPJ7	Q9YC66	train
A0A087IPJ7	W0J9X7	train
A0A088BCU2	A0A088BCU2	train
A0A088BCU2	A0A0K2GVV7	train
A0A088BCU2	A0A0S2UQQ5	train
A0A088BCU2	A0A167KLN5	train
A0A088BCU2	A1A048	train
A0A088BCU2	C5BJ89	train
A0A088BCU2	J7G4R4	train
A0A088BCU2	P19254	train
A0A088BCU2	Q25C15	train
A0A088BCU2	Q8RJN8	train
A0A088BCU2	Q9KB30	train
A0A088BHP3	A0A088BHP3	validation
A0A088BHP3	A0A0E3D8K7	validation
A0A088BHP3	A0A0P1DJE3	validation
A0A088BHP3	A0A140D8I8	validation
A0A088BHP3	A3DHT2	validation
A0A088BHP3	A4LA85	validation
A0A088BHP3	A9QXE0	validation
A0A088BHP3	B0LAW4	validation
A0A088BHP3	B3GNT7	validation
A0A088BHP3	B3IVI7	validation
A0A088BHP3	B6Q5I3	validation
A0A088BHP3	C5IIS9	validation
A0A088BHP3	C6K3Z5	validation
A0A088BHP3	E1A0Z9	validation
A0A088BHP3	E1CJF8	validation
A0A088BHP3	F8AEP0	validation
A0A088BHP3	G5DDB2	validation
A0A088BHP3	G7X8S6	validation
A0A088BHP3	G7XTA8	validation
A0A088BHP3	G9N4E3	validation
A0A088BHP3	K2QXC4	validation
A0A088BHP3	K9NKH3	validation
A0A088BHP3	P32961	validation
A0A088BHP3	Q0PIV8	validation
A0A088BHP3	Q19A54	validation
A0A088BHP3	Q1W2L4	validation
A0A088BHP3	Q4KCL8	validation
A0A088BHP3	Q55949	validation
A0A088BHP3	Q59329	validation
A0A088BHP3	Q5EG61	validation
A0A088BHP3	Q5KR04	validation
A0A088BHP3	Q5S260	validation
A0A088BHP3	Q84FR7	validation
A0A088BHP3	Q93NG1	validation
A0A088BHP3	Q94JV5	validation
A0A088BHP3	Q9NQR4	validation
A0A088BHP3	S5M6X9	validation
A0A088BHP3	V5IPE4	validation
A0A088CA41	A0A088CA41	train
A0A088CA41	G1EH67	train
A0A088CA41	T1RPY0	train
A0A088MAR6	A0A088MAR6	train
A0A088T0J9	A0A088T0J9	train
A0A088T0J9	A0A0N7E7X2	train
A0A088T0J9	A3F8V2	train
A0A088T0J9	A7WNT9	train
A0A088T0J9	A7WNU0	train
A0A088T0J9	A7WNU1	train
A0A088T0J9	A7WNU2	train
A0A088T0J9	D4HRL0	train
A0A088T0J9	F0ZJZ1	train
A0A088T0J9	F1CYZ0	train
A0A088T0J9	G0S9G3	train
A0A088T0J9	G2Q665	train
A0A088T0J9	G2QXZ9	train
A0A088T0J9	I1SB08	train
A0A088T0J9	P13860	train
A0A088T0J9	P62694	train
A0A088T0J9	Q4WCM9	train
A0A088T0J9	Q55FE6	train
A0A088T0J9	Q7LHI2	train
A0A088T0J9	Q7LIJ0	train
A0A088T0J9	Q8J0K6	train
A0A088T0J9	Q8J0K7	train
A0A088T0J9	Q8NK02	train
A0A088T0J9	Q8TFL9	train
A0A088T0J9	Q9P8P3	train
A0A089FQH5	A0A089FQH5	train
A0A089FQH5	A7LCN3	train
A0A089FQH5	A8WBX8	train
A0A089FQH5	D0CY07	train
A0A089FQH5	I6YDN6	train
A0A089FQH5	O58691	train
A0A089FQH5	O58885	train
A0A089FQH5	O59565	train
A0A089FQH5	P76524	train
A0A089FQH5	P81535	train
A0A089FQH5	Q7SIB5	train
A0A089FQH5	Q9RUY4	train
A0A089FQH5	Q9WXP9	train
A0A089N0W4	A0A089N0W4	test
A0A089N0W4	A0A0D5A4E4	test
A0A089N0W4	A0A0D5A4L3	test
A0A089N0W4	A0A1B2CX88	test
A0A089N0W4	A0A2G7G4Y0	test
A0A089N0W4	A0A2Z6G7P5	test
A0A089N0W4	A0A2Z6G7T9	test
A0A089N0W4	A7RDD3	test
A0A089N0W4	A9JIF3	test
A0A089N0W4	B2DD57	test
A0A089N0W4	B8YJM2	test
A0A089N0W4	C0LIF8	test
A0A089N0W4	E3PQS3	test
A0A089N0W4	E9RGV6	test
A0A089N0W4	F1CGX0	test
A0A089N0W4	K4P5F3	test
A0A089N0W4	K4P7S0	test
A0A089N0W4	O00056	test
A0A089N0W4	O33833	test
A0A089N0W4	O74641	test
A0A089N0W4	O81082	test
A0A089N0W4	O81985	test
A0A089N0W4	O94220	test
A0A089N0W4	P24133	test
A0A089N0W4	P28999	test
A0A089N0W4	P29000	test
A0A089N0W4	P40912	test
A0A089N0W4	Q0ZR36	test
A0A089N0W4	Q108T5	test
A0A089N0W4	Q2PCS4	test
A0A089N0W4	Q2WEC6	test
A0A089N0W4	Q42691	test
A0A089N0W4	Q4QB75	test
A0A089N0W4	Q564C7	test
A0A089N0W4	Q5FC15	test
A0A089N0W4	Q64GB3	test
A0A089N0W4	Q65DN5	test
A0A089N0W4	Q8J0G1	test
A0A089N0W4	Q8NMD5	test
A0A089N0W4	Q8S337	test
A0A089N0W4	Q93X59	test
A0A089N0W4	Q93X60	test
A0A089N0W4	Q94C05	test
A0A089N0W4	Q94C06	test
A0A089N0W4	Q9EVQ9	test
A0A089N0W4	Q9FNS9	test
A0A089N0W4	Q9ZTX2	test
A0A089N0W4	W8GV60	test
A0A089QAB6	A0A089QAB6	train
A0A089QAB6	P0CS93	train
A0A089QAB6	V5NQ89	train
A0A090B6R9	A0A090B6R9	train
A0A090B6R9	Q6FF00	train
A0A090IMH4	A0A090IMH4	train
A0A090IMH4	H2VFG5	train
A0A090IMH4	Q5R082	train
A0A090IMH4	Q8A711	train
A0A090IMH4	Q9NR45	train
A0A090KI56	A0A090KI56	train
A0A093JNH5	A0A093JNH5	train
A0A093JNH5	A0A1B1V537	train
A0A093JNH5	A0A1B1V538	train
A0A093JNH5	H9L0X6	train
A0A094XEM2	A0A094XEM2	train
A0A094XEM2	A0A0H3FP92	train
A0A094XEM2	A4Q8H0	train
A0A094XEM2	B6EKJ5	train
A0A094XEM2	P43099	train
A0A096ZEC9	A0A096ZEC9	train
A0A096ZEC9	A0A096ZED0	train
A0A096ZNF0	A0A096ZNF0	train
A0A097PUC5	A0A097PUC5	train
A0A097PUC5	A0A1B1LZ58	train
A0A097PUC5	A0A286K338	train
A0A097PUC5	B1B6T1	train
A0A097PUC5	B2ZFM0	train
A0A097PUC5	D0VP31	train
A0A097PUC5	D8X179	train
A0A097PUC5	D8X180	train
A0A097PUC5	D8X181	train
A0A097PUC5	I0BWH3	train
A0A097PUC5	P39116	train
A0A097PUC5	Q8P6Z9	train
A0A097PUC5	Q8PCR8	train
A0A097PUC5	Q93RU6	train
A0A097PUC5	Q9WYR4	train
A0A097PUC5	R9XVW6	train
A0A097PUC5	W8CR80	train
A0A097QQT4	A0A097QQT4	test
A0A097QQT4	A0A0F6QU36	test
A0A097QQT4	A0A0U2RV57	test
A0A097QQT4	A0A1W6AKT2	test
A0A097QQT4	A0A286PT85	test
A0A097QQT4	A0A386YJ14	test
A0A097QQT4	B4XEK5	test
A0A097QQT4	B4XEK7	test
A0A097QQT4	C1IE32	test
A0A097QQT4	C6GFH7	test
A0A097QQT4	C6L684	test
A0A097QQT4	D7GXF9	test
A0A097QQT4	D7NPL0	test
A0A097QQT4	E0XN39	test
A0A097QQT4	E7FI87	test
A0A097QQT4	H9BZ70	test
A0A097QQT4	I1W007	test
A0A097QQT4	I3W8N0	test
A0A097QQT4	I3W8N1	test
A0A097QQT4	I3W8N2	test
A0A097QQT4	I3W8N3	test
A0A097QQT4	K0A689	test
A0A097QQT4	M9XGK2	test
A0A097QQT4	O73951	test
A0A097QQT4	P07980	test
A0A097QQT4	P27051	test
A0A097QQT4	P45798	test
A0A097QQT4	Q846Q0	test
A0A097QQT4	Q84GK1	test
A0A097QQT4	Q8GMY0	test
A0A097QQT4	U3PAU3	test
A0A097ZMZ1	A0A097ZMZ1	test
A0A097ZMZ1	A0A0H4ILM3	test
A0A097ZMZ1	A0A0H4J0K0	test
A0A097ZMZ1	A0A0M4HL56	test
A0A097ZMZ1	A0A455KZK8	test
A0A097ZMZ1	A0MTG4	test
A0A097ZMZ1	A9QVV8	test
A0A097ZMZ1	B9WJQ5	test
A0A097ZMZ1	C5J3R6	test
A0A097ZMZ1	C9JRZ8	test
A0A097ZMZ1	E2G4I9	test
A0A097ZMZ1	E3W861	test
A0A097ZMZ1	F2YCN5	test
A0A097ZMZ1	G0SCE7	test
A0A097ZMZ1	H8XA83	test
A0A097ZMZ1	I7HD84	test
A0A097ZMZ1	O14295	test
A0A097ZMZ1	O49133	test
A0A097ZMZ1	O74237	test
A0A097ZMZ1	O81884	test
A0A097ZMZ1	P07943	test
A0A097ZMZ1	P16116	test
A0A097ZMZ1	P30863	test
A0A097ZMZ1	P38715	test
A0A097ZMZ1	P51635	test
A0A097ZMZ1	P52895	test
A0A097ZMZ1	P87039	test
A0A097ZMZ1	Q04212	test
A0A097ZMZ1	Q04828	test
A0A097ZMZ1	Q46857	test
A0A097ZMZ1	Q5DD64	test
A0A097ZMZ1	Q5FQJ0	test
A0A097ZMZ1	Q5FT75	test
A0A097ZMZ1	Q5FYA7	test
A0A097ZMZ1	Q6BDJ2	test
A0A097ZMZ1	Q6Y0Z3	test
A0A097ZMZ1	Q76L36	test
A0A097ZMZ1	Q76L37	test
A0A097ZMZ1	Q7S3U4	test
A0A097ZMZ1	Q7SD67	test
A0A097ZMZ1	Q8X195	test
A0A097ZMZ1	Q91WR5	test
A0A097ZMZ1	Q95JH4	test
A0A097ZMZ1	Q95JH5	test
A0A097ZMZ1	Q95JH6	test
A0A097ZMZ1	Q95JH7	test
A0A097ZMZ1	Q9DCT1	test
A0A097ZMZ1	Q9X265	test
A0A097ZMZ1	Q9XF81	test
A0A097ZMZ1	V9HZX4	test
A0A097ZMZ1	W0T4K1	test
A0A097ZMZ1	W5RZ21	test
A0A098B5G4	A0A098B5G4	train
A0A098B5G4	E6U5H4	train
A0A099D4T8	A0A099D4T8	validation
A0A099D4T8	A0A0A0K2U8	validation
A0A099D4T8	A0A1J1DVP9	validation
A0A099D4T8	A0A218NGS0	validation
A0A099D4T8	A0A5J6CZH4	validation
A0A099D4T8	A1XG20	validation
A0A099D4T8	A6P663	validation
A0A099D4T8	A8DBU6	validation
A0A099D4T8	A8Q3I7	validation
A0A099D4T8	A9S014	validation
A0A099D4T8	A9SNA2	validation
A0A099D4T8	B1NF19	validation
A0A099D4T8	B3LF83	validation
A0A099D4T8	B8QHP1	validation
A0A099D4T8	B8QHP3	validation
A0A099D4T8	B8QHP5	validation
A0A099D4T8	C0SJS3	validation
A0A099D4T8	C1J0N9	validation
A0A099D4T8	C4B644	validation
A0A099D4T8	C7B608	validation
A0A099D4T8	C7ENW3	validation
A0A099D4T8	D3IWE5	validation
A0A099D4T8	D3IWE6	validation
A0A099D4T8	D3U591	validation
A0A099D4T8	D3W9H7	validation
A0A099D4T8	D8QZ31	validation
A0A099D4T8	D8S724	validation
A0A099D4T8	E3VWI3	validation
A0A099D4T8	E3W9C4	validation
A0A099D4T8	F2ZAE0	validation
A0A099D4T8	G4VV60	validation
A0A099D4T8	G8XQN2	validation
A0A099D4T8	H2DH16	validation
A0A099D4T8	I3PLR0	validation
A0A099D4T8	I7C6E8	validation
A0A099D4T8	L7T720	validation
A0A099D4T8	L7T8H2	validation
A0A099D4T8	M4WFN0	validation
A0A099D4T8	O65782	validation
A0A099D4T8	O87605	validation
A0A099D4T8	P00183	validation
A0A099D4T8	P00191	validation
A0A099D4T8	P05093	validation
A0A099D4T8	P08686	validation
A0A099D4T8	P15538	validation
A0A099D4T8	P19099	validation
A0A099D4T8	P22680	validation
A0A099D4T8	P37120	validation
A0A099D4T8	P47195	validation
A0A099D4T8	P48418	validation
A0A099D4T8	P98187	validation
A0A099D4T8	P9WPP9	validation
A0A099D4T8	Q00441	validation
A0A099D4T8	Q02928	validation
A0A099D4T8	Q06069	validation
A0A099D4T8	Q078T0	validation
A0A099D4T8	Q07973	validation
A0A099D4T8	Q0DBF4	validation
A0A099D4T8	Q0JFI2	validation
A0A099D4T8	Q0QLB3	validation
A0A099D4T8	Q16647	validation
A0A099D4T8	Q1PS23	validation
A0A099D4T8	Q29497	validation
A0A099D4T8	Q2G8A2	validation
A0A099D4T8	Q2IU02	validation
A0A099D4T8	Q2WE96	validation
A0A099D4T8	Q304Q4	validation
A0A099D4T8	Q304Q5	validation
A0A099D4T8	Q304R0	validation
A0A099D4T8	Q38L00	validation
A0A099D4T8	Q39443	validation
A0A099D4T8	Q3HTM1	validation
A0A099D4T8	Q4H2B4	validation
A0A099D4T8	Q4PJW3	validation
A0A099D4T8	Q50EK3	validation
A0A099D4T8	Q50EK4	validation
A0A099D4T8	Q50EK5	validation
A0A099D4T8	Q50EK6	validation
A0A099D4T8	Q52YL8	validation
A0A099D4T8	Q59971	validation
A0A099D4T8	Q59I68	validation
A0A099D4T8	Q5EWY2	validation
A0A099D4T8	Q6J210	validation
A0A099D4T8	Q6N8N2	validation
A0A099D4T8	Q6QHJ9	validation
A0A099D4T8	Q6QNI4	validation
A0A099D4T8	Q6R7M4	validation
A0A099D4T8	Q6VVW9	validation
A0A099D4T8	Q6VVX0	validation
A0A099D4T8	Q6WNR0	validation
A0A099D4T8	Q6YLS3	validation
A0A099D4T8	Q767R1	validation
A0A099D4T8	Q76LL4	validation
A0A099D4T8	Q7X9B3	validation
A0A099D4T8	Q825I8	validation
A0A099D4T8	Q84KI1	validation
A0A099D4T8	Q84NG3	validation
A0A099D4T8	Q8LP20	validation
A0A099D4T8	Q8S9C6	validation
A0A099D4T8	Q8VQF6	validation
A0A099D4T8	Q8VWZ7	validation
A0A099D4T8	Q8W3Y5	validation
A0A099D4T8	Q8W4T9	validation
A0A099D4T8	Q93XJ2	validation
A0A099D4T8	Q93XR3	validation
A0A099D4T8	Q9AVQ1	validation
A0A099D4T8	Q9AXM6	validation
A0A099D4T8	Q9FLC8	validation
A0A099D4T8	Q9FPM9	validation
A0A099D4T8	Q9FPN2	validation
A0A099D4T8	Q9FPN3	validation
A0A099D4T8	Q9FPN4	validation
A0A099D4T8	Q9FPN5	validation
A0A099D4T8	Q9FS35	validation
A0A099D4T8	Q9HCS2	validation
A0A099D4T8	Q9K498	validation
A0A099D4T8	Q9M066	validation
A0A099D4T8	Q9M7B7	validation
A0A099D4T8	Q9M7B8	validation
A0A099D4T8	Q9SBQ9	validation
A0A099D4T8	Q9SD85	validation
A0A099D4T8	Q9XGT9	validation
A0A099D4T8	Q9Y6A2	validation
A0A099D4T8	T1NXM1	validation
A0A099D4T8	T1NXM4	validation
A0A099D4T8	U3LXJ8	validation
A0A099D4T8	U5NDT8	validation
A0A099D4T8	U5YTM6	validation
A0A099D4T8	U6NHS3	validation
A0A099D4T8	U6NJF1	validation
A0A099D4T8	V9N2L5	validation
A0A0A0LQ48	A0A0A0LQ48	train
A0A0A0LQ48	A0A3G3BK08	train
A0A0A0LQ48	Q9SQT8	train
A0A0A0R2Z1	A0A0A0R2Z1	train
A0A0A0R2Z1	A0A2U8LMQ1	train
A0A0A0R2Z1	A0A2U9Q8M3	train
A0A0A0R2Z1	E3TBJ3	train
A0A0A0R2Z1	Q2URT3	train
A0A0A0R2Z1	S7ZRR2	train
A0A0A0V7L5	A0A0A0V7L5	train
A0A0A0V7L5	B3PC73	train
A0A0A0V7L5	F7YUS1	train
A0A0A0V7L5	I2E7L0	train
A0A0A0V7L5	Q8X211	train
A0A0A0Y4H8	A0A0A0Y4H8	train
A0A0A0Y4H8	A4ZYP9	train
A0A0A0Y4H8	A7KIX5	train
A0A0A0Y4H8	Q59X94	train
A0A0A0Y4H8	Q8RVP6	train
A0A0A0Y4H8	Q8RVW0	train
A0A0A0Y4H8	Q9LEH3	train
A0A0A0Y4H8	Q9SXL5	train
A0A0A0Y4H8	U5RZT9	train
A0A0A1C3U6	A0A0A1C3U6	train
A0A0A1C3U6	D5MP61	train
A0A0A1DYR7	A0A0A1DYR7	train
A0A0A1DYR7	A3UR40	train
A0A0A1DZ36	A0A0A1DZ36	train
A0A0A1DZ36	A0A0H3WC39	train
A0A0A1DZ36	O52195	train
A0A0A1DZ36	Q06749	train
A0A0A1DZ36	Q597B8	train
A0A0A1DZ36	Q9L7P2	train
A0A0A1E7P5	A0A0A1E7P5	test
A0A0A1E7P5	A0A167V6N5	test
A0A0A1E7P5	A0A1B4Z3V0	test
A0A0A1E7P5	A4GE69	test
A0A0A1E7P5	A4GE70	test
A0A0A1E7P5	A9PF83	test
A0A0A1E7P5	B2KPR3	test
A0A0A1E7P5	B9GJG7	test
A0A0A1E7P5	B9H4E1	test
A0A0A1E7P5	B9IPD3	test
A0A0A1E7P5	F4JUY5	test
A0A0A1E7P5	Q0J998	test
A0A0A1E7P5	Q0WL44	test
A0A0A1E7P5	Q5XF78	test
A0A0A1E7P5	Q6XMI3	test
A0A0A1E7P5	Q84PP7	test
A0A0A1E7P5	Q8H0D2	test
A0A0A1E7P5	Q8H0D3	test
A0A0A1E7P5	Q8H6N2	test
A0A0A1E7P5	Q9AR07	test
A0A0A1E7P5	Q9AVJ9	test
A0A0A1E7P5	Q9AVK0	test
A0A0A1E7P5	Q9FZN8	test
A0A0A1E7P5	Q9SPV4	test
A0A0A1EI83	A0A0A1EI83	train
A0A0A1H8D7	A0A0A1H8D7	test
A0A0A1H8D7	A0A0A1HAT7	test
A0A0A1H8D7	A4UA16	test
A0A0A1H8D7	A4XGA6	test
A0A0A1H8D7	A5FA14	test
A0A0A1H8D7	A7LVG6	test
A0A0A1H8D7	A9AYF3	test
A0A0A1H8D7	B3XZI5	test
A0A0A1H8D7	B8DZK4	test
A0A0A1H8D7	C5BUF0	test
A0A0A1H8D7	C6VW66	test
A0A0A1H8D7	C6VWU2	test
A0A0A1H8D7	C6XVU9	test
A0A0A1H8D7	D0MF61	test
A0A0A1H8D7	D2QDA5	test
A0A0A1H8D7	D9TH31	test
A0A0A1H8D7	E0RU15	test
A0A0A1H8D7	F2JR71	test
A0A0A1H8D7	F5ITJ6	test
A0A0A1H8D7	F8WRK9	test
A0A0A1H8D7	G0GBL0	test
A0A0A1H8D7	I3VXT6	test
A0A0A1H8D7	K7ZLA5	test
A0A0A1H8D7	P0DKY4	test
A0A0A1H8D7	P17560	test
A0A0A1H8D7	Q21NF7	test
A0A0A1H8D7	Q3M763	test
A0A0A1H8D7	Q5LH66	test
A0A0A1H8D7	R7AVK7	test
A0A0A1H8I4	A0A0A1H8I4	train
A0A0A2SLZ4	A0A0A2SLZ4	train
A0A0A2SLZ4	A0A140N932	train
A0A0A2SLZ4	Q9NRF8	train
A0A0A7CK57	A0A0A7CK57	train
A0A0A7CK57	A0A286R7K5	train
A0A0A7CK57	A6M9J4	train
A0A0A7CK57	B1PVZ9	train
A0A0A7CK57	E2JE77	train
A0A0A7CK57	K0DDQ9	train
A0A0A7CK57	O96507	train
A0A0A7CK57	P06732	train
A0A0A7CK57	P07335	train
A0A0A7CK57	P12277	train
A0A0A7CK57	Q38EU9	train
A0A0A7CK57	Q38EV1	train
A0A0A7CK57	Q38EV2	train
A0A0A7CK57	Q9YI16	train
A0A0A7CK57	U3T1K4	train
A0A0A7CK57	W8GJF4	train
A0A0A7EQR3	A0A0A7EQR3	train
A0A0A7EQR3	A0A1D8EJG8	train
A0A0A7EQR3	A0A386GY48	train
A0A0A7EQR3	A0A386GY52	train
A0A0A7EQR3	A0A4D6BQ82	train
A0A0A7EQR3	A0A4D6BS73	train
A0A0A7EQR3	A0A4D6BT21	train
A0A0A7EQR3	B2ABS0	train
A0A0A7EQR3	C5BN23	train
A0A0A7EQR3	D8QLP9	train
A0A0A7EQR3	G0RV93	train
A0A0A7EQR3	G2QJR6	train
A0A0A7EQR3	G2R8B5	train
A0A0A7EQR3	G2RCM8	train
A0A0A7EQR3	K5XDZ6	train
A0A0A7EQR3	P0CT87	train
A0A0A7EQR3	P0CT88	train
A0A0A7EQR3	P0CU53	train
A0A0A7EQR3	Q4WL89	train
A0A0A7EQR3	Q7S1X0	train
A0A0A7H6F4	A0A0A7H6F4	train
A0A0A7H6F4	A0A0A7H9C0	train
A0A0A7H6F4	A0A0A7H9U0	train
A0A0A7HLG5	A0A0A7HLG5	test
A0A0A7I435	A0A0A7I435	test
A0A0A7I435	A0A0S2VC96	test
A0A0A7I435	A0A4P8GNL5	test
A0A0A7I435	A0A674DA32	test
A0A0A7I435	A1T974	test
A0A0A7I435	A3TM80	test
A0A0A7I435	A5H0J5	test
A0A0A7I435	A5H0J6	test
A0A0A7I435	A6UKD1	test
A0A0A7I435	A6X7I5	test
A0A0A7I435	B0VH76	test
A0A0A7I435	B1A0U3	test
A0A0A7I435	B1XNF8	test
A0A0A7I435	D2D3B2	test
A0A0A7I435	D3EKC0	test
A0A0A7I435	E1V913	test
A0A0A7I435	E2E0Q4	test
A0A0A7I435	F7Y223	test
A0A0A7I435	H0FT96	test
A0A0A7I435	H8WR05	test
A0A0A7I435	J9XGP8	test
A0A0A7I435	J9XGZ5	test
A0A0A7I435	M1GRN3	test
A0A0A7I435	O52250	test
A0A0A7I435	O57878	test
A0A0A7I435	O82521	test
A0A0A7I435	P04181	test
A0A0A7I435	P04182	test
A0A0A7I435	P12995	test
A0A0A7I435	P29758	test
A0A0A7I435	P31893	test
A0A0A7I435	P42588	test
A0A0A7I435	P46395	test
A0A0A7I435	P50554	test
A0A0A7I435	P53555	test
A0A0A7I435	P56744	test
A0A0A7I435	P73133	test
A0A0A7I435	P9WQ77	test
A0A0A7I435	Q06K28	test
A0A0A7I435	Q0K2K2	test
A0A0A7I435	Q1QDV8	test
A0A0A7I435	Q5XPV2	test
A0A0A7I435	Q6JE91	test
A0A0A7I435	Q6LFH8	test
A0A0A7I435	Q7M181	test
A0A0A7I435	Q7XN11	test
A0A0A7I435	Q81SL2	test
A0A0A7I435	Q84P52	test
A0A0A7I435	Q84P53	test
A0A0A7I435	Q84P54	test
A0A0A7I435	Q8NT35	test
A0A0A7I435	Q8NT73	test
A0A0A7I435	Q92MM4	test
A0A0A7I435	Q94CE5	test
A0A0A7I435	Q9APM5	test
A0A0A7I435	Q9SR86	test
A0A0A7I435	S8EY38	test
A0A0A7RCI7	A0A0A7RCI7	train
A0A0A7RCI7	A0A0C5VFC0	train
A0A0A7RCI7	P33665	train
A0A0A7RCI7	Q8KZM5	train
A0A0A7RRF2	A0A0A7RRF2	train
A0A0A7RRF2	A1XP58	train
A0A0A7RRF2	O00095	train
A0A0A7RRF2	O74705	train
A0A0A7RRF2	Q0CFW4	train
A0A0B4UL66	A0A0B4UL66	train
A0A0B4UL66	A0A0E3U204	train
A0A0B4UL66	A0A0E3Y582	train
A0A0B4UL66	A0A1B1MQM8	train
A0A0B4UL66	A0A221LFZ6	train
A0A0B4UL66	A0A2R4K332	train
A0A0B4UL66	D1MI97	train
A0A0B4UL66	D2KKQ2	train
A0A0B4UL66	F5B9B9	train
A0A0B4UL66	G0XZD8	train
A0A0B4UL66	O59925	train
A0A0B4UL66	P47180	train
A0A0B4UL66	P79074	train
A0A0B4UL66	Q6TA03	train
A0A0B4UL66	S5MK25	train
A0A0B4VSM7	A0A0B4VSM7	test
A0A0B4VSM7	A0A1X9JQM7	test
A0A0B4VSM7	A0A1Y9TFD9	test
A0A0B4VSM7	A0A346FEE5	test
A0A0B4VSM7	A0A346FEE6	test
A0A0B4VSM7	A1XWY7	test
A0A0B4VSM7	A9ZPJ6	test
A0A0B4VSM7	B4Y0U0	test
A0A0B4VSM7	B4Y0U1	test
A0A0B4VSM7	B4Y0U2	test
A0A0B4VSM7	B6D7P1	test
A0A0B4VSM7	B6D7P2	test
A0A0B4VSM7	B6DQK4	test
A0A0B4VSM7	B9I6S9	test
A0A0B4VSM7	C3PTS7	test
A0A0B4VSM7	C3PTS8	test
A0A0B4VSM7	D1L8A9	test
A0A0B4VSM7	E8ZAP2	test
A0A0B4VSM7	G9HTF7	test
A0A0B4VSM7	H9BIH8	test
A0A0B4VSM7	O80467	test
A0A0B4VSM7	Q0GA14	test
A0A0B4VSM7	Q3ZPN4	test
A0A0B4VSM7	Q6E593	test
A0A0B4VSM7	Q6TXD2	test
A0A0B4VSM7	Q70G32	test
A0A0B4VSM7	Q70PR7	test
A0A0B4VSM7	Q7XXN4	test
A0A0B4VSM7	Q8GSN8	test
A0A0B4VSM7	Q8GT20	test
A0A0B4VSM7	Q8GT21	test
A0A0B4VSM7	Q8GYW8	test
A0A0B4VSM7	Q8H2B5	test
A0A0B4VSM7	Q8W1W9	test
A0A0B4VSM7	Q94FT4	test
A0A0B4VSM7	Q9FPW3	test
A0A0B4VSM7	Q9LJB4	test
A0A0B4VSM7	Q9SRQ2	test
A0A0B5CSE1	A0A0B5CSE1	train
A0A0B5CSE1	A0A0D3R1A0	train
A0A0B5CSE1	A0A0J2E2M6	train
A0A0B5CSE1	A0A0U3JTC9	train
A0A0B5CSE1	A0EJ89	train
A0A0B5CSE1	A7UMP3	train
A0A0B5CSE1	A9ZM78	train
A0A0B5CSE1	B1B389	train
A0A0B5CSE1	C7LHI0	train
A0A0B5CSE1	D6PXK5	train
A0A0B5CSE1	D7VEX3	train
A0A0B5CSE1	E0D5D7	train
A0A0B5CSE1	K4HXK6	train
A0A0B5CSE1	M1GCP8	train
A0A0B5CSE1	P73043	train
A0A0B5CSE1	Q0GE18	train
A0A0B5CSE1	Q1JU59	train
A0A0B5CSE1	Q1JU60	train
A0A0B5CSE1	Q1JU61	train
A0A0B5CSE1	Q1JU62	train
A0A0B5CSE1	Q42521	train
A0A0B5CSE1	Q5JJ82	train
A0A0B5CSE1	Q60358	train
A0A0B5CSE1	Q8U1P6	train
A0A0B5CSE1	Q9AR41	train
A0A0B5CSE1	W0P1N8	train
A0A0B5GQL6	A0A0B5GQL6	train
A0A0B5JT51	A0A0B5JT51	train
A0A0B5JT51	A0A173DUJ5	train
A0A0B5JT51	I3WU34	train
A0A0B5JT51	L0C9D3	train
A0A0B5JT51	Q6QHE9	train
A0A0B5L773	A0A0B5L773	train
A0A0B5L773	B0LV85	train
A0A0B5L773	Q875I9	train
A0A0B6VMB0	A0A0B6VMB0	train
A0A0B6VMB0	A0A0H2WZY4	train
A0A0B6VMB0	A5U4N0	train
A0A0B6VMB0	C4M2I2	train
A0A0B6VMB0	D4GR05	train
A0A0B6VMB0	D4GYE6	train
A0A0B6VMB0	E9BIX7	train
A0A0B6VMB0	G4T023	train
A0A0B6VMB0	P23391	train
A0A0B6VMB0	P55264	train
A0A0B6VMB0	Q0K080	train
A0A0B6VMB0	Q57849	train
A0A0B6VMB0	Q5DKU6	train
A0A0B6VMB0	Q5DKU8	train
A0A0B6VMB0	Q5DKU9	train
A0A0B6VMB0	Q5DKV0	train
A0A0B6VMB0	Q65EY9	train
A0A0B6VMB0	Q96XN9	train
A0A0B6VMB0	Q97U29	train
A0A0B6VMB0	Q9LZG0	train
A0A0B6VMB0	Q9YG89	train
A0A0B6VSN3	A0A0B6VSN3	train
A0A0B6VSN3	A0A1S5V3K5	train
A0A0B6VSN3	A7Z5E0	train
A0A0B6VSN3	E0D5C2	train
A0A0B6VSN3	L7Z147	train
A0A0B6VSN3	O25743	train
A0A0B6VSN3	P07314	train
A0A0B6VSN3	P15557	train
A0A0B6VSN3	P18956	train
A0A0B6VSN3	P19440	train
A0A0B6VSN3	Q4KIM5	train
A0A0B6VSN3	Q62WE3	train
A0A0B6VSN3	Q6KZT2	train
A0A0B6VSN3	Q8NRT7	train
A0A0B6XK99	A0A0B6XK99	train
A0A0B6XK99	D0VYQ9	train
A0A0C4JZB0	A0A0C4JZB0	train
A0A0C4JZB0	A0A2H4RAB6	train
A0A0C4JZB0	B3EYM8	train
A0A0C4JZB0	I6XPK9	train
A0A0C4JZB0	Q5H7M8	train
A0A0C4JZB0	Q65L63	train
A0A0C4JZB0	V5LER1	train
A0A0C4WTK3	A0A0C4WTK3	train
A0A0C4XY83	A0A0C4XY83	train
A0A0C4XY83	A0A386IRJ1	train
A0A0C4XY83	B5Y6G0	train
A0A0C4XY83	B6VFQ8	train
A0A0C4XY83	P00780	train
A0A0C4XY83	P04189	train
A0A0C4XY83	P12547	train
A0A0C4XY83	Q6IT79	train
A0A0C4XY83	Q7WVA6	train
A0A0C4XY83	Q9Y749	train
A0A0C4XY83	Q9YFI3	train
A0A0C4XY83	S5S2B8	train
A0A0C5CE51	A0A0C5CE51	train
A0A0C5CE51	A0A1L9P8I4	train
A0A0C5CE51	A0A2P1BRR8	train
A0A0C5CE51	A0A3G3NI51	train
A0A0C5CE51	A7WM73	train
A0A0C5CE51	D3PZ76	train
A0A0C5CE51	E7BYE4	train
A0A0C5CE51	P49010	train
A0A0C5CE51	Q06GJ0	train
A0A0C5CE51	Q0V8R6	train
A0A0C5CE51	Q3L6N4	train
A0A0C5CE51	Q3LS76	train
A0A0C5CE51	Q8L7S6	train
A0A0C5CE51	Q9SYK0	train
A0A0C5GVW3	A0A0C5GVW3	train
A0A0C5GVW3	Q9RFN5	train
A0A0C5GVW3	W0KM71	train
A0A0C5H8Q7	A0A0C5H8Q7	train
A0A0C5H8Q7	A0A1U7Q1U3	train
A0A0C5H8Q7	A0A1W6R2C1	train
A0A0C5H8Q7	A4UU22	train
A0A0C5H8Q7	B3GQ73	train
A0A0C5H8Q7	Q66NB7	train
A0A0C5H8Q7	Q75UV6	train
A0A0C5H8Q7	Q8WZD7	train
A0A0C5H8Q7	Q96UI5	train
A0A0C5H8Q7	X4YXV3	train
A0A0C5H8Q7	X5DQW0	train
A0A0C5H8Q7	X5DTB0	train
A0A0C5PRQ1	A0A0C5PRQ1	train
A0A0C5PRQ1	D5FM33	train
A0A0C5PRQ1	P98060	train
A0A0C6DRW4	A0A0C6DRW4	train
A0A0C6DRW4	B2CML6	train
A0A0C6DRW4	B5UB85	train
A0A0C6DRW4	C3UVB0	train
A0A0C6DRW4	D2RL84	train
A0A0C6DRW4	D4QEZ8	train
A0A0C6DRW4	H6LGM6	train
A0A0C6DRW4	K4L7X3	train
A0A0C6DRW4	O16843	train
A0A0C6DRW4	P12007	train
A0A0C6DRW4	P60584	train
A0A0C6DRW4	P9WJA1	train
A0A0C6DRW4	Q18AQ1	train
A0A0C6DRW4	Q3HSE4	train
A0A0C6DRW4	Q6Q272	train
A0A0C6DRW4	Q88K54	train
A0A0C6DRW4	Q88L96	train
A0A0C6DRW4	Q92947	train
A0A0C6DRW4	Q9LBX2	train
A0A0C6EX43	A0A0C6EX43	train
A0A0C6EX43	O94923	train
A0A0C7ADU5	A0A0C7ADU5	train
A0A0C7DVW3	A0A0C7DVW3	train
A0A0D1BZQ4	A0A0D1BZQ4	train
A0A0D1BZQ4	B5MGR2	train
A0A0D1BZQ4	E2GHW5	train
A0A0D1BZQ4	Q5AUX2	train
A0A0D1DYW4	A0A0D1DYW4	train
A0A0D1DYW4	A0A1C8M582	train
A0A0D1DYW4	A0A1C8M593	train
A0A0D1DYW4	A0A1D8PQ07	train
A0A0D1DYW4	D4GST8	train
A0A0D1DYW4	F4I907	train
A0A0D1DYW4	P9WNY5	train
A0A0D1DYW4	Q2RIZ2	train
A0A0D1DYW4	Q9I5I6	train
A0A0D1DYW4	Q9LSV0	train
A0A0D1XZI7	A0A0D1XZI7	train
A0A0D1XZI7	A0A0E2M090	train
A0A0D1XZI7	A0A178U4P5	train
A0A0D1XZI7	A0A1S5VH74	train
A0A0D1XZI7	P07650	train
A0A0D1XZI7	P39142	train
A0A0D1XZI7	P77836	train
A0A0D1XZI7	Q5JCX3	train
A0A0D1XZI7	Q72HS4	train
A0A0D3MA54	A0A0D3MA54	train
A0A0D3MA54	O29269	train
A0A0D3MA54	P0CW58	train
A0A0D3MA54	Q55075	train
A0A0D3MA54	Q9Y8J4	train
A0A0D5ZYA4	A0A0D5ZYA4	test
A0A0D5ZYA4	A0A0M4MCX5	test
A0A0D5ZYA4	A0A145YEM9	test
A0A0D5ZYA4	A4IJM8	test
A0A0D5ZYA4	C4LSS0	test
A0A0D5ZYA4	O25949	test
A0A0D5ZYA4	P05089	test
A0A0D5ZYA4	P39138	test
A0A0D5ZYA4	Q57757	test
A0A0D5ZYA4	Q5JI38	test
A0A0D5ZYA4	Q5SJ85	test
A0A0D5ZYA4	Q5UNS1	test
A0A0D5ZYA4	Q5UNS2	test
A0A0D5ZYA4	Q8KZT5	test
A0A0D5ZYA4	Q9I6K2	test
A0A0D5ZYA4	U6BQJ3	test
A0A0D7Q864	A0A0D7Q864	train
A0A0D7Q864	A7E8M5	train
A0A0D7Q864	Q2WG72	train
A0A0D7Q864	Q4W7T3	train
A0A0D7Q864	Q76EV4	train
A0A0D7Q864	Q7WSJ4	train
A0A0E0UUX4	A0A0E0UUX4	test
A0A0E0UUX4	A0A0E3T3B5	test
A0A0E0UUX4	A0A0E3T552	test
A0A0E0UUX4	A0A0J9X1M8	test
A0A0E0UUX4	A0A1U7EWW7	test
A0A0E0UUX4	B0JFD4	test
A0A0E0UUX4	B1XMM6	test
A0A0E0UUX4	B2BBY6	test
A0A0E0UUX4	B6ECN9	test
A0A0E0UUX4	B9W7C4	test
A0A0E0UUX4	C0P9J6	test
A0A0E0UUX4	C1I208	test
A0A0E0UUX4	C5I9X1	test
A0A0E0UUX4	C6KEM4	test
A0A0E0UUX4	F5Z5S7	test
A0A0E0UUX4	G2IKV5	test
A0A0E0UUX4	G2IMC6	test
A0A0E0UUX4	G5DDC2	test
A0A0E0UUX4	H2IFE7	test
A0A0E0UUX4	K9UV87	test
A0A0E0UUX4	N0DT23	test
A0A0E0UUX4	O57693	test
A0A0E0UUX4	P00352	test
A0A0E0UUX4	P05091	test
A0A0E0UUX4	P23883	test
A0A0E0UUX4	P25526	test
A0A0E0UUX4	P25553	test
A0A0E0UUX4	P30838	test
A0A0E0UUX4	P51649	test
A0A0E0UUX4	P76217	test
A0A0E0UUX4	Q16MV5	test
A0A0E0UUX4	Q1XGK8	test
A0A0E0UUX4	Q3C1A6	test
A0A0E0UUX4	Q4F895	test
A0A0E0UUX4	Q58806	test
A0A0E0UUX4	Q59931	test
A0A0E0UUX4	Q63639	test
A0A0E0UUX4	Q6L285	test
A0A0E0UUX4	Q79EM7	test
A0A0E0UUX4	Q83V33	test
A0A0E0UUX4	Q8KZT4	test
A0A0E0UUX4	Q8NMB0	test
A0A0E0UUX4	Q8VWZ1	test
A0A0E0UUX4	Q8ZPI3	test
A0A0E0UUX4	Q93YB2	test
A0A0E0UUX4	Q96XP0	test
A0A0E0UUX4	Q976X5	test
A0A0E0UUX4	Q97U30	test
A0A0E0UUX4	Q97XA5	test
A0A0E0UUX4	Q97XS9	test
A0A0E0UUX4	Q9FAB1	test
A0A0E0UUX4	Q9HTJ1	test
A0A0E0UUX4	Q9JHW9	test
A0A0E0UUX4	Q9L4P8	test
A0A0E0UUX4	Q9RBF6	test
A0A0E0UUX4	Q9S795	test
A0A0E0UUX4	Q9STS1	test
A0A0E0UUX4	U5ILS4	test
A0A0E0UUX4	V4GH04	test
A0A0E3GVY6	A0A0E3GVY6	test
A0A0E3GVY6	B5BLW5	test
A0A0E3GVY6	E1C2H6	test
A0A0E3GVY6	E7DJY5	test
A0A0E3GVY6	G3CRD1	test
A0A0E3GVY6	H6BDX1	test
A0A0E3GVY6	M0RC77	test
A0A0E3GVY6	O28558	test
A0A0E3GVY6	Q0GMU2	test
A0A0E3GVY6	Q3YJM9	test
A0A0E3GVY6	Q4TZQ3	test
A0A0E3GVY6	Q5FSJ2	test
A0A0E3GVY6	Q5NU42	test
A0A0E3GVY6	Q5V5N6	test
A0A0E3GVY6	Q8K4H1	test
A0A0E3GVY6	Q8KQK1	test
A0A0E3GVY6	Q8NKS0	test
A0A0E3GVY6	Q97VW1	test
A0A0E3GVY6	Q9VMC9	test
A0A0E3GVY6	Q9X8R1	test
A0A0E3GVY6	W8DVW0	test
A0A0E3JDD8	A0A0E3JDD8	train
A0A0E3JDD8	Q6QHT8	train
A0A0E3JXD9	A0A0E3JXD9	train
A0A0E3SSZ6	A0A0E3SSZ6	train
A0A0E3SSZ6	A0A0M4S9Q1	train
A0A0E3SSZ6	B2ZAA4	train
A0A0E3SSZ6	J4X756	train
A0A0E3SSZ6	Q1XIQ9	train
A0A0E3VIU5	A0A0E3VIU5	train
A0A0E3VIU5	A0A1D7YZ01	train
A0A0E3VIU5	B4X9S4	train
A0A0E3VIU5	B6RGT1	train
A0A0E3VIU5	C4S833	train
A0A0E3VIU5	D3GGN3	train
A0A0E3VIU5	D9D7K9	train
A0A0E3VIU5	F6IQ86	train
A0A0E3VIU5	H9TUK5	train
A0A0E3VIU5	H9TUK6	train
A0A0E3VIU5	Q000T0	train
A0A0E3VIU5	Q003Y3	train
A0A0E3VIU5	Q1W5Y8	train
A0A0E3VIU5	Q6RK08	train
A0A0E3VIU5	Q7CIZ7	train
A0A0E4CER9	A0A0E4CER9	train
A0A0E4CER9	P37794	train
A0A0F6N3N1	A0A0F6N3N1	train
A0A0F6N6D4	A0A0F6N6D4	train
A0A0F6PAZ3	A0A0F6PAZ3	train
A0A0F6PAZ3	A0A0F6PB63	train
A0A0F6PAZ3	A1XBT9	train
A0A0F6PAZ3	B6ZIV1	train
A0A0F6PAZ3	C0LZJ6	train
A0A0F6PAZ3	C0LZJ7	train
A0A0F6PAZ3	P32359	train
A0A0F6SIA9	A0A0F6SIA9	train
A0A0F6WBJ2	A0A0F6WBJ2	train
A0A0F6WBJ2	P32377	train
A0A0F7C8X0	A0A0F7C8X0	train
A0A0F7C8X0	A9CEQ8	train
A0A0F7C8X0	G3XPU3	train
A0A0F7C8X0	G3Y683	train
A0A0F7C8X0	G3Y8T6	train
A0A0F7C8X0	G3YE52	train
A0A0F7C8X0	G4RJQ1	train
A0A0F7C8X0	H2IFX0	train
A0A0F7C8X0	O34508	train
A0A0F7C8X0	P11444	train
A0A0F7C8X0	P51981	train
A0A0F7C8X0	P77215	train
A0A0F7C8X0	Q6L1T2	train
A0A0F7C8X0	Q8ZL58	train
A0A0F7C8X0	Q8ZNF9	train
A0A0F7C8X0	Q97U27	train
A0A0F7C8X0	Q97U96	train
A0A0F7JI94	A0A0F7JI94	train
A0A0F7JI94	B6V6V5	train
A0A0F7JI94	C9E9N6	train
A0A0F7JI94	F1CMX0	train
A0A0F7JI94	F1CMX6	train
A0A0F7JI94	F1CMX8	train
A0A0F7JI94	F1CMY8	train
A0A0F7JI94	P71875	train
A0A0F7KL65	A0A0F7KL65	train
A0A0F7KL65	A8QCW4	train
A0A0F7KL65	A8QDF0	train
A0A0F7KL65	Q5GMI6	train
A0A0F7KL65	Q8NIN8	train
A0A0F7N1T1	A0A0F7N1T1	train
A0A0F7N1T1	A0A172MAU1	train
A0A0F7N1T1	B2CNY5	train
A0A0F7N1T1	B5SYI8	train
A0A0F7N1T1	B8NJ86	train
A0A0F7N1T1	B8NKE9	train
A0A0F7N1T1	B9ZZN9	train
A0A0F7N1T1	D1FNQ6	train
A0A0F7N1T1	D1G4K3	train
A0A0F7N1T1	D1GFE6	train
A0A0F7N1T1	D1KJJ7	train
A0A0F7N1T1	F5CI28	train
A0A0F7N1T1	F8WSY7	train
A0A0F7N1T1	G2QDB9	train
A0A0F7N1T1	G2QIK8	train
A0A0F7N1T1	I3QKR9	train
A0A0F7N1T1	P35809	train
A0A0F7N1T1	P36218	train
A0A0F7N1T1	P55329	train
A0A0F7N1T1	Q2PGY1	train
A0A0F7N1T1	Q45VU2	train
A0A0F7N1T1	Q5EFR9	train
A0A0F7N1T1	Q6UN40	train
A0A0F7N1T1	Q84F19	train
A0A0F7N1T1	Q8J1V6	train
A0A0F7N1T1	Q9HFH0	train
A0A0F7N1T1	X0M5X0	train
A0A0F7Q1T8	A0A0F7Q1T8	train
A0A0F7Q1T8	A0A2T4C4X5	train
A0A0F7Q1T8	F2VRZ0	train
A0A0F7Q1T8	G0S9B2	train
A0A0F7Q1T8	P07987	train
A0A0F7Q1T8	Q5B2E8	train
A0A0F7Q1T8	Q9C1S9	train
A0A0F7Q1T8	S6DXG7	train
A0A0F7R1D9	A0A0F7R1D9	train
A0A0F7R1D9	B8ZV93	train
A0A0F7R1D9	B8ZV94	train
A0A0F7R1D9	Q0VZ68	train
A0A0F7R1D9	Q3M5Z3	train
A0A0F7R1D9	Q84FL5	train
A0A0F7R932	A0A0F7R932	train
A0A0F7R932	A2V7M5	train
A0A0F7R932	P11245	train
A0A0F7R932	P18440	train
A0A0F7R932	P50292	train
A0A0F7R932	P50293	train
A0A0F7R932	P50294	train
A0A0F7R932	P50295	train
A0A0F7R932	Q5YYQ3	train
A0A0F7R932	Q7YRG5	train
A0A0F7R932	Q81PT0	train
A0A0F7R932	Q81R98	train
A0A0F7TAS1	A0A0F7TAS1	train
A0A0F7VJ89	A0A0F7VJ89	train
A0A0F7VJ89	I2DBY1	train
A0A0F7VJ89	Q8WZK8	train
A0A0F7VJ89	Q8YWM0	train
A0A0F7VP60	A0A0F7VP60	train
A0A0F7VP60	A0A0G4QKE4	train
A0A0F7VP60	A4UU76	train
A0A0F7VP60	A5A5J1	train
A0A0F7VP60	C0K087	train
A0A0F7VP60	F4ZE79	train
A0A0F7VP60	H9C9P0	train
A0A0F7VP60	P42094	train
A0A0F7VP60	Q70E78	train
A0A0F7VP60	Q8KTX7	train
A0A0F7VP60	Q93GB6	train
A0A0F7VP60	Q9F657	train
A0A0F7X030	A0A0F7X030	validation
A0A0F7X030	A0A0H2Z9F1	validation
A0A0F7X030	A0A0H3NB84	validation
A0A0F7X030	A0A0H3NGZ8	validation
A0A0F7X030	O30438	validation
A0A0F7X030	P10719	validation
A0A0F7X030	Q0ZS19	validation
A0A0F7X030	Q6XVW8	validation
A0A0F7X030	Q8RK01	validation
A0A0F7YYA5	A0A0F7YYA5	train
A0A0G2K1W9	A0A0G2K1W9	train
A0A0G2K1W9	C6JUF6	train
A0A0G2K1W9	C6JUG1	train
A0A0G2K1W9	E6N788	train
A0A0G2K1W9	G4RPF4	train
A0A0G2K1W9	H6LBS1	train
A0A0G2K1W9	O23240	train
A0A0G2K1W9	O29853	train
A0A0G2K1W9	P56216	train
A0A0G2K1W9	Q86WU2	train
A0A0G2K1W9	Q94AX4	train
A0A0G2K1W9	Q974L0	train
A0A0G2K1W9	W1QLN6	train
A0A0G2K502	A0A0G2K502	train
A0A0G2K502	A6XP71	train
A0A0G2K502	A6XP72	train
A0A0G2K502	A9LIN4	train
A0A0G2K502	B8PUQ5	train
A0A0G2K502	F1M5N4	train
A0A0G2K502	P16243	train
A0A0G2K502	P23368	train
A0A0G2K502	P26616	train
A0A0G2K502	P48163	train
A0A0G2K502	Q006P9	train
A0A0G2K502	Q006Q0	train
A0A0G2K502	Q5G1U0	train
A0A0G2K502	Q5S3L3	train
A0A0G2K502	Q6PMI1	train
A0A0G2K502	Q6PMI2	train
A0A0G2K502	Q6SZS7	train
A0A0G2K502	Q6T5D1	train
A0A0G2K502	Q8L7K9	train
A0A0G2K502	Q8W000	train
A0A0G2K502	Q9FRT2	train
A0A0G2K502	Q9SIU0	train
A0A0G2QUN1	A0A0G2QUN1	test
A0A0G2QUN1	A0A146FAY1	test
A0A0G2QUN1	A0A172Q4D8	test
A0A0G2QUN1	A0A286JZ72	test
A0A0G2QUN1	A0A2Z5VGM9	test
A0A0G2QUN1	A0EQW8	test
A0A0G2QUN1	A5YRG4	test
A0A0G2QUN1	A6YJX1	test
A0A0G2QUN1	B1VBB0	test
A0A0G2QUN1	B3GGC7	test
A0A0G2QUN1	B5L0W0	test
A0A0G2QUN1	B7UB89	test
A0A0G2QUN1	D3GG13	test
A0A0G2QUN1	D3YGV3	test
A0A0G2QUN1	D8V3F2	test
A0A0G2QUN1	H9CWQ0	test
A0A0G2QUN1	P29030	test
A0A0G2QUN1	Q06HA3	test
A0A0G2QUN1	Q0WT03	test
A0A0G2QUN1	Q43576	test
A0A0G2QUN1	Q47RL1	test
A0A0G2QUN1	Q47SE9	test
A0A0G2QUN1	Q4W6L6	test
A0A0G2QUN1	Q700B8	test
A0A0G2QUN1	Q75ZW9	test
A0A0G2QUN1	Q8ITU3	test
A0A0G2QUN1	Q8TGW8	test
A0A0G2QUN1	Q93AD3	test
A0A0G2QUN1	Q9BZP6	test
A0A0G2QUN1	Q9CE95	test
A0A0G2R4X7	A0A0G2R4X7	train
A0A0G2R4X7	A0A410UCT3	train
A0A0G2R4X7	A0A6G6VYG7	train
A0A0G2R4X7	A3F8V1	train
A0A0G2R4X7	C7EWM3	train
A0A0G2R4X7	C8CPR9	train
A0A0G2R4X7	P50389	train
A0A0G2R4X7	P56463	train
A0A0G2R4X7	P77835	train
A0A0G2R4X7	Q16831	train
A0A0G2R4X7	Q57VZ2	train
A0A0G2R4X7	Q72IR2	train
A0A0G2R4X7	Q9YA34	train
A0A0G2UEA5	A0A0G2UEA5	validation
A0A0G2UEA5	A0A0M3PZA4	validation
A0A0G2UEA5	A0A0P0W2E0	validation
A0A0G2UEA5	A0A0P0YNP7	validation
A0A0G2UEA5	A0A109P632	validation
A0A0G2UEA5	A0A125QVX1	validation
A0A0G2UEA5	A0A292GEP7	validation
A0A0G2UEA5	A0A292GFI2	validation
A0A0G2UEA5	A0A2L2R220	validation
A0A0G2UEA5	A0A2U9N624	validation
A0A0G2UEA5	A0A2U9N6D2	validation
A0A0G2UEA5	A0A2Z5V6P3	validation
A0A0G2UEA5	A0A2Z5V6P8	validation
A0A0G2UEA5	A0A2Z5V6P9	validation
A0A0G2UEA5	A0A2Z5VC92	validation
A0A0G2UEA5	A0A346XR64	validation
A0A0G2UEA5	A0A387IZV4	validation
A0A0G2UEA5	A0A4D6J6N6	validation
A0A0G2UEA5	A0A4D6J6W7	validation
A0A0G2UEA5	A4F1Q6	validation
A0A0G2UEA5	A6BM07	validation
A0A0G2UEA5	A9YWH8	validation
A0A0G2UEA5	B2NID7	validation
A0A0G2UEA5	B2YGX8	validation
A0A0G2UEA5	B2YGX9	validation
A0A0G2UEA5	B3TKC8	validation
A0A0G2UEA5	B6EWX3	validation
A0A0G2UEA5	C1L318	validation
A0A0G2UEA5	C1L319	validation
A0A0G2UEA5	C1L320	validation
A0A0G2UEA5	C1L321	validation
A0A0G2UEA5	C5MR71	validation
A0A0G2UEA5	D3UAG5	validation
A0A0G2UEA5	D3Y5N8	validation
A0A0G2UEA5	D4Q9Z4	validation
A0A0G2UEA5	D4Q9Z5	validation
A0A0G2UEA5	F8WKW5	validation
A0A0G2UEA5	F8WKW8	validation
A0A0G2UEA5	K4GGT4	validation
A0A0G2UEA5	O23402	validation
A0A0G2UEA5	O34539	validation
A0A0G2UEA5	P51094	validation
A0A0G2UEA5	Q01330	validation
A0A0G2UEA5	Q0JB48	validation
A0A0G2UEA5	Q2V6K1	validation
A0A0G2UEA5	Q5NTH0	validation
A0A0G2UEA5	Q65JC2	validation
A0A0G2UEA5	Q7XU02	validation
A0A0G2UEA5	Q7XU03	validation
A0A0G2UEA5	Q8H0F2	validation
A0A0G2UEA5	Q8W3P8	validation
A0A0G2UEA5	Q93XP7	validation
A0A0G2UEA5	Q9LVF0	validation
A0A0G2UEA5	Q9LVW3	validation
A0A0G2UEA5	Q9MB73	validation
A0A0G2UEA5	Q9SK82	validation
A0A0G2UEA5	Q9ZQ94	validation
A0A0G2UEA5	Q9ZQ99	validation
A0A0G2UEA5	Q9ZR25	validation
A0A0G2UEA5	Q9ZR26	validation
A0A0G2UEA5	Q9ZR27	validation
A0A0G2UEA5	S5VDV0	validation
A0A0G2UEA5	U3U992	validation
A0A0G2UEA5	W8QG94	validation
A0A0G2YFI9	A0A0G2YFI9	train
A0A0G2YFI9	Q1PCB1	train
A0A0G3ZA16	A0A0G3ZA16	train
A0A0G3ZA16	A0A1D0BQV8	train
A0A0G3ZA16	A0A1S5XVA5	train
A0A0G3ZA16	A0A2I6U1R0	train
A0A0G3ZA16	A2QIR3	train
A0A0G3ZA16	B7VFD0	train
A0A0G3ZA16	E7D7J5	train
A0A0G3ZA16	Q2UII1	train
A0A0G3ZA16	Q3V6C9	train
A0A0G3ZA16	Q5BCF8	train
A0A0G3ZA16	Q70Y21	train
A0A0G4AKV1	A0A0G4AKV1	train
A0A0G4AKV1	D2E4A5	train
A0A0G4AKV1	O82549	train
A0A0G4AKV1	P55939	train
A0A0G4AKV1	Q09VU3	train
A0A0G4AKV1	Q38882	train
A0A0G4AKV1	Q8VWE9	train
A0A0G4AKV1	Q8W1B2	train
A0A0G4AKV1	Q9T051	train
A0A0G4AKV1	Q9T053	train
A0A0G4DBU7	A0A0G4DBU7	train
A0A0G4JRN2	A0A0G4JRN2	train
A0A0G4JRN2	B2VCC3	train
A0A0G4JRN2	G7LSK3	train
A0A0G4JRN2	M1QZ44	train
A0A0G4JRN2	M9TNM8	train
A0A0G4JRN2	O54435	train
A0A0G4JRN2	O68609	train
A0A0G4JRN2	P05655	train
A0A0G4JRN2	P21130	train
A0A0G4JRN2	Q5IS34	train
A0A0G4JRN2	Q883P5	train
A0A0G4JRN2	Q88BN6	train
A0A0G4JRN2	Q93FU9	train
A0A0H2UN41	A0A0H2UN41	train
A0A0H2UN41	A5U2B7	train
A0A0H2UNY1	A0A0H2UNY1	train
A0A0H2UPI3	A0A0H2UPI3	train
A0A0H2VDD2	A0A0H2VDD2	train
A0A0H2WVX4	A0A0H2WVX4	train
A0A0H2X8L7	A0A0H2X8L7	train
A0A0H2X8L7	Q0ASS9	train
A0A0H2X8L7	Q87EL2	train
A0A0H2X8L7	Q8P8J6	train
A0A0H2XI76	A0A0H2XI76	train
A0A0H2YQI3	A0A0H2YQI3	train
A0A0H2YSJ7	A0A0H2YSJ7	train
A0A0H2ZF87	A0A0H2ZF87	train
A0A0H2ZF87	P0AE01	train
A0A0H2ZHZ8	A0A0H2ZHZ8	train
A0A0H2ZHZ8	G4XUJ7	train
A0A0H2ZHZ8	O23141	train
A0A0H2ZHZ8	O25176	train
A0A0H2ZHZ8	P21170	train
A0A0H2ZHZ8	P72587	train
A0A0H2ZHZ8	P74576	train
A0A0H2ZHZ8	Q8ZHG8	train
A0A0H2ZHZ8	Q9SI64	train
A0A0H2ZNP2	A0A0H2ZNP2	train
A0A0H2ZNP2	A0QVM9	train
A0A0H2ZNP2	O51564	train
A0A0H2ZQ64	A0A0H2ZQ64	validation
A0A0H2ZQ64	P24666	validation
A0A0H2ZQ64	P9WIA1	validation
A0A0H2ZQ64	Q72JF6	validation
A0A0H2ZQ64	Q9A1Y0	validation
A0A0H2ZQZ4	A0A0H2ZQZ4	train
A0A0H2ZQZ4	A0A0U1MUE2	train
A0A0H3AFW5	A0A0H3AFW5	train
A0A0H3AFW5	P31658	train
A0A0H3AMA6	A0A0H3AMA6	train
A0A0H3AMA6	P06609	train
A0A0H3BY05	A0A0H3BY05	train
A0A0H3BY05	A0A140NEG9	train
A0A0H3BY05	A7HNY8	train
A0A0H3BY05	O67848	train
A0A0H3BY05	P95474	train
A0A0H3BY05	Q6R6P5	train
A0A0H3C8Q1	A0A0H3C8Q1	train
A0A0H3C9I3	A0A0H3C9I3	train
A0A0H3C9I3	Q5F6P7	train
A0A0H3E2X6	A0A0H3E2X6	train
A0A0H3E2X6	Q47QG3	train
A0A0H3FYM1	A0A0H3FYM1	test
A0A0H3FYM1	A0A0H3FZT7	test
A0A0H3FYM1	A0A0H4SN47	test
A0A0H3FYM1	A0A0M4J2R3	test
A0A0H3FYM1	A0A0M5K823	test
A0A0H3FYM1	A0A191ZDL6	test
A0A0H3FYM1	A0A1B3EB36	test
A0A0H3FYM1	A0A494WD27	test
A0A0H3FYM1	A0A494WKI6	test
A0A0H3FYM1	A0A545BBR2	test
A0A0H3FYM1	A0A545BBS8	test
A0A0H3FYM1	A0A6B7HCZ2	test
A0A0H3FYM1	A0A6B7HD48	test
A0A0H3FYM1	A1IG83	test
A0A0H3FYM1	A3GF05	test
A0A0H3FYM1	A3GF07	test
A0A0H3FYM1	A6N8S2	test
A0A0H3FYM1	A7AZH2	test
A0A0H3FYM1	B2KJ46	test
A0A0H3FYM1	B6FYX7	test
A0A0H3FYM1	B8H1Z0	test
A0A0H3FYM1	B9ZZZ6	test
A0A0H3FYM1	C0BWQ2	test
A0A0H3FYM1	C0ZPN9	test
A0A0H3FYM1	C5IFU0	test
A0A0H3FYM1	C8WGQ3	test
A0A0H3FYM1	C8WJW0	test
A0A0H3FYM1	C8WMP0	test
A0A0H3FYM1	D0VWQ0	test
A0A0H3FYM1	D2WKD9	test
A0A0H3FYM1	D5G304	test
A0A0H3FYM1	E0D583	test
A0A0H3FYM1	E5DD06	test
A0A0H3FYM1	F1SWA0	test
A0A0H3FYM1	G1K3P5	test
A0A0H3FYM1	G3LGQ3	test
A0A0H3FYM1	G5DGA8	test
A0A0H3FYM1	G9FRD7	test
A0A0H3FYM1	H9BQR7	test
A0A0H3FYM1	H9BQR9	test
A0A0H3FYM1	L7QI79	test
A0A0H3FYM1	L8B2H6	test
A0A0H3FYM1	O54939	test
A0A0H3FYM1	O75828	test
A0A0H3FYM1	O76290	test
A0A0H3FYM1	P0AEK4	test
A0A0H3FYM1	P0AFS3	test
A0A0H3FYM1	P0C0Y5	test
A0A0H3FYM1	P14697	test
A0A0H3FYM1	P16152	test
A0A0H3FYM1	P22441	test
A0A0H3FYM1	P28845	test
A0A0H3FYM1	P37058	test
A0A0H3FYM1	P39482	test
A0A0H3FYM1	P39644	test
A0A0H3FYM1	P39831	test
A0A0H3FYM1	P40288	test
A0A0H3FYM1	P42829	test
A0A0H3FYM1	P95727	test
A0A0H3FYM1	P9WGR1	test
A0A0H3FYM1	Q01782	test
A0A0H3FYM1	Q05016	test
A0A0H3FYM1	Q16698	test
A0A0H3FYM1	Q1MLL4	test
A0A0H3FYM1	Q21929	test
A0A0H3FYM1	Q309F3	test
A0A0H3FYM1	Q31QF3	test
A0A0H3FYM1	Q3ACV3	test
A0A0H3FYM1	Q48436	test
A0A0H3FYM1	Q4AE87	test
A0A0H3FYM1	Q5CAF4	test
A0A0H3FYM1	Q5FNX9	test
A0A0H3FYM1	Q5P5I4	test
A0A0H3FYM1	Q6QLL4	test
A0A0H3FYM1	Q6R0J2	test
A0A0H3FYM1	Q6WAU1	test
A0A0H3FYM1	Q7Z4W1	test
A0A0H3FYM1	Q84X95	test
A0A0H3FYM1	Q84X96	test
A0A0H3FYM1	Q86RB1	test
A0A0H3FYM1	Q8NMA4	test
A0A0H3FYM1	Q91X52	test
A0A0H3FYM1	Q91XV4	test
A0A0H3FYM1	Q920N9	test
A0A0H3FYM1	Q920P0	test
A0A0H3FYM1	Q93Y47	test
A0A0H3FYM1	Q9I1X3	test
A0A0H3FYM1	Q9WYD3	test
A0A0H3FYM1	Q9Y8Y1	test
A0A0H3FYM1	U5PUZ1	test
A0A0H3FYM1	W8NQ72	test
A0A0H3G8U9	A0A0H3G8U9	train
A0A0H3G8U9	Q5KR05	train
A0A0H3G8U9	Q8GWW7	train
A0A0H3G8U9	Q9I6J9	train
A0A0H3GB68	A0A0H3GB68	test
A0A0H3GB68	A0A0S1NK17	test
A0A0H3GB68	F3BJI2	test
A0A0H3GB68	Q47YG3	test
A0A0H3GB68	S5FT07	test
A0A0H3GB68	S5FU55	test
A0A0H3GCV8	A0A0H3GCV8	train
A0A0H3GCV8	P45723	train
A0A0H3H393	A0A0H3H393	train
A0A0H3H393	A0A1S0QVH4	train
A0A0H3H393	A8J3M4	train
A0A0H3H393	F5HPR7	train
A0A0H3H393	F5HPS0	train
A0A0H3H393	F5HPS1	train
A0A0H3H393	G4XUJ8	train
A0A0H3H393	P00860	train
A0A0H3H393	P00861	train
A0A0H3H393	P08432	train
A0A0H3H393	P09057	train
A0A0H3H393	P11926	train
A0A0H3H393	P9WIU7	train
A0A0H3H393	Q58P26	train
A0A0H3H393	Q8ZNC4	train
A0A0H3H393	Q9KVL7	train
A0A0H3H964	A0A0H3H964	train
A0A0H3H964	H2ER19	train
A0A0H3H964	K9NLN7	train
A0A0H3H964	P21220	train
A0A0H3H964	P29379	train
A0A0H3H964	Q5XPL4	train
A0A0H3H964	Q6XMT1	train
A0A0H3H964	Q7SID3	train
A0A0H3H964	Q8GJG7	train
A0A0H3H964	V5RE14	train
A0A0H3HE78	A0A0H3HE78	test
A0A0H3HE78	A5W402	test
A0A0H3HE78	B6CWJ3	test
A0A0H3HE78	K9NKC3	test
A0A0H3HE78	P21219	test
A0A0H3HE78	P29378	test
A0A0H3HE78	Q5XPL5	test
A0A0H3HE78	Q6XMT2	test
A0A0H3HE78	Q7SID2	test
A0A0H3HE78	Q8GJG6	test
A0A0H3HE78	V5RFK1	test
A0A0H3JER5	A0A0H3JER5	train
A0A0H3JER5	A1RX09	train
A0A0H3JER5	G0UYF4	train
A0A0H3JER5	P0AD62	train
A0A0H3JER5	P14618	train
A0A0H3JER5	P30615	train
A0A0H3JER5	P51182	train
A0A0H3JER5	P9WKE5	train
A0A0H3JER5	Q27686	train
A0A0H3JER5	Q46078	train
A0A0H3JER5	Q5CSM7	train
A0A0H3JER5	Q6GG09	train
A0A0H3JER5	Q94KE3	train
A0A0H3JER5	Q969A2	train
A0A0H3JER5	Q9FFP6	train
A0A0H3JER5	Q9FM97	train
A0A0H3JER5	Q9FNN1	train
A0A0H3JER5	Q9KQJ0	train
A0A0H3JER5	Q9KUN0	train
A0A0H3JER5	Q9SJQ0	train
A0A0H3JT80	A0A0H3JT80	train
A0A0H3K7Y1	A0A0H3K7Y1	train
A0A0H3K9R1	A0A0H3K9R1	train
A0A0H3KB22	A0A0H3KB22	train
A0A0H3LLR0	A0A0H3LLR0	train
A0A0H3M8A2	A0A0H3M8A2	train
A0A0H3M8A2	O51648	train
A0A0H3M8A2	P0A7Y0	train
A0A0H3M8A2	Q92R47	train
A0A0H3U0Y7	A0A0H3U0Y7	test
A0A0H3U0Y7	A0A0R1RJ30	test
A0A0H3U0Y7	A0A140N893	test
A0A0H3U0Y7	A0A178WMD4	test
A0A0H3U0Y7	B5A8W5	test
A0A0H3U0Y7	C0LJH4	test
A0A0H3U0Y7	D6CJK0	test
A0A0H3U0Y7	F1T2J9	test
A0A0H3U0Y7	F2YGD2	test
A0A0H3U0Y7	F8A9V0	test
A0A0H3U0Y7	F8RPR8	test
A0A0H3U0Y7	G0SGU4	test
A0A0H3U0Y7	O69054	test
A0A0H3U0Y7	P33677	test
A0A0H3U0Y7	Q48534	test
A0A0H3U0Y7	Q5FTU6	test
A0A0H3U0Y7	Q608T2	test
A0A0H3U0Y7	Q845T0	test
A0A0H3U0Y7	Q8RG11	test
A0A0H3U0Y7	Q8U3Y2	test
A0A0H3U0Y7	Q97U35	test
A0A0H3U0Y7	Q9C4M5	test
A0A0H3U0Y7	Q9C9W5	test
A0A0H3U0Y7	Q9CA90	test
A0A0H3U0Y7	Q9I530	test
A0A0H3U0Y7	Q9LE33	test
A0A0H3U0Y7	Q9S7E4	test
A0A0H3U0Y7	W1Q801	test
A0A0H3WG62	A0A0H3WG62	train
A0A0H3WG62	A0A1B1Y5P4	train
A0A0H3WG62	A0A3R5WSX8	train
A0A0H3WG62	O69787	train
A0A0H3WG62	P15289	train
A0A0H3WG62	P15586	train
A0A0H3WG62	P15848	train
A0A0H3WG62	P34059	train
A0A0H3WG62	P51688	train
A0A0H3WG62	Q6UWY0	train
A0A0H3WG62	Q8WNR3	train
A0A0H3WKG6	A0A0H3WKG6	train
A0A0H3WKG6	A0A2Z5U3T3	train
A0A0H4FQ60	A0A0H4FQ60	train
A0A0H4FQ60	Q8I6Z5	train
A0A0H5BR52	A0A0H5BR52	train
A0A0I9QGZ2	A0A0I9QGZ2	train
A0A0I9QGZ2	P23254	train
A0A0J9X283	A0A0J9X283	train
A0A0J9X283	P0A9J4	train
A0A0J9X283	Q5JGC2	train
A0A0K0M737	A0A0K0M737	train
A0A0K0Q1Y2	A0A0K0Q1Y2	train
A0A0K0Q1Y2	Q8GR22	train
A0A0K1E2F9	A0A0K1E2F9	train
A0A0K1E2F9	H2C8H2	train
A0A0K1P4J7	A0A0K1P4J7	train
A0A0K1P4J7	A0A0P0UPC6	train
A0A0K1P4J7	A0A223FUT7	train
A0A0K1P4J7	A1E2B6	train
A0A0K1P4J7	A8W969	train
A0A0K1P4J7	C3VPJ1	train
A0A0K1P4J7	C9WIW7	train
A0A0K1P4J7	D7GXG0	train
A0A0K1P4J7	G0ZDR5	train
A0A0K1P4J7	G1ED17	train
A0A0K1P4J7	Q6F4N4	train
A0A0K1P4J7	Q8GB62	train
A0A0K1P4J7	S5U3X4	train
A0A0K1P4J7	T1WFD0	train
A0A0K2E5X6	A0A0K2E5X6	train
A0A0K2F2K4	A0A0K2F2K4	train
A0A0K2F2K4	A0A142ZC57	train
A0A0K2F2K4	A0A144YEA5	train
A0A0K2F2K4	A0A192YD12	train
A0A0K2F2K4	G0Y286	train
A0A0K2F2K4	G0Y287	train
A0A0K2F2K4	G0Y288	train
A0A0K2F2K4	H9L9T8	train
A0A0K2F2K4	Q257D4	train
A0A0K2F2K4	Q9SDW9	train
A0A0K2RV92	A0A0K2RV92	train
A0A0K2S4R5	A0A0K2S4R5	train
A0A0K2S4R5	B5LX62	train
A0A0K2S4R5	D0UH99	train
A0A0K2S4R5	D0UHB3	train
A0A0K2S4R5	O05512	train
A0A0K2SQX4	A0A0K2SQX4	train
A0A0K2SQX4	A0A2Z5VL17	train
A0A0K2SQX4	O54161	train
A0A0K2SQZ9	A0A0K2SQZ9	train
A0A0K2SRV3	A0A0K2SRV3	train
A0A0K2X0F2	A0A0K2X0F2	train
A0A0K8P6T7	A0A0K8P6T7	train
A0A0K8P6T7	C3RYL0	train
A0A0K8P6T7	D1A2H1	train
A0A0K8P6T7	D1A9G5	train
A0A0K8P6T7	E9LVH8	train
A0A0K8P6T7	E9LVH9	train
A0A0K8P6T7	G8GER6	train
A0A0K8P6T7	G9BY57	train
A0A0K8P6T7	Q47RJ6	train
A0A0M3KL45	A0A0M3KL45	test
A0A0M3KL45	O87943	test
A0A0M3KL45	Q39VF1	test
A0A0M3KL45	Q8VPT7	test
A0A0M3KL46	A0A0M3KL46	train
A0A0M3VGH5	A0A0M3VGH5	test
A0A0M3VGH5	A0A0N7IZL9	test
A0A0M3VGH5	A0A1B1PF34	test
A0A0M3VGH5	A0A1S6XWY4	test
A0A0M3VGH5	A6N8C1	test
A0A0M3VGH5	B0F9F6	test
A0A0M3VGH5	B5AR80	test
A0A0M3VGH5	D6A5I3	test
A0A0M3VGH5	H8ZPX1	test
A0A0M3VGH5	O24164	test
A0A0M3VGH5	P06617	test
A0A0M3VGH5	P21396	test
A0A0M3VGH5	P27338	test
A0A0M3VGH5	P32397	test
A0A0M3VGH5	P50264	test
A0A0M3VGH5	P50336	test
A0A0M3VGH5	P56601	test
A0A0M3VGH5	Q0J290	test
A0A0M3VGH5	Q0NZW5	test
A0A0M3VGH5	Q0NZW6	test
A0A0M3VGH5	Q55629	test
A0A0M3VGH5	Q6IWZ0	test
A0A0M3VGH5	Q6J213	test
A0A0M3VGH5	Q88QV1	test
A0A0M3VGH5	Q8H191	test
A0A0M3VGH5	Q8L3C7	test
A0A0M3VGH5	Q8VPD4	test
A0A0M3VGH5	Q90W54	test
A0A0M3VGH5	Q9FNA2	test
A0A0M3VGH5	Q9LYT1	test
A0A0M3VGH5	Q9NWM0	test
A0A0M3VGH5	Q9SKX5	test
A0A0M3VGH5	W6JQJ6	test
A0A0M3VGH5	X2JCV5	test
A0A0M3VI47	A0A0M3VI47	train
A0A0M3VI47	A8CEI3	train
A0A0M3VI47	B3TNN8	train
A0A0M3VI47	B3TNN9	train
A0A0M3VI47	B6K8Y1	train
A0A0M3VI47	E3VL26	train
A0A0M3VI47	E9AFE7	train
A0A0M3VI47	P06721	train
A0A0M3VI47	P13254	train
A0A0M3VI47	Q187D4	train
A0A0M3VI47	Q1M0P5	train
A0A0M3VI47	Q4FME3	train
A0A0M3VI47	Q5MQ31	train
A0A0M3VI47	Q73GL9	train
A0A0M3VI47	Q76K51	train
A0A0M3VI47	Q86D27	train
A0A0M3VI47	Q86D28	train
A0A0M3VI47	Q93I77	train
A0A0M3VI47	Q9X0Z7	train
A0A0M3VI47	U6BYK3	train
A0A0M4N1K4	A0A0M4N1K4	train
A0A0M4N5N7	A0A0M4N5N7	train
A0A0M4N5N7	A0A1Z2QRE2	train
A0A0N7AXL7	A0A0N7AXL7	train
A0A0N7AXL7	P02963	train
A0A0N9FGL8	A0A0N9FGL8	train
A0A0N9FGL8	A0A0N9WRG3	train
A0A0N9FGL8	A8J4Z8	train
A0A0N9FGL8	B2V8E3	train
A0A0N9FGL8	B6EIU7	train
A0A0N9FGL8	C0QRB5	train
A0A0N9FGL8	C1DTU5	train
A0A0N9FGL8	E8T502	train
A0A0N9FGL8	O43570	train
A0A0N9FGL8	P00915	train
A0A0N9FGL8	P00921	train
A0A0N9FGL8	P22748	train
A0A0N9FGL8	P35218	train
A0A0N9FGL8	Q84UV8	train
A0A0N9FGL8	Q9ULX7	train
A0A0N9GZK8	A0A0N9GZK8	train
A0A0N9GZK8	A0A291I5R3	train
A0A0N9GZK8	D4P8C6	train
A0A0N9GZK8	Q9LCC5	train
A0A0N9HMW6	A0A0N9HMW6	train
A0A0N9LQI1	A0A0N9LQI1	train
A0A0N9LQI1	A0A3B6UEQ6	train
A0A0N9LQI1	A2QKT4	train
A0A0N9LQI1	B4XC07	train
A0A0N9LQI1	B5LXD7	train
A0A0N9LQI1	B6V876	train
A0A0N9LQI1	I3PML9	train
A0A0N9LQI1	Q00012	train
A0A0N9LQI1	Q0PQY8	train
A0A0N9LQI1	Q2I011	train
A0A0N9LQI1	Q2LE69	train
A0A0N9LQI1	Q4WBS1	train
A0A0N9LQI1	Q5AZ53	train
A0A0N9LQI1	Q5B7X2	train
A0A0N9LQI1	Q8WPJ2	train
A0A0N9LQL8	A0A0N9LQL8	train
A0A0N9LQL8	A0A345K402	train
A0A0N9LQL8	B2VPR8	train
A0A0N9LQL8	D8VPP5	train
A0A0N9LQL8	G3YAL0	train
A0A0N9LQL8	P83218	train
A0A0N9LQL8	Q12535	train
A0A0N9LQL8	Q9LVQ0	train
A0A0N9LQL8	V9Q624	train
A0A0P0E6S3	A0A0P0E6S3	train
A0A0P0E6S3	P37651	train
A0A0P0IJ73	A0A0P0IJ73	train
A0A0P0IZM9	A0A0P0IZM9	train
A0A0P0YP15	A0A0P0YP15	train
A0A0P0YP15	A0A1S5WII4	train
A0A0P0YP15	K1QEW8	train
A0A0P0YP15	P83654	train
A0A0R7QWN6	A0A0R7QWN6	train
A0A0R7QWN6	A0A0R7QX11	train
A0A0S0FTT9	A0A0S0FTT9	train
A0A0S0FTT9	A0A2K1JMA3	train
A0A0S0FTT9	A9S498	train
A0A0S0FTT9	D8R1Y1	train
A0A0S0FTT9	P42738	train
A0A0S0FTT9	Q9C544	train
A0A0S0FTT9	Q9S7H4	train
A0A0S0FTT9	U5D896	train
A0A0S0FTT9	W1PFX5	train
A0A0S1X9V3	A0A0S1X9V3	train
A0A0S1X9V3	Q8U263	train
A0A0S2E8T0	A0A0S2E8T0	test
A0A0S2E8T0	A0A1L5JYH9	test
A0A0S2E8T0	A3NS93	test
A0A0S2E8T0	A3RLW7	test
A0A0S2E8T0	C7DRQ4	test
A0A0S2E8T0	D0EAP3	test
A0A0S2E8T0	D9Q0R7	test
A0A0S2E8T0	E9LK91	test
A0A0S2E8T0	M9QJD2	test
A0A0S2E8T0	P04179	test
A0A0S2E8T0	P61502	test
A0A0S2E8T0	P84612	test
A0A0S2E8T0	Q5UVY7	test
A0A0S2I591	A0A0S2I591	train
A0A0S2I591	A0A0S2I5F8	train
A0A0S2I591	B6UYJ2	train
A0A0S3WYP3	A0A0S3WYP3	test
A0A0S3WYP3	A0A0S3X5N5	test
A0A0S3WYP3	A5XCL5	test
A0A0S3WYP3	B8JMZ1	test
A0A0S3WYP3	C7GP37	test
A0A0S3WYP3	D3G6S4	test
A0A0S3WYP3	D3HTY9	test
A0A0S3WYP3	F2DQG9	test
A0A0S3WYP3	O64765	test
A0A0S3WYP3	Q09WE7	test
A0A0S3WYP3	Q16222	test
A0A0S3WYP3	Q16851	test
A0A0S3WYP3	Q43772	test
A0A0S3WYP3	Q4QE75	test
A0A0S3WYP3	Q5W915	test
A0A0S3WYP3	Q940S3	test
A0A0S3WYP3	Q9C5I1	test
A0A0S3WYP3	Q9XUS5	test
A0A0T6DN91	A0A0T6DN91	train
A0A0U1QTI9	A0A0U1QTI9	train
A0A0U1QTI9	O52185	train
A0A0U1RGY0	A0A0U1RGY0	train
A0A0U1RGY0	P95709	train
A0A0U1RGY0	Q9REV4	train
A0A0U1WKA6	A0A0U1WKA6	train
A0A0U1WKA6	O52935	train
A0A0U1WKA6	P19410	train
A0A0U1WKA6	P32370	train
A0A0U1X631	A0A0U1X631	train
A0A0U1X631	A4ZYP8	train
A0A0U1X631	A5HIG4	train
A0A0U1X631	B0B552	train
A0A0U1X631	D2DSG2	train
A0A0U1X631	D2K8K6	train
A0A0U1X631	E6Y8N8	train
A0A0U1X631	F6JRN6	train
A0A0U1X631	G9D319	train
A0A0U1X631	G9D320	train
A0A0U1X631	G9D322	train
A0A0U1X631	G9D323	train
A0A0U1X631	Q1HEQ0	train
A0A0U1X631	Q6B7T0	train
A0A0U1X631	Q6IYF2	train
A0A0U1X631	Q8J0N2	train
A0A0U1X631	Q9Y8D9	train
A0A0U2D6P6	A0A0U2D6P6	train
A0A0U2D6P6	A0A346PYQ5	train
A0A0U2D6P6	D7PC10	train
A0A0U2D6P6	Q9AJS0	train
A0A0U2D6P6	Q9BLD2	train
A0A0U2LZJ6	A0A0U2LZJ6	test
A0A0U2LZJ6	A0A0U2US60	test
A0A0U2LZJ6	A0A140CWW4	test
A0A0U2LZJ6	A0A1C9EFW4	test
A0A0U2LZJ6	A3F8Z8	test
A0A0U2LZJ6	A8FAG9	test
A0A0U2LZJ6	A8N3P5	test
A0A0U2LZJ6	A8W7J6	test
A0A0U2LZJ6	B0JDP9	test
A0A0U2LZJ6	B3TLA6	test
A0A0U2LZJ6	B5G555	test
A0A0U2LZJ6	C1JCL7	test
A0A0U2LZJ6	I3XLC2	test
A0A0U2LZJ6	I6QS85	test
A0A0U2LZJ6	M9PLY0	test
A0A0U2LZJ6	P37064	test
A0A0U2LZJ6	Q02497	test
A0A0U2LZJ6	Q08AC1	test
A0A0U2LZJ6	Q5I7J0	test
A0A0U2LZJ6	Q6T2T5	test
A0A0U2LZJ6	Q6TH77	test
A0A0U2LZJ6	Q70KY3	test
A0A0U2LZJ6	Q8H979	test
A0A0U2LZJ6	Q96UT7	test
A0A0U2LZJ6	Q9UVY4	test
A0A0U2LZJ6	V9PQZ7	test
A0A0U3U5E8	A0A0U3U5E8	train
A0A0U3U5E8	A0A1I0U0N3	train
A0A0U3U5E8	B6ZCD8	train
A0A0U3U5E8	J9H7D1	train
A0A0U3U5E8	Q66CJ2	train
A0A0U3U5E8	Q8TZE8	train
A0A0U3U5E8	R4L284	train
A0A0U4MTX7	A0A0U4MTX7	train
A0A0U4VTN7	A0A0U4VTN7	test
A0A0U5BQA3	A0A0U5BQA3	train
A0A0U5F702	A0A0U5F702	train
A0A0W1QGK2	A0A0W1QGK2	train
A0A0W1QGK2	O05576	train
A0A0W1QGK2	Q8GQP8	train
A0A0X9PFK4	A0A0X9PFK4	train
A0A0X9PFK4	Q84LM4	train
A0A0X9PFK4	V5QZ74	train
A0A110AZ24	A0A110AZ24	train
A0A110AZ24	A9ZT55	train
A0A110AZ24	Q9C1M9	train
A0A110AZ24	Q9HFW5	train
A0A110AZ24	R9W5L0	train
A0A116LEI2	A0A116LEI2	train
A0A120MXL9	A0A120MXL9	validation
A0A120MXL9	A0A120MXM2	validation
A0A120MXL9	A0A120MXM3	validation
A0A120MXL9	A0A125T1T4	validation
A0A120MXL9	A0A125T1T5	validation
A0A120MXL9	A0A1B1W6Z7	validation
A0A120MXL9	A0A1L1Z440	validation
A0A120MXL9	A0A1X9Y2Y6	validation
A0A120MXL9	A0A224ALZ8	validation
A0A120MXL9	A0A5A4PXL6	validation
A0A120MXL9	A7U0E5	validation
A0A120MXL9	A8QW53	validation
A0A120MXL9	A9X7L0	validation
A0A120MXL9	B0CN31	validation
A0A120MXL9	B0EXJ8	validation
A0A120MXL9	B0ZB55	validation
A0A120MXL9	B0ZB56	validation
A0A120MXL9	B8RCD3	validation
A0A120MXL9	B9WZX2	validation
A0A120MXL9	D3KY98	validation
A0A120MXL9	D3KY99	validation
A0A120MXL9	E7BBN5	validation
A0A120MXL9	E7FL15	validation
A0A120MXL9	I2FFE9	validation
A0A120MXL9	J9PHM5	validation
A0A120MXL9	K7XQ68	validation
A0A120MXL9	O04385	validation
A0A120MXL9	O24529	validation
A0A120MXL9	Q06528	validation
A0A120MXL9	Q29U70	validation
A0A120MXL9	Q43771	validation
A0A120MXL9	Q6T1F6	validation
A0A120MXL9	Q6VCW3	validation
A0A120MXL9	Q6ZD89	validation
A0A120MXL9	Q8GSN1	validation
A0A120MXL9	Q93WU2	validation
A0A120MXL9	Q9FK25	validation
A0A120MXL9	Q9LEL5	validation
A0A120MXL9	Q9LEL6	validation
A0A120MXL9	Q9X5T6	validation
A0A125R6G8	A0A125R6G8	train
A0A125S6K7	A0A125S6K7	train
A0A125S6K7	A0A125S6K8	train
A0A125S6K7	B6D1W5	train
A0A125S6K7	B7FDE5	train
A0A125S6K7	D3TTH9	train
A0A125S6K7	P09918	train
A0A125S6K7	P14856	train
A0A125S6K7	P29114	train
A0A125S6K7	P37831	train
A0A125S6K7	P38415	train
A0A125S6K7	P93184	train
A0A125S6K7	Q06327	train
A0A125S6K7	Q27PX2	train
A0A125S6K7	Q4FCM5	train
A0A125S6K7	Q70EX8	train
A0A125S6K7	Q76I22	train
A0A125S6K7	Q93YI8	train
A0A125S6K7	Q9AXG8	train
A0A125S6K7	Q9LEA9	train
A0A125S6K7	Q9SC16	train
A0A125S6K7	S4UKU4	train
A0A125S6K7	S4UL39	train
A0A125S6K7	S4UL92	train
A0A125S6K7	S4ULD7	train
A0A125YMC0	A0A125YMC0	train
A0A125YXL3	A0A125YXL3	train
A0A127CMI7	A0A127CMI7	train
A0A127CMI7	A0A1V0ELS9	train
A0A127CMI7	B0BK98	train
A0A127CMI7	B0BK99	train
A0A127CMI7	E7CYQ0	train
A0A127CMI7	O24721	train
A0A127CMI7	Q5LLB1	train
A0A127CMI7	Q8X655	train
A0A127F6U7	A0A127F6U7	train
A0A127F6U7	B8YAD0	train
A0A127F6U7	O54051	train
A0A127F6U7	P19913	train
A0A127F6U7	P19919	train
A0A127F6U7	Q46799	train
A0A127F6U7	Q4J6M3	train
A0A127F985	A0A127F985	train
A0A127F985	B8YAC8	train
A0A127F985	P19914	train
A0A127F985	P19920	train
A0A127F985	Q46800	train
A0A127F985	Q4J6M6	train
A0A127F9C1	A0A127F9C1	train
A0A127F9C1	B1PHD1	train
A0A127F9C1	B8YAC9	train
A0A127F9C1	P19915	train
A0A127F9C1	P19921	train
A0A127F9C1	Q4J6M5	train
A0A127JBT0	A0A127JBT0	train
A0A127JBT0	A0A3G9FT71	train
A0A133Q8U5	A0A133Q8U5	train
A0A133Q8U5	P15639	train
A0A133Q8U5	P31335	train
A0A133Q8U5	P31939	train
A0A140N3B4	A0A140N3B4	train
A0A140N5X9	A0A140N5X9	train
A0A141BQM9	A0A141BQM9	train
A0A141BQM9	P09169	train
A0A141BQM9	P17811	train
A0A141BQM9	P34210	train
A0A141BQM9	P58603	train
A0A141NXG8	A0A141NXG8	train
A0A141NXG8	C5A6Q4	train
A0A141NXG8	P20933	train
A0A141NXG8	Q5JHT1	train
A0A141NXG8	Q7L266	train
A0A141NXG8	Q9ZSD6	train
A0A142EHU4	A0A142EHU4	train
A0A142G555	A0A142G555	train
A0A142LT01	A0A142LT01	train
A0A142LT01	D8VDY4	train
A0A142LT01	Q7B8C0	train
A0A142LT01	Q8KTW4	train
A0A142LT01	Q8KTW5	train
A0A142LT01	Q8KTW6	train
A0A142LT01	Q8KTW7	train
A0A142LT01	Q8KTW8	train
A0A142LT01	Q8KTW9	train
A0A142LT01	Q8KTX0	train
A0A142LT01	Q8KTX1	train
A0A142LT01	Q9L8R8	train
A0A142UTH4	A0A142UTH4	train
A0A142UTH4	P68187	train
A0A142UTH4	Q4QJQ0	train
A0A142UTH4	Q97UY8	train
A0A143T1M7	A0A143T1M7	train
A0A144QFN1	A0A144QFN1	test
A0A144QFN1	A0A1B3TNR9	test
A0A144QFN1	A0B8F1	test
A0A144QFN1	A4YDR9	test
A0A144QFN1	A4YDT1	test
A0A144QFN1	A4YGF9	test
A0A144QFN1	A4YGR1	test
A0A144QFN1	B1YBY4	test
A0A144QFN1	D3GE78	test
A0A144QFN1	D5LLN7	test
A0A144QFN1	D5LNB5	test
A0A144QFN1	D5LNB6	test
A0A144QFN1	D6EQU8	test
A0A144QFN1	F1CYZ6	test
A0A144QFN1	L7Z3F8	test
A0A144QFN1	O60488	test
A0A144QFN1	O74725	test
A0A144QFN1	O84781	test
A0A144QFN1	P10378	test
A0A144QFN1	P17814	test
A0A144QFN1	P23971	test
A0A144QFN1	P38137	test
A0A144QFN1	P39581	test
A0A144QFN1	Q00IB3	test
A0A144QFN1	Q1AG35	test
A0A144QFN1	Q25C16	test
A0A144QFN1	Q26304	test
A0A144QFN1	Q27758	test
A0A144QFN1	Q2I0L7	test
A0A144QFN1	Q3LB11	test
A0A144QFN1	Q42982	test
A0A144QFN1	Q4FP19	test
A0A144QFN1	Q4KCY5	test
A0A144QFN1	Q5CD72	test
A0A144QFN1	Q5LRT0	test
A0A144QFN1	Q5LVM3	test
A0A144QFN1	Q5UFR2	test
A0A144QFN1	Q63151	test
A0A144QFN1	Q67W82	test
A0A144QFN1	Q6EMJ3	test
A0A144QFN1	Q6ETN3	test
A0A144QFN1	Q6TNA5	test
A0A144QFN1	Q6ZAC1	test
A0A144QFN1	Q81K97	test
A0A144QFN1	Q84P21	test
A0A144QFN1	Q8GN86	test
A0A144QFN1	Q8TLW1	test
A0A144QFN1	Q8W471	test
A0A144QFN1	Q973W5	test
A0A144QFN1	Q9AJS8	test
A0A144QFN1	Q9D2R0	test
A0A144QFN1	Q9I4X3	test
A0A144QFN1	Q9L9F6	test
A0A144QFN1	Q9SMT7	test
A0A144QFN1	S4WX39	test
A0A144QFN1	T1NXG6	test
A0A144QFN1	U3MJP5	test
A0A144QFN1	U3MNX0	test
A0A146F0J0	A0A146F0J0	train
A0A146F0J0	A0A1V0QH26	train
A0A146F0J0	A1YZ22	train
A0A146F0J0	A2ICG5	train
A0A146F0J0	A2ICG6	train
A0A146F0J0	C7AAS7	train
A0A146F0J0	E2IKQ9	train
A0A146F0J0	M4LK61	train
A0A146F0J0	O60989	train
A0A146F0J0	O96009	train
A0A146F0J0	P00791	train
A0A146F0J0	P20142	train
A0A146F0J0	P39898	train
A0A146F0J0	P46925	train
A0A146F0J0	Q06902	train
A0A146F0J0	Q334I5	train
A0A146F0J0	Q5VK60	train
A0A146F0J0	Q6DYE7	train
A0A146F0J0	Q6HA04	train
A0A146F0J0	Q6HA05	train
A0A146F0J0	Q9GK11	train
A0A146F0J0	Q9N1p5	train
A0A146F0J0	Q9XFX3	train
A0A146F0J0	Q9XFX4	train
A0A146F0J0	U5HT00	train
A0A146FAZ1	A0A146FAZ1	train
A0A146FAZ1	B3A042	train
A0A146FAZ1	U5LKV8	train
A0A150CP14	A0A150CP14	validation
A0A150CP14	A0A177YY42	validation
A0A150CP14	Q9LBK2	validation
A0A150QXP6	A0A150QXP6	train
A0A160PRJ4	A0A160PRJ4	train
A0A160PRJ4	A0A3G4RHV5	train
A0A160PRJ4	A0SZU9	train
A0A160PRJ4	A3MUZ0	train
A0A160PRJ4	B1VZT1	train
A0A160PRJ4	O05510	train
A0A160PRJ4	P54495	train
A0A160PRJ4	Q5RLG0	train
A0A160PRJ4	Q5SLJ4	train
A0A160PRJ4	Q76LT2	train
A0A160PRJ4	Q7WT42	train
A0A160PRJ4	Q7ZAH1	train
A0A160PRJ4	Q8R8N4	train
A0A160PRJ4	Q8RDE9	train
A0A160PRJ4	Q9ADE8	train
A0A160PV21	A0A160PV21	train
A0A160PV21	Q8NU98	train
A0A161IUT7	A0A161IUT7	train
A0A161IUT7	A0A411PNL0	train
A0A161IUT7	B1NM15	train
A0A161IUT7	B1NM16	train
A0A161IUT7	I1MSF2	train
A0A161IUT7	K9LL63	train
A0A161IUT7	O75907	train
A0A161IUT7	Q5GKZ7	train
A0A161IUT7	Q9ERM3	train
A0A161IUT7	Q9M4V2	train
A0A161IUT7	Q9SLD2	train
A0A161IUT7	Q9Z2A7	train
A0A161IUT7	T2HV99	train
A0A165QBG6	A0A165QBG6	train
A0A165QBG6	Q3L8N0	train
A0A167Z3Z6	A0A167Z3Z6	train
A0A168KIJ9	A0A168KIJ9	train
A0A168KIJ9	A3LY17	train
A0A168KIJ9	A7M022	train
A0A168KIJ9	K0J4X5	train
A0A168KIJ9	Q21JW4	train
A0A169PW02	A0A169PW02	train
A0A169PW02	A0PCH8	train
A0A169PW02	A4WMH3	train
A0A169PW02	A5FBI1	train
A0A169PW02	F9VPH0	train
A0A169PW02	L8B8U1	train
A0A169PW02	L8B8V1	train
A0A169PW02	P0CD66	train
A0A169PW02	P31434	train
A0A169PW02	Q43763	train
A0A169PW02	Q4J9M3	train
A0A169PW02	Q6L2X4	train
A0A169PW02	Q745T6	train
A0A169PW02	Q8RDL1	train
A0A169PW02	Q9C0Y4	train
A0A169PW02	Q9C1S7	train
A0A169PW02	Q9F234	train
A0A169PW02	Q9HLD0	train
A0A169PW02	Q9LLY2	train
A0A169PW02	Q9P999	train
A0A169PW02	Q9US55	train
A0A169PW02	Q9ZP04	train
A0A171	A0A171	train
A0A171	A5N5D3	train
A0A171	B3FYT6	train
A0A171	C4LUA1	train
A0A171	C8KIP3	train
A0A172EJV6	A0A172EJV6	train
A0A172WCE4	A0A172WCE4	train
A0A172WCE4	A0A220NLA7	train
A0A172WCE4	B8K2W7	train
A0A172WCE4	P33284	train
A0A172WCE4	Q3S2I3	train
A0A172WCE4	Q6Q8A5	train
A0A172WCE4	Q8ST54	train
A0A172WCE4	Q969A8	train
A0A172WCE4	Q96VP5	train
A0A191T887	A0A191T887	train
A0A191T887	A0A191T893	train
A0A191T887	B2J1M1	train
A0A191T887	Q54764	train
A0A191T887	Q7V6D4	train
A0A191W0D9	A0A191W0D9	test
A0A191W0D9	A0A1L2F0V9	test
A0A191W0D9	A0LT86	test
A0A191W0D9	A9J246	test
A0A191W0D9	C0C0X3	test
A0A191W0D9	C7F8M0	test
A0A191W0D9	D9ILD9	test
A0A191W0D9	F6KRI7	test
A0A191W0D9	G1JRK8	test
A0A191W0D9	H6UGW9	test
A0A191W0D9	J9E728	test
A0A191W0D9	K7SW59	test
A0A191W0D9	P06189	test
A0A191W0D9	P08202	test
A0A191W0D9	P58538	test
A0A191W0D9	P58539	test
A0A191W0D9	P58540	test
A0A191W0D9	P94523	test
A0A191W0D9	Q2VMT2	test
A0A191W0D9	Q65J10	test
A0A191W0D9	Q6VAK6	test
A0A191W0D9	Q6W9D4	test
A0A191W0D9	Q70G56	test
A0A191W0D9	Q7UDT4	test
A0A191W0D9	Q8AAW1	test
A0A191W0D9	Q8EMP4	test
A0A191W0D9	Q8FL89	test
A0A191W0D9	Q97JE0	test
A0A191W0D9	Q97JE4	test
A0A191W0D9	Q9KBQ2	test
A0A191W0D9	Q9WYB3	test
A0A193DXA9	A0A193DXA9	train
A0A193DXA9	Q0SH26	train
A0A193DXP2	A0A193DXP2	train
A0A193DXP2	Q0SH27	train
A0A193PYR8	A0A193PYR8	train
A0A1A6GB48	A0A1A6GB48	validation
A0A1A6GB48	A0A2K9Y5T7	validation
A0A1A6GB48	A3DSX0	validation
A0A1A6GB48	A3MWU9	validation
A0A1A6GB48	G4T3S9	validation
A0A1A6GB48	O08349	validation
A0A1A6GB48	O24047	validation
A0A1A6GB48	P00336	validation
A0A1A6GB48	P00338	validation
A0A1A6GB48	P00339	validation
A0A1A6GB48	P00344	validation
A0A1A6GB48	P07864	validation
A0A1A6GB48	P0C2T6	validation
A0A1A6GB48	P10584	validation
A0A1A6GB48	P50933	validation
A0A1A6GB48	Q07841	validation
A0A1A6GB48	Q0GND8	validation
A0A1A6GB48	Q0GND9	validation
A0A1A6GB48	Q9YEA1	validation
A0A1A9GS29	A0A1A9GS29	train
A0A1A9GS29	Q5NEQ5	train
A0A1A9GS29	Q92SA6	train
A0A1B0WVE7	A0A1B0WVE7	train
A0A1B1FUW4	A0A1B1FUW4	train
A0A1B1L2T7	A0A1B1L2T7	test
A0A1B1L2T7	A0A2Z4MEX9	test
A0A1B1L2T7	A0A5Q8BPF5	test
A0A1B1L2T7	A4FQE5	test
A0A1B1L2T7	A6UP94	test
A0A1B1L2T7	A6UWA0	test
A0A1B1L2T7	B9L0B7	test
A0A1B1L2T7	D1CCW1	test
A0A1B1L2T7	E6TUA8	test
A0A1B1L2T7	F0QW25	test
A0A1B1L2T7	F2L0W0	test
A0A1B1L2T7	O15382	test
A0A1B1L2T7	O26004	test
A0A1B1L2T7	O86428	test
A0A1B1L2T7	P19938	test
A0A1B1L2T7	P9WQ75	test
A0A1B1L2T7	Q0C8G1	test
A0A1B1L2T7	Q0E9S8	test
A0A1B1L2T7	Q5FTR3	test
A0A1B1L2T7	Q7BPX6	test
A0A1B1LML0	A0A1B1LML0	train
A0A1B1LML0	A0A2H4V677	train
A0A1B1LML0	F2X2G0	train
A0A1B1LML0	G2QND5	train
A0A1B1LML0	Q2U7D3	train
A0A1B1LML0	Q5B2G3	train
A0A1B1LML0	Q75P26	train
A0A1B1LML0	Q9HGR3	train
A0A1B1NX89	A0A1B1NX89	train
A0A1B1PGG4	A0A1B1PGG4	train
A0A1B1PGG4	A3MWK6	train
A0A1B1PGG4	O59650	train
A0A1B1PGG4	P00370	train
A0A1B1PGG4	P13154	train
A0A1B1PGG4	P24295	train
A0A1B1PGG4	P29051	train
A0A1B1PGG4	P39633	train
A0A1B1PGG4	P80319	train
A0A1B1PGG4	Q56304	train
A0A1B1PGG4	Q731C9	train
A0A1B1PGG4	Q8ILF7	train
A0A1B1PGG4	Q8ILT0	train
A0A1B1PGG4	Q977U6	train
A0A1B1PGG4	Q977X9	train
A0A1B1PGG4	Q9TVN3	train
A0A1B1PGG4	Q9YC65	train
A0A1B1PJB0	A0A1B1PJB0	test
A0A1B1PJB0	A0A1B1PJB7	test
A0A1B1PJB0	A0SPA8	test
A0A1B1PJB0	A3E7Z7	test
A0A1B1PJB0	B1XPH5	test
A0A1B1PJB0	C0SVZ6	test
A0A1B1PJB0	C6L7V8	test
A0A1B1PJB0	C6L7V9	test
A0A1B1PJB0	D2DRC4	test
A0A1B1PJB0	D2DRC5	test
A0A1B1PJB0	H2FL89	test
A0A1B1PJB0	H2FL90	test
A0A1B1PJB0	H2FL91	test
A0A1B1PJB0	H9DV62	test
A0A1B1PJB0	L7NCQ3	test
A0A1B1PJB0	O48944	test
A0A1B1PJB0	O48945	test
A0A1B1PJB0	P0A3C5	test
A0A1B1PJB0	P0A6R0	test
A0A1B1PJB0	P20582	test
A0A1B1PJB0	P49244	test
A0A1B1PJB0	P49245	test
A0A1B1PJB0	P99159	test
A0A1B1PJB0	P9WNG3	test
A0A1B1PJB0	Q07510	test
A0A1B1PJB0	Q27Z07	test
A0A1B1PJB0	Q2VAZ3	test
A0A1B1PJB0	Q4K418	test
A0A1B1PJB0	Q54206	test
A0A1B1PJB0	Q8L5L2	test
A0A1B1PJB0	Q8LIL0	test
A0A1B1PJB0	Q939X3	test
A0A1B1PJB0	Q9FSD6	test
A0A1B1WA13	A0A1B1WA13	train
A0A1B1WA13	A0A1B2BII0	train
A0A1B1WA14	A0A1B1WA14	train
A0A1B1WA14	B0I1V1	train
A0A1B1WA14	F2YCB6	train
A0A1B1WA14	M9VR53	train
A0A1B1WA14	M9VTY8	train
A0A1B1WA14	M9VUD6	train
A0A1B1WA14	M9VUE0	train
A0A1B1WA14	M9VY17	train
A0A1B1WA14	M9VY20	train
A0A1B1WA14	P9WQN9	train
A0A1B1WA14	Q8KWI9	train
A0A1B1X3I2	A0A1B1X3I2	train
A0A1B1X3I2	A0LST6	train
A0A1B1X3I2	C8CCV9	train
A0A1B1X3I2	O47881	train
A0A1B1X3I2	Q2QXY1	train
A0A1B1X3I2	Q2RAP0	train
A0A1B1X3I2	Q6QD76	train
A0A1B1X3I2	Q8L8A9	train
A0A1B1X3I2	Q9SU56	train
A0A1B1X3I2	Q9ZBU1	train
A0A1B1X3I2	W5FJN8	train
A0A1B1X3I2	W5FUB4	train
A0A1B1Y261	A0A1B1Y261	train
A0A1B2F298	A0A1B2F298	train
A0A1B2F298	G1EHI3	train
A0A1B2F298	P11411	train
A0A1B2K4A7	A0A1B2K4A7	train
A0A1B5G0A1	A0A1B5G0A1	test
A0A1B5G0A1	E7FHY8	test
A0A1B5G0A1	Q97VS7	test
A0A1B5G0A1	Q97YG7	test
A0A1C9CXI1	A0A1C9CXI1	train
A0A1C9CXI1	B2AVF1	train
A0A1C9CXI1	B2B629	train
A0A1C9U5X5	A0A1C9U5X5	train
A0A1C9U5X5	C3SBW0	train
A0A1C9U5X5	Q108P1	train
A0A1C9V3R0	A0A1C9V3R0	test
A0A1C9V3R0	A0A1C9V3R4	test
A0A1C9V3R0	A0A1C9V3R6	test
A0A1C9V3R0	A0A1C9V3S9	test
A0A1C9ZZ39	A0A1C9ZZ39	train
A0A1C9ZZ39	B2DFG5	train
A0A1C9ZZ39	P53095	train
A0A1C9ZZ39	Q8GRC8	train
A0A1D3TV18	A0A1D3TV18	train
A0A1D3TV18	A0NIJ1	train
A0A1D3TV18	A4IP64	train
A0A1D3TV18	A4ISB9	train
A0A1D3TV18	B1HX72	train
A0A1D3TV18	C1KF11	train
A0A1D3TV18	E7FHL9	train
A0A1D3TV18	F8GNE5	train
A0A1D3TV18	I3DTP7	train
A0A1D3TV18	I3DVX6	train
A0A1D3TV18	I3DX19	train
A0A1D3TV18	I3E949	train
A0A1D3TV18	P0A9S5	train
A0A1D3TV18	Q58122	train
A0A1D3TV18	Q59104	train
A0A1D3TV18	Q6PW32	train
A0A1D3TV18	Q8EEB0	train
A0A1D3TV18	Q8KN40	train
A0A1D3TV18	Q9WYQ4	train
A0A1D3TV18	U6CL97	train
A0A1D5NU03	A0A1D5NU03	train
A0A1D5VHV8	A0A1D5VHV8	train
A0A1D5VHV8	A0A1D5YL35	train
A0A1D5VHV8	B4FFJ0	train
A0A1D5VHV8	B5U8J7	train
A0A1D5VHV8	B5U8J8	train
A0A1D5VHV8	B5U8J9	train
A0A1D8D5T2	A0A1D8D5T2	test
A0A1D8D5T2	H2VFK0	test
A0A1D8D5T2	Q8KBL0	test
A0A1D8GRD5	A0A1D8GRD5	train
A0A1D8GRD5	A0A223AMX9	train
A0A1D8GRD5	D6R1Q1	train
A0A1D8GRD5	G3MDB2	train
A0A1D8GRD5	P06875	train
A0A1D8GRD5	P07941	train
A0A1D8GRD5	P15558	train
A0A1D8GRD5	Q0R3W5	train
A0A1D8GRD5	Q3ZEF0	train
A0A1D8GRD5	Q4ZV08	train
A0A1D8GRD5	Q539C0	train
A0A1D8GRD5	Q72G76	train
A0A1D8GRD5	Q83YY8	train
A0A1D8GRD5	Q8YQA9	train
A0A1D8NJ27	A0A1D8NJ27	train
A0A1D8NJ27	P33333	train
A0A1D8PEU2	A0A1D8PEU2	train
A0A1D8PQL3	A0A1D8PQL3	train
A0A1D8PQL3	P53215	train
A0A1D8PQL3	Q9NWX6	train
A0A1D9CEW3	A0A1D9CEW3	train
A0A1D9CEW3	Q9RP48	train
A0A1E7YQH3	A0A1E7YQH3	train
A0A1E7YQH3	B7J413	train
A0A1E7YQH3	O24496	train
A0A1E7YQH3	Q5J7B5	train
A0A1E7YQH3	Q6KF36	train
A0A1E7YQH3	Q8YZ99	train
A0A1G9FQX8	A0A1G9FQX8	train
A0A1G9FQX8	O58212	train
A0A1G9FQX8	W8JNL4	train
A0A1I9LPQ6	A0A1I9LPQ6	train
A0A1J0AHX8	A0A1J0AHX8	train
A0A1J0AHX8	A0EM56	train
A0A1J0AHX8	A2SZ52	train
A0A1J1EM40	A0A1J1EM40	train
A0A1J1EM40	Q60FX1	train
A0A1J1EM40	Q7WST1	train
A0A1J4N453	A0A1J4N453	train
A0A1J4N453	A1SCS9	train
A0A1J4N453	B8HEC1	train
A0A1J4N453	E9URP8	train
A0A1J4N453	Q3SAG3	train
A0A1J4N453	Q9FA01	train
A0A1J4N453	S6B1F6	train
A0A1J4YSL8	A0A1J4YSL8	train
A0A1J9W3F9	A0A1J9W3F9	train
A0A1L2BH72	A0A1L2BH72	train
A0A1L2BH72	Q59VG6	train
A0A1L3GZ76	A0A1L3GZ76	train
A0A1L3THR9	A0A1L3THR9	test
A0A1L4FQZ9	A0A1L4FQZ9	test
A0A1L4FQZ9	O96100	test
A0A1L4FQZ9	P00598	test
A0A1L4FQZ9	P14555	test
A0A1L4FQZ9	P86453	test
A0A1L4FQZ9	Q8QG87	test
A0A1L7HA00	A0A1L7HA00	train
A0A1L7HA00	L0N6Q8	train
A0A1L7NZN4	A0A1L7NZN4	train
A0A1Q2SVY7	A0A1Q2SVY7	train
A0A1Q2SVY7	Q9S7Z3	train
A0A1Q2T258	A0A1Q2T258	train
A0A1Q2T258	A2BLE9	train
A0A1Q2T258	B5IEU6	train
A0A1Q2T258	C0LSK9	train
A0A1Q2T258	C7E719	train
A0A1Q2T258	D5AHU8	train
A0A1Q2T258	P0A6L0	train
A0A1Q2T258	P44430	train
A0A1Q2T258	Q7WT44	train
A0A1Q2T258	Q877I0	train
A0A1Q2T258	Q9Y315	train
A0A1Q2U2H0	A0A1Q2U2H0	train
A0A1Q2U2H0	A3DEX4	train
A0A1Q2U3E4	A0A1Q2U3E4	train
A0A1R1AUM9	A0A1R1AUM9	train
A0A1R1AUM9	E1VA04	train
A0A1R1AUM9	Q1GNW5	train
A0A1R1AUM9	Q2TDY4	train
A0A1R7T3A4	A0A1R7T3A4	train
A0A1R7T3A4	P24155	train
A0A1R7T3A4	P24171	train
A0A1R7T3A4	P42676	train
A0A1R7T3A4	P52888	train
A0A1R7T3A4	Q72SL8	train
A0A1R7T3A4	Q9BYT8	train
A0A1S0QXP6	A0A1S0QXP6	train
A0A1S1GKD7	A0A1S1GKD7	train
A0A1S1GKD7	A0A1V0M5M0	train
A0A1S1YTI6	A0A1S1YTI6	train
A0A1S1YTI6	B9K760	train
A0A1S2B2X3	A0A1S2B2X3	train
A0A1S2B2X3	E9NR87	train
A0A1S2B2X3	Q7WUI6	train
A0A1S2XQM1	A0A1S2XQM1	train
A0A1S5T4Z0	A0A1S5T4Z0	train
A0A1S6LQU0	A0A1S6LQU0	test
A0A1S6LQU0	A0A1S6LQU1	test
A0A1S6LQU0	A0A1S6LQU3	test
A0A1S6LQU0	A0A1S6LQU6	test
A0A1S6LQU0	A0A1S6LQU9	test
A0A1S6LQU0	A0A1S6LQW6	test
A0A1S6LQU0	A0A1S6LQW7	test
A0A1S6LQU0	A0A1S6LQX4	test
A0A1S6LQU0	F1MWD3	test
A0A1S6LQU0	F1N0E5	test
A0A1S6LQU0	O57762	test
A0A1S6LQU0	P11983	test
A0A1S6LQU0	P12612	test
A0A1S6LQU0	P17987	test
A0A1S6LQU0	P39076	test
A0A1S6LQU0	P39077	test
A0A1S6LQU0	P39078	test
A0A1S6LQU0	P39079	test
A0A1S6LQU0	P40227	test
A0A1S6LQU0	P40413	test
A0A1S6LQU0	P42932	test
A0A1S6LQU0	P42943	test
A0A1S6LQU0	P47079	test
A0A1S6LQU0	P48643	test
A0A1S6LQU0	P49368	test
A0A1S6LQU0	P50990	test
A0A1S6LQU0	P50991	test
A0A1S6LQU0	P61111	test
A0A1S6LQU0	P78371	test
A0A1S6LQU0	P80313	test
A0A1S6LQU0	P80314	test
A0A1S6LQU0	P80315	test
A0A1S6LQU0	P80316	test
A0A1S6LQU0	P80317	test
A0A1S6LQU0	P80318	test
A0A1S6LQU0	Q2NKZ1	test
A0A1S6LQU0	Q32L40	test
A0A1S6LQU0	Q3MHL7	test
A0A1S6LQU0	Q3T0K2	test
A0A1S6LQU0	Q3ZBH0	test
A0A1S6LQU0	Q3ZCI9	test
A0A1S6LQU0	Q52500	test
A0A1S6LQU0	Q877G8	test
A0A1S6LQU0	Q8TZL6	test
A0A1S6LQU0	Q99832	test
A0A1S6LQU0	Q9WYX6	test
A0A1S6Q8F9	A0A1S6Q8F9	train
A0A1S6Q8F9	Q7X0P3	train
A0A1S6WME7	A0A1S6WME7	train
A0A1S6WME7	G0XZM1	train
A0A1U7Z3Y9	A0A1U7Z3Y9	train
A0A1U7Z3Y9	C0L3S4	train
A0A1U7Z3Y9	Q41428	train
A0A1U7Z3Y9	Q68NI4	train
A0A1U8QU02	A0A1U8QU02	train
A0A1U8QU02	A0A3M7JTD4	train
A0A1U8QU02	B0B0H7	train
A0A1U8QU02	B8YIE0	train
A0A1U8QU02	Q1XGD4	train
A0A1U8X5K7	A0A1U8X5K7	train
A0A1U8X5K7	B3XPZ2	train
A0A1U8X5K7	P41020	train
A0A1V0NIQ5	A0A1V0NIQ5	train
A0A1V0NIQ5	Q673U2	train
A0A1V0NIQ5	Q8DVS2	train
A0A1V0NIQ5	S4TJ23	train
A0A1W1WDM4	A0A1W1WDM4	train
A0A1W1WDM4	A0A1W1WET7	train
A0A1W1WDM4	P29082	train
A0A1W1WDM4	Q977W3	train
A0A1W5QBK3	A0A1W5QBK3	train
A0A1W5QBK3	R9UQG9	train
A0A1W5YNV1	A0A1W5YNV1	train
A0A1W5YNV1	Q3MUH8	train
A0A1W6DZL1	A0A1W6DZL1	train
A0A1Y2HEJ3	A0A1Y2HEJ3	train
A0A1Z2QRD5	A0A1Z2QRD5	train
A0A1Z2QRD5	A3UR41	train
A0A1Z2QRD5	C4TJD4	train
A0A1Z2RWY4	A0A1Z2RWY4	train
A0A1Z2RWY4	A0A3G1ICG7	train
A0A1Z2RWY4	A3RE51	train
A0A1Z2RWY4	Q8GGG1	train
A0A218MJF1	A0A218MJF1	train
A0A218MJF1	A0A288W730	train
A0A223GEG1	A0A223GEG1	train
A0A223GEG1	U3GSN9	train
A0A228BX09	A0A228BX09	train
A0A228BX09	H1AE12	train
A0A228BX09	P40566	train
A0A251UH44	A0A251UH44	train
A0A251UH44	A0A251UZF1	train
A0A251UH44	P05042	train
A0A251UH44	P55250	train
A0A251UH44	P93033	train
A0A251UH44	P9WPY7	train
A0A251UH44	Q0PC50	train
A0A251UH44	Q13VI0	train
A0A251UH44	Q9FI53	train
A0A251UH44	Q9HTD7	train
A0A251UH44	Q9LCC6	train
A0A286JZ59	A0A286JZ59	test
A0A286Q5D2	A0A286Q5D2	train
A0A286Q5D2	A7E948	train
A0A286Q5D2	B5BNY1	train
A0A286Q5D2	D3GDK4	train
A0A286Q5D2	F2VRY9	train
A0A286Q5D2	G2QVH7	train
A0A286Q5D2	Q1K5M0	train
A0A286Q5D2	Q6BCM1	train
A0A286Q5D2	Q8J0K8	train
A0A286Q5D2	V9PD44	train
A0A286R847	A0A286R847	train
A0A286S1Z7	A0A286S1Z7	test
A0A286S200	A0A286S200	train
A0A286S218	A0A286S218	train
A0A286XL02	A0A286XL02	test
A0A286XL02	F1M4T7	test
A0A286XL02	O95932	test
A0A286XL02	P00488	test
A0A286XL02	P21980	test
A0A286XL02	P22735	test
A0A286XL02	Q08188	test
A0A286XL02	Q8BM11	test
A0A286XL02	Q964D3	test
A0A286XL02	V9I378	test
A0A290N3S7	A0A290N3S7	train
A0A290N3S7	A0A4P6X2C3	train
A0A290N3S7	E1APK1	train
A0A290U7B6	A0A290U7B6	train
A0A291LTQ0	A0A291LTQ0	train
A0A291LTQ0	D9J009	train
A0A291LTQ0	Q8GR90	train
A0A2B6CE99	A0A2B6CE99	train
A0A2B6CE99	Q81EJ6	train
A0A2C9ETQ7	A0A2C9ETQ7	test
A0A2C9ETQ7	C9DRU9	test
A0A2C9EVE6	A0A2C9EVE6	train
A0A2C9EVE6	F7J5X9	train
A0A2C9EVE6	Q4JIX4	train
A0A2C9EVE6	Q4K423	train
A0A2C9EVE6	Q715L4	train
A0A2D1N4Z8	A0A2D1N4Z8	train
A0A2D1N4Z8	K4BS77	train
A0A2D1N4Z8	K4C3H8	train
A0A2H4PJM1	A0A2H4PJM1	train
A0A2H4PJM1	Q0PB96	train
A0A2H4PJM7	A0A2H4PJM7	train
A0A2H4PJM7	A0A3T0KHC6	train
A0A2H4PJM7	B1PHD3	train
A0A2H4PJM7	C7G3B8	train
A0A2H4PJM7	C9K502	train
A0A2H4PJM7	D2SZY5	train
A0A2H4QH72	A0A2H4QH72	train
A0A2H4QH72	P07524	train
A0A2H4W727	A0A2H4W727	test
A0A2H4W727	A0FHA7	test
A0A2H4W727	A0FHA8	test
A0A2H4W727	A0FHA9	test
A0A2H4W727	A0FHB0	test
A0A2H4W727	A0FHB1	test
A0A2H4W727	A0FHB2	test
A0A2H4W727	A0FHB3	test
A0A2H4W727	A2TBB4	test
A0A2H4W727	A2TEY6	test
A0A2H4W727	A6H757	test
A0A2H4W727	B3VPB2	test
A0A2H4W727	B3VPB3	test
A0A2H4W727	C1IC99	test
A0A2H4W727	C4B6T1	test
A0A2H4W727	D9I0I9	test
A0A2H4W727	E9KPK6	test
A0A2H4W727	O00085	test
A0A2H4W727	O00107	test
A0A2H4W727	P34754	test
A0A2H4W727	Q01682	test
A0A2H4W727	Q0GYS1	test
A0A2H4W727	Q0GYS2	test
A0A2H4W727	Q1KNE3	test
A0A2H4W727	Q5XNQ9	test
A0A2H4W727	Q6YNE9	test
A0A2H4W727	Q96VF5	test
A0A2H4W727	Q96VH9	test
A0A2H4W727	Q96VK8	test
A0A2H4W727	Q96VK9	test
A0A2H4W727	Q96VT0	test
A0A2H4W727	Q9Z2L6	test
A0A2H4Z8F4	A0A2H4Z8F4	train
A0A2H4Z8F4	E5RWZ0	train
A0A2H4Z8F4	O43820	train
A0A2H4Z8F4	P38567	train
A0A2H4Z8F4	P86100	train
A0A2H4Z8F4	Q08169	train
A0A2H5BHJ6	A0A2H5BHJ6	train
A0A2I4KDZ0	A0A2I4KDZ0	train
A0A2I4KDZ0	E7FKF4	train
A0A2I4KDZ0	P43478	train
A0A2I4KDZ0	W8V7X4	train
A0A2I6STS0	A0A2I6STS0	train
A0A2I9	A0A2I9	train
A0A2K3E3Z9	A0A2K3E3Z9	train
A0A2N5WD20	A0A2N5WD20	train
A0A2P0HD08	A0A2P0HD08	train
A0A2P0HD08	Q81EK9	train
A0A2P1G1K5	A0A2P1G1K5	train
A0A2P1G1K5	U6A8H3	train
A0A2P1G7E2	A0A2P1G7E2	train
A0A2P1G7E2	A1VMN2	train
A0A2P1G7E2	B7WZA5	train
A0A2P1G7E2	B9DIJ2	train
A0A2P1G7E2	C8P490	train
A0A2P1G7E2	F9VPG1	train
A0A2P1G7E2	O54288	train
A0A2P1G7E2	P0A6L2	train
A0A2P1G7E2	P0A6L4	train
A0A2P1G7E2	Q4JC35	train
A0A2P1G7E2	Q5HG25	train
A0A2P1G7E2	Q6FFQ1	train
A0A2P1G7E2	Q6KZI8	train
A0A2P1G7E2	Q79EM8	train
A0A2P1G7E2	Q8NMD2	train
A0A2P1G7E2	Q8RBI5	train
A0A2P1G7E2	Q8UB77	train
A0A2P1G7E2	Q9CKB0	train
A0A2P1G7E2	Q9I4W3	train
A0A2P9J4V0	A0A2P9J4V0	train
A0A2P9J4V0	B5DFD5	train
A0A2P9J4V0	F1NBH2	train
A0A2P9J4V0	M4VLM9	train
A0A2P9J4V0	O18767	train
A0A2P9J4V0	O55123	train
A0A2P9J4V0	O60882	train
A0A2P9J4V0	O70138	train
A0A2P9J4V0	P03956	train
A0A2P9J4V0	P08253	train
A0A2P9J4V0	P14780	train
A0A2P9J4V0	P22894	train
A0A2P9J4V0	P33436	train
A0A2P9J4V0	P39900	train
A0A2P9J4V0	P50281	train
A0A2U6TC85	A0A2U6TC85	train
A0A2U6TC85	O60906	train
A0A2U6TC85	Q4LEU0	train
A0A2U8JPY3	A0A2U8JPY3	train
A0A2U8LMQ3	A0A2U8LMQ3	train
A0A2U8LMQ3	A8TGA1	train
A0A2U8LMQ3	E7EF85	train
A0A2U8ZSD8	A0A2U8ZSD8	train
A0A2U9GGW3	A0A2U9GGW3	train
A0A2U9GGW3	A0A2U9GHG9	train
A0A2W4GVN6	A0A2W4GVN6	train
A0A2X2Y2S3	A0A2X2Y2S3	train
A0A2Y0HLE8	A0A2Y0HLE8	train
A0A2Y9CJ10	A0A2Y9CJ10	train
A0A2Z4EVE5	A0A2Z4EVE5	train
A0A2Z5J5J9	A0A2Z5J5J9	train
A0A2Z5J5J9	F9VNB1	train
A0A2Z5J5J9	M1V623	train
A0A2Z5J5J9	P61497	train
A0A2Z5TTR4	A0A2Z5TTR4	train
A0A2Z5U248	A0A2Z5U248	train
A0A2Z5U248	A0A2Z5U421	train
A0A2Z5U248	B9TTF1	train
A0A2Z5U248	C7G3B7	train
A0A2Z5U248	C9K501	train
A0A2Z5U248	D2SZY4	train
A0A2Z5U248	D4P700	train
A0A2Z5U248	M9MJR9	train
A0A2Z5U248	P12293	train
A0A2Z5U248	P15877	train
A0A2Z5U248	Q44002	train
A0A2Z5U248	Q4W6G0	train
A0A2Z5U248	Q70JN9	train
A0A2Z5U248	Q8GR64	train
A0A2Z5U248	S6D3Q2	train
A0A2Z5VGL1	A0A2Z5VGL1	train
A0A2Z5VGL1	A0A2Z5VGV8	train
A0A2Z5VGN0	A0A2Z5VGN0	test
A0A2Z6BCG6	A0A2Z6BCG6	train
A0A2Z6BLR4	A0A2Z6BLR4	train
A0A2Z6BLR4	A0A4V7TJX0	train
A0A2Z6BLR4	D3EIG6	train
A0A2Z6BLR4	P36979	train
A0A2Z6BLR4	V5ZEQ2	train
A0A2Z6IAJ2	A0A2Z6IAJ2	train
A0A379KX44	A0A379KX44	train
A0A380NDK1	A0A380NDK1	train
A0A384E136	A0A384E136	train
A0A384E136	Q4E4E1	train
A0A384E136	Q4Q1I9	train
A0A384J5R9	A0A384J5R9	train
A0A384ZRB9	A0A384ZRB9	train
A0A384ZRB9	A5HV13	train
A0A384ZRB9	B2RCV8	train
A0A384ZRB9	C3VA26	train
A0A384ZRB9	E1C8E0	train
A0A384ZRB9	P74334	train
A0A384ZRB9	Q7XJM2	train
A0A384ZRB9	Q8VY26	train
A0A384ZRB9	Q8YPB4	train
A0A384ZRB9	Q8YXV3	train
A0A384ZRB9	Q99NF1	train
A0A384ZRB9	Q9BYV7	train
A0A384ZRB9	Q9HAY6	train
A0A384ZRB9	Q9I993	train
A0A384ZRB9	Q9JJS6	train
A0A385TZ63	A0A385TZ63	train
A0A385TZ63	A9YZX5	train
A0A385TZ63	A9YZY0	train
A0A387K406	A0A387K406	train
A0A3B6UEP6	A0A3B6UEP6	train
A0A3E2N0G4	A0A3E2N0G4	train
A0A3E2N0G4	I7HFV7	train
A0A3E2N0G4	L0CR34	train
A0A3E2N0G4	O66990	train
A0A3E2N0G4	P0AF18	train
A0A3E2N0G4	Q28SA7	train
A0A3E2N0G4	Q484B6	train
A0A3E2N0G4	Q56S49	train
A0A3E2N0G4	Q6TTR0	train
A0A3E2N0G4	Q846U5	train
A0A3E2N0G4	Q84FR6	train
A0A3E2N0G4	Q9I676	train
A0A3E2N0G4	S0AUN2	train
A0A3E2N0G4	S4T8N6	train
A0A3E2N0G4	S5MPT0	train
A0A3G2YMH7	A0A3G2YMH7	train
A0A3G2YMH7	B5XMC3	train
A0A3G2YMH7	P13981	train
A0A3G2YMH7	Q2HYA0	train
A0A3G2YMH7	Q88P52	train
A0A3G4RI75	A0A3G4RI75	train
A0A3G4RI75	G4T1H4	train
A0A3G5E8S8	A0A3G5E8S8	train
A0A3G5E8S8	C7FLN0	train
A0A3G5E8S8	O06401	train
A0A3G5E8S8	P00491	train
A0A3G5E8S8	P45563	train
A0A3G5E8S8	P77834	train
A0A3G5E8S8	P85973	train
A0A3G5E8S8	Q13126	train
A0A3G5E8S8	Q6CSZ6	train
A0A3G5E8S8	Q72L69	train
A0A3G5E8S8	Q8U2I1	train
A0A3G5E8S8	Q8U4Q8	train
A0A3G5E8S8	Q97W94	train
A0A3G5E8S8	Q9HZK1	train
A0A3G9E319	A0A3G9E319	train
A0A3L6F337	A0A3L6F337	train
A0A3Q0KZS1	A0A3Q0KZS1	train
A0A3Q0KZS1	A9KHK4	train
A0A3Q0KZS1	A9KIW5	train
A0A3Q0KZS1	A9KQ75	train
A0A3Q0KZS1	B7XEJ0	train
A0A3Q0KZS1	B7XEJ1	train
A0A3Q0KZS1	E8MF13	train
A0A3Q1MJ30	A0A3Q1MJ30	train
A0A3Q1MJ30	A0A3Q1MVP2	train
A0A3Q1MJ30	Q1A3B0	train
A0A3Q1MJ30	Q6ZMG9	train
A0A3Q1MJ30	Q8C172	train
A0A3Q1MJ30	Q8IU89	train
A0A3Q1MJ30	Q8N5B7	train
A0A3Q1MJ30	Q924Z4	train
A0A3Q1MJ30	Q96G23	train
A0A3Q1MJ30	Q9D6J1	train
A0A3Q1MJ30	Q9D6K9	train
A0A3Q1MJ30	Q9HA82	train
A0A3Q8S421	A0A3Q8S421	train
A0A3Q8S421	A0A3S5HJL9	train
A0A3Q8S421	A0A3S8RK07	train
A0A3Q8S421	A0A451ENJ9	train
A0A3Q8S421	A1JHN0	train
A0A3Q8S421	E5RP65	train
A0A3Q8S421	Q8VWJ1	train
A0A3Q9CZQ1	A0A3Q9CZQ1	train
A0A3Q9KTF8	A0A3Q9KTF8	train
A0A3S5ZPF7	A0A3S5ZPF7	train
A0A3S5ZPF7	E2QJB8	train
A0A3S5ZPF7	H9JSH4	train
A0A3S5ZPF7	I1JCA9	train
A0A3S5ZPF7	P23721	train
A0A3S5ZPF7	Q2F5M8	train
A0A3S5ZPF7	Q59196	train
A0A3S5ZPF7	Q60I38	train
A0A3S5ZPF7	Q9RME2	train
A0A3S5ZPF7	W5PS11	train
A0A3S6IVW5	A0A3S6IVW5	train
A0A3S6IVW5	P09960	train
A0A3S7WWI2	A0A3S7WWI2	train
A0A3T0YV60	A0A3T0YV60	train
A0A3T0YV60	F7J663	train
A0A3T0YV60	H9ZGD1	train
A0A3T0YV60	Q9RMM4	train
A0A401H9D3	A0A401H9D3	train
A0A411PNH6	A0A411PNH6	train
A0A451FEC8	A0A451FEC8	train
A0A451FEC8	Q10469	train
A0A481MY41	A0A481MY41	train
A0A482F152	A0A482F152	train
A0A482F152	Q6NQL4	train
A0A482F152	Q8U0A9	train
A0A482F152	Q9AV97	train
A0A482F152	Q9JZ55	train
A0A482F152	Q9YEJ7	train
A0A4Q0VE60	A0A4Q0VE60	train
A0A4Q0VE60	Q5LIW1	train
A0A542W0V0	A0A542W0V0	train
A0A5E8GM52	A0A5E8GM52	train
A0A5E8GM52	D9Q1R5	train
A0A5E8GM52	H5SPS2	train
A0A5E8GM52	I6XD65	train
A0A5E8GM52	P53184	train
A0A5E8GM52	P75897	train
A0A5E8GM52	Q5SLG5	train
A0A5E8GM52	Q8ESQ6	train
A0A5K1QBJ4	A0A5K1QBJ4	train
A0A699ZU33	A0A699ZU33	train
A0A8W8	A0A8W8	train
A0EJ12	A0EJ12	train
A0FIP8	A0FIP8	train
A0FIP8	I3LRP8	train
A0FIP8	O00204	train
A0FIP8	O00338	train
A0FIP8	O35400	train
A0FIP8	O43704	train
A0FIP8	P17988	train
A0FIP8	P49888	train
A0FIP8	P50226	train
A0FIP8	P50227	train
A0FIP8	P52847	train
A0FIP8	Q29476	train
A0FIP8	Q29YR5	train
A0FIP8	Q3S3F7	train
A0FIP8	Q6XZC1	train
A0FIP8	Q8BGL3	train
A0FIP8	Q8L5A7	train
A0FIP8	Q9BR01	train
A0FIP8	Q9C9C9	train
A0FIP8	Q9C9D0	train
A0FIP8	Q9FZ80	train
A0FIP8	Q9XT99	train
A0JC76	A0JC76	train
A0JC77	A0JC77	train
A0JC77	Q57843	train
A0KL98	A0KL98	train
A0KL98	B3VI72	train
A0KL98	M4GGR9	train
A0KL98	O59828	train
A0KL98	O86786	train
A0KL98	P10724	train
A0KL98	P10725	train
A0KL98	P94494	train
A0KL98	Q03Z32	train
A0KL98	Q04HB7	train
A0KL98	Q180W0	train
A0KL98	Q1WV14	train
A0KL98	Q1XG01	train
A0KL98	Q8R860	train
A0KL98	Q8RAK6	train
A0KL98	Q932V0	train
A0KL98	Q9S5V6	train
A0LR95	A0LR95	train
A0NLY7	A0NLY7	test
A0P951	A0P951	train
A0P951	A9ZRZ6	train
A0P951	Q50925	train
A0PM49	A0PM49	train
A0Q5K1	A0Q5K1	train
A0Q5K1	P9WKG9	train
A0Q5K1	Q06755	train
A0Q5K1	Q46893	train
A0QQS4	A0QQS4	train
A0QU81	A0QU81	train
A0QU81	P9WIB9	train
A0QWG6	A0QWG6	train
A0QWG6	A0R043	train
A0QWG6	A0R2E2	train
A0QWG6	P9WMZ5	train
A0QX60	A0QX60	train
A0QX60	B1N2N4	train
A0QX60	Q2V0H1	train
A0QYR0	A0QYR0	train
A0QYR0	Q06803	train
A0QYR0	Q0PAS9	train
A0QZ42	A0QZ42	train
A0QZ42	P9WNU7	train
A0QZ42	Q8NQE1	train
A0R0P0	A0R0P0	train
A0R109	A0R109	train
A0R109	K5BJH8	train
A0R211	A0R211	train
A0R211	P9WMW5	train
A0R2E6	A0R2E6	train
A0R3C8	A0R3C8	train
A0R3C8	A3MV85	train
A0R3C8	P60891	train
A0R3C8	Q58761	train
A0R3C8	Q97Z86	train
A0R4I6	A0R4I6	train
A0R4I6	O15918	train
A0R4I6	P12047	train
A0R4I6	P30566	train
A0R4I6	Q2HNY9	train
A0R4I6	Q2HNZ1	train
A0R4I6	Q8ZY28	train
A0R5N0	A0R5N0	train
A0R5N0	G7CFI3	train
A0R6D9	A0R6D9	train
A0R6D9	A1TH50	train
A0R6D9	O07177	train
A0R6D9	O54204	train
A0SHR2	A0SHR2	train
A0SHR2	A7YBW7	train
A0SHR2	P07237	train
A0SHR2	P27773	train
A0SHR2	Q13087	train
A0SHR2	Q1HGL1	train
A0SWL2	A0SWL2	train
A0SWS3	A0SWS3	train
A0SWS3	A7XS03	train
A0SWS3	D2DMF3	train
A0SWS3	P05804	train
A0SWS3	Q19R72	train
A0SWS3	Q6W7J7	train
A0SWS3	Q97UI1	train
A0SWS3	Q9AHJ8	train
A0SWS3	Q9X0F2	train
A0SWS4	A0SWS4	train
A0SWS4	Q19R71	train
A0T1V9	A0T1V9	train
A0T1V9	O07051	train
A0T1V9	O50584	train
A0T1V9	P37303	train
A0T1V9	P75823	train
A0T1V9	Q59IT3	train
A0ZXZ4	A0ZXZ4	train
A1A5H8	A1A5H8	train
A1A5H8	P12931	train
A1B5I2	A1B5I2	test
A1B5I2	O29428	test
A1B5I2	Q57501	test
A1B5I2	Q6F936	test
A1B5I2	Q8GME2	test
A1B5I2	Q9LAG2	test
A1B9E3	A1B9E3	test
A1B9E3	B3VPZ9	test
A1B9E3	D0EFL2	test
A1B9E3	G1JTZ7	test
A1B9E3	Q74HL7	test
A1B9E3	Q74HL8	test
A1B9E3	Q8EBE0	test
A1BIV2	A1BIV2	train
A1BIV2	Q8L0V4	train
A1BPG9	A1BPG9	train
A1C3J6	A1C3J6	train
A1CRX0	A1CRX0	train
A1CRX0	A2R1N3	train
A1CRX0	B1A4C4	train
A1CRX0	E0Y3X1	train
A1CRX0	M1WA41	train
A1CRX0	Q0CQ16	train
A1CRX0	Q4WYG3	train
A1CRX0	Q50EL0	train
A1CRX0	Q6Q874	train
A1CRX0	Q9ADJ2	train
A1CZ35	A1CZ35	train
A1DRD5	A1DRD5	train
A1DRD5	B6E623	train
A1E2A6	A1E2A6	train
A1E2A6	G3CHF0	train
A1IHE6	A1IHE6	train
A1IHE6	A5HLX5	train
A1IHE6	H3JQW0	train
A1IHE6	Q47PU3	train
A1IHE6	Q84H88	train
A1JMA5	A1JMA5	train
A1KU15	A1KU15	train
A1KU15	D1MF29	train
A1KU15	I3WTS0	train
A1KU15	P0C0H6	train
A1KU15	P12268	train
A1KU15	P20839	train
A1KU15	P99106	train
A1KU15	P9WKI7	train
A1KU15	Q2SWW9	train
A1KU15	Q387Q3	train
A1KU15	Q4QEB3	train
A1KU15	Q4VRV8	train
A1KU15	Q57ZS7	train
A1KU15	Q59Q46	train
A1KU15	Q5ZUR9	train
A1KU15	Q756Z6	train
A1KU15	Q81W29	train
A1KZ88	A1KZ88	train
A1KZ88	A9QKS0	train
A1KZ88	B1N694	train
A1KZ88	C3VVL4	train
A1KZ88	C3VVL6	train
A1KZ88	O08709	train
A1KZ88	O35244	train
A1KZ88	O83522	train
A1KZ88	P0AE08	train
A1KZ88	P30041	train
A1KZ88	P34227	train
A1KZ88	Q9Y9L0	train
A1R2C3	A1R2C3	train
A1R2C3	A1RDD3	train
A1R2C3	I6NC69	train
A1R2C3	P19801	train
A1R2C3	Q12556	train
A1R2C3	Q16853	train
A1RUM9	A1RUM9	train
A1RUM9	B5L017	train
A1RUM9	C9E261	train
A1RUM9	D4GYH5	train
A1RUM9	O60701	train
A1RUM9	P11759	train
A1RUM9	Q9HQQ9	train
A1RUM9	W0A856	train
A1S3N8	A1S3N8	train
A1S3N8	Q12R32	train
A1SUU0	A1SUU0	train
A1SUU0	A5K8L9	train
A1SUU0	A9LDD9	train
A1SUU0	B2DEU8	train
A1SUU0	B2DEV1	train
A1SUU0	I7H6W6	train
A1SUU0	L7Y8B0	train
A1SUU0	P0A825	train
A1SUU0	P34896	train
A1SUU0	P34897	train
A1SUU0	Q46A52	train
A1SUU0	Q7SXN1	train
A1SUU0	Q94JQ3	train
A1SUU0	R9YJZ9	train
A1SUU0	U5TRK6	train
A1U2T0	A1U2T0	train
A1U2T0	D9MWM7	train
A1U2T0	Q08891	train
A1U2T0	Q7TNT2	train
A1U2T0	Q922J9	train
A1U2T0	Q9XGY7	train
A1U3L3	A1U3L3	train
A1X864	A1X864	train
A1YPR3	A1YPR3	train
A1YQE2	A1YQE2	train
A1YQE2	O42783	train
A1YQE2	P32356	train
A1YYW7	A1YYW7	train
A1YZ23	A1YZ23	train
A1YZ23	D4GYE0	train
A1YZ23	I3EBM6	train
A1YZ23	P9WQA3	train
A1YZ23	Q602L6	train
A2A1A1	A2A1A1	train
A2BD60	A2BD60	train
A2BD60	A7SDW8	train
A2BD60	B0V1K8	train
A2BD60	C3Y9Y8	train
A2BD60	F5H5G0	train
A2BD60	P28776	train
A2BD60	Q6F3I3	train
A2BD60	Q8R0V5	train
A2BIX4	A2BIX4	train
A2BIX4	A2BJU2	train
A2BIX4	P09158	train
A2BIX4	P19623	train
A2BIX4	Q2KTH0	train
A2BIX4	Q2KTH1	train
A2BIX4	Q2KTH2	train
A2BIX4	Q2KTH3	train
A2BIX4	Q2KTH4	train
A2BIX4	Q31QK9	train
A2BIX4	Q5JFG9	train
A2BIX4	Q5SK28	train
A2BIX4	Q68HB1	train
A2BIX4	Q70EW6	train
A2BIX4	Q8GTQ6	train
A2BIX4	Q8U4G1	train
A2BIX4	Q8ZXM4	train
A2GH85	A2GH85	train
A2I9X8	A2I9X8	train
A2ICH1	A2ICH1	train
A2QL72	A2QL72	train
A2QL72	G5D7B5	train
A2QR21	A2QR21	train
A2QR21	P42785	train
A2QR21	Q9UHL4	train
A2R4V5	A2R4V5	train
A2R6F5	A2R6F5	train
A2RNG4	A2RNG4	train
A2RNG4	A2RNG5	train
A2RNG4	B2RK02	train
A2RNG4	E3W769	train
A2RNG4	G4T0C7	train
A2RNG4	O06961	train
A2RNG4	P0A6A3	train
A2RNG4	P63411	train
A2RNG4	Q3IYF1	train
A2RNG4	Q72EF0	train
A2RNG4	Q9F1X7	train
A2RNG4	Q9WYB1	train
A2T1M5	A2T1M5	train
A2T1U6	A2T1U6	train
A2T1U6	O09175	train
A2TBP7	A2TBP7	train
A2TLM3	A2TLM3	test
A2TLM3	P15531	test
A2TLM3	P61136	test
A2TLM3	Q3Y5A4	test
A2TLM3	Q4E256	test
A2TLM3	Q81SV8	test
A2TLM3	Q83WH5	test
A2TLM3	Q9UUY8	test
A2V663	A2V663	train
A2V663	Q70JA7	train
A2V663	Q86X52	train
A2V663	Q8IZ52	train
A2VA43	A2VA43	train
A2VBC4	A2VBC4	test
A2Z7C4	A2Z7C4	train
A3D2G6	A3D2G6	train
A3D2G6	A6P4T5	train
A3D2G6	Q99PX1	train
A3DC06	A3DC06	train
A3DD67	A3DD67	train
A3DH67	A3DH67	train
A3DH67	Q1JUL0	train
A3DH67	Q1JUL1	train
A3DIL8	A3DIL8	train
A3DIL8	P23495	train
A3DIL8	P9WKD7	train
A3DIL8	Q4CQE2	train
A3DIL8	Q9X0G9	train
A3DJ38	A3DJ38	test
A3DJL8	A3DJL8	train
A3DJQ6	A3DJQ6	train
A3DJQ6	D7UT17	train
A3DJQ6	O52504	train
A3DJQ6	P77846	train
A3DJQ6	Q59316	train
A3DJQ6	Q76IQ9	train
A3DJQ6	Q7S0S2	train
A3DJQ6	Q7WTR6	train
A3DJQ6	Q8P3J4	train
A3DJQ6	Q8VP44	train
A3DJQ6	Q9F8X1	train
A3DJQ6	Q9X2G3	train
A3DJS9	A3DJS9	train
A3DJX6	A3DJX6	test
A3DJX6	O29841	test
A3DJX6	O57899	test
A3DJX6	Q9YFP5	test
A3E7Z6	A3E7Z6	train
A3E7Z6	B8DZQ9	train
A3E7Z6	D9RZ53	train
A3E7Z6	Q65N98	train
A3FJ49	A3FJ49	train
A3FJ51	A3FJ51	train
A3FQA5	A3FQA5	train
A3FQA5	F1AQF9	train
A3FQA5	P49366	train
A3FQA5	Q38BX0	train
A3FQA5	Q4GZD1	train
A3FQA5	Q4UDC3	train
A3FQA5	Q9SC14	train
A3MSD2	A3MSD2	train
A3MSD2	F9VMT6	train
A3MSD2	Q8NKR9	train
A3MSD2	Q980K6	train
A3MSR0	A3MSR0	train
A3MTW6	A3MTW6	train
A3MWL6	A3MWL6	train
A3MWV9	A3MWV9	train
A3MWV9	Q6IVV3	train
A3QQQ9	A3QQQ9	test
A3QQQ9	B1VK39	test
A3QQQ9	B1VK40	test
A3QQQ9	C3W7W0	test
A3QQQ9	M1QEG4	test
A3QQQ9	M1R338	test
A3QQQ9	M1R344	test
A3QQQ9	M1R969	test
A3QQQ9	M1RFK9	test
A3QQQ9	O54833	test
A3QQQ9	O66844	test
A3QQQ9	P06242	test
A3QQQ9	P19139	test
A3QQQ9	P24941	test
A3QQQ9	P25323	test
A3QQQ9	P28523	test
A3QQQ9	P31938	test
A3QQQ9	P45983	test
A3QQQ9	P45984	test
A3QQQ9	P47811	test
A3QQQ9	P50613	test
A3QQQ9	P50750	test
A3QQQ9	P52564	test
A3QQQ9	P63085	test
A3QQQ9	Q00535	test
A3QQQ9	Q02750	test
A3QQQ9	Q15759	test
A3QQQ9	Q16539	test
A3QQQ9	Q39023	test
A3QQQ9	Q39024	test
A3QQQ9	Q39026	test
A3QQQ9	Q63932	test
A3QQQ9	Q8RXG3	test
A3QSS7	A3QSS7	train
A3R0T9	A3R0T9	train
A3R0T9	P30431	train
A3R0T9	Q90495	train
A3R0T9	R4NNL0	train
A3RIY0	A3RIY0	train
A3RIY0	P05364	train
A3RIY0	Q59401	train
A4ADB8	A4ADB8	train
A4CYJ9	A4CYJ9	test
A4CYJ9	A4SBK5	test
A4CYJ9	A8YGS2	test
A4CYJ9	B7GQR3	test
A4CYJ9	C1E5X2	test
A4CYJ9	O29610	test
A4CYJ9	O75874	test
A4CYJ9	O88844	test
A4CYJ9	P08200	test
A4CYJ9	P21954	test
A4CYJ9	P30125	test
A4CYJ9	P33198	test
A4CYJ9	P40495	test
A4CYJ9	P41562	test
A4CYJ9	P41939	test
A4CYJ9	P48735	test
A4CYJ9	P50455	test
A4CYJ9	P54071	test
A4CYJ9	P76251	test
A4CYJ9	P96318	test
A4CYJ9	P9WKL1	test
A4CYJ9	Q1GZD1	test
A4CYJ9	Q1XIQ8	test
A4CYJ9	Q4J6C9	test
A4CYJ9	Q58991	test
A4CYJ9	Q5JFV8	test
A4CYJ9	Q5SIY4	test
A4CYJ9	Q6C2Y4	test
A4CYJ9	Q72IW9	test
A4CYJ9	Q8GAX0	test
A4CYJ9	Q8U488	test
A4CYJ9	Q8X277	test
A4CYJ9	Q9HLV8	test
A4CYJ9	Q9SRZ6	test
A4CYJ9	Q9YE81	test
A4D0H5	A4D0H5	train
A4D0H5	A8CF74	train
A4D0H5	A8CF75	train
A4D0H5	E9P162	train
A4D0H5	Q8KHZ8	train
A4F2S6	A4F2S6	train
A4F2S6	B6E9W4	train
A4F2S6	P76558	train
A4GWX8	A4GWX8	train
A4GWX8	J9VKS8	train
A4GWX8	Q93YN9	train
A4GXA0	A4GXA0	train
A4GXA0	A5GPQ6	train
A4GXA0	D1ZHN6	train
A4GXA0	O22683	train
A4GXA0	Q9FWK4	train
A4GXA0	T1KZQ3	train
A4H2J0	A4H2J0	train
A4H2J0	O81893	train
A4H2J0	Q9SBA5	train
A4H2J0	Q9SUG3	train
A4H4P8	A4H4P8	train
A4H4P8	Q07422	train
A4H4P8	Q27793	train
A4H4P8	S5M3K7	train
A4H990	A4H990	train
A4H990	A8BIC5	train
A4H990	F4K687	train
A4H990	P9WJJ5	train
A4H990	Q4DPR9	train
A4H990	Q8IE38	train
A4H990	Q96T66	train
A4H990	Q99JR6	train
A4H990	Q9BZQ4	train
A4H990	Q9EPA7	train
A4H990	Q9HAN9	train
A4I1T8	A4I1T8	train
A4I1T8	A4I2Z3	train
A4I1T8	G5D5D5	train
A4I1T8	P0AES0	train
A4I1T8	P90518	train
A4I1T8	Q5DM89	train
A4I1T8	Q711P7	train
A4I1T8	Q8IEX1	train
A4I1T8	Q8IFU8	train
A4I1T8	Q9GT49	train
A4I213	A4I213	train
A4IB50	A4IB50	train
A4IPX2	A4IPX2	train
A4IPX2	K7NB71	train
A4IPX2	O07637	train
A4IPX2	O31465	train
A4IPX2	P0A6W0	train
A4IPX2	P73903	train
A4IPX2	P77454	train
A4IPX2	Q65NY1	train
A4IPX2	Q9I387	train
A4IQU1	A4IQU1	train
A4IQU1	P37956	train
A4IQU1	Q97L63	train
A4IU28	A4IU28	train
A4IU28	Q6WE15	train
A4IU28	Q9F9T3	train
A4IU28	Q9LBX4	train
A4K8Z1	A4K8Z1	train
A4K8Z1	A4K8Z2	train
A4K8Z1	A8QX04	train
A4K8Z1	B8R7Q2	train
A4K8Z1	Q1KLW0	train
A4K8Z1	Q7WUI7	train
A4K8Z1	Q9HIW6	train
A4PF00	A4PF00	train
A4PF00	A6Y9U8	train
A4PF00	A6Y9U9	train
A4PF00	A9CQC1	train
A4PF00	C1K3M8	train
A4PF00	D1M8Z4	train
A4PF00	D8M176	train
A4PF00	H2EUL5	train
A4PF00	I6R478	train
A4PF00	O24325	train
A4PF00	P09841	train
A4PF00	Q208S4	train
A4PF00	Q2UVF3	train
A4PF00	Q6PRC7	train
A4PF00	Q95M12	train
A4PF00	Q9NFY9	train
A4QUT2	A4QUT2	train
A4QUT2	A4R5S9	train
A4QUT2	P9WIE5	train
A4QUT2	Q31MN3	train
A4QUT2	Q4F6N6	train
A4URQ8	A4URQ8	train
A4URQ8	A7LH73	train
A4URQ8	A7LH74	train
A4URQ8	E0D877	train
A4URQ8	P53052	train
A4URQ8	Q70GK8	train
A4URQ8	Q9TW03	train
A4UU45	A4UU45	train
A4UU45	A5IKD0	train
A4UU45	B5MGR0	train
A4UU45	D6QST5	train
A4UU45	G0TES6	train
A4VLZ3	A4VLZ3	train
A4VMZ0	A4VMZ0	train
A4VMZ0	C1DSW3	train
A4VMZ0	P36999	train
A4VMZ0	Q48F48	train
A4VMZ0	Q9AEP4	train
A4VMZ0	Q9S1M6	train
A4WRA3	A4WRA3	train
A4WRA3	Q55145	train
A4WRA3	Q8W405	train
A4WRA3	Q9Z5D6	train
A4XGP2	A4XGP2	train
A4XGP2	A9KM56	train
A4XGP2	A9KSL5	train
A4XGP2	A9KT32	train
A4XGP2	D6XUS4	train
A4XGP2	D6XZ22	train
A4XGP2	I3RFR4	train
A4XGP2	P77154	train
A4XGP2	Q5FI04	train
A4XGP2	Q9CID5	train
A4XHV7	A4XHV7	train
A4XHV7	A8CEF6	train
A4XHV7	B7SLY1	train
A4XHV7	B8E1U6	train
A4XHV7	C7G532	train
A4XHV7	D2DK62	train
A4XHV7	D5LNE5	train
A4XHV7	D9TIY8	train
A4XHV7	L0ECT7	train
A4XHV7	L7VQ35	train
A4XHV7	P26997	train
A4XJ56	A4XJ56	train
A4XJ56	B8E1T1	train
A4XJR7	A4XJR7	train
A4XJR7	A5IKD4	train
A4XJR7	P42293	train
A4YDS4	A4YDS4	train
A4YDS4	Q0KEG0	train
A4YEG2	A4YEG2	train
A4YEH9	A4YEH9	train
A4YEH9	D2IH11	train
A4YEH9	P42765	train
A4YEH9	Q0KAI3	train
A4YEH9	Q86AD9	train
A4YFE8	A4YFE8	train
A4YI81	A4YI81	train
A4YI81	P14755	train
A4ZGQ8	A4ZGQ8	train
A4ZGQ8	P56707	train
A4ZGQ8	Q4VNK0	train
A4ZGQ8	Q9M1W4	train
A4ZGQ8	Q9SDL7	train
A4ZV25	A4ZV25	train
A4ZV25	B7J3C9	train
A4ZV25	G8YXZ9	train
A5A6R7	A5A6R7	test
A5EYI0	A5EYI0	train
A5EYI0	P0A853	train
A5EYI0	P28796	train
A5EYI0	P31013	train
A5EYI0	Q8RHM6	train
A5F1V0	A5F1V0	train
A5F1V0	O30144	train
A5F1V0	P06611	train
A5F5P5	A5F5P5	train
A5F5P5	P37028	train
A5F5Y3	A5F5Y3	train
A5F5Y3	O83774	train
A5F5Y3	P0AB85	train
A5HKK6	A5HKK6	train
A5HZ59	A5HZ59	train
A5IL44	A5IL44	train
A5IL44	Q9WXN1	train
A5IMX7	A5IMX7	train
A5IMX7	B5BQ69	train
A5JTM5	A5JTM5	train
A5JTM5	D3PLE5	train
A5JTM5	P52046	train
A5JTM5	P73495	train
A5JTM5	P9WNP5	train
A5JTM5	Q8YNV6	train
A5JTM5	Q93TU6	train
A5JTM5	Q9XB60	train
A5JZ19	A5JZ19	train
A5JZ19	C9QNK6	train
A5K7H9	A5K7H9	train
A5K7H9	S6BKQ9	train
A5K9U5	A5K9U5	train
A5LGH2	A5LGH2	train
A5LGH2	O06647	train
A5LGH2	P32009	train
A5LGH2	P39888	train
A5LGH2	Q2PWU9	train
A5LH21	A5LH21	train
A5LH21	G3GCC6	train
A5LH21	P16897	train
A5LH21	Q9F918	train
A5LHX0	A5LHX0	train
A5LHX0	A8QYL0	train
A5LHX0	A8R0Y0	train
A5N5D2	A5N5D2	train
A5N5D2	B2BSJ5	train
A5N5D2	Q1HA49	train
A5N5D2	Q8U2E4	train
A5U161	A5U161	train
A5U161	P0ACC7	train
A5U161	P14192	train
A5U161	P15280	train
A5U161	P39669	train
A5U161	P41940	train
A5U161	P43889	train
A5U161	P55241	train
A5U161	Q4U3E8	train
A5U161	Q688T8	train
A5U161	Q69T99	train
A5U161	Q6AVT2	train
A5U161	Q6Z9A3	train
A5U161	Q7G065	train
A5U161	Q82T88	train
A5U161	Q84JH5	train
A5U161	Q941T9	train
A5U161	Q975F9	train
A5U4I2	A5U4I2	train
A5U6Y7	A5U6Y7	train
A5U6Y7	B6CM51	train
A5U6Y7	C1INF0	train
A5U6Y7	D3G6S3	train
A5U6Y7	Q8V4Y4	train
A5U6Y7	Q9KPK8	train
A5U6Y7	Q9RWH9	train
A5U6Y7	Q9Z7D3	train
A5U8X0	A5U8X0	train
A5UP31	A5UP31	train
A5VEL7	A5VEL7	train
A5VEL7	I7A144	train
A5VEL7	Q8ZUN8	train
A5VK58	A5VK58	train
A5VK58	F8DQT0	train
A5VK58	Q8RLY4	train
A5YM72	A5YM72	train
A5YM72	D3KCC4	train
A5YM72	Q6ZPS2	train
A6LGF6	A6LGF6	train
A6M9C2	A6M9C2	train
A6M9C2	Q58YV9	train
A6M9C2	Q5J7C6	train
A6M9C2	Q8DK72	train
A6MF03	A6MF03	train
A6NA24	A6NA24	train
A6NA24	A8CH84	train
A6NA24	A8CIU9	train
A6NA25	A6NA25	train
A6NA25	A8CH91	train
A6P7M9	A6P7M9	train
A6P7M9	P09599	train
A6P7M9	Q9RLV9	train
A6PZ97	A6PZ97	train
A6PZ97	Q86SG7	train
A6PZ97	R4UMR3	train
A6Q1E0	A6Q1E0	train
A6Q1E0	C4TJD2	train
A6VQP8	A6VQP8	train
A6VQP8	D4N892	train
A6VQP8	D7P1H2	train
A6VQP8	Q8DXM9	train
A6YGF1	A6YGF1	train
A6YH13	A6YH13	train
A6YM39	A6YM39	train
A6YM39	O87172	train
A6YM39	Q9LV91	train
A6YS26	A6YS26	train
A6YS26	A9GYV1	train
A6YS26	H9B8T5	train
A6YS26	O49434	train
A6YS26	P77425	train
A6YS26	Q53389	train
A6YSL1	A6YSL1	train
A6ZKY2	A6ZKY2	train
A7GXH2	A7GXH2	train
A7J1X3	A7J1X3	train
A7J1X4	A7J1X4	train
A7J1X4	B6YTG7	train
A7J1X4	B6YUS8	train
A7J1X4	F0HXE4	train
A7J1X4	O58255	train
A7J1X4	O59196	train
A7J1X4	O59485	train
A7J1X4	Q4AAK4	train
A7J1X4	Q5JH87	train
A7J1X4	Q5JHA5	train
A7J1X4	Q8TZW4	train
A7KME9	A7KME9	train
A7KS54	A7KS54	train
A7L6C9	A7L6C9	train
A7LB47	A7LB47	train
A7LB47	A9QT35	train
A7LB47	B3VTK1	train
A7LB47	E7DDG2	train
A7LB47	F2X5L9	train
A7LB47	P06622	train
A7LB47	Q52032	train
A7LB47	Q6QF56	train
A7LB47	Q8GR45	train
A7LB47	Q8KLV4	train
A7LB47	Q8KRD4	train
A7LB47	V5W6K5	train
A7LBQ4	A7LBQ4	train
A7LBQ4	A7LBQ5	train
A7LBQ4	Q3BEM2	train
A7LBQ4	Q9S1B4	train
A7LCL1	A7LCL1	train
A7LFP5	A7LFP5	train
A7LFP5	Q8PI23	train
A7PQW3	A7PQW3	train
A7PQW3	F6HLL8	train
A7PQW3	Q9M563	train
A7U7M0	A7U7M0	test
A7UGD9	A7UGD9	train
A7UHH1	A7UHH1	train
A7UHH1	A9TXA6	train
A7UHH1	B6T563	train
A7UHH1	H9D3U7	train
A7UHH1	P33022	train
A7UHH1	Q04179	train
A7UM95	A7UM95	train
A7Y9J1	A7Y9J1	train
A7Y9V0	A7Y9V0	train
A7YBX0	A7YBX0	train
A7YBX2	A7YBX2	train
A7YBX2	O13811	train
A7YBX4	A7YBX4	train
A7ZG21	A7ZG21	train
A7ZG21	Q30NV2	train
A8A8J4	A8A8J4	train
A8A8J4	E9KLD9	train
A8A8J4	O29753	train
A8A8J4	P26811	train
A8A8J4	P95979	train
A8A8J4	Q29Y55	train
A8A8J4	Q7LYT8	train
A8B3D3	A8B3D3	train
A8BT09	A8BT09	train
A8BT09	B3TMR8	train
A8BT09	D4GR07	train
A8BT09	P26935	train
A8BT09	P40332	train
A8BT09	Q2I8V6	train
A8BT09	Q5KYQ3	train
A8BT09	Q5UY95	train
A8BT09	Q6M0B9	train
A8BT09	Q9TQS6	train
A8BWM5	A8BWM5	train
A8C781	A8C781	train
A8C781	P0A9G6	train
A8C781	Q97YI8	train
A8C781	Q9I0K4	train
A8C927	A8C927	train
A8CEP1	A8CEP1	train
A8CF65	A8CF65	train
A8CF65	Q6Z3Y3	train
A8CF76	A8CF76	train
A8CF76	A8CF77	train
A8CFD3	A8CFD3	train
A8CFD3	Q6LA34	train
A8CH95	A8CH95	train
A8CH95	Q59475	train
A8CWI2	A8CWI2	train
A8D008	A8D008	train
A8D008	B3WD16	train
A8D008	I6Y2G3	train
A8D008	M1T754	train
A8D008	Q980S1	train
A8D008	Q9KZL6	train
A8D0T0	A8D0T0	train
A8D0T0	B7UAM4	train
A8D2K7	A8D2K7	train
A8D2K7	Q41510	train
A8D7K2	A8D7K2	train
A8D7K2	C6WFL3	train
A8D7K2	P07639	train
A8D7K2	P56081	train
A8D7K2	P9WPX9	train
A8D7K2	Q08VU0	train
A8D7K2	Q3M6C3	train
A8D7K2	Q8U0A8	train
A8D7K2	Q9S5E2	train
A8D7K2	Q9ZAE9	train
A8D930	A8D930	train
A8D930	P29562	train
A8D930	P38919	train
A8DRH9	A8DRH9	train
A8F6K5	A8F6K5	train
A8GHH5	A8GHH5	train
A8GHH5	B3VI58	train
A8GHH5	D1C7Y4	train
A8GHH5	P48147	train
A8GHH5	Q2QC90	train
A8GHH5	Q6HA27	train
A8GHH5	Q6QDP1	train
A8GHH5	Q9X6R4	train
A8GHH5	Q9ZNM8	train
A8GHH5	W8GKU3	train
A8HPQ6	A8HPQ6	train
A8HYF7	A8HYF7	train
A8HYF7	O51558	train
A8HYF7	P0A9M0	train
A8HYF7	P36776	train
A8HYF7	Q59185	train
A8I7F7	A8I7F7	train
A8IJ34	A8IJ34	train
A8IJ34	D2D5G4	train
A8IJ34	P25087	train
A8IJ34	Q43445	train
A8IKQ0	A8IKQ0	test
A8IKQ0	C4PAW8	test
A8IKQ0	G7YVB4	test
A8IKQ0	O97193	test
A8IKQ0	P00636	test
A8IKQ0	P09467	test
A8IKQ0	P46275	test
A8IKQ0	Q8RW99	test
A8IKQ0	Q95AJ2	test
A8INZ7	A8INZ7	train
A8INZ7	A8J110	train
A8INZ7	H6V962	train
A8INZ7	Q3SYC2	train
A8INZ7	Q58HT5	train
A8INZ7	Q6E213	train
A8INZ7	Q6ZPD8	train
A8INZ7	Q86VF5	train
A8INZ7	Q96PD6	train
A8INZ7	Q96PD7	train
A8INZ7	Q9DCV3	train
A8IQR3	A8IQR3	train
A8J0J0	A8J0J0	train
A8J2S9	A8J2S9	train
A8J2S9	O22527	train
A8J2S9	Q7Y0K5	train
A8J2S9	Q8GTM3	train
A8J2S9	Q8GTM4	train
A8J2S9	Q9MV14	train
A8J7E8	A8J7E8	train
A8N2G5	A8N2G5	train
A8NBN1	A8NBN1	train
A8NNP9	A8NNP9	train
A8NNP9	G0S3N2	train
A8NU13	A8NU13	train
A8NU13	E4MYY0	train
A8NU13	M1V9Q0	train
A8NU13	M1VDX3	train
A8NU13	Q03471	train
A8NU13	Q55012	train
A8NU13	Q82IV1	train
A8NU13	Q9K499	train
A8NU13	Q9UR08	train
A8P7P2	A8P7P2	train
A8P7P2	D6RKV4	train
A8PUY1	A8PUY1	train
A8PUY1	A8PUY5	train
A8PYK0	A8PYK0	train
A8PYK0	C0Z3X6	train
A8PYK0	D6P3J1	train
A8PYK0	F1P2T2	train
A8PYK0	H2ER12	train
A8PYK0	I1E3I6	train
A8PYK0	P00388	train
A8PYK0	Q9UBK8	train
A8PYK0	R4UB73	train
A8QYB2	A8QYB2	train
A8QYB2	A9QXC9	train
A8QYB2	P22088	train
A8QYB2	Q4JL88	train
A8QYB2	Q5MAI6	train
A8QYB2	Q75NT4	train
A8QYB2	Q9EV86	train
A8QYB2	Q9F0L9	train
A8QYL1	A8QYL1	train
A8RG82	A8RG82	train
A8RG82	A9CH28	train
A8RG82	B0NGC5	train
A8RG82	B8I944	train
A8RG82	C1KKR1	train
A8RG82	N0DP12	train
A8RG82	Q3IW04	train
A8TKU6	A8TKU6	train
A8TKU6	A8WEG4	train
A8TKU6	B0R9W3	train
A8TKU6	B4Z1D6	train
A8TKU6	B4Z1D7	train
A8TKU6	B8K1W1	train
A8TKU6	C1K6P2	train
A8TKU6	P00634	train
A8TKU6	P19111	train
A8TKU6	Q153J0	train
A8TKU6	Q17TZ1	train
A8TKU6	Q1W622	train
A8TKU6	Q92058	train
A8TKU6	Q9KWY4	train
A8TKU6	Q9UZV2	train
A8TKU6	U6A566	train
A8WCU3	A8WCU3	validation
A8WCU3	O82560	validation
A8WCU3	P14655	validation
A8WCU3	P14656	validation
A8WCU3	Q45NB2	validation
A8WCU3	Q45NB3	validation
A8WCU3	Q45NB4	validation
A8WCU3	Q45NB5	validation
A8WCU3	Q45NB6	validation
A8WCU3	Q45NB7	validation
A8WCU3	Q4CN04	validation
A8WCU3	Q6RUI9	validation
A8WCU3	Q6RUJ0	validation
A8WCU3	Q6RUJ1	validation
A8WCU3	Q6RUJ2	validation
A8WCU3	Q86EI1	validation
A8WCU3	Q9AXD8	validation
A8WCU3	Q9FUK4	validation
A8WEG5	A8WEG5	train
A8YCJ7	A8YCJ7	train
A8YCJ7	D4GS06	train
A8YCJ7	G8XQY5	train
A8YCJ7	O75390	train
A8YCJ7	P20115	train
A8YCJ7	P31660	train
A8YCJ7	Q2Z1A8	train
A8YCJ7	Q50I20	train
A8YCJ7	Q59977	train
A8YCJ7	Q6JGI2	train
A8YCJ7	Q9P8D6	train
A8YCJ7	Q9R6Y4	train
A8YPP2	A8YPP2	train
A8YPP2	A8YPP3	train
A8YPP2	P94293	train
A8YZR7	A8YZR7	train
A8YZR7	O35000	train
A8YZR7	P0A759	train
A8YZR7	P46926	train
A8YZR7	Q8TDQ7	train
A9BEU2	A9BEU2	train
A9BHI9	A9BHI9	test
A9BHJ0	A9BHJ0	train
A9BPK4	A9BPK4	train
A9BPK4	B9VXW6	train
A9BPK4	Q8J0S3	train
A9CEJ9	A9CEJ9	train
A9CH39	A9CH39	train
A9CH39	Q3IXP1	train
A9CJ26	A9CJ26	train
A9CJL8	A9CJL8	train
A9CJL8	Q16134	train
A9CK16	A9CK16	train
A9CL08	A9CL08	train
A9CQL8	A9CQL8	train
A9CQL8	Q9DB60	train
A9FVN3	A9FVN3	train
A9QW70	A9QW70	train
A9QW70	D2J363	train
A9QW70	P55073	train
A9QW70	Q9I966	train
A9QXB5	A9QXB5	train
A9QXB5	Q2VPS0	train
A9QXB5	Q9HLQ2	train
A9TLP4	A9TLP4	train
A9TLP4	Q8L831	train
A9UVU0	A9UVU0	train
A9V766	A9V766	train
A9W9U6	A9W9U6	test
A9W9U6	C4TP07	test
A9WC34	A9WC34	train
A9WC34	G0HQ35	train
A9WC36	A9WC36	train
A9WC36	G0HQ31	train
A9WC36	O06543	train
A9WC36	O06644	train
A9WC36	Q5U921	train
A9WC36	Q9UHK6	train
A9WCM4	A9WCM4	train
A9WCM4	P00924	train
A9WCM4	P17182	train
A9WCM4	P21550	train
A9WCM4	Q1ET73	train
A9WCM4	Q27727	train
A9WCM4	Q2GK24	train
A9WCM4	Q2YPV0	train
A9WCM4	Q3HL75	train
A9WCM4	Q5DDV5	train
A9WCM4	Q5KVE7	train
A9WCM4	Q9NDH8	train
A9WCM4	V5T827	train
A9X3M0	A9X3M0	train
A9XDF5	A9XDF5	train
A9XDF5	A9XED1	train
A9XDF5	A9XED2	train
A9XDF5	A9XED3	train
A9XDF5	A9XED4	train
A9XR52	A9XR52	train
A9ZPH9	A9ZPH9	train
A9ZPH9	B8ZJH0	train
A9ZPH9	C4L2T5	train
A9ZPH9	F2RM17	train
A9ZPH9	O08467	train
A9ZPH9	O29313	train
A9ZPH9	P12425	train
A9ZPH9	P36205	train
A9ZPH9	P9WN39	train
A9ZPH9	Q60182	train
A9ZPH9	Q8PY99	train
A9ZPH9	Q9HH09	train
B0B744	B0B744	train
B0B744	B0B758	train
B0B744	B0B766	train
B0B744	O85040	train
B0B744	P04718	train
B0B744	Q6Y9Y8	train
B0BNM1	B0BNM1	train
B0BNM1	Q8K4Z3	train
B0BNM1	Q8NCW5	train
B0CN28	B0CN28	train
B0F2H7	B0F2H7	train
B0FLN6	B0FLN6	train
B0FLN6	Q82L49	train
B0FSQ0	B0FSQ0	train
B0FSQ0	G0R7E2	train
B0FWI3	B0FWI3	train
B0FZD9	B0FZD9	train
B0FZD9	E0D7I2	train
B0FZD9	Q53728	train
B0I1G6	B0I1G6	train
B0I1G6	B0M0V1	train
B0I1G6	C7NMH3	train
B0I1G6	D3KVM3	train
B0I1G6	O93623	train
B0I1G6	P32189	train
B0I1G6	Q8ZKQ6	train
B0I1G6	Q96C11	train
B0I1G6	U5JE22	train
B0I560	B0I560	train
B0I560	Q9HUU7	train
B0K2C2	B0K2C2	train
B0K2C2	E6UBR9	train
B0K2C2	E6UIS7	train
B0K2C2	Q5LH68	train
B0K2C2	Q8A8Y4	train
B0K2C2	Q92DF6	train
B0LS89	B0LS89	train
B0NAQ4	B0NAQ4	train
B0RP51	B0RP51	train
B0SKV7	B0SKV7	train
B0SKV7	O05268	train
B0SKV7	Q2U4P3	train
B0SKV7	Q2UA33	train
B0SKV7	Q72SB4	train
B0SKV7	Q93HX6	train
B0SKV7	Q96YN9	train
B0SKV7	Q97W27	train
B0SN40	B0SN40	train
B0SN40	Q9LCB4	train
B0V8W9	B0V8W9	train
B1A7S3	B1A7S3	train
B1B5E3	B1B5E3	train
B1B5E3	B1B5E4	train
B1B5E3	Q8H1T7	train
B1B5E3	Q8J259	train
B1B6T0	B1B6T0	train
B1B6T0	B3VFX0	train
B1B6T0	B5L6N2	train
B1B6T0	P11955	train
B1B6T0	P29022	train
B1B6T0	Q41539	train
B1B6T0	Q42839	train
B1B6T0	Q546P8	train
B1B6T0	Q6T484	train
B1B6T0	Q7XAU6	train
B1B6T0	Q8W427	train
B1B6T0	Q8W428	train
B1B6T0	Q9AXR9	train
B1B6T0	Q9FRV1	train
B1B6T0	Q9XEN6	train
B1GT63	B1GT63	train
B1HP60	B1HP60	train
B1HP60	B4EY92	train
B1HP60	Q1DG84	train
B1HP60	Q72JY1	train
B1HP60	Q8DMA8	train
B1MCE2	B1MCE2	train
B1MCE2	P9WKL5	train
B1N1A2	B1N1A2	train
B1N2P3	B1N2P3	train
B1N2P3	Q9H999	train
B1N693	B1N693	train
B1P195	B1P195	train
B1P195	D6MYS9	train
B1P195	Q21GC8	train
B1PHD2	B1PHD2	train
B1PK99	B1PK99	train
B1PK99	Q5SL15	train
B1PK99	Q7WUI5	train
B1PT66	B1PT66	train
B1PT66	K7NBZ9	train
B1PT66	P33247	train
B1PT66	Q08IT1	train
B1PT66	Q401R6	train
B1Q002	B1Q002	train
B1Q002	B9VWB2	train
B1Q002	P26093	train
B1Q4S7	B1Q4S7	train
B1Q4S7	P00654	train
B1Q4S7	P81762	train
B1WSS6	B1WSS6	train
B1WSS6	Q9SGH6	train
B1X2S9	B1X2S9	train
B1XLK5	B1XLK5	test
B1XLK5	I3DTM3	test
B1XLK5	P0A9C9	test
B1XLK5	P21437	test
B1XLK5	P9WN21	test
B1YMN6	B1YMN6	train
B1ZU21	B1ZU21	train
B1ZU21	B2ZXX8	train
B1ZU21	O32323	train
B1ZU21	Q89CN5	train
B2AAQ0	B2AAQ0	test
B2BSJ6	B2BSJ6	train
B2BSJ6	Q8U2E5	train
B2BSJ7	B2BSJ7	train
B2BSK0	B2BSK0	train
B2BSK0	D5DCL0	train
B2DEW2	B2DEW2	train
B2G3G6	B2G3G6	train
B2G3G6	B6ETP1	train
B2G3G6	O59147	train
B2GV06	B2GV06	train
B2GV06	F1CYZ5	train
B2GV06	Q29551	train
B2IZG6	B2IZG6	train
B2IZG6	B7JX99	train
B2IZG6	O15296	train
B2IZG6	O70582	train
B2IZG6	P09917	train
B2IZG6	P16469	train
B2IZG6	P18054	train
B2IZG6	Q02759	train
B2IZG6	Q7T2A9	train
B2IZG6	Q9I4G8	train
B2LME8	B2LME8	train
B2LME8	D1MX66	train
B2LME8	Q9Z6D6	train
B2LWN3	B2LWN3	train
B2LWN3	Q2I6W5	train
B2LWN3	Q9RC94	train
B2MU09	B2MU09	train
B2MUU6	B2MUU6	train
B2MWN0	B2MWN0	train
B2MWN2	B2MWN2	train
B2MWN2	B2MWN3	train
B2MWN2	P34914	train
B2MWN2	P80299	train
B2MWN2	Q45QT1	train
B2MWN2	Q5PRC6	train
B2NI94	B2NI94	train
B2RK03	B2RK03	train
B2RKP0	B2RKP0	train
B2RL07	B2RL07	train
B2RXZ1	B2RXZ1	train
B2RXZ1	Q8NA58	train
B2VFD8	B2VFD8	train
B2W4L0	B2W4L0	train
B2W4L0	C3VMY4	train
B2W4L0	G5DE31	train
B2W4L0	H6UWP3	train
B2W4L0	P29717	train
B2Y0K4	B2Y0K4	train
B2Z446	B2Z446	train
B2Z446	Q9UBX1	train
B2ZZ11	B2ZZ11	train
B3EWG9	B3EWG9	train
B3EWP2	B3EWP2	train
B3EY95	B3EY95	train
B3GK03	B3GK03	test
B3GK03	G7J7Q5	test
B3GK03	O30298	test
B3GK03	O55023	test
B3GK03	P0C5A3	test
B3GK03	P95189	test
B3GK03	Q3LS17	test
B3GK03	Q5U789	test
B3GK03	Q6NPM8	test
B3GK03	Q8NS79	test
B3GK03	Q8NS80	test
B3GK03	Q91UZ5	test
B3GK03	Q9M8S8	test
B3IXL6	B3IXL6	train
B3PBD9	B3PBD9	train
B3PKK9	B3PKK9	train
B3PKK9	G2QHR7	train
B3PKK9	H8F9Y0	train
B3PKK9	Q4WB93	train
B3PKK9	Q70DK5	train
B3PKK9	Q7Z9M8	train
B3PKK9	Q82K30	train
B3PKK9	Q82M04	train
B3PKK9	Q8J0D2	train
B3PKK9	Q8TFP1	train
B3QYX9	B3QYX9	train
B3SXR0	B3SXR0	train
B3TZD8	B3TZD8	train
B3TZD8	P0A836	train
B3TZD8	Q0VPF7	train
B3TZD8	Q9AQH6	train
B3TZD9	B3TZD9	validation
B3TZD9	P0AGE9	validation
B3TZD9	Q0VPF8	validation
B3U3D9	B3U3D9	train
B3V4Z0	B3V4Z0	test
B3VA58	B3VA58	train
B3VA59	B3VA59	train
B3VH91	B3VH91	train
B3VHW3	B3VHW3	train
B3VHW3	B5XA65	train
B3VHW3	P00698	train
B3VHW3	P80189	train
B3VHW3	P80190	train
B3VHW3	P84496	train
B3VHW3	Q7LZQ2	train
B3VHW3	Q7YT16	train
B3VHW3	Q8IT75	train
B3VI55	B3VI55	train
B3VI55	P77570	train
B3VS85	B3VS85	train
B3VTL5	B3VTL5	train
B3XPZ3	B3XPZ3	train
B3XPZ3	P41021	train
B3XPZ4	B3XPZ4	train
B3XPZ4	P41022	train
B3XZQ2	B3XZQ2	train
B3Y002	B3Y002	train
B3Y002	D2YZL5	train
B3Y006	B3Y006	train
B3Y006	E7AXS8	train
B3Y6D3	B3Y6D3	train
B3Y6D3	O83023	train
B4E9I9	B4E9I9	train
B4E9I9	Q81PP9	train
B4E9I9	Q9I234	train
B4EKH5	B4EKH5	train
B4EKH5	I7CKJ5	train
B4EKH5	Q59468	train
B4EKR2	B4EKR2	train
B4EMQ6	B4EMQ6	train
B4EMQ6	O58649	train
B4EMQ6	Q06XM8	train
B4FJN0	B4FJN0	train
B4YE15	B4YE15	train
B4YQU1	B4YQU1	train
B5ANU3	B5ANU3	train
B5ANU3	B5ANV6	train
B5APK2	B5APK2	train
B5B0E6	B5B0E6	train
B5HL29	B5HL29	train
B5HL29	C6F3U5	train
B5HL29	F8JS69	train
B5L363	B5L363	train
B5L3F2	B5L3F2	train
B5L3F2	Q077R2	train
B5L3F2	Q0P9B5	train
B5L3F2	Q4KXC9	train
B5L3F2	Q93MQ1	train
B5L3F2	Q9K2V8	train
B5MGF8	B5MGF8	train
B5MGF8	Q93RE1	train
B5MGF8	X5IDD2	train
B5MGR1	B5MGR1	train
B5MGR1	Q2UIM2	train
B5MGR1	Q6RKQ1	train
B5MGR3	B5MGR3	train
B5THG6	B5THG6	train
B5U983	B5U983	test
B5U983	B9VU66	test
B5U983	C0HJ40	test
B5U983	C0LL35	test
B5U983	C5XXT8	test
B5U983	C5XXT9	test
B5U983	C5YCD6	test
B5U983	D3Y5L6	test
B5U983	D5KS97	test
B5U983	L0BXX7	test
B5U983	P24481	test
B5U983	P35510	test
B5U983	P35511	test
B5U983	P45725	test
B5U983	Q0GA81	test
B5U983	Q43210	test
B5U983	Q52QH3	test
B5U983	Q68G83	test
B5U983	Q6ST23	test
B5U983	Q9SS45	test
B5U983	U5TV35	test
B5U990	B5U990	train
B5U990	P11542	train
B5U990	Q4QZ27	train
B5UAE1	B5UAE1	train
B5YC64	B5YC64	train
B5YC64	I0AZ41	train
B5YC64	Q93RE7	train
B5YC64	Q93RE8	train
B6CND6	B6CND6	train
B6CND6	D6BU29	train
B6CND6	Q5ZVV9	train
B6CND6	Q9ZM18	train
B6CWJ4	B6CWJ4	train
B6CWJ5	B6CWJ5	train
B6D1P2	B6D1P2	validation
B6D1P2	E7D6C0	validation
B6D1P2	E7D6C1	validation
B6D1P2	E7D6C4	validation
B6D1P2	O42729	validation
B6D1P2	Q6AW20	validation
B6D1P2	Q6BDD5	validation
B6D1P2	Q7Z975	validation
B6D1P2	Q9P8H5	validation
B6D1P2	S5R9V1	validation
B6D1P2	S5RVR8	validation
B6D5I7	B6D5I7	train
B6E8Y7	B6E8Y7	train
B6E8Y7	P87160	train
B6E8Y7	Q00001	train
B6E9X1	B6E9X1	test
B6E9X1	E2RWL8	test
B6E9X1	K4Q1U9	test
B6EEC1	B6EEC1	train
B6EEC1	C6ZH48	train
B6EEC1	P55212	train
B6EEC1	P55214	train
B6EPH0	B6EPH0	train
B6EPH0	Q4J6E1	train
B6EPH0	Q5JH57	train
B6EPH0	Q980D0	train
B6EPH0	Q9V076	train
B6F143	B6F143	train
B6F260	B6F260	train
B6SBM1	B6SBM1	train
B6SBM1	B6SBM2	train
B6SBM1	O64437	train
B6SBM1	Q7XZE6	train
B6SZW0	B6SZW0	train
B6SZW0	B8RCD2	train
B6SZW0	J9RYI6	train
B6SZW0	M1T9X3	train
B6SZW0	Q10LH0	train
B6SZW0	Q15GI3	train
B6SZW0	Q15GI4	train
B6SZW0	Q1H537	train
B6SZW0	Q3IXP7	train
B6SZW0	Q3KN75	train
B6SZW0	Q4W2K4	train
B6SZW0	Q4W2K6	train
B6SZW0	Q84V83	train
B6SZW0	Q8KDI7	train
B6VGJ3	B6VGJ3	train
B6VGJ3	Q0JRM8	train
B6VGJ3	Q3T5M2	train
B6VGJ3	Q84EK3	train
B6VGJ3	Q9L6D3	train
B6YSF3	B6YSF3	train
B6YX36	B6YX36	train
B6ZGN5	B6ZGN5	train
B7F7B9	B7F7B9	test
B7F7B9	Q53JI9	test
B7F7B9	Q67WN8	test
B7FWR0	B7FWR0	train
B7FWR0	Q9ZSZ7	train
B7GPC7	B7GPC7	train
B7GTV0	B7GTV0	train
B7GTV0	C0BTR1	train
B7GUP3	B7GUP3	train
B7IED6	B7IED6	train
B7J3E3	B7J3E3	train
B7J8J0	B7J8J0	train
B7J8J0	Q9UXR8	train
B7JBP8	B7JBP8	train
B7JBP8	H2KXA2	train
B7JBP8	O67931	train
B7JBP8	Q52722	train
B7SY86	B7SY86	train
B7T912	B7T912	train
B7T912	Q93TJ5	train
B7UB93	B7UB93	train
B7UB94	B7UB94	train
B7UB94	M0HXK1	train
B7UB94	Q53176	train
B7X933	B7X933	train
B7X933	Q4D3W2	train
B7X933	Q4DEJ0	train
B7X933	Q4DGV2	train
B7XBM0	B7XBM0	train
B7XBM0	P22033	train
B7XBM0	Q3IZ90	train
B7XCV4	B7XCV4	train
B7ZF08	B7ZF08	train
B7ZF09	B7ZF09	train
B8BQQ3	B8BQQ3	train
B8BQQ3	Q9KJ20	train
B8C5X1	B8C5X1	test
B8DZM3	B8DZM3	train
B8DZM3	D4PEB3	train
B8DZM3	Q9X273	train
B8DZM3	Q9X274	train
B8HNS6	B8HNS6	train
B8HNS6	Q3SPU6	train
B8IF02	B8IF02	train
B8K1J5	B8K1J5	train
B8K1J5	C3VVL8	train
B8K1J5	P07203	train
B8K1J5	P22352	train
B8K1J5	P36969	train
B8K1J5	Q8W259	train
B8LFE4	B8LFE4	train
B8LFE4	H3ZMH5	train
B8LFE4	M0LMI3	train
B8LFE4	Q4DA80	train
B8LFE4	Q868H8	train
B8LFE4	S0APF4	train
B8YFX2	B8YFX2	train
B8YG19	B8YG19	train
B9A1J7	B9A1J7	train
B9A1J7	D9MZ14	train
B9E972	B9E972	train
B9E972	T5I9M6	train
B9EZV5	B9EZV5	train
B9EZV5	P10619	train
B9K0V9	B9K0V9	train
B9K0V9	O95822	train
B9LW38	B9LW38	train
B9LW38	C7ASJ5	train
B9LW38	D9IU57	train
B9LW38	P94804	train
B9LW38	Q09HN2	train
B9LW38	Q0R5R5	train
B9LW38	Q76HN4	train
B9LW38	Q9KI47	train
B9MKT4	B9MKT4	train
B9MKT4	E4SDD0	train
B9UCR2	B9UCR2	train
B9VTP0	B9VTP0	train
B9VTP0	B9VTP5	train
B9WCR8	B9WCR8	train
B9WNA0	B9WNA0	train
B9WPN8	B9WPN8	train
C0H3U9	C0H3U9	train
C0H477	C0H477	train
C0H4F3	C0H4F3	train
C0H4S1	C0H4S1	train
C0HK05	C0HK05	train
C0IRI4	C0IRI4	train
C0JBW5	C0JBW5	train
C0LJI8	C0LJI8	train
C0LJI8	C4M5H3	train
C0LJI8	P56709	train
C0LJI8	Q2Q452	train
C0LJI8	Q50566	train
C0LJI8	Q57635	train
C0LJI8	Q976G4	train
C0LJI8	Q9HH07	train
C0LJI8	Q9HHC4	train
C0LJI8	Q9P9K9	train
C0LJI8	Q9YD18	train
C0LTQ2	C0LTQ2	train
C0M9W4	C0M9W4	train
C0M9W4	P15316	train
C1AGW8	C1AGW8	train
C1G1C3	C1G1C3	train
C1G1C3	F9VNG5	train
C1G1C3	O58802	train
C1G1C3	Q5AIA2	train
C1G1C3	Q5SL04	train
C1I202	C1I202	train
C1I202	Q5EI63	train
C1I202	Q9Y763	train
C1I209	C1I209	train
C1I209	F8TW83	train
C1I210	C1I210	train
C1I210	F8TW82	train
C1KBE7	C1KBE7	train
C1KBE8	C1KBE8	train
C1KBE8	P19468	train
C1KBE8	P48506	train
C1KBE8	Q9NFN6	train
C1KBE8	Q9W3K5	train
C1KGU6	C1KGU6	train
C1KGU6	P62058	train
C1KGU6	Q59280	train
C1KGU6	Q92MJ1	train
C1MQM1	C1MQM1	train
C3MC80	C3MC80	train
C3MC80	P0A6D3	train
C3MC80	P33038	train
C3W4Q7	C3W4Q7	train
C3W4Y2	C3W4Y2	train
C3W4Y2	E7DXB6	train
C3W4Y2	Q45071	train
C4B4E7	C4B4E7	train
C4B4E7	Q8K4X7	train
C4B4E7	Q8LG50	train
C4B4E7	Q9XFW4	train
C4IEM5	C4IEM5	train
C4IEM5	P34439	train
C4IEM5	Q0KEY8	train
C4IEM5	Q988C8	train
C4IRW0	C4IRW0	train
C4IRW0	P43886	train
C4IRW0	Q0ZB96	train
C4IRW0	Q39218	train
C4IRW0	Q42538	train
C4IRW0	Q42588	train
C4IRW0	Q5MYA1	train
C4KKZ9	C4KKZ9	train
C4KKZ9	P9WHN9	train
C4KKZ9	Q4J6Z8	train
C4KKZ9	Q5UB52	train
C4KKZ9	Q93LD7	train
C4KKZ9	Q97VT7	train
C4LSN1	C4LSN1	train
C4LU94	C4LU94	train
C4LU94	C4LUB5	train
C4LU94	C4M7U9	train
C4LU94	O28579	train
C4LU94	P00953	train
C4LU94	P17248	train
C4LU94	P23381	train
C4LU94	Q57834	train
C4LU94	Q580R7	train
C4LU94	Q5UPJ7	train
C4LU94	Q6PBS3	train
C4LU94	Q8CT69	train
C4LU94	Q9SR15	train
C4LU94	Q9U4Y0	train
C4LU94	Q9U4Y1	train
C4LU94	Q9UGM6	train
C4LU94	Q9YA64	train
C4LUW9	C4LUW9	train
C4LWC7	C4LWC7	train
C4LWC7	C4MB67	train
C4LWC7	P0A6I9	train
C4LXC4	C4LXC4	train
C4M0W5	C4M0W5	train
C4M387	C4M387	train
C4M387	Q9FLT2	train
C4M387	Q9LY23	train
C4M4T4	C4M4T4	train
C4PKK7	C4PKK7	train
C4PKK7	C4PKK9	train
C4PKK7	C4PKL2	train
C4PKK7	C4PKL4	train
C4PKK7	C4PKL6	train
C4PKK7	D6QSX9	train
C4PKK7	O24319	train
C4PKK7	Q764C1	train
C4PKK7	Q949Y3	train
C4PKK7	Q9SE00	train
C4PKK7	Q9SFU3	train
C4PKK7	Q9ZS50	train
C4PWA1	C4PWA1	train
C4PWA1	Q8GHB2	train
C4PWA1	Q9L9F1	train
C4QZH8	C4QZH8	train
C4RA40	C4RA40	validation
C4RA40	D4GT97	validation
C4RA40	H6BG92	validation
C4RA40	I3STR7	validation
C4RA40	O67501	validation
C4RA40	P0A7A9	validation
C4RA40	P56153	validation
C4RA40	P9WI55	validation
C4RA40	Q15181	validation
C4RA40	Q6UQ31	validation
C4RA40	Q8U438	validation
C4RA40	Q93V56	validation
C4RA40	Q93Y52	validation
C4RA40	Q949J1	validation
C4RA40	Q9LXC9	validation
C4TGF1	C4TGF1	train
C4TJD3	C4TJD3	train
C5A317	C5A317	train
C5A317	O57863	train
C5B2R8	C5B2R8	train
C5H429	C5H429	train
C5H429	I3V5V6	train
C5H429	Q76FR7	train
C5H429	Q76FR8	train
C5H429	Q76FR9	train
C5H429	Q76FS0	train
C5H429	Q76FS1	train
C5H429	Q84QK0	train
C5H429	Q88PD0	train
C5H429	Q9AVK9	train
C5H429	Q9FEW9	train
C5H429	Q9FEX0	train
C5H429	Q9XG54	train
C5HDG5	C5HDG5	train
C5HDG5	P78609	train
C5HDG5	Q00511	train
C5HDG5	Q9LD80	train
C5HG86	C5HG86	train
C5HG86	Q9LA16	train
C5J048	C5J048	train
C5J048	O33707	train
C5J048	P9WH11	train
C5MR76	C5MR76	train
C5MR76	O51799	train
C5NU54	C5NU54	train
C5NU54	Q1MW86	train
C6DAH4	C6DAH4	train
C6DAH4	Q46920	train
C6FJG8	C6FJG8	train
C6FJG8	C7SEV1	train
C6FJG8	H8Y263	train
C6FJG8	M4GRS1	train
C6FJG8	Q19AX0	train
C6FJG8	Q1KTD9	train
C6FJG8	Q2XQ11	train
C6FJG8	Q6IYF5	train
C6FJG8	Q7WWP9	train
C6G1Y8	C6G1Y8	train
C6G1Y8	P45568	train
C6G1Y8	P9WNS1	train
C6G1Y8	Q6R3F4	train
C6G1Y8	Q9XFS9	train
C6JSW6	C6JSW6	train
C6KID9	C6KID9	train
C6KID9	Q8RLT5	train
C6KL35	C6KL35	train
C6KL35	G2Q4H7	train
C6KL35	P49425	train
C6L823	C6L823	train
C6L823	Q8X1C7	train
C6L823	Q96VT2	train
C6L823	W8GG09	train
C6L862	C6L862	train
C6W7B1	C6W7B1	train
C6WXA3	C6WXA3	train
C6XY24	C6XY24	train
C6XY24	C6Y0D8	train
C6XY24	C6Y1N7	train
C7A621	C7A621	train
C7ACH5	C7ACH5	train
C7AU21	C7AU21	train
C7C437	C7C437	train
C7C437	Q9FG67	train
C7C437	Q9FN52	train
C7DIA5	C7DIA5	train
C7EDT0	C7EDT0	train
C7EW69	C7EW69	train
C7EX18	C7EX18	train
C7EX18	P08148	train
C7EXL6	C7EXL6	train
C7EXL6	F0S8P2	train
C7FDI4	C7FDI4	train
C7FDI4	I3E3X0	train
C7FDI4	Q4X1A4	train
C7FF04	C7FF04	train
C7FF04	C7FF05	train
C7FF04	O42713	train
C7FFK1	C7FFK1	train
C7FFK1	P19487	train
C7FFK1	Q9PF60	train
C7GRB2	C7GRB2	train
C7NVN0	C7NVN0	train
C7P8V7	C7P8V7	train
C7SLY9	C7SLY9	train
C7SLY9	P29853	train
C7SLY9	Q2UCU3	train
C7ZKN4	C7ZKN4	train
C7ZKN4	Q00870	train
C9D7S2	C9D7S2	train
C9K1X5	C9K1X5	train
C9K2Z6	C9K2Z6	train
C9K2Z6	D3WZ85	train
C9K2Z6	P9WHS9	train
C9K2Z6	Q03154	train
C9K2Z6	Q6AYS7	train
C9K2Z6	Q92Y75	train
C9K2Z6	Q9KQ52	train
C9K504	C9K504	train
C9K504	C9W9E3	train
C9WPK1	C9WPK1	train
D0A003	D0A003	train
D0A003	D0AB09	train
D0A003	Q8ILW6	train
D0A003	Q9LTR9	train
D0C7J2	D0C7J2	train
D0C7J2	Q6FBP5	train
D0E8I5	D0E8I5	train
D0EJL8	D0EJL8	train
D0IZN8	D0IZN8	train
D0IZN8	Q60FX6	train
D0IZN8	Q8R5M5	train
D0IZN8	Q93PS9	train
D0IZN8	X0JT48	train
D0KN27	D0KN27	train
D0MEP1	D0MEP1	train
D0MEP1	Q9WYR8	train
D0QU16	D0QU16	train
D0QYM5	D0QYM5	train
D0U690	D0U690	train
D0UD38	D0UD38	train
D0UD38	D0UD39	train
D0UD38	Q6DRC0	train
D0UD38	Q84F26	train
D0ZLR3	D0ZLR3	train
D1A807	D1A807	train
D1A807	Q47KB1	train
D1A807	T1SP91	train
D1JGU3	D1JGU3	train
D1JGU3	O28344	train
D1JH91	D1JH91	train
D1L2X0	D1L2X0	train
D1L2X1	D1L2X1	train
D1MVE1	D1MVE1	train
D1MW98	D1MW98	train
D1MX70	D1MX70	test
D1MX70	D1MX71	test
D1MX70	D1MX72	test
D1MX70	D1MYR1	test
D1MX70	G4VJD6	test
D1MX70	P00374	test
D1MX70	P00375	test
D1MX70	P0A016	test
D1MX70	P0ABQ4	test
D1MX70	P16184	test
D1MX70	Q54801	test
D1MX70	Q70YQ6	test
D1MX70	Q7BPB0	test
D1MX70	Q81R22	test
D1MX70	Q86XF0	test
D1MX70	Q920D2	test
D1MX70	Q9UUP5	test
D2CFQ9	D2CFQ9	train
D2D4J4	D2D4J4	train
D2D4J4	P09889	train
D2IWA7	D2IWA7	train
D2K764	D2K764	train
D2K764	P0A6I3	train
D2K764	Q6L2I5	train
D2K7Z0	D2K7Z0	train
D2KBH9	D2KBH9	train
D2PPM8	D2PPM8	train
D2RIQ2	D2RIQ2	train
D2RIQ2	H6LBB0	train
D2RIQ2	H6LGM7	train
D2RIQ2	Q18AQ6	train
D2RIQ3	D2RIQ3	train
D2RIQ3	H6LBB1	train
D2RIQ3	H6LGM8	train
D2RIQ3	Q18AQ5	train
D2XZ13	D2XZ13	train
D2Y640	D2Y640	train
D2Y640	F1CMX3	train
D2Y640	P9WJ93	train
D2Y640	Q47914	train
D2Z025	D2Z025	train
D2Z026	D2Z026	train
D2Z026	E4NI20	train
D2Z026	Q8NP73	train
D2Z028	D2Z028	train
D2Z030	D2Z030	test
D3DIA0	D3DIA0	train
D3DIA1	D3DIA1	train
D3DIA1	O05651	train
D3DIA1	P80521	train
D3DIA1	V9NHA1	train
D3DIA1	W8CQR1	train
D3DIA2	D3DIA2	train
D3DIA2	P80522	train
D3DIA2	Q56317	train
D3DIA2	V9NGI4	train
D3DIA2	W8CQB2	train
D3DIA3	D3DIA3	train
D3DIA3	P80523	train
D3DIA3	V9NGQ2	train
D3DIA3	W8CQB1	train
D3HMN4	D3HMN4	train
D3JC16	D3JC16	train
D3JTC1	D3JTC1	train
D3JTC1	Q9X6Z2	train
D3JTC2	D3JTC2	train
D3JV03	D3JV03	train
D3JV05	D3JV05	train
D3PT81	D3PT81	train
D3PT81	O28294	train
D3RVD4	D3RVD4	train
D3TNH1	D3TNH1	train
D3WYV9	D3WYV9	train
D3WYV9	Q0VJC5	train
D3WYV9	Q70XJ9	train
D3WYV9	Q8GP32	train
D3YZG8	D3YZG8	train
D3YZG8	D3ZUA0	train
D3YZG8	P24186	train
D3YZG8	Q0TPD4	train
D4A4P4	D4A4P4	train
D4A4P4	Q8NFF5	train
D4GP31	D4GP31	train
D4GP31	Q03336	train
D4GTS4	D4GTS4	train
D4GU69	D4GU69	train
D4GV57	D4GV57	train
D4GV57	P0A955	train
D4GWR6	D4GWR6	train
D4GWT7	D4GWT7	train
D4GWT7	O26153	train
D4GWT7	P0A7E9	train
D4GWT7	Q57900	train
D4GWT7	Q60352	train
D4GWT7	Q97ZE2	train
D4GWT7	Q9HLX1	train
D4GWT7	Q9PPX6	train
D4GXZ3	D4GXZ3	train
D4GXZ3	Q6KZB1	train
D4GXZ3	Q9HIN1	train
D4GYV5	D4GYV5	train
D4GYV5	Q386Y7	train
D4GYV5	Q96I15	train
D4GYV5	Q9JLI6	train
D4GZM5	D4GZM5	train
D4P095	D4P095	train
D4QF15	D4QF15	train
D4QF15	D6N7U5	train
D4YFM2	D4YFM2	train
D4YFM2	G4V4S8	train
D4YFM2	Q24JJ8	train
D4YFM2	Q9LJH5	train
D4YFM2	Q9LRR9	train
D4YFM2	Q9UJM8	train
D4YFM2	Q9WU19	train
D4ZTT4	D4ZTT4	train
D4ZTT4	P00349	train
D4ZTT4	P31072	train
D4ZTT4	P52208	train
D4ZTT4	P52209	train
D4ZTT4	P85968	train
D4ZTT4	Q6WAT5	train
D4ZTT4	Q9WYR9	train
D5FKJ3	D5FKJ3	train
D5GU62	D5GU62	train
D5GU63	D5GU63	train
D5HN83	D5HN83	train
D5HRC1	D5HRC1	train
D5JWB3	D5JWB3	train
D5LIR7	D5LIR7	train
D5LIR7	M5AIH9	train
D5LIR7	Q05957	train
D5LIR7	Q2L887	train
D5LIR7	Q6PNM8	train
D5LIR7	Q84G06	train
D5LIR7	Q8T8D9	train
D5LRR6	D5LRR6	train
D5LRR6	Q0SE24	train
D5LRR6	Q9KQ59	train
D5MTT1	D5MTT1	train
D5WTR7	D5WTR7	train
D5WTR7	I3VE77	train
D5WTR7	O74009	train
D5WTR8	D5WTR8	train
D5WTR8	I3VE74	train
D5WTR8	O58013	train
D5WTR8	Q05488	train
D5WTR8	Q9RJ84	train
D6CHF2	D6CHF2	train
D6CHF2	P97501	train
D6CHF2	Q99518	train
D6CHF2	Q9EQ76	train
D6MZJ6	D6MZJ6	train
D6RU53	D6RU53	train
D6RU53	D6RU55	train
D7GJ95	D7GJ95	train
D7R810	D7R810	train
D7R810	F4ZE01	train
D7R810	Q86N96	train
D7R810	Q9NG18	train
D7R810	Q9X519	train
D7R812	D7R812	test
D7RIE8	D7RIE8	train
D7U7T8	D7U7T8	train
D7UER1	D7UER1	train
D7UER1	M5AWY0	train
D7UER1	Q0RVH7	train
D7UER1	Q6STM1	train
D7UER1	Q8TXY4	train
D7UER1	Q9EUT9	train
D7UQ40	D7UQ40	train
D7VBA0	D7VBA0	train
D7VBA0	P94556	train
D7VBA0	P9WPW9	train
D7VBA0	Q81LA8	train
D7VBA0	Q81UL8	train
D7VBA0	Q8REE6	train
D7VBA0	Q9A1B7	train
D8IS59	D8IS59	train
D8IU13	D8IU13	train
D8IU13	Q8RQD1	train
D8KIT5	D8KIT5	train
D8QTR2	D8QTR2	train
D8QTR2	K5BDL0	train
D8QTR2	Q72K04	train
D8R6G2	D8R6G2	train
D8R6G2	F6HB41	train
D8WN00	D8WN00	train
D8WN00	Q9XDT2	train
D9IWR7	D9IWR7	train
D9PU79	D9PU79	train
D9Q987	D9Q987	train
E0RVY7	E0RVY7	test
E0X6R2	E0X6R2	train
E0X6R2	E0X6R4	train
E0X765	E0X765	train
E1CAJ6	E1CAJ6	train
E1XUJ2	E1XUJ2	train
E2IHC5	E2IHC5	train
E2JA31	E2JA31	validation
E2JA31	Q842E2	validation
E2JA32	E2JA32	train
E3PRJ4	E3PRJ4	train
E3PRJ4	Q8RHX8	train
E3PRJ5	E3PRJ5	train
E3PRJ5	Q8RHX7	train
E3PY95	E3PY95	train
E3PY96	E3PY96	train
E3SVR9	E3SVR9	test
E3VXL5	E3VXL5	train
E3W9G3	E3W9G3	train
E3WDH1	E3WDH1	train
E3WDH1	P30986	train
E3WDH1	Q6PW77	train
E5DHH4	E5DHH4	train
E5FGC5	E5FGC5	train
E5G727	E5G727	test
E7AIM3	E7AIM3	train
E7E815	E7E815	train
E7FHP1	E7FHP1	train
E7FHP1	Q5JIA9	train
E7FHU4	E7FHU4	train
E7FHX4	E7FHX4	test
E7FHX4	Q7LXU0	test
E7FHX4	Q97YX6	test
E7FI44	E7FI44	train
E7FI44	P22320	train
E7FI44	P80489	train
E7FI45	E7FI45	train
E7FI45	Q5JEW2	train
E7FI45	Q5JIA8	train
E7FLQ2	E7FLQ2	train
E7FLQ2	G9MBE4	train
E7FUC9	E7FUC9	train
E7FUC9	P9WJL3	train
E7FUC9	Q2FZP6	train
E8MGH8	E8MGH8	train
E9AMH6	E9AMH6	train
E9AMH6	P25779	train
E9AMH6	Q26909	train
E9AWJ0	E9AWJ0	train
E9AWJ0	Q57VC7	train
E9B8P8	E9B8P8	test
E9BLE1	E9BLE1	train
E9BLE1	O07683	train
E9BLE1	O57980	train
E9BLE1	P0A8N5	train
E9BLE1	P36419	train
E9BLE1	Q1D380	train
E9BLE1	Q5SIC2	train
E9BLE1	Q6PI48	train
E9BLE1	Q9RHV9	train
E9P3X9	E9P3X9	train
E9P3X9	Q9HX12	train
E9QYP0	E9QYP0	train
E9QYP0	Q51548	train
F0NBH8	F0NBH8	train
F0NEW7	F0NEW7	train
F0NEW7	O29876	train
F0NEW7	Q58134	train
F1DH12	F1DH12	train
F1DTB9	F1DTB9	train
F1KBQ3	F1KBQ3	train
F1MTF4	F1MTF4	validation
F1MTF4	G3LUK8	validation
F1MTF4	G9JKF3	validation
F1MTF4	O60259	validation
F1MTF4	P07288	validation
F1MTF4	P08311	validation
F1MTF4	P08897	validation
F1MTF4	P0C5B4	validation
F1MTF4	P10144	validation
F1MTF4	P12544	validation
F1MTF4	P20718	validation
F1MTF4	P24158	validation
F1MTF4	P35045	validation
F1MTF4	Q1M0X9	validation
F1MTF4	Q54137	validation
F1MTF4	Q5I2C5	validation
F1MTF4	Q61955	validation
F1MTF4	Q7YS62	validation
F1MTF4	Q92876	validation
F1MTF4	Q9H2R5	validation
F1MTF4	Q9P0G3	validation
F1MTF4	Q9PT41	validation
F1MTF4	Q9UBX7	validation
F1MTF4	Q9UKQ9	validation
F1MTF4	Q9UKR0	validation
F1MTF4	Q9UKR3	validation
F1MTF4	Q9Y337	validation
F1NQP1	F1NQP1	test
F1QCV2	F1QCV2	train
F1QCV2	Q969S8	train
F2JXJ3	F2JXJ3	train
F2KPY9	F2KPY9	train
F2WP51	F2WP51	train
F2XG10	F2XG10	train
F2YP46	F2YP46	train
F4GZY2	F4GZY2	train
F4H413	F4H413	train
F4I4K7	F4I4K7	train
F4I4K7	P92949	train
F4I4K7	Q9FLW2	train
F4IV16	F4IV16	train
F4IV16	Q9H3S4	train
F4JKB6	F4JKB6	train
F4JKB6	Q66GI4	train
F4NCC2	F4NCC2	train
F4NCC2	O80840	train
F4NCC2	Q00G41	train
F4NCC3	F4NCC3	train
F4YTG7	F4YTG7	train
F4ZCI3	F4ZCI3	train
F5BFC8	F5BFC8	train
F5BWX4	F5BWX4	train
F6BL85	F6BL85	train
F6BL85	Q97UH8	train
F6KV61	F6KV61	train
F6KV61	P13255	train
F6KV61	Q14749	train
F6KV61	Q7U4Z8	train
F6KV61	Q83WC4	train
F6KV61	Q9KJ22	train
F6KV62	F6KV62	train
F6KV62	Q7U4Z9	train
F6KV62	Q83WC3	train
F6KV62	Q8KZ94	train
F6KV62	Q9KJ21	train
F6MZ55	F6MZ55	train
F6MZ55	F6MZ56	train
F7J1C8	F7J1C8	test
F7J5X4	F7J5X4	train
F8G0M3	F8G0M3	train
F8G0M3	Q05115	train
F8G0M3	Q0SJH2	train
F8G0M3	Q5YXQ1	train
F8RL01	F8RL01	train
F8SUI7	F8SUI7	test
F8SUI8	F8SUI8	train
F8WSQ0	F8WSQ0	train
F8WSQ1	F8WSQ1	train
F8WSQ2	F8WSQ2	train
F8WSQ3	F8WSQ3	train
F8WSQ4	F8WSQ4	train
F9UM18	F9UM18	train
F9VPB8	F9VPB8	train
F9W8I6	F9W8I6	test
F9W8I6	G0UZY5	test
F9W8I6	P15144	test
F9W8I6	P16406	test
F9W8I6	P50123	test
F9W8I6	P95928	test
F9W8I6	Q07075	test
F9W8I6	Q6P179	test
G0KZG8	G0KZG8	train
G0L5X4	G0L5X4	train
G0LC40	G0LC40	train
G0S5Z5	G0S5Z5	train
G0T3B3	G0T3B3	train
G0YFD9	G0YFD9	train
G0YYC4	G0YYC4	train
G1ARD5	G1ARD5	train
G1ARD5	Q0JRI3	train
G1ARD5	Q7KZF4	train
G1JSL4	G1JSL4	train
G1T7U7	G1T7U7	train
G1T7U7	H0VCJ6	train
G1T7U7	Q6P7S1	train
G1UBD1	G1UBD1	train
G1UBD1	Q04508	train
G1UFQ9	G1UFQ9	train
G1UFQ9	K7ZBX8	train
G1UFQ9	O35795	train
G1UFQ9	O75355	train
G1UFQ9	O80612	train
G1UFQ9	O93295	train
G1UFQ9	P49961	train
G1UFQ9	P55772	train
G1UFQ9	P97687	train
G1UFQ9	Q5DRK1	train
G1UFQ9	Q5MY95	train
G1UFQ9	Q6NQA8	train
G1UFQ9	Q80Z26	train
G1UFQ9	Q8H1D8	train
G1UFQ9	Q8K0L2	train
G1UFQ9	Q9HEM6	train
G1UFQ9	Q9SPM5	train
G1UFQ9	Q9SQG2	train
G1UFQ9	Q9XI62	train
G1UFQ9	Q9Y5L3	train
G1UHW5	G1UHW5	train
G1UII1	G1UII1	train
G1UJA9	G1UJA9	train
G1UJA9	Q2V621	train
G2IMF2	G2IMF2	train
G2IQQ3	G2IQQ3	train
G2IQQ4	G2IQQ4	train
G2LDI3	G2LDI3	train
G2LDI3	P37093	train
G2LJR9	G2LJR9	train
G2QH47	G2QH47	train
G2RGW4	G2RGW4	train
G2RGW4	P04824	train
G2RGW4	P17050	train
G2RGW4	Q7XIV4	train
G2RGW4	Q9FXT4	train
G2RGW4	Q9HG00	train
G2RGW4	Q9Z4N5	train
G3BJX5	G3BJX5	train
G3BJX5	Q21KE5	train
G3BJX5	Q5DIE3	train
G3FBL1	G3FBL1	train
G3FHJ1	G3FHJ1	train
G3FHJ1	P21685	train
G3FHJ1	Q55808	train
G3FNL7	G3FNL7	train
G3FNL7	P27213	train
G3FNL7	Q03393	train
G3H935	G3H935	train
G3H935	P54577	train
G3XCJ9	G3XCJ9	train
G3XCK6	G3XCK6	train
G3XD23	G3XD23	train
G3XD98	G3XD98	train
G4NAP4	G4NAP4	train
G4T3S7	G4T3S7	train
G4T3S7	P21549	train
G4T3S7	Q3LSM4	train
G4T3S7	Q56YA5	train
G4T3S7	Q608T3	train
G4T3S7	Q97VM5	train
G4T3S7	Q9I434	train
G4T3S7	Q9W3Z3	train
G4U3G8	G4U3G8	train
G4V4T6	G4V4T6	train
G4V4T6	Q8KLK7	train
G4VQJ4	G4VQJ4	test
G4VQJ4	P07741	test
G4VQJ4	P49435	test
G4VQJ4	Q2V997	test
G4VQJ4	Q5NII9	test
G4VUY7	G4VUY7	train
G5ADV1	G5ADV1	train
G5ADV1	G7YHA8	train
G5ADV1	U3T2Y2	train
G5EDH7	G5EDH7	train
G5EDR5	G5EDR5	train
G5ELA4	G5ELA4	train
G5ELM1	G5ELM1	train
G7H7Y1	G7H7Y1	train
G7SFQ8	G7SFQ8	train
G7VG08	G7VG08	train
G7YHN5	G7YHN5	train
G8TCS8	G8TCS8	train
G8UMQ6	G8UMQ6	train
G8UQI0	G8UQI0	train
G8ZFZ3	G8ZFZ3	train
G8ZFZ3	Q9V2B6	train
G9M5R4	G9M5R4	train
G9MBW2	G9MBW2	train
H1XW48	H1XW48	train
H2ESB9	H2ESB9	test
H2JEN2	H2JEN2	train
H3ZNI2	H3ZNI2	train
H3ZNI2	P03813	train
H3ZNI2	P32960	train
H3ZNI2	Q6L2R8	train
H5ZXI0	H5ZXI0	train
H5ZXI0	H5ZXI1	train
H5ZXI0	P77488	train
H5ZXI0	Q5QKF8	train
H6TG59	H6TG59	train
H6WFU3	H6WFU3	train
H7C831	H7C831	train
H7C831	P28907	train
H7C831	P56528	train
H7C831	Q32TF5	train
H7C831	Q9TTF5	train
H7CE71	H7CE71	train
H7CE71	K7WYY0	train
H7CE71	K7XPX5	train
H7CE71	M2RF26	train
H7CE71	P20228	train
H7CE71	P48318	train
H7CE71	P48320	train
H7CE71	Q05329	train
H7CE71	Q8RY79	train
H8YHP4	H8YHP4	train
H9A5F8	H9A5F8	train
H9JW43	H9JW43	train
H9JW43	H9JW44	train
H9JW43	H9JW45	train
H9N289	H9N289	train
H9N289	H9N290	train
H9N839	H9N839	train
H9N839	P0A2W7	train
H9N839	Q5APF3	train
I0GZ55	I0GZ55	train
I1REW2	I1REW2	train
I1UMG7	I1UMG7	train
I2CMF9	I2CMF9	train
I2CMF9	I2CMG0	train
I2CMG1	I2CMG1	train
I2D0K8	I2D0K8	train
I2D0K8	O50444	train
I2D0K8	Q72IB8	train
I2D0K8	Q8RMG1	train
I2FIL2	I2FIL2	train
I2FIL2	Q00019	train
I2FIL2	W8VJU1	train
I3DTN4	I3DTN4	train
I3DTN4	I3DTP3	train
I3DTN4	I3DZ65	train
I3DTN4	Q9A1H8	train
I3J7Q8	I3J7Q8	train
I3J7Q8	Q8N8M0	train
I3J7Q8	U3U715	train
I3QHK7	I3QHK7	train
I3QNS7	I3QNS7	train
I3QNS7	I3QNS8	train
I3QNS7	I3QNS9	train
I3QNS7	I3QNT0	train
I3QNS7	I3QNT2	train
I3QNS7	I3QNT4	train
I3QNS7	I3QNT6	train
I3QNS7	L0CM48	train
I3R9M8	I3R9M8	train
I3R9M9	I3R9M9	train
I3RE04	I3RE04	train
I3RE04	I3ZTN9	train
I3RFR5	I3RFR5	train
I3RJK8	I3RJK8	train
I4DST8	I4DST8	train
I4DXK5	I4DXK5	train
I6P4V6	I6P4V6	train
I6VVK9	I6VVK9	train
I6VVK9	P05979	train
I6VVK9	P23219	train
I6VVK9	P35354	train
I6VVK9	P79208	train
I6VVK9	Q05769	train
I6VVK9	Q9PTN3	train
I6VVK9	Q9PW89	train
I6WHP7	I6WHP7	train
I6XNY7	I6XNY7	train
I6Y0R5	I6Y0R5	train
I6Y4D2	I6Y4D2	train
I6YG32	I6YG32	train
I6Z823	I6Z823	train
I6ZIX7	I6ZIX7	train
I6ZUH3	I6ZUH3	train
I7A603	I7A603	train
I7GFC6	I7GFC6	train
I7GFC6	O67203	train
I7GFC6	O67432	train
I7GFC6	P9WPT5	train
I7GFC6	Q3YW59	train
I7L8N7	I7L8N7	train
I7MAL0	I7MAL0	train
J5JB66	J5JB66	train
J5JB66	P33775	train
J7G8S5	J7G8S5	train
J7G8S5	Q9Y119	train
J7GQ11	J7GQ11	train
J7GQ11	Q8KXD2	train
J7HDV0	J7HDV0	train
J7K6M3	J7K6M3	train
J7K6M3	P07872	train
J9QQ32	J9QQ32	train
J9R912	J9R912	test
J9UN47	J9UN47	train
J9VFF7	J9VFF7	train
J9VFF7	Q6NQI8	train
J9VFF7	Q9LDF2	train
J9VFF7	Q9LJK3	train
J9VMM2	J9VMM2	train
J9VMM2	J9VQN5	train
J9VMM2	P28496	train
J9VMM2	P38703	train
J9WQY6	J9WQY6	train
J9XQS6	J9XQS6	train
J9XTR7	J9XTR7	test
K0EFJ2	K0EFJ2	train
K0EFJ2	P00800	train
K0EFJ2	P43133	train
K0J3J2	K0J3J2	train
K0JCW6	K0JCW6	train
K1QT40	K1QT40	train
K4BTE6	K4BTE6	train
K5B7F3	K5B7F3	test
K7QK60	K7QK60	train
K7QK60	Q82P90	train
K9JTB0	K9JTB0	train
K9L8R4	K9L8R4	train
K9TVX3	K9TVX3	train
L0AQH5	L0AQH5	train
L0D9B6	L0D9B6	train
L0N3Y0	L0N3Y0	train
L0N3Y0	Q93UQ5	train
L0N807	L0N807	train
L7R9X8	L7R9X8	train
L7R9X8	P04068	train
L7R9X8	P07099	train
L7R9X8	Q7ZVB4	train
L7R9X8	Q9UR30	train
L7RY40	L7RY40	train
L8B068	L8B068	train
L8B6C5	L8B6C5	train
L8BT48	L8BT48	train
L8BT48	P03958	train
L8BT48	P53909	train
L8BT48	Q8LPL7	train
L8BT48	Q9P6I7	train
M1JUH6	M1JUH6	train
M1JUH6	Q9K5F2	train
M1JUH6	Q9WXT2	train
M1RNN3	M1RNN3	train
M2Y1U7	M2Y1U7	test
M4I1C6	M4I1C6	test
M4I1C6	Q9CA40	test
M4I6P1	M4I6P1	train
M4I6P1	M4I787	train
M4MBM1	M4MBM1	train
M4MBM1	P12955	train
M4MBM1	P40051	train
M4MBM1	P74468	train
M4T971	M4T971	train
M4TL26	M4TL26	train
M9NE76	M9NE76	train
M9UYB0	M9UYB0	train
M9UYB0	P58572	train
M9UYB0	P73833	train
M9VRD0	M9VRD0	train
M9VU49	M9VU49	train
M9W6G9	M9W6G9	train
N0E6R8	N0E6R8	test
N1Q9R6	N1Q9R6	train
N6Z5E2	N6Z5E2	train
N8X9V6	N8X9V6	train
O00142	O00142	train
O00142	P27707	train
O00142	Q86LB8	train
O00142	Q9XZT6	train
O00154	O00154	train
O00219	O00219	train
O00219	O35776	train
O00219	Q8CH92	train
O00219	Q8CH93	train
O00219	Q92819	train
O00219	Q92839	train
O00418	O00418	train
O00418	O08796	train
O00429	O00429	test
O00429	O35303	test
O00429	P21575	test
O00429	P39052	test
O00429	P54861	test
O00429	Q05193	test
O00429	Q08877	test
O00429	Q8IJ32	test
O00469	O00469	train
O00584	O00584	train
O00754	O00754	train
O00754	O09159	train
O00762	O00762	train
O00767	O00767	train
O00767	P07308	train
O00767	Q6P7B9	train
O02089	O02089	train
O02611	O02611	train
O02611	P00939	train
O02611	P00940	train
O02611	P00942	train
O02611	P00943	train
O02611	P04789	train
O02611	P0A858	train
O02611	P36186	train
O02611	P48499	train
O02611	P50921	train
O02611	P52270	train
O02611	P56076	train
O02611	P60174	train
O02611	P62003	train
O02611	P9WG43	train
O02611	Q07412	train
O02611	Q10657	train
O02611	Q2YIQ6	train
O02611	Q58923	train
O02611	Q7NAQ4	train
O02611	Q8L1Z5	train
O02611	Q8MPF2	train
O02611	Q8NKN9	train
O02611	Q97VM8	train
O02623	O02623	train
O02623	Q15118	train
O02623	Q16654	train
O02623	Q63065	train
O02623	Q9SBJ1	train
O02705	O02705	train
O02705	Q5KTW9	train
O02827	O02827	train
O04905	O04905	test
O04905	P05081	test
O04905	P30085	test
O04905	Q04ML5	test
O04905	Q14EL6	test
O04905	Q564A6	test
O04905	Q8GGL2	test
O04905	Q8MVS0	test
O04905	Q964H2	test
O04928	O04928	train
O04928	O49639	train
O04928	O95674	train
O04928	Q1PE48	train
O04928	Q92903	train
O05207	O05207	train
O05208	O05208	train
O05208	O27089	train
O05927	O05927	train
O06901	O06901	train
O06901	O33830	train
O06901	Q97DP6	train
O06901	Q97LM4	train
O06901	Q9AGA6	train
O06901	Q9AI65	train
O07883	O07883	train
O07883	O73944	train
O07883	Q4U338	train
O07883	Q9NXJ5	train
O08348	O08348	train
O08355	O08355	train
O08367	O08367	train
O08367	Q4JAD1	train
O08841	O08841	train
O09005	O09005	train
O09005	Q5XIF5	train
O09005	Q94515	train
O09114	O09114	train
O13297	O13297	train
O13935	O13935	train
O13935	P38205	train
O13935	Q08J23	train
O13935	Q9HGQ2	train
O14678	O14678	train
O14678	P28288	train
O14678	P33897	train
O14678	Q9UBJ2	train
O14684	O14684	train
O14717	O14717	train
O14717	P40999	train
O14717	Q8X8S5	train
O14734	O14734	train
O14734	P41903	train
O14734	P58137	train
O14734	Q8VHK0	train
O14867	O14867	train
O14920	O14920	train
O14920	O15111	train
O14939	O14939	train
O15269	O15269	train
O15270	O15270	train
O15488	O15488	train
O15527	O15527	train
O15922	O15922	train
O22213	O22213	train
O22213	Q9LTS3	train
O22213	Q9T0N8	train
O22666	O22666	train
O22666	Q6Z4G3	train
O22666	Q9LFW1	train
O22666	Q9SRT9	train
O22775	O22775	train
O22775	Q9CA75	train
O22775	Q9LZJ3	train
O23179	O23179	train
O23179	O23180	train
O23179	O23181	train
O23179	O48723	train
O23179	Q93ZQ3	train
O23179	Q9AQT8	train
O23179	Q9FIY1	train
O23553	O23553	train
O23553	Q9LIR6	train
O24035	O24035	train
O24035	P9WIL5	train
O24035	Q2FV22	train
O24035	Q9FKB3	train
O24297	O24297	train
O24297	Q8K4D7	train
O24736	O24736	train
O24736	P56255	train
O24736	Q12039	train
O25130	O25130	train
O25130	O52552	train
O25130	P27833	train
O25130	P77690	train
O25130	Q0P9D3	train
O25130	Q2MF17	train
O25130	Q53U20	train
O25130	Q6T1W6	train
O25130	Q8G8Y2	train
O25130	Q9A9H3	train
O25130	Q9ALN8	train
O25130	Q9ALS9	train
O25130	Q9ZGH0	train
O26010	O26010	test
O26010	O26253	test
O26010	P0A6I6	test
O26010	P44805	test
O26010	P57084	test
O26010	Q8DNE6	test
O26010	Q8DVH2	test
O26010	Q9I6D1	test
O26232	O26232	train
O27106	O27106	train
O27726	O27726	train
O27726	Q9YBS3	train
O27957	O27957	train
O27957	O67049	train
O27957	Q56S04	train
O27957	Q88GF6	train
O27957	Q88IJ7	train
O27957	Q88JP1	train
O27957	Q88K85	train
O27957	Q88RQ5	train
O28025	O28025	train
O28028	O28028	train
O28028	Q58178	train
O28046	O28046	train
O28046	Q9BY32	train
O28046	Q9RXX6	train
O28126	O28126	train
O28126	P77978	train
O28341	O28341	train
O28471	O28471	train
O28471	O30245	train
O28597	O28597	train
O28597	O30124	train
O28597	Q8IE47	train
O28597	Q9NXA8	train
O28603	O28603	train
O28603	O73937	train
O28603	P00363	train
O28603	P38032	train
O28603	P77943	train
O28603	Q7X479	train
O28603	Q972D2	train
O28604	O28604	train
O28778	O28778	train
O29057	O29057	train
O29057	Q58010	train
O29057	Q9ZER2	train
O29588	O29588	train
O29634	O29634	train
O29634	P10442	train
O29634	Q25C12	train
O29634	Q8U036	train
O29675	O29675	train
O29675	Q8TP42	train
O29675	Q9ZJ98	train
O29903	O29903	train
O29918	O29918	train
O29975	O29975	train
O29975	O50123	train
O29975	O93634	train
O29976	O29976	train
O29976	O67379	train
O29976	Q1AWQ0	train
O29976	Q5JDA9	train
O29976	Q8U1Z6	train
O30012	O30012	train
O30126	O30126	train
O30511	O30511	train
O30640	O30640	train
O30640	Q48949	train
O30772	O30772	train
O31156	O31156	train
O31156	P32662	train
O31156	P71447	train
O31156	P77366	train
O31156	Q51645	train
O31156	Q52087	train
O31156	Q88B12	train
O31156	Q88M11	train
O31156	Q8A5V9	train
O31156	Q96XE7	train
O31156	Q9I767	train
O31156	Q9ZVJ5	train
O31156	V4PWY9	train
O31272	O31272	train
O31526	O31526	train
O31526	O31527	train
O31611	O31611	train
O31662	O31662	train
O31662	O58433	train
O31662	Q5JFM9	train
O31667	O31667	train
O31668	O31668	train
O31668	Q96GX9	train
O32054	O32054	train
O32085	O32085	train
O32223	O32223	train
O32462	O32462	train
O33336	O33336	train
O33336	Q9F0Q6	train
O33468	O33468	train
O33853	O33853	train
O34360	O34360	train
O34453	O34453	train
O34536	O34536	train
O34667	O34667	train
O34714	O34714	train
O34714	O34767	train
O34714	Q5ZH56	train
O34757	O34757	train
O35002	O35002	train
O35010	O35010	train
O35310	O35310	train
O41026	O41026	test
O42446	O42446	train
O42446	P24855	train
O42446	Q5KTT0	train
O42446	Q5KTT1	train
O42446	Q767J3	train
O42446	Q8JIP7	train
O42446	Q9YGI5	train
O43175	O43175	train
O43184	O43184	train
O43252	O43252	train
O43252	O95340	train
O43272	O43272	train
O43272	Q4CVA1	train
O43272	Q9WU79	train
O43286	O43286	train
O43741	O43741	train
O43781	O43781	train
O43916	O43916	train
O44750	O44750	train
O44750	O96794	train
O44750	Q2U7S5	train
O44750	Q93X45	train
O44750	Q93X46	train
O46419	O46419	train
O46606	O46606	train
O48709	O48709	train
O48741	O48741	train
O48741	P21218	train
O48741	Q42536	train
O49006	O49006	train
O49006	P83948	train
O49006	Q8GS16	train
O49006	Q9FY03	train
O49284	O49284	train
O49855	O49855	train
O49855	P10742	train
O50083	O50083	train
O50083	Q9ZU38	train
O50094	O50094	train
O50094	Q5JDJ7	train
O50173	O50173	train
O50173	O58453	train
O50173	P80092	train
O50325	O50325	train
O50490	O50490	train
O50490	Q9KZL0	train
O51096	O51096	train
O52646	O52646	train
O52646	Q55215	train
O52646	Q9RN59	train
O53223	O53223	train
O53289	O53289	train
O53444	O53444	train
O54050	O54050	train
O54259	O54259	train
O54574	O54574	train
O54574	Q5EPE6	train
O54804	O54804	train
O54804	P35790	train
O54857	O54857	train
O55060	O55060	train
O55060	P51580	train
O57935	O57935	train
O57935	Q5JJ73	train
O57963	O57963	train
O57963	Q9YFT9	train
O58001	O58001	train
O58049	O58049	train
O58231	O58231	train
O58231	Q96YZ3	train
O58231	Q9HKZ0	train
O58231	Q9X1S1	train
O58235	O58235	test
O58235	Q6F4N1	test
O58323	O58323	train
O58323	Q973W9	train
O58323	Q97VD6	train
O58698	O58698	test
O58698	P00956	test
O58698	P07813	test
O58698	P9WFV1	test
O58698	Q15031	test
O58698	Q45477	test
O58698	Q72GM3	test
O58698	Q8YX97	test
O58801	O58801	train
O58801	Q6L7J5	train
O58832	O58832	train
O59071	O59071	train
O59072	O59072	train
O59150	O59150	train
O59179	O59179	train
O59248	O59248	train
O59312	O59312	train
O59312	Q3S559	train
O59312	Q9AJC6	train
O59355	O59355	train
O59355	Q5JD05	train
O59355	Q6LXQ3	train
O59355	Q7M537	train
O59413	O59413	validation
O59413	P45470	validation
O59413	Q46948	validation
O59413	Q51732	validation
O59413	Q99497	validation
O59425	O59425	train
O59543	O59543	train
O59869	O59869	train
O60235	O60235	train
O60476	O60476	train
O60476	Q9NR34	train
O60551	O60551	train
O60551	O70310	train
O60551	O70311	train
O60551	P30419	train
O60656	O60656	test
O60656	O75795	test
O60656	P06133	test
O60656	P16662	test
O60656	P19224	test
O60656	P22309	test
O60656	P22310	test
O60656	P35503	test
O60656	P36537	test
O60656	P54855	test
O60656	Q20CK6	test
O60656	Q20CK7	test
O60656	Q20CK8	test
O60656	Q20CK9	test
O60656	Q20CL0	test
O60656	Q20CL1	test
O60656	Q20CL2	test
O60656	Q20CL3	test
O60656	Q20CL4	test
O60656	Q20CL5	test
O60656	Q20CL6	test
O60656	Q3SY77	test
O60656	Q6K1J1	test
O60656	Q6NUS8	test
O60656	Q9HAW9	test
O60825	O60825	train
O60825	Q16875	train
O60825	Q9JJH5	train
O60909	O60909	train
O60930	O60930	train
O60942	O60942	train
O64816	O64816	train
O64903	O64903	train
O64925	O64925	train
O66036	O66036	train
O66036	Q8SAG1	train
O66036	Q9LIK9	train
O66064	O66064	train
O66223	O66223	train
O66223	P14740	train
O66223	P27487	train
O66223	Q75S82	train
O66223	Q75S83	train
O66223	Q7MUW6	train
O66266	O66266	train
O66266	P35340	train
O66680	O66680	train
O66747	O66747	train
O66747	Q58085	train
O66747	Q6FU96	train
O66753	O66753	train
O66753	Q980T5	train
O66837	O66837	train
O66880	O66880	train
O66880	P9WNV1	train
O66880	Q9F150	train
O66880	Q9RBF2	train
O66914	O66914	train
O66914	P42216	train
O66914	Q9C920	train
O66932	O66932	train
O66932	Q8U0Q0	train
O66932	Q9FDQ9	train
O67010	O67010	train
O67060	O67060	test
O67572	O67572	train
O67575	O67575	train
O67625	O67625	train
O67644	O67644	train
O67646	O67646	train
O69002	O69002	train
O69002	Q4K657	train
O69002	Q4K7S1	train
O69002	Q88JR7	train
O69002	Q88P48	train
O69002	Q9HWR4	train
O73939	O73939	train
O73939	P77945	train
O73939	Q50755	train
O73940	O73940	train
O73940	P77946	train
O74339	O74339	train
O74634	O74634	train
O74634	P21888	train
O74634	Q9UWP2	train
O75173	O75173	test
O75173	Q9UHI8	test
O75173	Q9UNA0	test
O75185	O75185	test
O75185	P04191	test
O75185	P05030	test
O75185	P0ABB8	test
O75185	P98194	test
O75185	Q4VCL8	test
O75185	Q4VCL9	test
O75185	Q4VCM0	test
O75354	O75354	train
O75608	O75608	test
O75752	O75752	train
O75792	O75792	train
O75908	O75908	train
O75936	O75936	train
O75936	P80193	train
O75936	Q91ZW6	train
O75936	Q9NVH6	train
O76739	O76739	train
O76739	P90648	train
O77475	O77475	train
O77836	O77836	train
O80437	O80437	train
O80437	Q9CAY3	train
O80437	Q9LMM0	train
O80568	O80568	train
O80952	O80952	train
O80959	O80959	train
O80959	Q8H133	train
O80959	Q9SV43	train
O81030	O81030	train
O81030	Q6NQ66	train
O81030	Q9LYD8	train
O81226	O81226	train
O81226	Q1DDS6	train
O81226	Q5NLA9	train
O81852	O81852	train
O82390	O82390	train
O83032	O83032	train
O84919	O84919	train
O84919	P21395	train
O84920	O84920	train
O85057	O85057	train
O86042	O86042	test
O86151	O86151	train
O86169	O86169	train
O86224	O86224	train
O86224	Q4QNS8	train
O86728	O86728	train
O86728	Q9XCD4	train
O87082	O87082	train
O87082	P27353	train
O87833	O87833	train
O87833	Q331Q6	train
O87870	O87870	train
O87870	P72578	train
O87870	Q96XT2	train
O87870	Q96Y66	train
O87870	Q9AJM0	train
O87870	Q9YA13	train
O87872	O87872	test
O88199	O88199	train
O88199	Q7LGC8	train
O88199	Q9QZL2	train
O88508	O88508	train
O88509	O88509	train
O88885	O88885	train
O92261	O92261	test
O93656	O93656	train
O93656	P0A786	train
O93656	P68747	train
O93656	Q48296	train
O93656	Q51742	train
O93656	Q837U7	train
O93738	O93738	train
O93738	Q51739	train
O93738	Q56303	train
O93738	Q8U1K3	train
O93803	O93803	train
O94925	O94925	train
O94925	P13264	train
O95237	O95237	train
O95336	O95336	test
O95363	O95363	train
O95453	O95453	train
O95497	O95497	train
O95497	P43251	train
O95497	Q9Z0K8	train
O95544	O95544	train
O95803	O95803	train
O95803	P52848	train
O95803	P52850	train
O95803	Q3UHN9	train
O95803	Q9EQH7	train
O95803	Q9EQW8	train
O95803	Q9H3R1	train
O95848	O95848	train
O95848	Q9D142	train
O95989	O95989	train
O95989	Q8NFP7	train
O95989	Q96G61	train
O96007	O96007	train
O96142	O96142	train
O96142	P00505	train
O96142	P00507	train
O96142	P17174	train
O96142	Q7TSV6	train
O96142	Q8NHS2	train
O96437	O96437	train
O97020	O97020	train
O97020	P21146	train
O97020	P25098	train
O97020	P26817	train
O97020	P26819	train
O97071	O97071	train
O97143	O97143	train
O97143	Q64702	train
P00175	P00175	train
P00175	W1QKE8	train
P00366	P00366	train
P00366	P10860	train
P00366	P26443	train
P00439	P00439	train
P00439	P04176	train
P00439	P70080	train
P00439	Q8IWU9	train
P00439	Q9XYQ5	train
P00489	P00489	test
P00489	P09812	test
P00489	Q2VA40	test
P00489	Q2VA41	test
P00489	Q8KQ56	test
P00489	Q9ATK9	test
P00489	Q9LKJ3	test
P00489	Q9WUB3	test
P00512	P00512	train
P00512	Q2FXM8	train
P00518	P00518	train
P00591	P00591	train
P00591	P06858	train
P00591	Q0QJZ3	train
P00630	P00630	train
P00729	P00729	train
P00734	P00734	train
P00734	P00750	train
P00736	P00736	train
P00736	P09871	train
P00736	P48740	train
P00736	Q3V5Q0	train
P00740	P00740	train
P00740	P08709	train
P00740	P81428	train
P00751	P00751	train
P00777	P00777	train
P00926	P00926	train
P00926	Q4A041	train
P00936	P00936	train
P00936	Q59119	train
P00947	P00947	train
P00957	P00957	train
P00962	P00962	train
P00966	P00966	train
P00966	P16460	train
P00966	P59846	train
P00973	P00973	train
P00973	P11928	train
P00973	Q14AZ4	train
P00973	Q60856	train
P00973	Q8C2W3	train
P00973	Q8K469	train
P00973	Q8VI95	train
P00973	Q8VI97	train
P00973	Q924S2	train
P01033	P01033	train
P02592	P02592	train
P02794	P02794	train
P02919	P02919	train
P03156	P03156	test
P03433	P03433	train
P03433	P31343	train
P03697	P03697	train
P03951	P03951	train
P03962	P03962	train
P04014	P04014	train
P04180	P04180	train
P04805	P04805	train
P04805	P27000	train
P04805	Q9X2I8	train
P04805	Q9XCL6	train
P04825	P04825	train
P04825	Q8YG38	train
P04963	P04963	train
P04993	P04993	train
P04995	P04995	train
P05807	P05807	train
P06197	P06197	train
P06197	P70500	train
P06512	P06512	train
P06512	P09144	train
P06512	P0A405	train
P06512	P0A407	train
P06512	P12154	train
P06512	P29254	train
P06512	P29255	train
P06547	P06547	train
P06621	P06621	train
P06634	P06634	train
P06744	P06744	train
P06746	P06746	train
P06746	Q6DRD3	train
P06746	Q8K409	train
P06746	Q9U6N3	train
P06762	P06762	train
P06762	P09601	train
P06762	P14901	train
P06762	Q5E9F2	train
P06855	P06855	train
P06961	P06961	train
P06968	P06968	train
P06968	P9WNS5	train
P06988	P06988	train
P06988	P10370	train
P06988	P9WNW9	train
P06988	Q46N53	train
P07059	P07059	train
P07061	P07061	test
P07128	P07128	train
P07128	Q8L7R2	train
P07236	P07236	train
P07271	P07271	train
P07328	P07328	train
P07328	P15332	train
P07374	P07374	train
P07861	P07861	train
P07861	Q9JLI3	train
P07862	P07862	train
P07862	P9WP31	train
P07862	Q2N4T5	train
P07862	Q5H614	train
P07862	Q5SHZ3	train
P07862	Q8ZIE7	train
P07998	P07998	validation
P07998	P61823	validation
P07998	Q27J90	validation
P07998	Q27J91	validation
P08196	P08196	train
P08196	P37271	train
P08294	P08294	train
P08303	P08303	train
P08397	P08397	train
P08397	P19356	train
P08413	P08413	train
P08413	P11275	train
P08413	Q13554	train
P08413	Q13555	train
P08413	Q13557	train
P08413	Q9UQM7	train
P08499	P08499	train
P08499	P19582	train
P08499	Q56R01	train
P08594	P08594	train
P08680	P08680	train
P08680	P22557	train
P09148	P09148	train
P09148	Q8ZXN7	train
P09148	Q9LA72	train
P09172	P09172	train
P09237	P09237	train
P09237	Q9NRE1	train
P09339	P09339	train
P09339	Q8EJW3	train
P09339	Q9ER34	train
P09373	P09373	train
P09383	P09383	train
P09391	P09391	train
P09417	P09417	train
P09417	Q8MJ30	train
P09936	P09936	train
P09936	Q9R0P9	train
P09955	P09955	test
P09955	Q0QWG2	test
P09955	Q0QWG3	test
P09955	Q0QWG4	test
P09955	Q0QWG5	test
P09955	Q0QWG6	test
P09955	Q0QWG7	test
P09955	Q2KIG3	test
P09955	Q96IY4	test
P09955	Q9UI42	test
P09958	P09958	train
P09979	P09979	train
P0A006	P0A006	train
P0A0A5	P0A0A5	train
P0A0A5	P0A0A8	train
P0A0A5	P0C1Q0	train
P0A0C1	P0A0C1	train
P0A0Y1	P0A0Y1	train
P0A3X6	P0A3X6	train
P0A3X6	P15804	train
P0A3X6	Q1XAT7	train
P0A3X6	Q1XAT8	train
P0A3X6	Q1XAT9	train
P0A3Y5	P0A3Y5	train
P0A415	P0A415	validation
P0A415	P10098	validation
P0A415	P32422	validation
P0A415	Q00914	validation
P0A4Q0	P0A4Q0	train
P0A698	P0A698	train
P0A6H8	P0A6H8	train
P0A6M4	P0A6M4	test
P0A6M8	P0A6M8	train
P0A6M8	P13551	train
P0A6W9	P0A6W9	train
P0A6W9	Q3IEB7	train
P0A705	P0A705	train
P0A722	P0A722	train
P0A722	Q6QHI7	train
P0A722	Q8EZA6	train
P0A746	P0A746	train
P0A776	P0A776	test
P0A776	Q9C6Z2	test
P0A790	P0A790	train
P0A790	P52999	train
P0A790	Q88Z02	train
P0A7J0	P0A7J0	train
P0A7J0	P66032	train
P0A7J0	Q5A3V6	train
P0A7J0	Q9KKP2	train
P0A7Y4	P0A7Y4	train
P0A840	P0A840	train
P0A870	P0A870	train
P0A870	P53228	train
P0A870	Q0E4W0	train
P0A873	P0A873	train
P0A873	P43912	train
P0A873	Q02RL6	train
P0A8I8	P0A8I8	test
P0A8M3	P0A8M3	train
P0A8M3	Q6KH76	train
P0A8M3	Q8NW68	train
P0A8Z0	P0A8Z0	test
P0A8Z0	P44886	test
P0A9N4	P0A9N4	train
P0A9Q9	P0A9Q9	train
P0A9Q9	P44801	train
P0A9Q9	P9WNX5	train
P0A9Q9	Q5KPK7	train
P0A9Q9	Q96YK1	train
P0A9T0	P0A9T0	train
P0AA37	P0AA37	train
P0AA43	P0AA43	train
P0AAI5	P0AAI5	train
P0AAI5	Q586W9	train
P0AB83	P0AB83	train
P0AB83	Q58829	train
P0AB91	P0AB91	train
P0AB91	Q9K169	train
P0ABJ9	P0ABJ9	train
P0ABK2	P0ABK2	train
P0ABK9	P0ABK9	train
P0ABN1	P0ABN1	train
P0ABR9	P0ABR9	train
P0ABS5	P0ABS5	train
P0AC19	P0AC19	train
P0AC33	P0AC33	train
P0AC33	P14407	train
P0AC33	Q141Z6	train
P0AC33	Q8X999	train
P0AC78	P0AC78	train
P0ACV0	P0ACV0	train
P0ACV0	P0ACV2	train
P0ACV0	P24205	train
P0ADI4	P0ADI4	train
P0ADR6	P0ADR6	train
P0AE18	P0AE18	train
P0AE18	P9WK19	train
P0AE18	P9WK21	train
P0AE18	Q6UB28	train
P0AE22	P0AE22	train
P0AFC0	P0AFC0	train
P0AFL6	P0AFL6	train
P0AFL6	Q8KBS0	train
P0AGJ7	P0AGJ7	train
P0AGJ9	P0AGJ9	train
P0AGL7	P0AGL7	train
P0C0X1	P0C0X1	train
P0C0X1	P9WNC9	train
P0C0X1	P9WND1	train
P0CI73	P0CI73	train
P0CI73	P17169	train
P0CI73	Q32KF3	train
P0CI73	Q6DLZ8	train
P0CI73	Q8G545	train
P0CI73	Q9Y093	train
P0CS13	P0CS13	train
P0DJ44	P0DJ44	test
P0DKH4	P0DKH4	train
P0DPA8	P0DPA8	train
P10270	P10270	train
P10478	P10478	train
P10537	P10537	train
P10537	P10538	train
P10537	Q9FQ07	train
P10547	P10547	train
P10746	P10746	train
P11155	P11155	train
P11155	P22983	train
P11155	Q42368	train
P11155	Q75KR1	train
P11172	P11172	train
P11349	P11349	train
P11350	P11350	train
P11353	P11353	train
P11353	P36553	train
P11353	P72848	train
P11353	Q9LR75	train
P11387	P11387	train
P11458	P11458	train
P11458	Q9X1X7	train
P11558	P11558	train
P11560	P11560	train
P11562	P11562	train
P11569	P11569	train
P11569	Q5U924	train
P11569	Q93AL9	train
P11570	P11570	train
P11570	Q5U923	train
P11570	Q93AL8	train
P11935	P11935	train
P11935	P18548	train
P11935	P42220	train
P11964	P11964	train
P12282	P12282	train
P12625	P12625	train
P12625	Q9KIF2	train
P13280	P13280	train
P13280	P46976	train
P13319	P13319	train
P13497	P13497	train
P13513	P13513	train
P13650	P13650	train
P13661	P13661	train
P13661	P14489	train
P13674	P13674	train
P13674	P54001	train
P13717	P13717	train
P13721	P13721	train
P13956	P13956	train
P13988	P13988	train
P13989	P13989	train
P14061	P14061	train
P14384	P14384	train
P14621	P14621	train
P14679	P14679	train
P14682	P14682	train
P14735	P14735	train
P14769	P14769	train
P14930	P14930	train
P15043	P15043	train
P15290	P15290	train
P15333	P15333	train
P15334	P15334	train
P15454	P15454	test
P15454	Q16774	test
P15454	Q5GS56	test
P15474	P15474	train
P15474	P9WPX7	train
P15474	Q48255	train
P15565	P15565	train
P15636	P15636	train
P15807	P15807	train
P15888	P15888	train
P15888	P38489	train
P15888	Q81BW8	train
P15888	Q838N5	train
P15917	P15917	train
P16068	P16068	train
P16083	P16083	train
P16250	P16250	train
P16250	Q9X0C6	train
P16442	P16442	test
P16497	P16497	train
P16661	P16661	train
P16688	P16688	train
P16692	P16692	train
P16930	P16930	train
P16930	P35505	train
P17117	P17117	train
P17118	P17118	train
P17119	P17119	train
P17443	P17443	train
P17618	P17618	train
P17618	P25539	train
P17706	P17706	train
P17858	P17858	train
P17858	P52784	train
P17888	P17888	train
P17989	P17989	train
P18266	P18266	train
P18266	P49841	train
P18394	P18394	train
P18405	P18405	train
P18644	P18644	train
P18644	P52391	train
P18666	P18666	train
P19080	P19080	train
P19264	P19264	train
P19265	P19265	train
P19367	P19367	test
P19367	Q5W5U3	test
P19687	P19687	train
P19687	Q02108	train
P19835	P19835	train
P19881	P19881	train
P19881	Q948T5	train
P19881	Q96GD0	train
P20035	P20035	test
P20035	P9WHQ9	test
P20035	Q07010	test
P20035	Q27796	test
P20035	Q72GT2	test
P20035	Q8IJS1	test
P20035	Q8R7L0	test
P20192	P20192	train
P20192	P49619	train
P20591	P20591	train
P20689	P20689	train
P21127	P21127	train
P21632	P21632	train
P21643	P21643	train
P21643	P48775	train
P21673	P21673	train
P21673	Q96F10	train
P21693	P21693	train
P21833	P21833	train
P21890	P21890	train
P21890	Q93RE3	train
P21958	P21958	test
P21958	P36370	test
P21958	P36371	test
P21958	P36372	test
P21958	P60752	test
P21958	P63359	test
P21958	P97046	test
P21958	Q9HUG8	test
P22317	P22317	train
P22318	P22318	train
P22319	P22319	train
P22674	P22674	test
P22936	P22936	train
P23103	P23103	train
P23293	P23293	train
P23316	P23316	train
P23378	P23378	train
P23469	P23469	train
P23522	P23522	train
P23522	P76469	train
P23526	P23526	train
P23526	P50250	train
P23526	P50251	train
P23526	Q9I685	train
P23616	P23616	train
P23670	P23670	train
P23670	Q7NSA6	train
P23677	P23677	train
P23677	Q8R071	train
P23711	P23711	train
P23830	P23830	train
P23830	Q9KKF5	train
P23882	P23882	train
P24040	P24040	train
P24040	P72181	train
P24040	Q3LGA9	train
P24173	P24173	train
P24215	P24215	train
P24228	P24228	train
P24521	P24521	train
P25081	P25081	train
P25081	Q66WM4	train
P25152	P25152	train
P25297	P25297	train
P25297	Q8H6E0	train
P25360	P25360	train
P25360	P27514	train
P25360	P39535	train
P25397	P25397	train
P25576	P25576	train
P25627	P25627	train
P25741	P25741	train
P25891	P25891	train
P26236	P26236	train
P26281	P26281	test
P26281	Q7CKD7	test
P26315	P26315	train
P26572	P26572	train
P26902	P26902	train
P27116	P27116	train
P27116	P90517	train
P27305	P27305	train
P27354	P27354	train
P27355	P27355	train
P27356	P27356	train
P27544	P27544	train
P27544	P27545	train
P27680	P27680	train
P27793	P27793	train
P27793	Q12640	train
P27986	P27986	train
P27987	P27987	train
P28248	P28248	train
P28248	Q57872	train
P28327	P28327	train
P28327	P34947	train
P28327	Q1XHL7	train
P28327	Q1XHM0	train
P28327	Q49HM9	train
P28327	Q49HN0	train
P28352	P28352	train
P28607	P28607	train
P28784	P28784	test
P28826	P28826	train
P28826	Q16819	train
P28826	Q16820	train
P28826	Q61847	train
P28861	P28861	train
P28861	Q0VTC7	train
P28861	Q9L6V3	train
P28891	P28891	train
P29029	P29029	train
P29068	P29068	train
P29127	P29127	train
P29141	P29141	train
P29208	P29208	train
P29237	P29237	train
P29237	P43127	train
P29350	P29350	train
P29350	Q06124	train
P29728	P29728	train
P29729	P29729	train
P29729	Q44115	train
P29730	P29730	train
P29930	P29930	train
P29930	P31570	train
P29957	P29957	train
P30632	P30632	train
P30749	P30749	test
P30850	P30850	train
P31153	P31153	train
P31153	P54419	train
P31153	Q3HW35	train
P31153	Q72I53	train
P31153	Q96551	train
P31153	Q96552	train
P31153	Q96553	train
P31153	Q9K5E4	train
P31749	P31749	train
P31941	P31941	train
P31941	Q6NTF7	train
P31941	Q9GZX7	train
P31941	Q9NRW3	train
P31941	Q9WVE0	train
P32099	P32099	train
P32099	Q8IEG9	train
P32173	P32173	train
P32264	P32264	train
P32322	P32322	train
P32440	P32440	train
P32562	P32562	train
P32562	P53350	train
P32562	Q4KMI8	train
P32562	Q6DRK7	train
P32562	Q9H4B4	train
P32562	Q9NYY3	train
P32746	P32746	train
P32750	P32750	test
P32750	P32752	test
P32754	P32754	train
P32754	P93836	train
P32783	P32783	train
P33025	P33025	test
P33221	P33221	test
P33300	P33300	train
P33300	P38287	train
P33316	P33316	train
P33734	P33734	train
P34413	P34413	train
P34802	P34802	train
P34802	Q1A7S9	train
P34802	Q1A7T0	train
P34802	Q94ID7	train
P34802	Q9LIA0	train
P34802	Q9LUD9	train
P34802	Q9LUE1	train
P35028	P35028	train
P35249	P35249	train
P35249	P35250	train
P35249	P40937	train
P35249	P40938	train
P35249	Q8TSX5	train
P35249	Q8TUC8	train
P35249	Q9UXF5	train
P35520	P35520	train
P35575	P35575	train
P35575	Q9BUM1	train
P35610	P35610	train
P35669	P35669	train
P35669	P48637	train
P35914	P35914	train
P36107	P36107	train
P36136	P36136	train
P36204	P36204	train
P36551	P36551	train
P36639	P36639	train
P36667	P36667	train
P36667	P9WMY3	train
P36667	Q9RN49	train
P36683	P36683	validation
P36897	P36897	train
P36929	P36929	train
P36959	P36959	train
P36959	Q9P2T1	train
P37025	P37025	train
P37059	P37059	train
P37059	P51658	train
P37059	Q05KC1	train
P37059	Q8VIJ7	train
P37095	P37095	train
P37095	Q9RF52	train
P37107	P37107	train
P37349	P37349	train
P37572	P37572	train
P37661	P37661	train
P37669	P37669	train
P37724	P37724	train
P37773	P37773	train
P37773	Q4FVQ2	train
P38179	P38179	train
P38179	Q92685	train
P38218	P38218	train
P38238	P38238	train
P38298	P38298	train
P38298	Q02896	train
P38483	P38483	train
P38483	P41238	train
P38501	P38501	train
P38646	P38646	train
P38698	P38698	train
P38698	Q6Y656	train
P38793	P38793	train
P38793	Q93YU6	train
P38920	P38920	train
P38998	P38998	train
P39107	P39107	train
P39135	P39135	train
P39276	P39276	train
P39288	P39288	train
P39288	P97030	train
P39358	P39358	train
P39406	P39406	train
P39411	P39411	train
P39476	P39476	train
P39481	P39481	train
P39638	P39638	train
P39639	P39639	train
P39912	P39912	train
P39956	P39956	train
P40025	P40025	test
P40152	P40152	train
P40345	P40345	train
P40345	Q6C5M4	train
P40406	P40406	train
P40562	P40562	train
P41227	P41227	train
P41814	P41814	train
P41814	Q9UJA5	train
P42084	P42084	train
P42084	P72156	train
P42084	Q58936	train
P42575	P42575	train
P42575	P55211	train
P42663	P42663	train
P42663	Q2QC89	train
P42663	Q6ZXB9	train
P42663	Q6ZXC0	train
P42663	Q8U3L0	train
P42941	P42941	train
P42963	P42963	train
P43341	P43341	train
P43341	P44046	train
P43490	P43490	train
P43490	Q99KQ4	train
P44443	P44443	train
P44783	P44783	train
P44862	P44862	train
P45395	P45395	train
P45395	Q3IG38	train
P45686	P45686	train
P45735	P45735	train
P45741	P45741	train
P45859	P45859	train
P45859	P74840	train
P45859	P77243	train
P46076	P46076	test
P46076	Q2UP30	test
P46655	P46655	train
P46799	P46799	train
P46799	Q06AK7	train
P46799	Q81IH1	train
P46850	P46850	train
P46920	P46920	train
P46959	P46959	test
P47058	P47058	train
P47205	P47205	test
P47712	P47712	train
P47897	P47897	train
P47924	P47924	train
P47924	Q6NLQ7	train
P48025	P48025	train
P48236	P48236	train
P48439	P48439	train
P48452	P48452	train
P48515	P48515	train
P48567	P48567	train
P48629	P48629	train
P49017	P49017	train
P49273	P49273	test
P49354	P49354	train
P49354	Q04631	train
P49427	P49427	train
P49427	Q712K3	train
P49459	P49459	validation
P49459	P51668	validation
P49459	P60604	validation
P49459	P61077	validation
P49459	P61088	validation
P49459	P62253	validation
P49459	P62837	validation
P49459	P63146	validation
P49459	P68036	validation
P49459	Q9Y2X8	validation
P49789	P49789	train
P49789	Q9LVM4	train
P50076	P50076	train
P50384	P50384	train
P50384	Q9YGB4	train
P50465	P50465	train
P50465	Q88AH6	train
P50740	P50740	train
P50740	P61615	train
P50861	P50861	test
P50861	Q57751	test
P50861	Q9UUB1	test
P50900	P50900	train
P51017	P51017	train
P51965	P51965	test
P51965	Q969T4	test
P51965	Q96LR5	test
P52097	P52097	train
P52429	P52429	train
P52700	P52700	train
P52788	P52788	test
P52824	P52824	train
P52902	P52902	train
P52904	P52904	train
P52904	Q9HIA4	train
P52917	P52917	train
P53065	P53065	train
P53128	P53128	train
P53200	P53200	train
P53200	Q8WVE0	train
P53449	P53449	train
P53610	P53610	train
P53632	P53632	train
P53720	P53720	train
P53759	P53759	train
P53848	P53848	train
P53965	P53965	train
P53973	P53973	train
P54150	P54150	train
P54166	P54166	test
P54225	P54225	train
P54471	P54471	train
P54493	P54493	train
P54646	P54646	train
P54646	Q13131	train
P54751	P54751	train
P54751	Q02745	train
P54751	Q11204	train
P54751	Q11205	train
P54751	Q16842	train
P54751	Q9UNP4	train
P54869	P54869	train
P55072	P55072	train
P55135	P55135	train
P55135	Q9UZR7	train
P55882	P55882	train
P55882	P76422	train
P55882	Q5SKG3	train
P56073	P56073	train
P56100	P56100	train
P56192	P56192	train
P56817	P56817	validation
P56817	P56818	validation
P56926	P56926	validation
P57054	P57054	train
P57054	Q9JHG1	train
P57681	P57681	train
P57681	Q9CQF9	train
P57706	P57706	test
P58687	P58687	train
P58764	P58764	train
P59701	P59701	train
P59807	P59807	train
P59807	Q8A2I1	train
P60340	P60340	train
P60495	P60495	train
P60763	P60763	test
P60763	P61006	test
P60763	Q15382	test
P60763	Q9QUI0	test
P60763	Q9SSX0	test
P60785	P60785	train
P61086	P61086	test
P61431	P61431	train
P61711	P61711	train
P62009	P62009	test
P62256	P62256	train
P62368	P62368	train
P62620	P62620	train
P63224	P63224	train
P63239	P63239	train
P65388	P65388	train
P68175	P68175	train
P68403	P68403	train
P69478	P69478	train
P69478	Q8NET6	train
P69478	Q9JME2	train
P69478	Q9NPF2	train
P70390	P70390	train
P71018	P71018	train
P71914	P71914	train
P72145	P72145	train
P72579	P72579	train
P72579	Q8RJQ9	train
P72579	Q96XT4	train
P72579	Q96Y68	train
P72579	Q9AJL9	train
P72579	Q9YA11	train
P72793	P72793	train
P73322	P73322	validation
P73335	P73335	train
P73493	P73493	train
P73493	Q3IFA2	train
P73726	P73726	train
P73832	P73832	train
P73906	P73906	train
P74165	P74165	train
P74515	P74515	train
P74569	P74569	train
P75713	P75713	train
P75782	P75782	train
P75876	P75876	train
P75898	P75898	train
P75966	P75966	train
P76038	P76038	train
P76273	P76273	train
P76395	P76395	train
P76491	P76491	train
P77398	P77398	train
P77788	P77788	train
P77791	P77791	test
P77847	P77847	train
P77909	P77909	train
P77944	P77944	train
P78356	P78356	train
P78536	P78536	train
P78549	P78549	train
P80022	P80022	train
P80254	P80254	train
P80470	P80470	train
P80490	P80490	train
P80491	P80491	train
P80524	P80524	train
P80561	P80561	train
P80644	P80644	train
P80650	P80650	train
P80651	P80651	train
P80653	P80653	train
P80654	P80654	train
P80655	P80655	train
P80656	P80656	train
P81054	P81054	train
P81054	Q9Y7F7	train
P81593	P81593	train
P81717	P81717	train
P83194	P83194	train
P83788	P83788	train
P83788	Q16719	train
P84142	P84142	train
P85513	P85513	train
P86181	P86181	train
P87161	P87161	train
P94127	P94127	train
P94127	Q19Q69	train
P94181	P94181	train
P94368	P94368	train
P95128	P95128	train
P95231	P95231	train
P95461	P95461	train
P95461	Q8GI14	train
P95493	P95493	train
P95547	P95547	train
P95619	P95619	train
P95619	Q7X3G5	train
P95748	P95748	train
P95748	Q9ZGH6	train
P95765	P95765	train
P95949	P95949	train
P95980	P95980	train
P96091	P96091	train
P96558	P96558	train
P96558	P96559	train
P96558	Q9AFC7	train
P96878	P96878	train
P97207	P97207	train
P97224	P97224	train
P97259	P97259	train
P97259	Q08834	train
P97259	Q09328	train
P97325	P97325	train
P97364	P97364	train
P97364	Q4Q0M0	train
P97364	Q9VKY8	train
P97467	P97467	train
P97675	P97675	test
P97675	Q13822	test
P97675	Q9R1E6	test
P97675	W8E7D1	test
P98073	P98073	train
P9WFX3	P9WFX3	train
P9WFX3	Q9AW95	train
P9WG45	P9WG45	train
P9WG47	P9WG47	train
P9WGP3	P9WGP3	train
P9WGP3	P9WGP5	train
P9WGP3	Q9LCT3	train
P9WGZ3	P9WGZ3	train
P9WHV5	P9WHV5	train
P9WHV5	Q8KG69	train
P9WHV5	Q8NRR8	train
P9WHV5	Q8NT99	train
P9WI59	P9WI59	train
P9WI71	P9WI71	train
P9WI83	P9WI83	train
P9WIC6	P9WIC6	train
P9WIJ3	P9WIJ3	validation
P9WIJ3	Q672W7	validation
P9WIJ3	Q6VT21	validation
P9WIJ3	Q8E378	validation
P9WIJ3	Q8ZLM7	validation
P9WIJ3	Q93LE9	validation
P9WIN5	P9WIN5	train
P9WIQ1	P9WIQ1	train
P9WIQ1	Q6E7F1	train
P9WIQ3	P9WIQ3	train
P9WJ61	P9WJ61	train
P9WJJ7	P9WJJ7	train
P9WK95	P9WK95	train
P9WK95	Q0QFQ6	train
P9WKJ1	P9WKJ1	train
P9WLH5	P9WLH5	train
P9WM67	P9WM67	train
P9WMK9	P9WMK9	train
P9WNG5	P9WNG5	train
P9WNG5	Q99UN8	train
P9WNW1	P9WNW1	train
P9WP79	P9WP79	train
P9WPQ7	P9WPQ7	train
P9WQ13	P9WQ13	train
P9WQ35	P9WQ35	train
P9WQB3	P9WQB3	train
P9WQB3	Q58595	train
P9WQB3	Q72JC9	train
P9WQB3	Q9C550	train
P9WQB3	Q9JZG1	train
P9WQB3	Q9LPR4	train
P9WQB5	P9WQB5	train
P9WQF5	P9WQF5	train
Q00924	Q00924	train
Q00XA5	Q00XA5	train
Q01284	Q01284	train
Q01284	Q7MAW0	train
Q01284	Q8DR17	train
Q01284	Q9FDD4	train
Q01284	Q9HWH9	train
Q01284	Q9I4V0	train
Q01532	Q01532	train
Q01532	Q13867	train
Q01578	Q01578	train
Q01772	Q01772	train
Q02724	Q02724	train
Q02792	Q02792	train
Q02890	Q02890	train
Q03084	Q03084	train
Q03220	Q03220	train
Q03579	Q03579	train
Q03774	Q03774	train
Q03957	Q03957	train
Q03BU2	Q03BU2	train
Q04119	Q04119	train
Q04507	Q04507	train
Q04507	Q607G3	train
Q04585	Q04585	train
Q04609	Q04609	train
Q04609	Q9CZR2	train
Q04760	Q04760	train
Q04760	Q9HU72	train
Q05509	Q05509	train
Q05514	Q05514	train
Q05514	Q3AEU2	train
Q05526	Q05526	train
Q05874	Q05874	train
Q05929	Q05929	train
Q05JY7	Q05JY7	train
Q05JY7	Q0JRK4	train
Q06121	Q06121	train
Q06121	Q9YGB5	train
Q06203	Q06203	train
Q06241	Q06241	train
Q06703	Q06703	train
Q06AK1	Q06AK1	train
Q07009	Q07009	train
Q07296	Q07296	train
Q07296	Q81ZH5	train
Q07560	Q07560	train
Q07635	Q07635	train
Q078S6	Q078S6	train
Q078S6	Q6PQJ9	train
Q078S6	Q9STX2	train
Q08210	Q08210	train
Q08225	Q08225	train
Q08225	Q9NY33	train
Q08388	Q08388	train
Q08548	Q08548	train
Q08641	Q08641	train
Q08647	Q08647	train
Q08649	Q08649	train
Q08ET4	Q08ET4	train
Q08ET4	Q5GHF7	train
Q08ET4	Q94ID3	train
Q09327	Q09327	train
Q09790	Q09790	train
Q09790	Q99321	train
Q09IZ4	Q09IZ4	train
Q09UW0	Q09UW0	train
Q0BRB0	Q0BRB0	train
Q0BRB0	Q9ALV2	train
Q0CZR3	Q0CZR3	train
Q0DI55	Q0DI55	train
Q0DI55	Q8YY76	train
Q0G9P7	Q0G9P7	train
Q0IJR6	Q0IJR6	train
Q0IJR6	Q49HI4	train
Q0IJR6	Q8P9S0	train
Q0IJR6	T1Z249	train
Q0JYJ1	Q0JYJ1	train
Q0JZG9	Q0JZG9	train
Q0K029	Q0K029	train
Q0K845	Q0K845	train
Q0K9H3	Q0K9H3	train
Q0KB75	Q0KB75	train
Q0KKP0	Q0KKP0	train
Q0MVP2	Q0MVP2	train
Q0MVP2	Q9RBY1	train
Q0P891	Q0P891	train
Q0P8J7	Q0P8J7	train
Q0P8J8	Q0P8J8	train
Q0P8U5	Q0P8U5	train
Q0PC20	Q0PC20	train
Q0PCR9	Q0PCR9	train
Q0PY32	Q0PY32	train
Q0QFQ3	Q0QFQ3	test
Q0QFQ7	Q0QFQ7	train
Q0QLE6	Q0QLE6	train
Q0TMI3	Q0TMI3	train
Q0WUC2	Q0WUC2	train
Q0ZQJ3	Q0ZQJ3	train
Q0ZS18	Q0ZS18	train
Q0ZS20	Q0ZS20	train
Q0ZS21	Q0ZS21	train
Q0ZS22	Q0ZS22	train
Q0ZS23	Q0ZS23	test
Q0ZS24	Q0ZS24	train
Q0ZS25	Q0ZS25	test
Q0ZS26	Q0ZS26	train
Q10468	Q10468	train
Q10472	Q10472	train
Q10472	Q8IXK2	train
Q10714	Q10714	train
Q10M74	Q10M74	train
Q10M74	Q94JM2	train
Q10M74	W8VNI6	train
Q10Q09	Q10Q09	train
Q10RB4	Q10RB4	train
Q10RB4	Q6L619	train
Q10RB4	Q9LFA6	train
Q10RB4	Q9MAJ7	train
Q12009	Q12009	train
Q12052	Q12052	train
Q12069	Q12069	train
Q12083	Q12083	train
Q12178	Q12178	train
Q12211	Q12211	train
Q12272	Q12272	test
Q12362	Q12362	train
Q12382	Q12382	train
Q12383	Q12383	train
Q12400	Q12400	train
Q12463	Q12463	train
Q12XX4	Q12XX4	train
Q12XX4	Q7UXY8	train
Q13057	Q13057	train
Q13057	Q8MIR4	train
Q13093	Q13093	train
Q13404	Q13404	train
Q13404	Q15819	train
Q13496	Q13496	train
Q13496	Q9Z2D1	train
Q13572	Q13572	train
Q13574	Q13574	train
Q13627	Q13627	train
Q13627	Q63470	train
Q13907	Q13907	train
Q14693	Q14693	train
Q14693	Q91ZP3	train
Q147X3	Q147X3	train
Q14894	Q14894	train
Q14DK4	Q14DK4	test
Q15125	Q15125	train
Q15126	Q15126	train
Q15165	Q15165	train
Q15165	Q15166	train
Q15208	Q15208	train
Q15256	Q15256	train
Q16739	Q16739	train
Q16739	Q9R0E0	train
Q16763	Q16763	train
Q16769	Q16769	train
Q16769	Q86PD7	train
Q16769	Q9NXS2	train
Q16769	Q9VRQ9	train
Q16790	Q16790	train
Q16878	Q16878	train
Q16MV6	Q16MV6	train
Q16MV7	Q16MV7	train
Q17WF8	Q17WF8	train
Q18014	Q18014	train
Q19437	Q19437	train
Q19468	Q19468	train
Q19468	Q8CHK3	train
Q19468	Q91V01	train
Q19468	Q96N66	train
Q19468	Q9CAN8	train
Q195N6	Q195N6	train
Q197X6	Q197X6	train
Q19XY0	Q19XY0	train
Q1A5X4	Q1A5X4	train
Q1ARU5	Q1ARU5	train
Q1ENB6	Q1ENB6	train
Q1ENB6	Q5NGA7	train
Q1EPR4	Q1EPR4	train
Q1EPR4	Q1EPR5	train
Q1EPR4	Q79F77	train
Q1G9Z4	Q1G9Z4	train
Q1GBI8	Q1GBI8	train
Q1GNW6	Q1GNW6	train
Q1GNW6	Q4JQJ3	train
Q1GY13	Q1GY13	train
Q1H8W8	Q1H8W8	train
Q1JK37	Q1JK37	train
Q1L6A3	Q1L6A3	train
Q1L6A3	Q8PWY1	train
Q1LJK6	Q1LJK6	train
Q1LUX8	Q1LUX8	train
Q1LUX8	Q9HAT2	train
Q1PCB0	Q1PCB0	train
Q1W0X8	Q1W0X8	train
Q208R5	Q208R5	train
Q208R5	Q4DMS3	train
Q24K62	Q24K62	train
Q25BN2	Q25BN2	train
Q25BT4	Q25BT4	train
Q25C77	Q25C77	test
Q26998	Q26998	train
Q26998	Q5SIQ7	train
Q26998	Q754M0	train
Q27564	Q27564	train
Q27651	Q27651	train
Q27657	Q27657	train
Q27HX3	Q27HX3	train
Q27IE1	Q27IE1	train
Q28653	Q28653	train
Q29495	Q29495	train
Q29495	Q68SL6	train
Q29495	Q68SL7	train
Q2EMT4	Q2EMT4	train
Q2FUA9	Q2FUA9	train
Q2FUA9	Q8PUQ1	train
Q2FUB2	Q2FUB2	train
Q2FUB2	Q5JHF1	train
Q2G8F3	Q2G8F3	train
Q2G8F3	Q9HTZ1	train
Q2HQR3	Q2HQR3	train
Q2HQR3	Q2HQR4	train
Q2HQR3	Q2HQR5	train
Q2HQR3	Q2HQR6	train
Q2HQR3	Q2HQR7	train
Q2HQR3	Q2HQR8	train
Q2HQR3	Q2HQR9	train
Q2HQR3	Q2HQS0	train
Q2HQR3	Q2HQS1	train
Q2HQR3	Q2HQS3	train
Q2HQR3	Q2HQS4	train
Q2KIR7	Q2KIR7	train
Q2KP14	Q2KP14	train
Q2MGB1	Q2MGB1	train
Q2QPW1	Q2QPW1	train
Q2QPW1	W8VZ39	train
Q2RJ94	Q2RJ94	train
Q2RJ94	Q2RK58	train
Q2U9Z9	Q2U9Z9	train
Q2U9Z9	Q2UPZ7	train
Q2U9Z9	Q8I2J3	train
Q2U9Z9	S7UJV5	train
Q2UN98	Q2UN98	train
Q2UN98	Q5B5D5	train
Q2UN98	Q5W7F1	train
Q2UN98	Q91XT9	train
Q2UN98	Q9I596	train
Q2UN98	Q9JHE3	train
Q2UN98	Q9VA70	train
Q2UN98	R4N4U2	train
Q2UNF9	Q2UNF9	train
Q2UVB3	Q2UVB3	train
Q2UVB3	Q6ZFH6	train
Q2UVB3	Q9LDH0	train
Q2V982	Q2V982	test
Q2V982	Q2V983	test
Q2V982	Q2V984	test
Q2VMT1	Q2VMT1	train
Q2VPS1	Q2VPS1	train
Q2VPS1	Q6WSQ4	train
Q2VPS1	Q84B24	train
Q2WC24	Q2WC24	train
Q2WCS9	Q2WCS9	train
Q306W4	Q306W4	train
Q316W1	Q316W1	test
Q316W1	Q93KD6	test
Q32P41	Q32P41	train
Q335V9	Q335V9	train
Q335V9	Q335W4	train
Q33CQ4	Q33CQ4	validation
Q33DR0	Q33DR0	train
Q381M1	Q381M1	train
Q39249	Q39249	train
Q39249	Q9SM43	train
Q3BS04	Q3BS04	train
Q3BS08	Q3BS08	train
Q3ET60	Q3ET60	train
Q3HXC2	Q3HXC2	train
Q3IF07	Q3IF07	train
Q3IL66	Q3IL66	test
Q3LIE5	Q3LIE5	train
Q3LIE5	Q7T291	train
Q3SFD8	Q3SFD8	train
Q3T6E2	Q3T6E2	train
Q3UN02	Q3UN02	train
Q3YAW3	Q3YAW3	train
Q3YJ63	Q3YJ63	train
Q3ZMA8	Q3ZMA8	test
Q401L4	Q401L4	train
Q401L4	Q401L5	train
Q401L4	Q9U8X2	train
Q40733	Q40733	test
Q41233	Q41233	train
Q41376	Q41376	train
Q42432	Q42432	train
Q42868	Q42868	train
Q43998	Q43998	train
Q44492	Q44492	train
Q44492	Q44495	train
Q44492	Q9ZFH0	train
Q44493	Q44493	train
Q45222	Q45222	train
Q45NF5	Q45NF5	train
Q46002	Q46002	train
Q46079	Q46079	train
Q46822	Q46822	train
Q46CH5	Q46CH5	test
Q46CH6	Q46CH6	train
Q46E79	Q46E79	train
Q46EH3	Q46EH3	train
Q47809	Q47809	train
Q47Q21	Q47Q21	train
Q48154	Q48154	train
Q48935	Q48935	train
Q48935	Q9I3T5	train
Q48935	Q9I6H0	train
Q49150	Q49150	train
Q49156	Q49156	train
Q49422	Q49422	train
Q4A6S8	Q4A6S8	train
Q4A6S8	Q8KY51	train
Q4CW46	Q4CW46	train
Q4DZJ3	Q4DZJ3	train
Q4F867	Q4F867	train
Q4FP21	Q4FP21	train
Q4FP21	Q5LS57	train
Q4J894	Q4J894	train
Q4J9K9	Q4J9K9	train
Q4J9K9	Q58309	train
Q4J9L0	Q4J9L0	train
Q4J9L0	Q97WB7	train
Q4J9M2	Q4J9M2	train
Q4JA33	Q4JA33	train
Q4JB88	Q4JB88	train
Q4JBP4	Q4JBP4	train
Q4K977	Q4K977	train
Q4KGW9	Q4KGW9	test
Q4KGW9	Q7CP78	test
Q4KGW9	Q880Z0	test
Q4KNC9	Q4KNC9	train
Q4PNI0	Q4PNI0	train
Q4QC75	Q4QC75	train
Q4QCW3	Q4QCW3	train
Q4QEZ7	Q4QEZ7	train
Q4QEZ7	Q6JHV2	train
Q4QZZ9	Q4QZZ9	train
Q4U1A6	Q4U1A6	train
Q4U1A6	Q66V97	train
Q4V6M1	Q4V6M1	train
Q4V6M1	Q75UV1	train
Q4W1X2	Q4W1X2	train
Q4ZFU2	Q4ZFU2	train
Q4ZH57	Q4ZH57	train
Q50402	Q50402	train
Q50403	Q50403	train
Q50538	Q50538	train
Q50539	Q50539	train
Q50754	Q50754	train
Q50756	Q50756	train
Q51508	Q51508	train
Q51662	Q51662	train
Q52NW7	Q52NW7	train
Q52TE7	Q52TE7	train
Q53562	Q53562	train
Q53563	Q53563	train
Q53688	Q53688	train
Q53688	Q7LX98	train
Q53688	Q973H2	train
Q53692	Q53692	train
Q53765	Q53765	train
Q53766	Q53766	train
Q53768	Q53768	train
Q53HV7	Q53HV7	train
Q53HV7	Q811Q1	train
Q53IZ1	Q53IZ1	train
Q53IZ1	Q93QX0	train
Q53TZ2	Q53TZ2	train
Q54324	Q54324	train
Q54443	Q54443	train
Q54735	Q54735	train
Q54J94	Q54J94	train
Q54TD0	Q54TD0	train
Q54TD0	Q70GH4	train
Q54TD0	Q70J58	train
Q54TD0	Q70J59	train
Q54TD0	Q8MZS4	train
Q55214	Q55214	train
Q55777	Q55777	train
Q55891	Q55891	train
Q55891	Q6UR88	train
Q55928	Q55928	train
Q55928	Q5NHR1	train
Q56316	Q56316	test
Q56316	V9NFX1	test
Q56316	W8CR61	test
Q56320	Q56320	train
Q56685	Q56685	train
Q56685	Q9F0R5	train
Q56775	Q56775	train
Q568I9	Q568I9	train
Q568I9	Q8AYR3	train
Q568I9	Q8IU85	train
Q56VN6	Q56VN6	train
Q57430	Q57430	train
Q57430	Q63R79	train
Q57430	Q88QT2	train
Q57430	Q8GJ90	train
Q57430	Q8KN04	train
Q57580	Q57580	train
Q57600	Q57600	train
Q57609	Q57609	train
Q57661	Q57661	train
Q57661	Q8PVV3	train
Q57703	Q57703	train
Q57764	Q57764	train
Q57764	Q5JFI4	train
Q57878	Q57878	train
Q57880	Q57880	train
Q57880	Q72IH5	train
Q57880	Q8U248	train
Q57981	Q57981	train
Q57U24	Q57U24	train
Q57Z14	Q57Z14	train
Q58037	Q58037	train
Q58037	Q58407	train
Q58037	Q5JFW0	train
Q58043	Q58043	train
Q58185	Q58185	train
Q581U6	Q581U6	train
Q581W1	Q581W1	train
Q58247	Q58247	train
Q58249	Q58249	train
Q58280	Q58280	train
Q58293	Q58293	train
Q58293	Q9V0Q0	train
Q58293	Q9V2G1	train
Q58346	Q58346	train
Q583R7	Q583R7	train
Q58428	Q58428	train
Q58431	Q58431	train
Q58439	Q58439	train
Q58439	Q9WZ31	train
Q58499	Q58499	train
Q58517	Q58517	train
Q58584	Q58584	train
Q58597	Q58597	train
Q58597	Q9UZ14	train
Q585M6	Q585M6	train
Q58605	Q58605	train
Q58605	Q8TZW1	train
Q58635	Q58635	train
Q58635	Q6LZD3	train
Q58653	Q58653	train
Q58822	Q58822	train
Q588Z1	Q588Z1	train
Q588Z2	Q588Z2	train
Q588Z2	Q9LCQ7	train
Q58980	Q58980	test
Q58WP5	Q58WP5	train
Q59263	Q59263	train
Q59601	Q59601	train
Q59601	Q59618	train
Q59632	Q59632	train
Q59639	Q59639	train
Q59825	Q59825	train
Q5A6L6	Q5A6L6	train
Q5AAR6	Q5AAR6	train
Q5AB99	Q5AB99	train
Q5AJZ3	Q5AJZ3	train
Q5BU12	Q5BU12	train
Q5CB51	Q5CB51	train
Q5CB51	Q9F1Y5	train
Q5CXD0	Q5CXD0	train
Q5CYP8	Q5CYP8	train
Q5D8X4	Q5D8X4	train
Q5DWP2	Q5DWP2	train
Q5EBM0	Q5EBM0	train
Q5ECC3	Q5ECC3	train
Q5ECC3	Q9HVF1	train
Q5EFU4	Q5EFU4	train
Q5EU90	Q5EU90	train
Q5F2I3	Q5F2I3	train
Q5F809	Q5F809	train
Q5FAK7	Q5FAK7	train
Q5GMP2	Q5GMP2	train
Q5GTD5	Q5GTD5	train
Q5H7P5	Q5H7P5	train
Q5H7P5	Q75W54	train
Q5H7P5	W8E1X9	train
Q5HTX9	Q5HTX9	train
Q5HTX9	Q9S4V7	train
Q5JBG6	Q5JBG6	train
Q5JD38	Q5JD38	train
Q5JFK3	Q5JFK3	train
Q5JGC7	Q5JGC7	train
Q5JGC7	Q717I9	train
Q5JGC7	Q82YW6	train
Q5JGC7	Q9F3K4	train
Q5JGF8	Q5JGF8	train
Q5JI33	Q5JI33	train
Q5JI33	Q8TT02	train
Q5JIY7	Q5JIY7	train
Q5JIZ3	Q5JIZ3	train
Q5JJ72	Q5JJ72	train
Q5JNT6	Q5JNT6	train
Q5L868	Q5L868	train
Q5L868	Q8AAK9	train
Q5LW89	Q5LW89	train
Q5NEV0	Q5NEV0	train
Q5NT93	Q5NT93	train
Q5Q0U2	Q5Q0U2	train
Q5SH52	Q5SH52	train
Q5SHB0	Q5SHB0	train
Q5SHB0	Q8EQR8	train
Q5SIM4	Q5SIM4	train
Q5SIM4	Q9AGZ4	train
Q5SJC3	Q5SJC3	test
Q5SJG5	Q5SJG5	train
Q5SKR5	Q5SKR5	train
Q5SKV8	Q5SKV8	train
Q5SRI9	Q5SRI9	train
Q5TBB1	Q5TBB1	train
Q5U925	Q5U925	train
Q5U9J1	Q5U9J1	test
Q5UFR5	Q5UFR5	train
Q5UVJ4	Q5UVJ4	test
Q5VKJ7	Q5VKJ7	train
Q5VT66	Q5VT66	train
Q5VT66	Q969Z3	train
Q5VZY2	Q5VZY2	train
Q5VZY2	Q8NEB5	train
Q5W251	Q5W251	test
Q5W503	Q5W503	train
Q5W503	Q9ALW1	train
Q5W9R9	Q5W9R9	train
Q5W9U0	Q5W9U0	train
Q5WA30	Q5WA30	train
Q5YEW3	Q5YEW3	train
Q5Z1T5	Q5Z1T5	train
Q5ZR76	Q5ZR76	train
Q5ZU17	Q5ZU17	train
Q5ZXE1	Q5ZXE1	train
Q5ZZJ8	Q5ZZJ8	train
Q60034	Q60034	train
Q60106	Q60106	train
Q603D5	Q603D5	train
Q60860	Q60860	train
Q60AN4	Q60AN4	train
Q61153	Q61153	train
Q62L02	Q62L02	train
Q62L02	Q73Q47	train
Q62L02	Q97LU2	train
Q63159	Q63159	train
Q643C8	Q643C8	train
Q64428	Q64428	train
Q64428	Q9ZPI5	train
Q64R94	Q64R94	train
Q64R94	Q9WYD1	train
Q65CX5	Q65CX5	train
Q65GW7	Q65GW7	train
Q65JI9	Q65JI9	train
Q65JI9	Q9AJF8	train
Q65XK0	Q65XK0	train
Q66GM9	Q66GM9	train
Q670W0	Q670W0	train
Q67YC0	Q67YC0	train
Q67YC0	Q8TCT1	train
Q67YC0	Q9FZ62	train
Q67ZJ4	Q67ZJ4	train
Q68AP4	Q68AP4	train
Q68CP4	Q68CP4	train
Q6ARU5	Q6ARU5	train
Q6B0I6	Q6B0I6	train
Q6BCL3	Q6BCL3	train
Q6BCL7	Q6BCL7	train
Q6BE01	Q6BE01	train
Q6BE01	Q7WSN5	train
Q6C3R2	Q6C3R2	train
Q6C5L8	Q6C5L8	train
Q6D291	Q6D291	train
Q6E0B2	Q6E0B2	train
Q6ETK2	Q6ETK2	train
Q6ETK2	Q6K6Z5	train
Q6F494	Q6F494	train
Q6F494	Q9AGJ6	train
Q6F4D7	Q6F4D7	test
Q6F828	Q6F828	train
Q6F828	Q9I5C5	train
Q6GEY3	Q6GEY3	train
Q6IQ20	Q6IQ20	train
Q6IQ20	Q769K2	train
Q6IQ20	Q8BH82	train
Q6KBS7	Q6KBS7	train
Q6KHA5	Q6KHA5	train
Q6L2X5	Q6L2X5	train
Q6L6Q4	Q6L6Q4	train
Q6LXJ6	Q6LXJ6	train
Q6MNP0	Q6MNP0	train
Q6NLA5	Q6NLA5	train
Q6NQL6	Q6NQL6	train
Q6NYC1	Q6NYC1	train
Q6P4A8	Q6P4A8	train
Q6P587	Q6P587	test
Q6P6C2	Q6P6C2	train
Q6PD10	Q6PD10	train
Q6PFX8	Q6PFX8	train
Q6PFX8	Q80WS1	train
Q6PHR2	Q6PHR2	train
Q6PHW0	Q6PHW0	train
Q6PQK2	Q6PQK2	train
Q6PQK2	Q94734	train
Q6Q271	Q6Q271	train
Q6QF57	Q6QF57	train
Q6QGP4	Q6QGP4	train
Q6QWR1	Q6QWR1	train
Q6QWR1	Q6UG02	train
Q6R2X1	Q6R2X1	train
Q6RET7	Q6RET7	train
Q6RET7	Q9ZSA2	train
Q6RH62	Q6RH62	train
Q6RUF5	Q6RUF5	train
Q6RVB3	Q6RVB3	train
Q6S4W2	Q6S4W2	train
Q6SJC5	Q6SJC5	train
Q6SZP8	Q6SZP8	train
Q6SZP8	Q877I5	train
Q6SZP8	Q8J2Z4	train
Q6T1W7	Q6T1W7	train
Q6T1W8	Q6T1W8	train
Q6TA39	Q6TA39	train
Q6TEC1	Q6TEC1	train
Q6TEC1	Q96DE0	train
Q6TEK4	Q6TEK4	train
Q6TEK4	Q9BQB6	train
Q6TQF8	Q6TQF8	train
Q6UB73	Q6UB73	train
Q6UC93	Q6UC93	train
Q6UFW4	Q6UFW4	test
Q6UFW4	Q84C08	test
Q6UWR7	Q6UWR7	train
Q6UWR7	Q6UWV6	train
Q6VBI6	Q6VBI6	train
Q6WRS9	Q6WRS9	train
Q6WZB0	Q6WZB0	train
Q6WZB4	Q6WZB4	train
Q6XK23	Q6XK23	train
Q6XK24	Q6XK24	train
Q6XMH6	Q6XMH6	train
Q6XMH6	Q6XMH7	train
Q6XMH6	Q8SR45	train
Q6XMI1	Q6XMI1	train
Q6XQK5	Q6XQK5	train
Q6XQK5	Q9Z354	train
Q6YP15	Q6YP15	train
Q6Z1Y6	Q6Z1Y6	train
Q6ZMB0	Q6ZMB0	train
Q6ZXJ1	Q6ZXJ1	test
Q700X4	Q700X4	train
Q700X4	Q8KSC8	train
Q700X4	Q9WWU5	train
Q706F5	Q706F5	train
Q706F5	Q706F9	train
Q709M0	Q709M0	train
Q709M0	Q709M1	train
Q70GL3	Q70GL3	train
Q70GL3	Q8WN98	train
Q70GL3	Q9QXN4	train
Q70GL3	Q9QXN5	train
Q70GL3	Q9UGB7	train
Q70I53	Q70I53	test
Q70I53	Q9BY41	test
Q70JP0	Q70JP0	train
Q70PY2	Q70PY2	train
Q712V1	Q712V1	train
Q71DJ5	Q71DJ5	train
Q71E77	Q71E77	train
Q71E77	W5RWH8	train
Q71KM2	Q71KM2	train
Q71KM3	Q71KM3	train
Q71KM3	Q948T6	train
Q72GS0	Q72GS0	train
Q72GU1	Q72GU1	train
Q72GU1	Q9HIA3	train
Q72K16	Q72K16	train
Q72KH8	Q72KH8	test
Q72MQ6	Q72MQ6	train
Q731I1	Q731I1	train
Q73KK9	Q73KK9	train
Q73QH2	Q73QH2	train
Q749D0	Q749D0	train
Q74NE4	Q74NE4	train
Q75JI3	Q75JI3	train
Q75R40	Q75R40	train
Q75T82	Q75T82	test
Q75UG5	Q75UG5	train
Q75V72	Q75V72	train
Q75WF2	Q75WF2	test
Q75WV3	Q75WV3	train
Q75WV3	Q9FWQ2	train
Q76DT9	Q76DT9	train
Q76DT9	Q76DU0	train
Q76EB5	Q76EB5	train
Q76KA8	Q76KA8	train
Q76KA8	Q9Y285	train
Q76M76	Q76M76	train
Q78J03	Q78J03	train
Q78J03	Q9Y3D2	train
Q7A4T2	Q7A4T2	train
Q7B9Y8	Q7B9Y8	train
Q7CWR3	Q7CWR3	train
Q7CWR3	Q89GR3	train
Q7CWR3	Q89VT8	train
Q7DM12	Q7DM12	test
Q7K237	Q7K237	train
Q7K237	Q9NS00	train
Q7K9G0	Q7K9G0	train
Q7K9G0	Q8T381	train
Q7L5N7	Q7L5N7	train
Q7L5N7	Q8BYI6	train
Q7L5N7	Q8NF37	train
Q7L5N7	Q8S8S2	train
Q7LX61	Q7LX61	train
Q7LXL5	Q7LXL5	train
Q7LXP6	Q7LXP6	train
Q7LXU6	Q7LXU6	train
Q7M0R2	Q7M0R2	train
Q7M135	Q7M135	train
Q7M4I4	Q7M4I4	train
Q7N6U8	Q7N6U8	train
Q7N7D2	Q7N7D2	train
Q7QBF7	Q7QBF7	train
Q7QBF7	Q7QF91	train
Q7S2S4	Q7S2S4	train
Q7SCE9	Q7SCE9	train
Q7SFB0	Q7SFB0	train
Q7SIG4	Q7SIG4	train
Q7TNJ7	Q7TNJ7	train
Q7TP52	Q7TP52	train
Q7TP52	Q8R1G2	train
Q7TP52	Q96DG6	train
Q7UIS7	Q7UIS7	train
Q7URP0	Q7URP0	train
Q7WY77	Q7WY77	train
Q7WYV4	Q7WYV4	test
Q7WZT5	Q7WZT5	train
Q7X0P2	Q7X0P2	train
Q7X478	Q7X478	train
Q7X480	Q7X480	train
Q7XR61	Q7XR61	train
Q7XR61	Q9C6D2	train
Q7XTK4	Q7XTK4	train
Q7YT62	Q7YT62	train
Q7YT62	Q7YT63	train
Q7Z029	Q7Z029	train
Q7Z0T2	Q7Z0T2	train
Q7Z1V6	Q7Z1V6	train
Q7Z1V6	Q8GTJ2	train
Q7Z1V6	Q94G06	train
Q7Z2E3	Q7Z2E3	train
Q80A54	Q80A54	train
Q80A54	Q80A58	train
Q80UN9	Q80UN9	train
Q80Y20	Q80Y20	train
Q80ZG2	Q80ZG2	train
Q818Z9	Q818Z9	train
Q818Z9	Q9WY14	train
Q81CX4	Q81CX4	train
Q81DR3	Q81DR3	train
Q81DR3	Q9LKJ1	train
Q81LZ8	Q81LZ8	train
Q81RP3	Q81RP3	train
Q82IZ1	Q82IZ1	train
Q836D9	Q836D9	train
Q83UF3	Q83UF3	train
Q83XD3	Q83XD3	train
Q83XK5	Q83XK5	test
Q83ZD0	Q83ZD0	train
Q840T2	Q840T2	train
Q84CU3	Q84CU3	train
Q84HH6	Q84HH6	train
Q84HI6	Q84HI6	train
Q84MD8	Q84MD8	train
Q84VV0	Q84VV0	train
Q84VZ1	Q84VZ1	train
Q84XQ5	Q84XQ5	train
Q84XQ5	Q940L0	train
Q869N2	Q869N2	train
Q86M43	Q86M43	train
Q86TN4	Q86TN4	train
Q86UY6	Q86UY6	train
Q86VZ5	Q86VZ5	train
Q86VZ5	Q8NHU3	train
Q86W56	Q86W56	train
Q86W56	Q9QYM2	train
Q86X55	Q86X55	train
Q86Y38	Q86Y38	train
Q877I3	Q877I3	train
Q877I3	Q8J2Z5	train
Q877I3	Q9I297	train
Q877I4	Q877I4	train
Q87W57	Q87W57	test
Q88B90	Q88B90	train
Q88BB5	Q88BB5	train
Q88BB5	Q9HUA0	train
Q88EK6	Q88EK6	train
Q88EK6	Q89E96	train
Q88EK6	S6CFJ1	train
Q88L87	Q88L87	train
Q88L87	Q8L0X1	train
Q88LN6	Q88LN6	train
Q88S87	Q88S87	train
Q88S87	Q88U67	train
Q89ZI2	Q89ZI2	train
Q8A8X4	Q8A8X4	train
Q8A916	Q8A916	train
Q8BGW1	Q8BGW1	train
Q8BGW1	Q9C0B1	train
Q8BH86	Q8BH86	train
Q8BI55	Q8BI55	train
Q8BI55	Q9NR20	train
Q8BJQ9	Q8BJQ9	train
Q8BJQ9	Q8C1F4	train
Q8BJQ9	Q8N6G5	train
Q8BJQ9	Q8TDX6	train
Q8BLF1	Q8BLF1	train
Q8BTW3	Q8BTW3	train
Q8C0N2	Q8C0N2	train
Q8C0N2	Q8K2C8	train
Q8C9A2	Q8C9A2	train
Q8C9A2	Q8N8Q3	train
Q8CI15	Q8CI15	train
Q8CI15	Q91V26	train
Q8CI15	Q9NYA1	train
Q8CWX6	Q8CWX6	train
Q8DKZ3	Q8DKZ3	train
Q8DL82	Q8DL82	train
Q8DPI4	Q8DPI4	train
Q8DPI4	Q8L518	train
Q8DPI4	Q9M9H6	train
Q8DPI4	Q9SZ92	train
Q8DT64	Q8DT64	train
Q8DUW0	Q8DUW0	train
Q8EEB1	Q8EEB1	train
Q8EJM6	Q8EJM6	train
Q8EY89	Q8EY89	train
Q8FZW3	Q8FZW3	train
Q8GBB2	Q8GBB2	train
Q8GBB2	Q96FX7	train
Q8GBB2	Q9V1J7	train
Q8GCH2	Q8GCH2	train
Q8GED9	Q8GED9	train
Q8GH59	Q8GH59	train
Q8GI16	Q8GI16	train
Q8GJ27	Q8GJ27	train
Q8GNT2	Q8GNT2	train
Q8GTM2	Q8GTM2	test
Q8GV51	Q8GV51	train
Q8GW43	Q8GW43	train
Q8GW43	Q93UV0	train
Q8GWB7	Q8GWB7	train
Q8GXV5	Q8GXV5	train
Q8GXX0	Q8GXX0	train
Q8GYW7	Q8GYW7	train
Q8H0W1	Q8H0W1	train
Q8H1A3	Q8H1A3	train
Q8H1A3	Q9FL33	train
Q8H1A3	Q9HK10	train
Q8H1A3	Q9UXG1	train
Q8I273	Q8I273	train
Q8I2B1	Q8I2B1	train
Q8I360	Q8I360	train
Q8I7A1	Q8I7A1	train
Q8I8Y0	Q8I8Y0	train
Q8IAR5	Q8IAR5	train
Q8IBI4	Q8IBI4	train
Q8IDM2	Q8IDM2	train
Q8IHW5	Q8IHW5	train
Q8IIB7	Q8IIB7	train
Q8IKP7	Q8IKP7	test
Q8IM75	Q8IM75	train
Q8IQV0	Q8IQV0	train
Q8IU60	Q8IU60	train
Q8IU80	Q8IU80	train
Q8IU80	Q9Y5Y6	train
Q8IUN0	Q8IUN0	train
Q8IUX4	Q8IUX4	train
Q8IUX4	Q96AK3	train
Q8IUX4	Q9HC16	train
Q8IUX4	Q9UH17	train
Q8IXJ6	Q8IXJ6	train
Q8J0Q0	Q8J0Q0	train
Q8J219	Q8J219	train
Q8J2N2	Q8J2N2	train
Q8JZL3	Q8JZL3	train
Q8JZL3	Q9BU02	train
Q8K4Q7	Q8K4Q7	train
Q8K4Q7	Q8TCT0	train
Q8K4Y7	Q8K4Y7	train
Q8KBP5	Q8KBP5	train
Q8KDN1	Q8KDN1	train
Q8KKF9	Q8KKF9	train
Q8KN11	Q8KN11	train
Q8KRK5	Q8KRK5	train
Q8KT80	Q8KT80	train
Q8L208	Q8L208	train
Q8L493	Q8L493	train
Q8L539	Q8L539	train
Q8L6H4	Q8L6H4	train
Q8L707	Q8L707	train
Q8LB01	Q8LB01	train
Q8LJ81	Q8LJ81	train
Q8LLW7	Q8LLW7	train
Q8N159	Q8N159	train
Q8N6T7	Q8N6T7	train
Q8N884	Q8N884	train
Q8N9F0	Q8N9F0	train
Q8NBP7	Q8NBP7	train
Q8NCG7	Q8NCG7	train
Q8NCG7	Q91WC9	train
Q8NCH0	Q8NCH0	train
Q8NCH0	Q9NRB3	train
Q8NDV1	Q8NDV1	train
Q8NFU5	Q8NFU5	train
Q8NJJ9	Q8NJJ9	train
Q8NKS6	Q8NKS6	train
Q8NLN1	Q8NLN1	train
Q8NM29	Q8NM29	train
Q8NRQ7	Q8NRQ7	train
Q8NT48	Q8NT48	train
Q8NU97	Q8NU97	train
Q8PDA8	Q8PDA8	train
Q8PPS5	Q8PPS5	train
Q8PYZ8	Q8PYZ8	train
Q8PYZ8	Q9S5X0	train
Q8PZ67	Q8PZ67	train
Q8Q0G3	Q8Q0G3	train
Q8Q2U5	Q8Q2U5	test
Q8Q2V9	Q8Q2V9	train
Q8R173	Q8R173	train
Q8R1K1	Q8R1K1	train
Q8R3B1	Q8R3B1	train
Q8R4X1	Q8R4X1	test
Q8R4X1	Q9VIP7	test
Q8RB32	Q8RB32	train
Q8RBF4	Q8RBF4	train
Q8RHX2	Q8RHX2	test
Q8RJP2	Q8RJP2	train
Q8RJP5	Q8RJP5	train
Q8RL87	Q8RL87	train
Q8RL87	Q9WZ19	train
Q8RMD1	Q8RMD1	train
Q8RR74	Q8RR74	train
Q8RSQ2	Q8RSQ2	train
Q8RUF8	Q8RUF8	train
Q8RWH3	Q8RWH3	train
Q8S948	Q8S948	train
Q8SR66	Q8SR66	train
Q8T1C6	Q8T1C6	train
Q8TBZ6	Q8TBZ6	train
Q8TC12	Q8TC12	train
Q8TCT8	Q8TCT8	train
Q8TDP1	Q8TDP1	train
Q8TEA1	Q8TEA1	train
Q8TGH6	Q8TGH6	train
Q8THU2	Q8THU2	train
Q8THU2	Q9C4M3	train
Q8TNM0	Q8TNM0	train
Q8TPU4	Q8TPU4	train
Q8TQP8	Q8TQP8	train
Q8TUE6	Q8TUE6	test
Q8TWU6	Q8TWU6	test
Q8TZE9	Q8TZE9	train
Q8TZJ1	Q8TZJ1	train
Q8U062	Q8U062	train
Q8U063	Q8U063	train
Q8U0N7	Q8U0N7	test
Q8U1H4	Q8U1H4	train
Q8U1H5	Q8U1H5	train
Q8U3K2	Q8U3K2	train
Q8U3K2	Q8ZXY6	train
Q8U437	Q8U437	train
Q8U4M3	Q8U4M3	train
Q8U4Q3	Q8U4Q3	test
Q8VPF2	Q8VPF2	test
Q8VPF3	Q8VPF3	train
Q8VU79	Q8VU79	train
Q8VWN6	Q8VWN6	test
Q8VWN6	Q93XK2	test
Q8VWN6	Q9FND9	test
Q8VWN6	Q9SBZ0	test
Q8VWN6	Q9SYJ4	test
Q8VWZ6	Q8VWZ6	train
Q8VXV7	Q8VXV7	train
Q8VY09	Q8VY09	train
Q8VY09	Q9FPF0	train
Q8VY09	Q9M1G8	train
Q8VY09	Q9MAH3	train
Q8VY09	Q9ZV19	train
Q8W257	Q8W257	train
Q8W5G9	Q8W5G9	train
Q8WSQ3	Q8WSQ3	train
Q8WVN8	Q8WVN8	train
Q8X176	Q8X176	train
Q8X1D1	Q8X1D1	train
Q8X270	Q8X270	train
Q8XMQ3	Q8XMQ3	train
Q8Y5E4	Q8Y5E4	train
Q8YK97	Q8YK97	train
Q8YLF9	Q8YLF9	train
Q8YWS9	Q8YWS9	train
Q8YWS9	Q8YYM9	train
Q8YZ70	Q8YZ70	train
Q8Z078	Q8Z078	train
Q8ZKE6	Q8ZKE6	train
Q8ZQM4	Q8ZQM4	train
Q8ZVK6	Q8ZVK6	test
Q90W31	Q90W31	train
Q90W31	Q90WM0	train
Q90W31	Q90WM1	train
Q90WG6	Q90WG6	train
Q90WG6	Q99KK2	train
Q90WX0	Q90WX0	train
Q90WX1	Q90WX1	train
Q90WX2	Q90WX2	train
Q91VL8	Q91VL8	test
Q91XE4	Q91XE4	train
Q91XE4	Q96HD9	train
Q91XQ5	Q91XQ5	train
Q91Y74	Q91Y74	train
Q92223	Q92223	train
Q92484	Q92484	train
Q924X7	Q924X7	train
Q92830	Q92830	train
Q92851	Q92851	train
Q92IC3	Q92IC3	train
Q92LF6	Q92LF6	train
Q92LF6	Q989T9	train
Q93107	Q93107	train
Q938E9	Q938E9	train
Q93CG9	Q93CG9	train
Q93J76	Q93J76	train
Q93M81	Q93M81	train
Q93RA0	Q93RA0	train
Q93V61	Q93V61	train
Q93YW7	Q93YW7	train
Q93Z96	Q93Z96	train
Q93ZC9	Q93ZC9	train
Q93ZC9	Q9LY82	train
Q94F00	Q94F00	train
Q94JQ4	Q94JQ4	test
Q95158	Q95158	test
Q95PK8	Q95PK8	train
Q96286	Q96286	train
Q969G6	Q969G6	train
Q969S2	Q969S2	train
Q969X2	Q969X2	train
Q96AB6	Q96AB6	train
Q96B02	Q96B02	train
Q96C86	Q96C86	train
Q96DN0	Q96DN0	train
Q96DP5	Q96DP5	train
Q96EK6	Q96EK6	train
Q96EY8	Q96EY8	train
Q96FC9	Q96FC9	train
Q96FI4	Q96FI4	train
Q96H96	Q96H96	train
Q96KN2	Q96KN2	train
Q96KS0	Q96KS0	train
Q96PB1	Q96PB1	train
Q96PE3	Q96PE3	train
Q96PE3	Q9QWG5	train
Q96RR1	Q96RR1	train
Q96RR1	Q9VL76	train
Q96T60	Q96T60	train
Q96T60	Q9JLV6	train
Q96Y14	Q96Y14	test
Q96YR7	Q96YR7	train
Q96Z02	Q96Z02	train
Q96ZY1	Q96ZY1	train
Q970N3	Q970N3	train
Q970Z7	Q970Z7	train
Q970Z7	Q9HIA7	train
Q971K2	Q971K2	train
Q973G3	Q973G3	train
Q973H4	Q973H4	train
Q973H5	Q973H5	train
Q97D83	Q97D83	train
Q97U94	Q97U94	train
Q97UA0	Q97UA0	train
Q97UN3	Q97UN3	train
Q97V23	Q97V23	train
Q97V26	Q97V26	train
Q97VL0	Q97VL0	train
Q97VL0	Q97WP9	train
Q97VL0	Q9PER7	train
Q97VW7	Q97VW7	train
Q97W02	Q97W02	train
Q97W08	Q97W08	train
Q97W92	Q97W92	train
Q97WG4	Q97WG4	train
Q97WI2	Q97WI2	test
Q97WI2	Q9V2R8	test
Q97WS1	Q97WS1	train
Q97XP4	Q97XP4	train
Q97XQ7	Q97XQ7	train
Q97YC2	Q97YC2	train
Q97YI7	Q97YI7	train
Q97YX7	Q97YX7	validation
Q97Z21	Q97Z21	train
Q97ZD0	Q97ZD0	train
Q97ZF1	Q97ZF1	train
Q97ZL0	Q97ZL0	train
Q97ZS7	Q97ZS7	train
Q980A5	Q980A5	train
Q980D1	Q980D1	train
Q980D1	Q9YFY3	train
Q980M3	Q980M3	test
Q980N1	Q980N1	train
Q988H5	Q988H5	train
Q99661	Q99661	train
Q99873	Q99873	train
Q99943	Q99943	train
Q99LH2	Q99LH2	train
Q99LH2	Q9BVG9	train
Q99LH2	Q9Z1X2	train
Q99YP5	Q99YP5	train
Q9A5I5	Q9A5I5	train
Q9A613	Q9A613	train
Q9A9Z2	Q9A9Z2	train
Q9ABE3	Q9ABE3	train
Q9AF09	Q9AF09	train
Q9AF21	Q9AF21	train
Q9AFG9	Q9AFG9	train
Q9AGP8	Q9AGP8	train
Q9AIX6	Q9AIX6	train
Q9AIX7	Q9AIX7	train
Q9AJE3	Q9AJE3	train
Q9AKS9	Q9AKS9	train
Q9AL99	Q9AL99	train
Q9AQF3	Q9AQF3	validation
Q9AQQ8	Q9AQQ8	train
Q9AT27	Q9AT27	train
Q9AXU4	Q9AXU4	train
Q9BLZ2	Q9BLZ2	train
Q9BRA2	Q9BRA2	train
Q9BRB3	Q9BRB3	train
Q9BRR6	Q9BRR6	train
Q9BV86	Q9BV86	test
Q9BVM4	Q9BVM4	validation
Q9BW91	Q9BW91	train
Q9BXJ9	Q9BXJ9	train
Q9BXR0	Q9BXR0	train
Q9BYC5	Q9BYC5	train
Q9BYG0	Q9BYG0	train
Q9C0I1	Q9C0I1	train
Q9C8W3	Q9C8W3	train
Q9CAF2	Q9CAF2	train
Q9CAK8	Q9CAK8	train
Q9CFI2	Q9CFI2	train
Q9D110	Q9D110	train
Q9DBK0	Q9DBK0	train
Q9ER35	Q9ER35	train
Q9ER35	Q9H479	train
Q9ER35	Q9HA64	train
Q9ESW4	Q9ESW4	train
Q9EZV6	Q9EZV6	train
Q9F0Q9	Q9F0Q9	train
Q9F1Y6	Q9F1Y6	train
Q9F5K5	Q9F5K5	train
Q9F5K6	Q9F5K6	train
Q9FA38	Q9FA38	validation
Q9FFN7	Q9FFN7	train
Q9FG41	Q9FG41	train
Q9FHA4	Q9FHA4	train
Q9FUZ2	Q9FUZ2	train
Q9FYC2	Q9FYC2	train
Q9GPP8	Q9GPP8	train
Q9GV16	Q9GV16	train
Q9GV45	Q9GV45	train
Q9GV46	Q9GV46	train
Q9GZT9	Q9GZT9	train
Q9GZZ1	Q9GZZ1	train
Q9H1B5	Q9H1B5	train
Q9H553	Q9H553	train
Q9H5J4	Q9H5J4	train
Q9H6Z9	Q9H6Z9	train
Q9H832	Q9H832	train
Q9H8E8	Q9H8E8	train
Q9H8P0	Q9H8P0	train
Q9H974	Q9H974	train
Q9HA47	Q9HA47	train
Q9HBH1	Q9HBH1	train
Q9HBK9	Q9HBK9	train
Q9HBK9	U2ZU49	train
Q9HC62	Q9HC62	train
Q9HIC2	Q9HIC2	train
Q9HIC2	Q9YE01	train
Q9HJF2	Q9HJF2	train
Q9HJN6	Q9HJN6	train
Q9HJW5	Q9HJW5	train
Q9HK44	Q9HK44	train
Q9HKW6	Q9HKW6	test
Q9HM14	Q9HM14	train
Q9HTR2	Q9HTR2	train
Q9HTV5	Q9HTV5	train
Q9HV27	Q9HV27	train
Q9HWS0	Q9HWS0	train
Q9HX42	Q9HX42	train
Q9HX69	Q9HX69	train
Q9HXE9	Q9HXE9	train
Q9HXT9	Q9HXT9	train
Q9HY13	Q9HY13	train
Q9HYA4	Q9HYA4	train
Q9HZQ8	Q9HZQ8	train
Q9I299	Q9I299	train
Q9I594	Q9I594	train
Q9I8C5	Q9I8C5	train
Q9J0W2	Q9J0W2	train
Q9JHX6	Q9JHX6	train
Q9JHX6	Q9W6S5	train
Q9JIA7	Q9JIA7	train
Q9JIA7	Q9NRA0	train
Q9JIA7	Q9VYY8	train
Q9JIA7	Q9VZW0	train
Q9JII1	Q9JII1	train
Q9JJY3	Q9JJY3	train
Q9JJY3	Q9NY59	train
Q9JP48	Q9JP48	train
Q9K1F1	Q9K1F1	train
Q9K864	Q9K864	train
Q9KAN9	Q9KAN9	test
Q9KPJ7	Q9KPJ7	train
Q9KVI8	Q9KVI8	train
Q9KZP3	Q9KZP3	train
Q9KZP3	Q9M2W3	train
Q9L0M3	Q9L0M3	train
Q9L0M4	Q9L0M4	train
Q9L3J2	Q9L3J2	train
Q9L3Z9	Q9L3Z9	train
Q9L4G1	Q9L4G1	train
Q9L514	Q9L514	train
Q9L555	Q9L555	train
Q9L555	Q9ZGH7	train
Q9L816	Q9L816	train
Q9L8L8	Q9L8L8	train
Q9L9Q2	Q9L9Q2	train
Q9LDD5	Q9LDD5	train
Q9LFU9	Q9LFU9	train
Q9LIH6	Q9LIH6	test
Q9LJP4	Q9LJP4	train
Q9LL59	Q9LL59	train
Q9LLY4	Q9LLY4	train
Q9M0D7	Q9M0D7	train
Q9M1E2	Q9M1E2	train
Q9M571	Q9M571	train
Q9M6R6	Q9M6R6	train
Q9M9V6	Q9M9V6	train
Q9M9V6	Q9S7H8	train
Q9MTQ6	Q9MTQ6	train
Q9N0A4	Q9N0A4	train
Q9NPC4	Q9NPC4	train
Q9NPD8	Q9NPD8	train
Q9NPI5	Q9NPI5	train
Q9NPI5	Q9NWW6	train
Q9NQV7	Q9NQV7	train
Q9NRN7	Q9NRN7	train
Q9NRX4	Q9NRX4	train
Q9NSD9	Q9NSD9	train
Q9NSU2	Q9NSU2	train
Q9NTG7	Q9NTG7	train
Q9NX46	Q9NX46	train
Q9NX74	Q9NX74	train
Q9NXE4	Q9NXE4	train
Q9P0U3	Q9P0U3	train
Q9P4W2	Q9P4W2	test
Q9P9H4	Q9P9H4	train
Q9PBQ1	Q9PBQ1	test
Q9PCF4	Q9PCF4	train
Q9PU23	Q9PU23	train
Q9Q2W5	Q9Q2W5	train
Q9QT64	Q9QT64	train
Q9QY93	Q9QY93	train
Q9QYT7	Q9QYT7	train
Q9R0X4	Q9R0X4	train
Q9R4W3	Q9R4W3	test
Q9RA63	Q9RA63	train
Q9RBA5	Q9RBA5	test
Q9RBY6	Q9RBY6	train
Q9RFR0	Q9RFR0	train
Q9RLB8	Q9RLB8	train
Q9RM92	Q9RM92	train
Q9RRH3	Q9RRH3	train
Q9RWN5	Q9RWN5	test
Q9RZM4	Q9RZM4	train
Q9S3U8	Q9S3U8	train
Q9S434	Q9S434	train
Q9S762	Q9S762	train
Q9S7N2	Q9S7N2	train
Q9SDX0	Q9SDX0	train
Q9SDY2	Q9SDY2	train
Q9SEX2	Q9SEX2	train
Q9SF04	Q9SF04	train
Q9SL43	Q9SL43	train
Q9SM44	Q9SM44	train
Q9SN86	Q9SN86	train
Q9SR43	Q9SR43	train
Q9ST97	Q9ST97	train
Q9STD9	Q9STD9	train
Q9SU91	Q9SU91	train
Q9SUW4	Q9SUW4	train
Q9SVQ1	Q9SVQ1	train
Q9SWH5	Q9SWH5	train
Q9TUI8	Q9TUI8	train
Q9TW67	Q9TW67	train
Q9TZN8	Q9TZN8	train
Q9U493	Q9U493	test
Q9UBV7	Q9UBV7	train
Q9UGI9	Q9UGI9	train
Q9UJ68	Q9UJ68	train
Q9UJA2	Q9UJA2	train
Q9UL01	Q9UL01	train
Q9ULC6	Q9ULC6	train
Q9ULC6	Q9ULW8	train
Q9ULC6	Q9UM07	train
Q9ULC6	Q9Y2J8	train
Q9UQ84	Q9UQ84	train
Q9URQ3	Q9URQ3	train
Q9UTM7	Q9UTM7	train
Q9UTR6	Q9UTR6	train
Q9UUA2	Q9UUA2	train
Q9UV63	Q9UV63	train
Q9UV68	Q9UV68	train
Q9UVK7	Q9UVK7	train
Q9UWU1	Q9UWU1	train
Q9UWU1	Q9UWY8	train
Q9UWY6	Q9UWY6	train
Q9UXF6	Q9UXF6	train
Q9UY84	Q9UY84	train
Q9V011	Q9V011	train
Q9V011	Q9ZTS1	train
Q9V1F9	Q9V1F9	train
Q9V2B5	Q9V2B5	train
Q9V5E1	Q9V5E1	train
Q9VYB7	Q9VYB7	train
Q9W197	Q9W197	train
Q9W1L5	Q9W1L5	train
Q9WWW6	Q9WWW6	train
Q9WYE2	Q9WYE2	train
Q9WYH8	Q9WYH8	train
Q9WYJ4	Q9WYJ4	train
Q9WZ49	Q9WZ49	train
Q9WZP2	Q9WZP2	test
Q9WZR6	Q9WZR6	train
Q9X017	Q9X017	train
Q9X024	Q9X024	train
Q9X0C8	Q9X0C8	train
Q9X0S8	Q9X0S8	train
Q9X122	Q9X122	test
Q9X1N5	Q9X1N5	train
Q9X1V9	Q9X1V9	train
Q9X229	Q9X229	train
Q9X2A8	Q9X2A8	train
Q9X4Q7	Q9X4Q7	train
Q9X7K2	Q9X7K2	train
Q9XB61	Q9XB61	train
Q9XBQ8	Q9XBQ8	train
Q9XCW3	Q9XCW3	train
Q9XDP2	Q9XDP2	train
Q9XDT1	Q9XDT1	test
Q9XGT8	Q9XGT8	train
Q9XYQ1	Q9XYQ1	train
Q9Y223	Q9Y223	train
Q9Y2T3	Q9Y2T3	train
Q9Y463	Q9Y463	train
Q9Y463	Q9Z188	train
Q9Y5R4	Q9Y5R4	train
Q9Y7D1	Q9Y7D1	train
Q9Y7P0	Q9Y7P0	train
Q9Y802	Q9Y802	train
Q9Y871	Q9Y871	train
Q9YBF1	Q9YBF1	test
Q9YBL2	Q9YBL2	train
Q9YDW0	Q9YDW0	train
Q9YE85	Q9YE85	train
Q9YF05	Q9YF05	train
Q9YGA9	Q9YGA9	train
Q9YGB3	Q9YGB3	train
Q9YSK2	Q9YSK2	test
Q9Z2A5	Q9Z2A5	train
Q9Z472	Q9Z472	train
Q9Z4P9	Q9Z4P9	train
Q9ZAG3	Q9ZAG3	train
Q9ZBB0	Q9ZBB0	train
Q9ZGH1	Q9ZGH1	train
Q9ZGI1	Q9ZGI1	train
Q9ZNB6	Q9ZNB6	train
Q9ZPQ3	Q9ZPQ3	test
Q9ZQC6	Q9ZQC6	train
Q9ZT48	Q9ZT48	train
Q9ZV87	Q9ZV87	train
Q9ZVL6	Q9ZVL6	train
R1BZP3	R1BZP3	train
R4WHQ8	R4WHQ8	train
R9UHL6	R9UHL6	train
R9VY83	R9VY83	train
S4TYX4	S4TYX4	train
S5SPJ1	S5SPJ1	train
S6B6P7	S6B6P7	train
S6CLS6	S6CLS6	train
S8GJB1	S8GJB1	train
T1T1K2	T1T1K2	train
U3KZM8	U3KZM8	train
U5KC58	U5KC58	train
U6C6H1	U6C6H1	train
U6C7K1	U6C7K1	train
V5K6J8	V5K6J8	train
V9P0A9	V9P0A9	train
W0C1H2	W0C1H2	test
W0G253	W0G253	train
W0SLW8	W0SLW8	train
W5R5D2	W5R5D2	train
W5WHY8	W5WHY8	train
W5ZSQ6	W5ZSQ6	train
W8P6D0	W8P6D0	train
W8QRE4	W8QRE4	train
X5CIW4	X5CIW4	train
p37564	p37564	train
