cluster_id	protein_id	split
A0A016Q182	A0A016Q182	train
A0A016VAH2	A0A016VAH2	test
A0A023I760	A0A023I760	train
A0A023IUM3	A0A023IUM3	train
A0A023J5W7	A0A023J5W7	train
A0A023MIF8	A0A023MIF8	test
A0A023RBJ1	A0A023RBJ1	train
A0A023UHK6	A0A023UHK6	validation
A0A024A6V9	A0A024A6V9	train
A0A024CDT8	A0A024CDT8	train
A0A024FRL9	A0A024FRL9	test
A0A024FS29	A0A024FS29	train
A0A024FSF5	A0A024FSF5	test
A0A024JUE5	A0A024JUE5	train
A0A024SN40	A0A024SN40	train
A0A059Q746	A0A059Q746	test
A0A059SVJ4	A0A059SVJ4	test
A0A059TC02	A0A059TC02	test
A0A059VLI3	A0A059VLI3	test
A0A059WLZ7	A0A059WLZ7	train
A0A059ZV61	A0A059ZV61	test
A0A060A630	A0A060A630	test
A0A060DAC6	A0A060DAC6	train
A0A060IGN1	A0A060IGN1	train
A0A060INS8	A0A060INS8	train
A0A060KZ16	A0A060KZ16	train
A0A060PQX5	A0A060PQX5	train
A0A060S684	A0A060S684	train
A0A060TAG5	A0A060TAG5	train
A0A061D1S0	A0A061D1S0	train
A0A061J5A1	A0A061J5A1	train
A0A067L5U2	A0A067L5U2	train
A0A067XR63	A0A067XR63	test
A0A067XRK9	A0A067XRK9	train
A0A067XRW0	A0A067XRW0	validation
A0A067XSJ2	A0A067XSJ2	train
A0A067YX61	A0A067YX61	train
A0A068CB13	A0A068CB13	train
A0A068EUE1	A0A068EUE1	train
A0A068FNL1	A0A068FNL1	train
A0A068L7N8	A0A068L7N8	train
A0A068L889	A0A068L889	train
A0A068L9J0	A0A068L9J0	test
A0A068LJN3	A0A068LJN3	validation
A0A068PC91	A0A068PC91	test
A0A068Q816	A0A068Q816	validation
A0A069AW73	A0A069AW73	train
A0A069Q255	A0A069Q255	train
A0A073KHN9	A0A073KHN9	test
A0A075B5G4	A0A075B5G4	train
A0A075EDT8	A0A075EDT8	train
A0A075EKG1	A0A075EKG1	train
A0A075FFV0	A0A075FFV0	train
A0A075Q354	A0A075Q354	train
A0A075X1K1	A0A075X1K1	validation
A0A075XAG5	A0A075XAG5	train
A0A076JRL8	A0A076JRL8	test
A0A076MQB4	A0A076MQB4	train
A0A076N4W8	A0A076N4W8	train
A0A076N8Z0	A0A076N8Z0	train
A0A076U8J8	A0A076U8J8	train
A0A076VF18	A0A076VF18	test
A0A077AY47	A0A077AY47	train
A0A077ERI8	A0A077ERI8	train
A0A077EWA5	A0A077EWA5	train
A0A077HCY1	A0A077HCY1	test
A0A077JBW9	A0A077JBW9	test
A0A077JGG8	A0A077JGG8	test
A0A077JIE7	A0A077JIE7	train
A0A077JN67	A0A077JN67	train
A0A077YGC3	A0A077YGC3	train
A0A078H868	A0A078H868	train
A0A080UUN2	A0A080UUN2	train
A0A085HKM4	A0A085HKM4	train
A0A087BL81	A0A087BL81	test
A0A087D2Y1	A0A087D2Y1	train
A0A087INM7	A0A087INM7	test
A0A087IPJ7	A0A087IPJ7	train
A0A088BC14	A0A088BC14	train
A0A088BCU2	A0A088BCU2	train
A0A088BHP3	A0A088BHP3	train
A0A088CA41	A0A088CA41	validation
A0A088MAR6	A0A088MAR6	test
A0A088T0J9	A0A088T0J9	validation
A0A089FQH5	A0A089FQH5	validation
A0A089N0W4	A0A089N0W4	train
A0A089QAB6	A0A089QAB6	train
A0A090B6R9	A0A090B6R9	test
A0A090BN67	A0A090BN67	train
A0A090IMH4	A0A090IMH4	train
A0A090KI56	A0A090KI56	train
A0A093JNH5	A0A093JNH5	train
A0A094XEM2	A0A094XEM2	test
A0A096ZEC9	A0A096ZEC9	train
A0A096ZED0	A0A096ZED0	train
A0A096ZNF0	A0A096ZNF0	train
A0A097PUC5	A0A097PUC5	train
A0A097QQT4	A0A097QQT4	validation
A0A097SRT3	A0A097SRT3	train
A0A097ZMZ1	A0A097ZMZ1	train
A0A098B5G4	A0A098B5G4	train
A0A099D4T8	A0A099D4T8	test
A0A0A0BUC7	A0A0A0BUC7	train
A0A0A0K2U8	A0A0A0K2U8	validation
A0A0A0LQ48	A0A0A0LQ48	train
A0A0A0PTJ7	A0A0A0PTJ7	train
A0A0A0PVL7	A0A0A0PVL7	train
A0A0A0Q4S7	A0A0A0Q4S7	validation
A0A0A0R2Z1	A0A0A0R2Z1	train
A0A0A0RDZ8	A0A0A0RDZ8	train
A0A0A0V7L5	A0A0A0V7L5	train
A0A0A0WA73	A0A0A0WA73	test
A0A0A0Y4H8	A0A0A0Y4H8	train
A0A0A1C3U6	A0A0A1C3U6	train
A0A0A1DYR7	A0A0A1DYR7	train
A0A0A1DZ36	A0A0A1DZ36	train
A0A0A1E7P5	A0A0A1E7P5	train
A0A0A1EI83	A0A0A1EI83	test
A0A0A1H8D7	A0A0A1H8D7	train
A0A0A1H8I4	A0A0A1H8I4	train
A0A0A1HAT7	A0A0A1HAT7	train
A0A0A2SLZ4	A0A0A2SLZ4	validation
A0A0A7AN31	A0A0A7AN31	train
A0A0A7ANT1	A0A0A7ANT1	train
A0A0A7CK57	A0A0A7CK57	test
A0A0A7EQR3	A0A0A7EQR3	train
A0A0A7H6F4	A0A0A7H6F4	train
A0A0A7H9C0	A0A0A7H9C0	train
A0A0A7H9U0	A0A0A7H9U0	test
A0A0A7HLG5	A0A0A7HLG5	train
A0A0A7I435	A0A0A7I435	test
A0A0A7RCI7	A0A0A7RCI7	train
A0A0A7RRF2	A0A0A7RRF2	validation
A0A0B2V3X6	A0A0B2V3X6	train
A0A0B4RUW2	A0A0B4RUW2	train
A0A0B4UL66	A0A0B4UL66	train
A0A0B4VSM7	A0A0B4VSM7	test
A0A0B5CSE1	A0A0B5CSE1	train
A0A0B5GQL6	A0A0B5GQL6	test
A0A0B5JT51	A0A0B5JT51	train
A0A0B5L773	A0A0B5L773	train
A0A0B6VMB0	A0A0B6VMB0	train
A0A0B6VSN3	A0A0B6VSN3	train
A0A0B6XK99	A0A0B6XK99	train
A0A0C4JZB0	A0A0C4JZB0	train
A0A0C4WTK3	A0A0C4WTK3	train
A0A0C4XY83	A0A0C4XY83	train
A0A0C4Y3B2	A0A0C4Y3B2	validation
A0A0C5CE51	A0A0C5CE51	validation
A0A0C5GVW3	A0A0C5GVW3	train
A0A0C5GWS2	A0A0C5GWS2	test
A0A0C5H8Q7	A0A0C5H8Q7	train
A0A0C5PRQ1	A0A0C5PRQ1	test
A0A0C5QH30	A0A0C5QH30	validation
A0A0C5VFC0	A0A0C5VFC0	train
A0A0C6DRW4	A0A0C6DRW4	train
A0A0C6E754	A0A0C6E754	train
A0A0C6EUC4	A0A0C6EUC4	validation
A0A0C6EX43	A0A0C6EX43	train
A0A0C7ADU5	A0A0C7ADU5	test
A0A0C7DVW3	A0A0C7DVW3	train
A0A0D1BZQ4	A0A0D1BZQ4	train
A0A0D1DYW4	A0A0D1DYW4	train
A0A0D1XZI7	A0A0D1XZI7	train
A0A0D3MA54	A0A0D3MA54	train
A0A0D3R1A0	A0A0D3R1A0	train
A0A0D5A4E4	A0A0D5A4E4	train
A0A0D5A4L3	A0A0D5A4L3	train
A0A0D5ZYA4	A0A0D5ZYA4	test
A0A0D7Q864	A0A0D7Q864	train
A0A0D8DNG2	A0A0D8DNG2	train
A0A0E0UUX4	A0A0E0UUX4	train
A0A0E2M090	A0A0E2M090	test
A0A0E3D8K7	A0A0E3D8K7	train
A0A0E3GVY6	A0A0E3GVY6	test
A0A0E3JDD8	A0A0E3JDD8	train
A0A0E3JXD9	A0A0E3JXD9	train
A0A0E3SSZ6	A0A0E3SSZ6	test
A0A0E3T3B5	A0A0E3T3B5	train
A0A0E3T552	A0A0E3T552	train
A0A0E3U204	A0A0E3U204	test
A0A0E3VIU5	A0A0E3VIU5	train
A0A0E3Y582	A0A0E3Y582	train
A0A0E4AX59	A0A0E4AX59	train
A0A0E4AY21	A0A0E4AY21	test
A0A0E4B3N6	A0A0E4B3N6	train
A0A0E4CER9	A0A0E4CER9	train
A0A0E4GVV3	A0A0E4GVV3	train
A0A0F6N3N1	A0A0F6N3N1	test
A0A0F6N6D4	A0A0F6N6D4	train
A0A0F6PAZ3	A0A0F6PAZ3	test
A0A0F6PB63	A0A0F6PB63	train
A0A0F6QDD4	A0A0F6QDD4	train
A0A0F6QU36	A0A0F6QU36	train
A0A0F6SIA9	A0A0F6SIA9	train
A0A0F6TMI2	A0A0F6TMI2	train
A0A0F6WBJ2	A0A0F6WBJ2	train
A0A0F7C8X0	A0A0F7C8X0	train
A0A0F7EVN0	A0A0F7EVN0	train
A0A0F7JI94	A0A0F7JI94	train
A0A0F7KL65	A0A0F7KL65	train
A0A0F7MX47	A0A0F7MX47	train
A0A0F7MYK0	A0A0F7MYK0	train
A0A0F7N1T1	A0A0F7N1T1	train
A0A0F7Q1T8	A0A0F7Q1T8	train
A0A0F7R1D9	A0A0F7R1D9	train
A0A0F7R932	A0A0F7R932	train
A0A0F7TAS1	A0A0F7TAS1	train
A0A0F7VJ89	A0A0F7VJ89	validation
A0A0F7VP60	A0A0F7VP60	train
A0A0F7X030	A0A0F7X030	train
A0A0F7YYA5	A0A0F7YYA5	train
A0A0G2K1W9	A0A0G2K1W9	train
A0A0G2K502	A0A0G2K502	test
A0A0G2QUN1	A0A0G2QUN1	train
A0A0G2R4X7	A0A0G2R4X7	train
A0A0G2UEA5	A0A0G2UEA5	train
A0A0G2YFI9	A0A0G2YFI9	train
A0A0G3BIB7	A0A0G3BIB7	train
A0A0G3ZA16	A0A0G3ZA16	train
A0A0G4AKV1	A0A0G4AKV1	train
A0A0G4DBU7	A0A0G4DBU7	test
A0A0G4JRN2	A0A0G4JRN2	test
A0A0G4QKE4	A0A0G4QKE4	train
A0A0H0ZQK0	A0A0H0ZQK0	train
A0A0H2UN41	A0A0H2UN41	train
A0A0H2UNY1	A0A0H2UNY1	test
A0A0H2UP35	A0A0H2UP35	train
A0A0H2UPI3	A0A0H2UPI3	train
A0A0H2UQY4	A0A0H2UQY4	train
A0A0H2URG4	A0A0H2URG4	test
A0A0H2VDD2	A0A0H2VDD2	train
A0A0H2WVX4	A0A0H2WVX4	train
A0A0H2WZY4	A0A0H2WZY4	train
A0A0H2X5U3	A0A0H2X5U3	train
A0A0H2X8L7	A0A0H2X8L7	validation
A0A0H2X8L7	Q8P8J6	validation
A0A0H2XI76	A0A0H2XI76	train
A0A0H2YQI3	A0A0H2YQI3	train
A0A0H2YSJ7	A0A0H2YSJ7	train
A0A0H2Z9F1	A0A0H2Z9F1	test
A0A0H2Z9F5	A0A0H2Z9F5	test
A0A0H2ZB32	A0A0H2ZB32	train
A0A0H2ZF87	A0A0H2ZF87	validation
A0A0H2ZHZ0	A0A0H2ZHZ0	train
A0A0H2ZHZ8	A0A0H2ZHZ8	train
A0A0H2ZNP2	A0A0H2ZNP2	train
A0A0H2ZQ64	A0A0H2ZQ64	train
A0A0H2ZQZ4	A0A0H2ZQZ4	train
A0A0H3AFW5	A0A0H3AFW5	train
A0A0H3AMA6	A0A0H3AMA6	train
A0A0H3BY05	A0A0H3BY05	train
A0A0H3C8Q1	A0A0H3C8Q1	train
A0A0H3C9I3	A0A0H3C9I3	test
A0A0H3E2X6	A0A0H3E2X6	validation
A0A0H3FP92	A0A0H3FP92	train
A0A0H3FYM1	A0A0H3FYM1	train
A0A0H3FZT7	A0A0H3FZT7	train
A0A0H3G8U9	A0A0H3G8U9	validation
A0A0H3GB68	A0A0H3GB68	train
A0A0H3GCV8	A0A0H3GCV8	train
A0A0H3H393	A0A0H3H393	train
A0A0H3H964	A0A0H3H964	train
A0A0H3HE78	A0A0H3HE78	train
A0A0H3JER5	A0A0H3JER5	train
A0A0H3JPH0	A0A0H3JPH0	train
A0A0H3JT80	A0A0H3JT80	train
A0A0H3K7Y1	A0A0H3K7Y1	train
A0A0H3K9R1	A0A0H3K9R1	train
A0A0H3KB22	A0A0H3KB22	train
A0A0H3LLR0	A0A0H3LLR0	train
A0A0H3M8A2	A0A0H3M8A2	train
A0A0H3NB84	A0A0H3NB84	test
A0A0H3NGZ8	A0A0H3NGZ8	train
A0A0H3U0Y7	A0A0H3U0Y7	test
A0A0H3W535	A0A0H3W535	train
A0A0H3WC39	A0A0H3WC39	train
A0A0H3WG62	A0A0H3WG62	validation
A0A0H3WKG6	A0A0H3WKG6	train
A0A0H4FQ60	A0A0H4FQ60	train
A0A0H4ILM3	A0A0H4ILM3	train
A0A0H4J0K0	A0A0H4J0K0	train
A0A0H4SN47	A0A0H4SN47	train
A0A0H4U599	A0A0H4U599	train
A0A0H5BR52	A0A0H5BR52	train
A0A0H5S3P5	A0A0H5S3P5	test
A0A0I9QGZ2	A0A0I9QGZ2	test
A0A0J2E2M6	A0A0J2E2M6	train
A0A0J9X1M8	A0A0J9X1M8	test
A0A0J9X283	A0A0J9X283	train
A0A0K0M737	A0A0K0M737	train
A0A0K0Q1Y2	A0A0K0Q1Y2	test
A0A0K0XHU0	A0A0K0XHU0	validation
A0A0K1E2F9	A0A0K1E2F9	train
A0A0K1P4J7	A0A0K1P4J7	train
A0A0K2E5X6	A0A0K2E5X6	train
A0A0K2F2K4	A0A0K2F2K4	test
A0A0K2GVV7	A0A0K2GVV7	train
A0A0K2RV92	A0A0K2RV92	train
A0A0K2S4R5	A0A0K2S4R5	train
A0A0K2SQX3	A0A0K2SQX3	train
A0A0K2SQX4	A0A0K2SQX4	validation
A0A0K2SQZ9	A0A0K2SQZ9	train
A0A0K2SRV3	A0A0K2SRV3	train
A0A0K2X0F2	A0A0K2X0F2	train
A0A0K8P6T7	A0A0K8P6T7	train
A0A0M3KL45	A0A0M3KL45	train
A0A0M3KL46	A0A0M3KL46	validation
A0A0M3PZA4	A0A0M3PZA4	train
A0A0M3Q1Q3	A0A0M3Q1Q3	test
A0A0M3TGF7	A0A0M3TGF7	train
A0A0M3VGH5	A0A0M3VGH5	train
A0A0M3VI47	A0A0M3VI47	validation
A0A0M4HL56	A0A0M4HL56	train
A0A0M4J2R3	A0A0M4J2R3	train
A0A0M4MCX5	A0A0M4MCX5	train
A0A0M4N1K4	A0A0M4N1K4	train
A0A0M4N5N7	A0A0M4N5N7	test
A0A0M4NDK0	A0A0M4NDK0	test
A0A0M4S9Q1	A0A0M4S9Q1	train
A0A0M5K823	A0A0M5K823	train
A0A0N7AXL7	A0A0N7AXL7	test
A0A0N7E7X2	A0A0N7E7X2	train
A0A0N7IZL9	A0A0N7IZL9	train
A0A0N9FGL8	A0A0N9FGL8	train
A0A0N9GZK8	A0A0N9GZK8	train
A0A0N9HMW6	A0A0N9HMW6	train
A0A0N9LQI1	A0A0N9LQI1	train
A0A0N9LQL8	A0A0N9LQL8	train
A0A0N9WRG3	A0A0N9WRG3	train
A0A0P0DIY6	A0A0P0DIY6	train
A0A0P0E6S3	A0A0P0E6S3	test
A0A0P0IJ73	A0A0P0IJ73	train
A0A0P0ISK8	A0A0P0ISK8	validation
A0A0P0IZM9	A0A0P0IZM9	train
A0A0P0UPC6	A0A0P0UPC6	test
A0A0P0W2E0	A0A0P0W2E0	train
A0A0P0YNP7	A0A0P0YNP7	train
A0A0P0YP15	A0A0P0YP15	test
A0A0P1DJE3	A0A0P1DJE3	train
A0A0R1RJ30	A0A0R1RJ30	train
A0A0R7QWN6	A0A0R7QWN6	train
A0A0R7QX11	A0A0R7QX11	test
A0A0S0FTT9	A0A0S0FTT9	train
A0A0S1NK17	A0A0S1NK17	test
A0A0S1X9V3	A0A0S1X9V3	train
A0A0S2E8T0	A0A0S2E8T0	train
A0A0S2I591	A0A0S2I591	train
A0A0S2I5F8	A0A0S2I5F8	train
A0A0S2I9J6	A0A0S2I9J6	train
A0A0S2UQQ5	A0A0S2UQQ5	train
A0A0S2VC96	A0A0S2VC96	train
A0A0S3TVE8	A0A0S3TVE8	train
A0A0S3WYP3	A0A0S3WYP3	test
A0A0S3X5N5	A0A0S3X5N5	train
A0A0T6DN91	A0A0T6DN91	train
A0A0U1MUE2	A0A0U1MUE2	test
A0A0U1QTI9	A0A0U1QTI9	train
A0A0U1RGY0	A0A0U1RGY0	train
A0A0U1WKA6	A0A0U1WKA6	test
A0A0U1X631	A0A0U1X631	validation
A0A0U1ZF25	A0A0U1ZF25	train
A0A0U2D6P6	A0A0U2D6P6	test
A0A0U2LZJ6	A0A0U2LZJ6	train
A0A0U2RV57	A0A0U2RV57	test
A0A0U2US60	A0A0U2US60	train
A0A0U3JTC9	A0A0U3JTC9	train
A0A0U3U5E8	A0A0U3U5E8	train
A0A0U4HGR1	A0A0U4HGR1	train
A0A0U4MRI4	A0A0U4MRI4	train
A0A0U4MTX7	A0A0U4MTX7	train
A0A0U4VEK2	A0A0U4VEK2	train
A0A0U4VTN7	A0A0U4VTN7	train
A0A0U5A554	A0A0U5A554	train
A0A0U5AKI6	A0A0U5AKI6	train
A0A0U5BQA3	A0A0U5BQA3	train
A0A0U5F702	A0A0U5F702	train
A0A0U5FNC1	A0A0U5FNC1	test
A0A0U5KG73	A0A0U5KG73	train
A0A0W1QGK2	A0A0W1QGK2	train
A0A0X1KHE6	A0A0X1KHE6	train
A0A0X9E4F6	A0A0X9E4F6	train
A0A0X9FVC0	A0A0X9FVC0	train
A0A0X9PFK4	A0A0X9PFK4	train
A0A109P1X1	A0A109P1X1	test
A0A109P632	A0A109P632	train
A0A110AZ24	A0A110AZ24	train
A0A116LEI2	A0A116LEI2	train
A0A120MXL9	A0A120MXL9	train
A0A120MXM2	A0A120MXM2	train
A0A120MXM3	A0A120MXM3	train
A0A125QVX1	A0A125QVX1	train
A0A125R6G8	A0A125R6G8	train
A0A125S6K7	A0A125S6K7	train
A0A125S6K8	A0A125S6K8	train
A0A125SUY5	A0A125SUY5	train
A0A125T1T4	A0A125T1T4	train
A0A125T1T5	A0A125T1T5	train
A0A125YMC0	A0A125YMC0	train
A0A125YXL3	A0A125YXL3	train
A0A127CMI7	A0A127CMI7	train
A0A127F6U7	A0A127F6U7	train
A0A127F985	A0A127F985	train
A0A127F9C1	A0A127F9C1	train
A0A127JBT0	A0A127JBT0	train
A0A133Q8U5	A0A133Q8U5	train
A0A140CUL9	A0A140CUL9	train
A0A140CWW4	A0A140CWW4	train
A0A140D8I8	A0A140D8I8	test
A0A140JW76	A0A140JW76	train
A0A140JW77	A0A140JW77	train
A0A140N3B4	A0A140N3B4	validation
A0A140N5X9	A0A140N5X9	train
A0A140N893	A0A140N893	train
A0A140N932	A0A140N932	train
A0A140NEG9	A0A140NEG9	train
A0A141BQM9	A0A141BQM9	train
A0A141NXG8	A0A141NXG8	train
A0A142EHU4	A0A142EHU4	train
A0A142G555	A0A142G555	train
A0A142LT01	A0A142LT01	train
A0A142UTH4	A0A142UTH4	train
A0A142ZC57	A0A142ZC57	train
A0A143G976	A0A143G976	train
A0A143T1M7	A0A143T1M7	train
A0A144QFN1	A0A144QFN1	train
A0A144YEA5	A0A144YEA5	train
A0A145Y386	A0A145Y386	train
A0A145YEM9	A0A145YEM9	test
A0A146F0J0	A0A146F0J0	train
A0A146FAY1	A0A146FAY1	train
A0A146FAZ1	A0A146FAZ1	test
A0A150CP14	A0A150CP14	train
A0A150QXP6	A0A150QXP6	train
A0A158RFS7	A0A158RFS7	train
A0A160PRJ4	A0A160PRJ4	train
A0A160PV21	A0A160PV21	validation
A0A161IUT7	A0A161IUT7	train
A0A165QBG6	A0A165QBG6	train
A0A166HLT6	A0A166HLT6	test
A0A167KLN5	A0A167KLN5	test
A0A167V6N5	A0A167V6N5	train
A0A167Z3Z6	A0A167Z3Z6	train
A0A168GPL0	A0A168GPL0	test
A0A168GPQ3	A0A168GPQ3	train
A0A168GPR3	A0A168GPR3	train
A0A168KIJ9	A0A168KIJ9	test
A0A168VCK5	A0A168VCK5	train
A0A169PW02	A0A169PW02	train
A0A171	A0A171	train
A0A172EJV6	A0A172EJV6	train
A0A172MAU1	A0A172MAU1	train
A0A172MJX5	A0A172MJX5	train
A0A172Q4D8	A0A172Q4D8	test
A0A172WCE4	A0A172WCE4	train
A0A173DUJ5	A0A173DUJ5	train
A0A173MZJ8	A0A173MZJ8	train
A0A176VPW0	A0A176VPW0	train
A0A177YY42	A0A177YY42	train
A0A178U4P5	A0A178U4P5	train
A0A178WMD4	A0A178WMD4	train
A0A179FQV9	A0A179FQV9	train
A0A185NWC6	A0A185NWC6	train
A0A191KCR0	A0A191KCR0	train
A0A191KCR1	A0A191KCR1	train
A0A191KCR2	A0A191KCR2	train
A0A191T887	A0A191T887	train
A0A191T893	A0A191T893	train
A0A191W0D9	A0A191W0D9	train
A0A191ZDL6	A0A191ZDL6	train
A0A192GPZ8	A0A192GPZ8	train
A0A192YD12	A0A192YD12	validation
A0A193DXA9	A0A193DXA9	test
A0A193DXP2	A0A193DXP2	train
A0A193PYR8	A0A193PYR8	train
A0A1A5VII5	A0A1A5VII5	train
A0A1A6GB48	A0A1A6GB48	train
A0A1A9GS29	A0A1A9GS29	test
A0A1B0WVE7	A0A1B0WVE7	train
A0A1B1FIV8	A0A1B1FIV8	train
A0A1B1FIW0	A0A1B1FIW0	train
A0A1B1FIW2	A0A1B1FIW2	train
A0A1B1FIZ1	A0A1B1FIZ1	train
A0A1B1FUW4	A0A1B1FUW4	test
A0A1B1KJ01	A0A1B1KJ01	train
A0A1B1L2T7	A0A1B1L2T7	train
A0A1B1LML0	A0A1B1LML0	train
A0A1B1LZ58	A0A1B1LZ58	train
A0A1B1MQM8	A0A1B1MQM8	train
A0A1B1NX89	A0A1B1NX89	train
A0A1B1PF34	A0A1B1PF34	train
A0A1B1PGG4	A0A1B1PGG4	test
A0A1B1PJB0	A0A1B1PJB0	test
A0A1B1PJB7	A0A1B1PJB7	train
A0A1B1V537	A0A1B1V537	train
A0A1B1V538	A0A1B1V538	train
A0A1B1W6Z7	A0A1B1W6Z7	train
A0A1B1WA13	A0A1B1WA13	train
A0A1B1WA14	A0A1B1WA14	train
A0A1B1X3I2	A0A1B1X3I2	train
A0A1B1Y261	A0A1B1Y261	train
A0A1B1Y5P4	A0A1B1Y5P4	train
A0A1B1Y7V0	A0A1B1Y7V0	test
A0A1B2BII0	A0A1B2BII0	train
A0A1B2CX88	A0A1B2CX88	test
A0A1B2F298	A0A1B2F298	train
A0A1B2K4A7	A0A1B2K4A7	test
A0A1B3EB36	A0A1B3EB36	train
A0A1B3TNR9	A0A1B3TNR9	train
A0A1B4XTS0	A0A1B4XTS0	train
A0A1B4Z3V0	A0A1B4Z3V0	train
A0A1B5G0A1	A0A1B5G0A1	train
A0A1C7AAM8	A0A1C7AAM8	test
A0A1C8M582	A0A1C8M582	train
A0A1C8M593	A0A1C8M593	test
A0A1C9CXI1	A0A1C9CXI1	train
A0A1C9EFW4	A0A1C9EFW4	train
A0A1C9U5X5	A0A1C9U5X5	train
A0A1C9V3R0	A0A1C9V3R0	train
A0A1C9V3R4	A0A1C9V3R4	test
A0A1C9V3R6	A0A1C9V3R6	train
A0A1C9V3S9	A0A1C9V3S9	train
A0A1C9ZZ39	A0A1C9ZZ39	train
A0A1D0BQV8	A0A1D0BQV8	train
A0A1D3TV18	A0A1D3TV18	validation
A0A1D5NU03	A0A1D5NU03	train
A0A1D5VHV8	A0A1D5VHV8	test
A0A1D5YL35	A0A1D5YL35	train
A0A1D7YZ01	A0A1D7YZ01	train
A0A1D8D5T2	A0A1D8D5T2	train
A0A1D8DGR2	A0A1D8DGR2	test
A0A1D8EJG8	A0A1D8EJG8	train
A0A1D8GRD5	A0A1D8GRD5	test
A0A1D8NJ27	A0A1D8NJ27	train
A0A1D8PEU2	A0A1D8PEU2	test
A0A1D8PG20	A0A1D8PG20	train
A0A1D8PQ07	A0A1D8PQ07	train
A0A1D8PQL3	A0A1D8PQL3	train
A0A1D9CEW3	A0A1D9CEW3	test
A0A1E1FFN6	A0A1E1FFN6	validation
A0A1E1GL61	A0A1E1GL61	train
A0A1E1GL87	A0A1E1GL87	test
A0A1E7YQH3	A0A1E7YQH3	train
A0A1G8DI07	A0A1G8DI07	train
A0A1G9FQX8	A0A1G9FQX8	test
A0A1I0U0N3	A0A1I0U0N3	train
A0A1I7MT66	A0A1I7MT66	train
A0A1I9LPQ6	A0A1I9LPQ6	train
A0A1J0AHX8	A0A1J0AHX8	train
A0A1J1DVP9	A0A1J1DVP9	train
A0A1J1EM40	A0A1J1EM40	test
A0A1J4N453	A0A1J4N453	train
A0A1J4YSL8	A0A1J4YSL8	train
A0A1J9W3F9	A0A1J9W3F9	train
A0A1L1VVY8	A0A1L1VVY8	train
A0A1L1YPD7	A0A1L1YPD7	validation
A0A1L1Z440	A0A1L1Z440	train
A0A1L2BH72	A0A1L2BH72	train
A0A1L2F0V9	A0A1L2F0V9	train
A0A1L3GZ76	A0A1L3GZ76	train
A0A1L3THR9	A0A1L3THR9	train
A0A1L4FQZ9	A0A1L4FQZ9	validation
A0A1L5IUR2	A0A1L5IUR2	train
A0A1L5JYH9	A0A1L5JYH9	train
A0A1L6Z980	A0A1L6Z980	train
A0A1L7HA00	A0A1L7HA00	train
A0A1L7NZN4	A0A1L7NZN4	train
A0A1L9P8I4	A0A1L9P8I4	train
A0A1P8L1E1	A0A1P8L1E1	train
A0A1P8VSL7	A0A1P8VSL7	validation
A0A1Q2SVY7	A0A1Q2SVY7	train
A0A1Q2T258	A0A1Q2T258	train
A0A1Q2U2F1	A0A1Q2U2F1	train
A0A1Q2U2F5	A0A1Q2U2F5	train
A0A1Q2U2H0	A0A1Q2U2H0	train
A0A1Q2U3E4	A0A1Q2U3E4	train
A0A1R1AUM9	A0A1R1AUM9	train
A0A1R4FYB1	A0A1R4FYB1	test
A0A1R7T3A4	A0A1R7T3A4	test
A0A1S0QVH4	A0A1S0QVH4	train
A0A1S0QXP6	A0A1S0QXP6	test
A0A1S1GKD7	A0A1S1GKD7	test
A0A1S1YTI6	A0A1S1YTI6	train
A0A1S2B2X3	A0A1S2B2X3	train
A0A1S2XQM1	A0A1S2XQM1	train
A0A1S5T4Z0	A0A1S5T4Z0	train
A0A1S5V3K5	A0A1S5V3K5	validation
A0A1S5VH74	A0A1S5VH74	test
A0A1S5WII4	A0A1S5WII4	test
A0A1S5XVA5	A0A1S5XVA5	train
A0A1S6JYL1	A0A1S6JYL1	test
A0A1S6LQU0	A0A1S6LQU0	train
A0A1S6LQU1	A0A1S6LQU1	train
A0A1S6LQU3	A0A1S6LQU3	train
A0A1S6LQU6	A0A1S6LQU6	train
A0A1S6LQU9	A0A1S6LQU9	train
A0A1S6LQW6	A0A1S6LQW6	train
A0A1S6LQW7	A0A1S6LQW7	train
A0A1S6LQX4	A0A1S6LQX4	train
A0A1S6Q8F9	A0A1S6Q8F9	train
A0A1S6WME7	A0A1S6WME7	validation
A0A1S6XWY4	A0A1S6XWY4	test
A0A1S6XZP1	A0A1S6XZP1	train
A0A1S6YJF3	A0A1S6YJF3	train
A0A1U7EWW7	A0A1U7EWW7	test
A0A1U7Q1U3	A0A1U7Q1U3	train
A0A1U7Z3Y9	A0A1U7Z3Y9	train
A0A1U8QU02	A0A1U8QU02	train
A0A1U8X5K7	A0A1U8X5K7	train
A0A1V0D8Y5	A0A1V0D8Y5	train
A0A1V0ELS9	A0A1V0ELS9	train
A0A1V0FWX7	A0A1V0FWX7	validation
A0A1V0FWZ3	A0A1V0FWZ3	train
A0A1V0M5M0	A0A1V0M5M0	validation
A0A1V0NIQ5	A0A1V0NIQ5	train
A0A1V0QH26	A0A1V0QH26	train
A0A1W1WDM4	A0A1W1WDM4	train
A0A1W1WET7	A0A1W1WET7	train
A0A1W5QBK3	A0A1W5QBK3	train
A0A1W5YNV1	A0A1W5YNV1	train
A0A1W6AKT2	A0A1W6AKT2	test
A0A1W6ALG2	A0A1W6ALG2	train
A0A1W6ALG8	A0A1W6ALG8	train
A0A1W6DZL1	A0A1W6DZL1	test
A0A1W6GW06	A0A1W6GW06	train
A0A1W6GW18	A0A1W6GW18	train
A0A1W6GW32	A0A1W6GW32	train
A0A1W6R2C1	A0A1W6R2C1	validation
A0A1X9ISP7	A0A1X9ISP7	test
A0A1X9JQM7	A0A1X9JQM7	train
A0A1X9Y2Y6	A0A1X9Y2Y6	validation
A0A1Y0E209	A0A1Y0E209	validation
A0A1Y2HEJ3	A0A1Y2HEJ3	train
A0A1Y3Q6Q6	A0A1Y3Q6Q6	train
A0A1Y9TFD9	A0A1Y9TFD9	test
A0A1Z2QRD5	A0A1Z2QRD5	train
A0A1Z2QRE2	A0A1Z2QRE2	test
A0A1Z2RWY4	A0A1Z2RWY4	train
A0A1Z3GCD1	A0A1Z3GCD1	train
A0A218MJF1	A0A218MJF1	train
A0A218NGS0	A0A218NGS0	train
A0A220NLA7	A0A220NLA7	train
A0A220T1Z2	A0A220T1Z2	test
A0A221LFZ6	A0A221LFZ6	test
A0A222C758	A0A222C758	test
A0A223AMX9	A0A223AMX9	test
A0A223FUT7	A0A223FUT7	train
A0A223GEG1	A0A223GEG1	test
A0A223K4L6	A0A223K4L6	train
A0A223KY92	A0A223KY92	train
A0A223LRZ7	A0A223LRZ7	train
A0A224ALZ8	A0A224ALZ8	train
A0A228BX09	A0A228BX09	train
A0A248QF88	A0A248QF88	train
A0A251UH44	A0A251UH44	train
A0A251UZF1	A0A251UZF1	test
A0A286JZ59	A0A286JZ59	test
A0A286JZ72	A0A286JZ72	test
A0A286K338	A0A286K338	train
A0A286LNP2	A0A286LNP2	validation
A0A286PT85	A0A286PT85	test
A0A286Q5D2	A0A286Q5D2	train
A0A286QJY9	A0A286QJY9	train
A0A286R7K5	A0A286R7K5	validation
A0A286R847	A0A286R847	test
A0A286S1Z7	A0A286S1Z7	validation
A0A286S200	A0A286S200	train
A0A286S218	A0A286S218	train
A0A286S6I1	A0A286S6I1	train
A0A286XL02	A0A286XL02	train
A0A287BBZ0	A0A287BBZ0	validation
A0A288W730	A0A288W730	train
A0A290N3S7	A0A290N3S7	test
A0A290U7B6	A0A290U7B6	test
A0A291I5R3	A0A291I5R3	train
A0A291LTQ0	A0A291LTQ0	train
A0A292GEP7	A0A292GEP7	train
A0A292GFI2	A0A292GFI2	train
A0A2B6CE99	A0A2B6CE99	train
A0A2C9ETQ7	A0A2C9ETQ7	train
A0A2C9EVE6	A0A2C9EVE6	train
A0A2D1N4Z8	A0A2D1N4Z8	train
A0A2D3HJ61	A0A2D3HJ61	train
A0A2G7G4Y0	A0A2G7G4Y0	train
A0A2H4ER88	A0A2H4ER88	test
A0A2H4PJM1	A0A2H4PJM1	test
A0A2H4PJM2	A0A2H4PJM2	train
A0A2H4PJM7	A0A2H4PJM7	train
A0A2H4PKA2	A0A2H4PKA2	train
A0A2H4QH72	A0A2H4QH72	train
A0A2H4RAB6	A0A2H4RAB6	train
A0A2H4RAC5	A0A2H4RAC5	train
A0A2H4V677	A0A2H4V677	validation
A0A2H4W727	A0A2H4W727	train
A0A2H4Z8F4	A0A2H4Z8F4	train
A0A2H5BHJ6	A0A2H5BHJ6	train
A0A2I2LGB3	A0A2I2LGB3	train
A0A2I4KDZ0	A0A2I4KDZ0	train
A0A2I6STS0	A0A2I6STS0	train
A0A2I6U1R0	A0A2I6U1R0	train
A0A2I6U1R5	A0A2I6U1R5	validation
A0A2I7M6F6	A0A2I7M6F6	train
A0A2I7SX03	A0A2I7SX03	train
A0A2I9	A0A2I9	test
A0A2K1JMA3	A0A2K1JMA3	train
A0A2K3E3Z9	A0A2K3E3Z9	train
A0A2K9Y5T7	A0A2K9Y5T7	train
A0A2L0E8U4	A0A2L0E8U4	train
A0A2L0E8V5	A0A2L0E8V5	test
A0A2L2R220	A0A2L2R220	train
A0A2N0UQI0	A0A2N0UQI0	train
A0A2N5WD20	A0A2N5WD20	test
A0A2P0HD08	A0A2P0HD08	validation
A0A2P1BRR8	A0A2P1BRR8	train
A0A2P1G1K5	A0A2P1G1K5	train
A0A2P1G7E2	A0A2P1G7E2	train
A0A2P9J4V0	A0A2P9J4V0	train
A0A2R4K332	A0A2R4K332	train
A0A2T4C4X5	A0A2T4C4X5	test
A0A2U6TC85	A0A2U6TC85	train
A0A2U8JGA6	A0A2U8JGA6	train
A0A2U8JPY3	A0A2U8JPY3	train
A0A2U8LMQ1	A0A2U8LMQ1	train
A0A2U8LMQ3	A0A2U8LMQ3	train
A0A2U8ZSD8	A0A2U8ZSD8	validation
A0A2U9GGW3	A0A2U9GGW3	train
A0A2U9GHG9	A0A2U9GHG9	train
A0A2U9N624	A0A2U9N624	train
A0A2U9N6D2	A0A2U9N6D2	test
A0A2U9Q8K4	A0A2U9Q8K4	train
A0A2U9Q8M3	A0A2U9Q8M3	test
A0A2W4GVN6	A0A2W4GVN6	test
A0A2X2Y2S3	A0A2X2Y2S3	train
A0A2Y0HLE8	A0A2Y0HLE8	train
A0A2Y9CJ10	A0A2Y9CJ10	train
A0A2Z4EVE5	A0A2Z4EVE5	train
A0A2Z4MEX9	A0A2Z4MEX9	train
A0A2Z5J5J9	A0A2Z5J5J9	test
A0A2Z5TTR4	A0A2Z5TTR4	test
A0A2Z5U248	A0A2Z5U248	train
A0A2Z5U3T3	A0A2Z5U3T3	train
A0A2Z5U421	A0A2Z5U421	train
A0A2Z5V6P3	A0A2Z5V6P3	train
A0A2Z5V6P8	A0A2Z5V6P8	train
A0A2Z5V6P9	A0A2Z5V6P9	train
A0A2Z5VC92	A0A2Z5VC92	train
A0A2Z5VGL1	A0A2Z5VGL1	train
A0A2Z5VGM9	A0A2Z5VGM9	test
A0A2Z5VGN0	A0A2Z5VGN0	validation
A0A2Z5VGV8	A0A2Z5VGV8	train
A0A2Z5VL17	A0A2Z5VL17	train
A0A2Z6BCG6	A0A2Z6BCG6	train
A0A2Z6BLR4	A0A2Z6BLR4	train
A0A2Z6G0Q7	A0A2Z6G0Q7	test
A0A2Z6G7P5	A0A2Z6G7P5	train
A0A2Z6G7T9	A0A2Z6G7T9	validation
A0A2Z6IAJ2	A0A2Z6IAJ2	train
A0A345K402	A0A345K402	train
A0A346FEE5	A0A346FEE5	train
A0A346FEE6	A0A346FEE6	validation
A0A346FH09	A0A346FH09	train
A0A346PXS9	A0A346PXS9	validation
A0A346PYQ5	A0A346PYQ5	train
A0A346XR64	A0A346XR64	train
A0A379KX44	A0A379KX44	validation
A0A380NDK1	A0A380NDK1	train
A0A380WRS7	A0A380WRS7	test
A0A384E136	A0A384E136	train
A0A384J5R9	A0A384J5R9	train
A0A384ZRB9	A0A384ZRB9	train
A0A385J6X8	A0A385J6X8	train
A0A385J6Y9	A0A385J6Y9	train
A0A385TZ63	A0A385TZ63	train
A0A386GY48	A0A386GY48	train
A0A386GY52	A0A386GY52	train
A0A386IRJ1	A0A386IRJ1	train
A0A386YJ14	A0A386YJ14	train
A0A387IZV4	A0A387IZV4	validation
A0A387K406	A0A387K406	train
A0A399G7U0	A0A399G7U0	train
A0A3B6UEP6	A0A3B6UEP6	train
A0A3B6UEQ6	A0A3B6UEQ6	train
A0A3E2N0G4	A0A3E2N0G4	train
A0A3G1ICG7	A0A3G1ICG7	train
A0A3G2YMH7	A0A3G2YMH7	train
A0A3G3BK08	A0A3G3BK08	train
A0A3G3NI51	A0A3G3NI51	train
A0A3G4RHV5	A0A3G4RHV5	train
A0A3G4RI75	A0A3G4RI75	train
A0A3G5E8S8	A0A3G5E8S8	train
A0A3G9E319	A0A3G9E319	train
A0A3G9FT71	A0A3G9FT71	train
A0A3L6F337	A0A3L6F337	test
A0A3M7JTD4	A0A3M7JTD4	train
A0A3Q0KZS1	A0A3Q0KZS1	test
A0A3Q1MJ30	A0A3Q1MJ30	train
A0A3Q1MVP2	A0A3Q1MVP2	train
A0A3Q8S421	A0A3Q8S421	train
A0A3Q9CZQ1	A0A3Q9CZQ1	train
A0A3Q9KTF8	A0A3Q9KTF8	train
A0A3R5WSX8	A0A3R5WSX8	validation
A0A3S4PHH6	A0A3S4PHH6	train
A0A3S5HJL9	A0A3S5HJL9	validation
A0A3S5YA89	A0A3S5YA89	train
A0A3S5ZPF7	A0A3S5ZPF7	train
A0A3S6IVW5	A0A3S6IVW5	test
A0A3S7PMB5	A0A3S7PMB5	test
A0A3S7PMC4	A0A3S7PMC4	train
A0A3S7WWI2	A0A3S7WWI2	test
A0A3S8RK07	A0A3S8RK07	train
A0A3T0KHC6	A0A3T0KHC6	train
A0A3T0YV60	A0A3T0YV60	train
A0A3T0YV67	A0A3T0YV67	train
A0A401H9D3	A0A401H9D3	train
A0A410UCT3	A0A410UCT3	train
A0A411PNH6	A0A411PNH6	train
A0A411PNL0	A0A411PNL0	train
A0A451ENJ9	A0A451ENJ9	validation
A0A451FEC8	A0A451FEC8	train
A0A455KZK8	A0A455KZK8	test
A0A481MY41	A0A481MY41	validation
A0A482EWM9	A0A482EWM9	train
A0A482F152	A0A482F152	test
A0A494WD27	A0A494WD27	train
A0A494WKI6	A0A494WKI6	train
A0A4D6BQ82	A0A4D6BQ82	train
A0A4D6BS73	A0A4D6BS73	validation
A0A4D6BS73	G2RCM8	validation
A0A4D6BT21	A0A4D6BT21	train
A0A4D6J6N6	A0A4D6J6N6	train
A0A4D6J6W7	A0A4D6J6W7	train
A0A4P6X2C3	A0A4P6X2C3	train
A0A4P8GNL5	A0A4P8GNL5	train
A0A4P8XUU6	A0A4P8XUU6	train
A0A4Q0VE60	A0A4Q0VE60	train
A0A4V7TJX0	A0A4V7TJX0	train
A0A542W0V0	A0A542W0V0	validation
A0A545BBR2	A0A545BBR2	train
A0A545BBS8	A0A545BBS8	train
A0A5A4PXL6	A0A5A4PXL6	test
A0A5B8TZA8	A0A5B8TZA8	train
A0A5E8GM52	A0A5E8GM52	train
A0A5J6CZH4	A0A5J6CZH4	train
A0A5K1QBJ4	A0A5K1QBJ4	test
A0A5Q8BPF5	A0A5Q8BPF5	train
A0A674DA32	A0A674DA32	train
A0A699ZU33	A0A699ZU33	train
A0A6B7HCZ2	A0A6B7HCZ2	test
A0A6B7HD48	A0A6B7HD48	train
A0A6C7EEG6	A0A6C7EEG6	train
A0A6F8T0V6	A0A6F8T0V6	train
A0A6G6VYG7	A0A6G6VYG7	validation
A0A6P3CW87	A0A6P3CW87	train
A0A7G4NVP1	A0A7G4NVP1	train
A0A7G4NVP2	A0A7G4NVP2	train
A0A8W8	A0A8W8	validation
A0B8F1	A0B8F1	test
A0EJ12	A0EJ12	train
A0EJ89	A0EJ89	train
A0EM56	A0EM56	train
A0EQW8	A0EQW8	train
A0FHA7	A0FHA7	validation
A0FHA8	A0FHA8	train
A0FHA9	A0FHA9	train
A0FHB0	A0FHB0	test
A0FHB1	A0FHB1	train
A0FHB2	A0FHB2	test
A0FHB3	A0FHB3	train
A0FIP8	A0FIP8	train
A0JC76	A0JC76	test
A0JC77	A0JC77	train
A0KL98	A0KL98	train
A0LR95	A0LR95	validation
A0LST6	A0LST6	train
A0LT86	A0LT86	train
A0MTG4	A0MTG4	train
A0NIJ1	A0NIJ1	test
A0NLY7	A0NLY7	test
A0P951	A0P951	train
A0PCH8	A0PCH8	train
A0PM49	A0PM49	train
A0Q5K1	A0Q5K1	train
A0QQS4	A0QQS4	test
A0QU81	A0QU81	train
A0QVM9	A0QVM9	test
A0QWG6	A0QWG6	train
A0QX60	A0QX60	train
A0QY48	A0QY48	train
A0QYR0	A0QYR0	test
A0QZ42	A0QZ42	train
A0R043	A0R043	test
A0R0P0	A0R0P0	train
A0R109	A0R109	train
A0R211	A0R211	train
A0R2E2	A0R2E2	test
A0R2E6	A0R2E6	train
A0R3C8	A0R3C8	train
A0R4I6	A0R4I6	test
A0R5N0	A0R5N0	train
A0R6D9	A0R6D9	train
A0S5Z5	A0S5Z5	test
A0SHR2	A0SHR2	train
A0SPA8	A0SPA8	train
A0SWL2	A0SWL2	train
A0SWS3	A0SWS3	train
A0SWS4	A0SWS4	train
A0SZU9	A0SZU9	train
A0T1V9	A0T1V9	train
A0ZXZ4	A0ZXZ4	test
A1A048	A1A048	train
A1A5H8	A1A5H8	train
A1B5I2	A1B5I2	train
A1B9E3	A1B9E3	train
A1BIV2	A1BIV2	train
A1BPG9	A1BPG9	test
A1C3J6	A1C3J6	train
A1C3J9	A1C3J9	train
A1CRX0	A1CRX0	train
A1CZ35	A1CZ35	train
A1DRD5	A1DRD5	validation
A1E2A6	A1E2A6	test
A1E2B6	A1E2B6	train
A1IG83	A1IG83	train
A1IHE6	A1IHE6	train
A1IHL0	A1IHL0	train
A1JHN0	A1JHN0	test
A1JMA5	A1JMA5	train
A1KU15	A1KU15	test
A1KZ88	A1KZ88	validation
A1R2C3	A1R2C3	validation
A1RDD3	A1RDD3	train
A1RUM9	A1RUM9	train
A1RVM8	A1RVM8	train
A1RX09	A1RX09	test
A1S0B1	A1S0B1	train
A1S3N8	A1S3N8	train
A1SCS9	A1SCS9	train
A1SUU0	A1SUU0	validation
A1T974	A1T974	train
A1TH50	A1TH50	test
A1U2T0	A1U2T0	train
A1U3L3	A1U3L3	train
A1VMN2	A1VMN2	train
A1X864	A1X864	train
A1XBT9	A1XBT9	validation
A1XG20	A1XG20	test
A1XP58	A1XP58	train
A1XWY7	A1XWY7	train
A1YLF1	A1YLF1	train
A1YLF2	A1YLF2	train
A1YPR3	A1YPR3	train
A1YQE2	A1YQE2	train
A1YR25	A1YR25	train
A1YYW7	A1YYW7	train
A1YZ22	A1YZ22	train
A1YZ23	A1YZ23	train
A1Z0K2	A1Z0K2	train
A2A1A1	A2A1A1	train
A2BD60	A2BD60	train
A2BIX4	A2BIX4	train
A2BJU2	A2BJU2	test
A2BLE9	A2BLE9	test
A2GH85	A2GH85	test
A2I9X8	A2I9X8	train
A2IBG2	A2IBG2	train
A2IBI0	A2IBI0	validation
A2ICG5	A2ICG5	train
A2ICG6	A2ICG6	train
A2ICH1	A2ICH1	train
A2QIR3	A2QIR3	train
A2QKT4	A2QKT4	train
A2QL72	A2QL72	train
A2QR21	A2QR21	validation
A2R1N3	A2R1N3	train
A2R4V5	A2R4V5	train
A2R6F5	A2R6F5	train
A2RNG4	A2RNG4	train
A2RNG5	A2RNG5	train
A2SZ52	A2SZ52	train
A2T1M5	A2T1M5	train
A2T1U6	A2T1U6	test
A2TBB4	A2TBB4	test
A2TBP7	A2TBP7	test
A2TEY6	A2TEY6	train
A2TLM3	A2TLM3	train
A2V663	A2V663	train
A2V7M5	A2V7M5	train
A2VA43	A2VA43	train
A2VBC4	A2VBC4	train
A2Z7C4	A2Z7C4	validation
A3C4S4	A3C4S4	train
A3D2G6	A3D2G6	test
A3DC06	A3DC06	train
A3DD67	A3DD67	train
A3DEX4	A3DEX4	train
A3DH67	A3DH67	train
A3DHT2	A3DHT2	train
A3DIL8	A3DIL8	train
A3DJ38	A3DJ38	train
A3DJL8	A3DJL8	train
A3DJQ6	A3DJQ6	train
A3DJS9	A3DJS9	train
A3DJX6	A3DJX6	train
A3DSX0	A3DSX0	train
A3E7Z6	A3E7Z6	train
A3E7Z7	A3E7Z7	test
A3F8V1	A3F8V1	train
A3F8V2	A3F8V2	train
A3F8Z8	A3F8Z8	train
A3F9M7	A3F9M7	test
A3FJ49	A3FJ49	train
A3FJ51	A3FJ51	train
A3FQA5	A3FQA5	train
A3GF05	A3GF05	validation
A3GF07	A3GF07	train
A3GHL4	A3GHL4	test
A3GHR6	A3GHR6	train
A3KCL7	A3KCL7	train
A3KEZ1	A3KEZ1	test
A3LY17	A3LY17	train
A3MSD2	A3MSD2	train
A3MSR0	A3MSR0	train
A3MTW6	A3MTW6	train
A3MUJ4	A3MUJ4	train
A3MUZ0	A3MUZ0	test
A3MV85	A3MV85	train
A3MWK6	A3MWK6	train
A3MWL6	A3MWL6	test
A3MWU9	A3MWU9	train
A3MWV9	A3MWV9	train
A3NS93	A3NS93	test
A3QQQ9	A3QQQ9	test
A3QSS7	A3QSS7	validation
A3R0T9	A3R0T9	test
A3RE51	A3RE51	train
A3REN3	A3REN3	test
A3RIY0	A3RIY0	train
A3RLW7	A3RLW7	train
A3TM80	A3TM80	test
A3UR40	A3UR40	test
A3UR41	A3UR41	train
A3UR44	A3UR44	train
A3UT33	A3UT33	test
A4ADB8	A4ADB8	train
A4CYJ9	A4CYJ9	test
A4D0H5	A4D0H5	train
A4F1Q6	A4F1Q6	test
A4F2N8	A4F2N8	train
A4F2S6	A4F2S6	test
A4FQE5	A4FQE5	train
A4GE69	A4GE69	train
A4GE70	A4GE70	train
A4GWX8	A4GWX8	test
A4GXA0	A4GXA0	train
A4H2J0	A4H2J0	train
A4H4P8	A4H4P8	train
A4H990	A4H990	train
A4HPM6	A4HPM6	validation
A4I1T8	A4I1T8	train
A4I213	A4I213	train
A4I2Z3	A4I2Z3	train
A4IB50	A4IB50	test
A4IJM8	A4IJM8	train
A4IP64	A4IP64	train
A4IPX2	A4IPX2	train
A4IQU1	A4IQU1	train
A4ISB9	A4ISB9	train
A4IU28	A4IU28	validation
A4K8Z1	A4K8Z1	test
A4K8Z2	A4K8Z2	train
A4KAG7	A4KAG7	train
A4KAG8	A4KAG8	validation
A4LA85	A4LA85	train
A4PEU6	A4PEU6	train
A4PF00	A4PF00	train
A4PIB0	A4PIB0	train
A4Q8H0	A4Q8H0	train
A4QUT2	A4QUT2	validation
A4R5S9	A4R5S9	train
A4SBK5	A4SBK5	train
A4UA16	A4UA16	test
A4URQ8	A4URQ8	train
A4UU22	A4UU22	validation
A4UU34	A4UU34	train
A4UU35	A4UU35	train
A4UU36	A4UU36	train
A4UU45	A4UU45	train
A4UU76	A4UU76	train
A4V929	A4V929	train
A4VLZ3	A4VLZ3	train
A4VMZ0	A4VMZ0	train
A4WMH3	A4WMH3	train
A4WRA3	A4WRA3	test
A4XGA6	A4XGA6	train
A4XGP2	A4XGP2	train
A4XHV7	A4XHV7	train
A4XIG7	A4XIG7	train
A4XJ56	A4XJ56	train
A4XJR7	A4XJR7	train
A4XJR8	A4XJR8	train
A4YDR9	A4YDR9	test
A4YDS4	A4YDS4	train
A4YDT1	A4YDT1	train
A4YEG2	A4YEG2	test
A4YEH9	A4YEH9	train
A4YFE8	A4YFE8	train
A4YG49	A4YG49	train
A4YGC7	A4YGC7	train
A4YGF9	A4YGF9	train
A4YGN0	A4YGN0	train
A4YGN2	A4YGN2	train
A4YGR1	A4YGR1	validation
A4YI81	A4YI81	train
A4ZGQ8	A4ZGQ8	train
A4ZV25	A4ZV25	train
A4ZYP8	A4ZYP8	train
A4ZYP9	A4ZYP9	train
A5A4M8	A5A4M8	train
A5A5J1	A5A5J1	test
A5A6R7	A5A6R7	train
A5A8G0	A5A8G0	train
A5A8M5	A5A8M5	train
A5EYI0	A5EYI0	train
A5F1V0	A5F1V0	test
A5F5P5	A5F5P5	train
A5F5Y3	A5F5Y3	train
A5FA14	A5FA14	test
A5FBI1	A5FBI1	train
A5GPQ6	A5GPQ6	train
A5H0J5	A5H0J5	train
A5H0J6	A5H0J6	train
A5HIG4	A5HIG4	train
A5HJW4	A5HJW4	train
A5HKK6	A5HKK6	train
A5HKP3	A5HKP3	train
A5HLX5	A5HLX5	train
A5HUN0	A5HUN0	train
A5HV13	A5HV13	train
A5HZ59	A5HZ59	train
A5IKD0	A5IKD0	validation
A5IKD4	A5IKD4	train
A5IL00	A5IL00	train
A5IL44	A5IL44	train
A5ILB0	A5ILB0	train
A5IMX7	A5IMX7	train
A5JTM5	A5JTM5	train
A5JVZ2	A5JVZ2	test
A5JZ19	A5JZ19	test
A5K3U9	A5K3U9	train
A5K7H9	A5K7H9	train
A5K8L9	A5K8L9	train
A5K9U5	A5K9U5	train
A5LGH2	A5LGH2	test
A5LH21	A5LH21	train
A5LHX0	A5LHX0	test
A5N5D2	A5N5D2	validation
A5N5D3	A5N5D3	train
A5N930	A5N930	train
A5U161	A5U161	test
A5U2B7	A5U2B7	validation
A5U4I2	A5U4I2	train
A5U4N0	A5U4N0	train
A5U6Y7	A5U6Y7	test
A5U8X0	A5U8X0	train
A5UP31	A5UP31	validation
A5VEL7	A5VEL7	train
A5VK58	A5VK58	train
A5W402	A5W402	train
A5XB38	A5XB38	train
A5XCL5	A5XCL5	train
A5Y5L5	A5Y5L5	train
A5YM72	A5YM72	train
A5YRG4	A5YRG4	test
A6BM07	A6BM07	train
A6G7B1	A6G7B1	train
A6H757	A6H757	test
A6LGF6	A6LGF6	train
A6M9C2	A6M9C2	train
A6M9J4	A6M9J4	train
A6MF03	A6MF03	train
A6MN06	A6MN06	train
A6N8C1	A6N8C1	train
A6N8S2	A6N8S2	train
A6NA24	A6NA24	train
A6NA25	A6NA25	train
A6P4T5	A6P4T5	train
A6P663	A6P663	train
A6P7M9	A6P7M9	test
A6PZ97	A6PZ97	train
A6Q1E0	A6Q1E0	train
A6QDA0	A6QDA0	train
A6UKD1	A6UKD1	test
A6UP94	A6UP94	train
A6UWA0	A6UWA0	train
A6VQP8	A6VQP8	train
A6X7I5	A6X7I5	train
A6XP71	A6XP71	train
A6XP72	A6XP72	train
A6Y9U8	A6Y9U8	train
A6Y9U9	A6Y9U9	train
A6YGF1	A6YGF1	train
A6YH13	A6YH13	train
A6YJX1	A6YJX1	train
A6YM39	A6YM39	test
A6YS26	A6YS26	train
A6YSL1	A6YSL1	train
A6ZKY2	A6ZKY2	train
A7AW73	A7AW73	train
A7AZH2	A7AZH2	train
A7DWA8	A7DWA8	train
A7E8M5	A7E8M5	train
A7E948	A7E948	train
A7EQQ8	A7EQQ8	train
A7GKX7	A7GKX7	test
A7GXH2	A7GXH2	validation
A7HNY8	A7HNY8	test
A7J1X3	A7J1X3	train
A7J1X4	A7J1X4	train
A7K9F4	A7K9F4	validation
A7KIX5	A7KIX5	train
A7KME9	A7KME9	train
A7KS54	A7KS54	train
A7L6C9	A7L6C9	test
A7L844	A7L844	train
A7LB47	A7LB47	validation
A7LBQ4	A7LBQ4	train
A7LBQ5	A7LBQ5	validation
A7LCL0	A7LCL0	train
A7LCL1	A7LCL1	train
A7LCN3	A7LCN3	train
A7LFK0	A7LFK0	train
A7LFK1	A7LFK1	train
A7LFP5	A7LFP5	train
A7LFP7	A7LFP7	test
A7LGL0	A7LGL0	train
A7LH73	A7LH73	train
A7LH74	A7LH74	test
A7LI67	A7LI67	train
A7LLT8	A7LLT8	train
A7LM75	A7LM75	test
A7LP30	A7LP30	test
A7LVG6	A7LVG6	train
A7M022	A7M022	train
A7PQW3	A7PQW3	train
A7RDD3	A7RDD3	test
A7SDW8	A7SDW8	train
A7TVD4	A7TVD4	test
A7U0E5	A7U0E5	train
A7U7M0	A7U7M0	train
A7UGD9	A7UGD9	train
A7UHH1	A7UHH1	train
A7UM95	A7UM95	train
A7UMP3	A7UMP3	train
A7WM73	A7WM73	train
A7WNT9	A7WNT9	train
A7WNU0	A7WNU0	train
A7WNU1	A7WNU1	train
A7WNU2	A7WNU2	validation
A7XRY8	A7XRY8	test
A7XS03	A7XS03	test
A7Y9J1	A7Y9J1	train
A7Y9V0	A7Y9V0	train
A7YBW7	A7YBW7	train
A7YBX0	A7YBX0	train
A7YBX2	A7YBX2	train
A7YBX4	A7YBX4	train
A7YN26	A7YN26	train
A7Z5E0	A7Z5E0	train
A7ZG21	A7ZG21	test
A8A8J4	A8A8J4	test
A8B3D3	A8B3D3	test
A8BIC5	A8BIC5	train
A8BT09	A8BT09	train
A8BWM5	A8BWM5	train
A8C781	A8C781	train
A8C927	A8C927	train
A8CEF6	A8CEF6	train
A8CEI3	A8CEI3	train
A8CEP1	A8CEP1	train
A8CF65	A8CF65	train
A8CF74	A8CF74	train
A8CF75	A8CF75	train
A8CF76	A8CF76	train
A8CF77	A8CF77	train
A8CFD3	A8CFD3	train
A8CH84	A8CH84	test
A8CH91	A8CH91	validation
A8CH95	A8CH95	train
A8CIU9	A8CIU9	train
A8CWI2	A8CWI2	test
A8D008	A8D008	train
A8D0T0	A8D0T0	train
A8D2K7	A8D2K7	train
A8D7K2	A8D7K2	train
A8D930	A8D930	train
A8DBU6	A8DBU6	train
A8DPS4	A8DPS4	train
A8DRH9	A8DRH9	test
A8F6K5	A8F6K5	validation
A8FAG9	A8FAG9	train
A8GHH5	A8GHH5	train
A8HPQ6	A8HPQ6	test
A8HYF7	A8HYF7	train
A8I7F7	A8I7F7	train
A8IJ34	A8IJ34	train
A8IKQ0	A8IKQ0	train
A8INZ7	A8INZ7	train
A8IQR3	A8IQR3	train
A8J0J0	A8J0J0	test
A8J110	A8J110	train
A8J2S9	A8J2S9	train
A8J3M4	A8J3M4	train
A8J4Z8	A8J4Z8	train
A8J7E8	A8J7E8	test
A8JC04	A8JC04	validation
A8N2G5	A8N2G5	test
A8N3P5	A8N3P5	train
A8NBN1	A8NBN1	train
A8NIX3	A8NIX3	train
A8NNP9	A8NNP9	train
A8NS89	A8NS89	train
A8NU13	A8NU13	train
A8P7P2	A8P7P2	train
A8PUY1	A8PUY1	test
A8PUY5	A8PUY5	test
A8PYK0	A8PYK0	train
A8Q3I7	A8Q3I7	test
A8QCW4	A8QCW4	validation
A8QDF0	A8QDF0	train
A8QW53	A8QW53	train
A8QX00	A8QX00	train
A8QX04	A8QX04	train
A8QYB2	A8QYB2	train
A8QYL0	A8QYL0	test
A8QYL1	A8QYL1	train
A8R0Y0	A8R0Y0	train
A8RG82	A8RG82	test
A8TGA1	A8TGA1	train
A8TKU6	A8TKU6	train
A8UT36	A8UT36	train
A8VWC5	A8VWC5	train
A8W7J6	A8W7J6	train
A8W969	A8W969	train
A8WAC9	A8WAC9	test
A8WBX8	A8WBX8	train
A8WCU3	A8WCU3	train
A8WEG4	A8WEG4	train
A8WEG5	A8WEG5	validation
A8YBP8	A8YBP8	train
A8YBS4	A8YBS4	validation
A8YCJ7	A8YCJ7	train
A8YGS2	A8YGS2	test
A8YPP2	A8YPP2	test
A8YPP3	A8YPP3	train
A8YZR7	A8YZR7	test
A9AYF3	A9AYF3	train
A9BEU2	A9BEU2	train
A9BHI9	A9BHI9	train
A9BHJ0	A9BHJ0	train
A9BPK4	A9BPK4	validation
A9CEJ9	A9CEJ9	train
A9CEQ8	A9CEQ8	train
A9CH28	A9CH28	train
A9CH39	A9CH39	train
A9CJ26	A9CJ26	train
A9CJL8	A9CJL8	train
A9CK16	A9CK16	train
A9CL08	A9CL08	train
A9CQC1	A9CQC1	train
A9CQL8	A9CQL8	train
A9FVN3	A9FVN3	train
A9GYV1	A9GYV1	train
A9H275	A9H275	test
A9J246	A9J246	train
A9JIF3	A9JIF3	train
A9KHK4	A9KHK4	test
A9KIW5	A9KIW5	train
A9KM56	A9KM56	train
A9KQ75	A9KQ75	train
A9KSL5	A9KSL5	train
A9KT32	A9KT32	train
A9LDD9	A9LDD9	train
A9LIN4	A9LIN4	test
A9PF83	A9PF83	train
A9QKS0	A9QKS0	test
A9QT35	A9QT35	train
A9QVV8	A9QVV8	test
A9QW70	A9QW70	train
A9QXB5	A9QXB5	train
A9QXC9	A9QXC9	validation
A9QXE0	A9QXE0	train
A9S014	A9S014	train
A9S498	A9S498	train
A9SNA2	A9SNA2	train
A9TLP4	A9TLP4	train
A9TXA6	A9TXA6	test
A9UIG0	A9UIG0	train
A9UKG4	A9UKG4	train
A9UVU0	A9UVU0	train
A9V766	A9V766	test
A9W9U6	A9W9U6	train
A9WC34	A9WC34	test
A9WC36	A9WC36	train
A9WCM4	A9WCM4	train
A9X3M0	A9X3M0	test
A9X7L0	A9X7L0	validation
A9XDF5	A9XDF5	train
A9XED1	A9XED1	train
A9XED2	A9XED2	train
A9XED3	A9XED3	train
A9XED4	A9XED4	train
A9XR52	A9XR52	train
A9YDD9	A9YDD9	train
A9YWH8	A9YWH8	train
A9YZX5	A9YZX5	train
A9YZY0	A9YZY0	train
A9ZM78	A9ZM78	test
A9ZND1	A9ZND1	test
A9ZPD1	A9ZPD1	validation
A9ZPH9	A9ZPH9	train
A9ZPJ6	A9ZPJ6	test
A9ZRZ6	A9ZRZ6	test
A9ZT55	A9ZT55	train
B0B0H7	B0B0H7	train
B0B552	B0B552	train
B0B744	B0B744	train
B0B758	B0B758	train
B0B766	B0B766	train
B0BK98	B0BK98	validation
B0BK99	B0BK99	train
B0BNM1	B0BNM1	train
B0CN28	B0CN28	train
B0CN31	B0CN31	test
B0EXJ8	B0EXJ8	train
B0F2H7	B0F2H7	train
B0F411	B0F411	test
B0F9F6	B0F9F6	train
B0FGA9	B0FGA9	train
B0FLN6	B0FLN6	train
B0FSQ0	B0FSQ0	train
B0FWI3	B0FWI3	validation
B0FZD9	B0FZD9	train
B0I1G6	B0I1G6	train
B0I1V1	B0I1V1	train
B0I560	B0I560	train
B0JDP9	B0JDP9	validation
B0JFD4	B0JFD4	test
B0K2C2	B0K2C2	train
B0L0Y4	B0L0Y4	train
B0LAW4	B0LAW4	train
B0LS89	B0LS89	test
B0LV85	B0LV85	test
B0M0H6	B0M0H6	train
B0M0V1	B0M0V1	train
B0M3E8	B0M3E8	train
B0NAQ4	B0NAQ4	train
B0NGC5	B0NGC5	test
B0R9W3	B0R9W3	train
B0RP51	B0RP51	train
B0SKV7	B0SKV7	train
B0SN40	B0SN40	test
B0V1K8	B0V1K8	test
B0V8W9	B0V8W9	test
B0VH76	B0VH76	test
B0ZB55	B0ZB55	test
B0ZB56	B0ZB56	test
B1A0U3	B1A0U3	train
B1A4C4	B1A4C4	train
B1A7S3	B1A7S3	test
B1B1U3	B1B1U3	train
B1B389	B1B389	test
B1B533	B1B533	test
B1B5E3	B1B5E3	train
B1B5E4	B1B5E4	test
B1B6T0	B1B6T0	train
B1B6T1	B1B6T1	train
B1B6U5	B1B6U5	train
B1GT63	B1GT63	test
B1HP60	B1HP60	train
B1HX72	B1HX72	test
B1KD89	B1KD89	train
B1KDE7	B1KDE7	train
B1KRG2	B1KRG2	train
B1M5C5	B1M5C5	validation
B1MCE2	B1MCE2	train
B1N1A2	B1N1A2	train
B1N2N4	B1N2N4	train
B1N2P3	B1N2P3	train
B1N693	B1N693	test
B1N694	B1N694	train
B1NF19	B1NF19	test
B1NLD3	B1NLD3	test
B1NLD4	B1NLD4	train
B1NM15	B1NM15	train
B1NM16	B1NM16	train
B1P195	B1P195	train
B1P1S7	B1P1S7	train
B1PHD1	B1PHD1	train
B1PHD2	B1PHD2	train
B1PHD3	B1PHD3	train
B1PK99	B1PK99	train
B1PT66	B1PT66	test
B1PVZ9	B1PVZ9	train
B1Q002	B1Q002	validation
B1Q4S7	B1Q4S7	train
B1VBB0	B1VBB0	train
B1VC16	B1VC16	train
B1VK33	B1VK33	train
B1VK39	B1VK39	train
B1VK40	B1VK40	train
B1VZT1	B1VZT1	train
B1WSS6	B1WSS6	train
B1X2S9	B1X2S9	train
B1XIU7	B1XIU7	validation
B1XLK5	B1XLK5	train
B1XMM6	B1XMM6	train
B1XNF8	B1XNF8	train
B1XPH5	B1XPH5	train
B1YBY4	B1YBY4	train
B1YMN6	B1YMN6	validation
B1ZU21	B1ZU21	train
B2AAQ0	B2AAQ0	train
B2ABS0	B2ABS0	test
B2AVF1	B2AVF1	train
B2B629	B2B629	train
B2BBY6	B2BBY6	train
B2BSJ5	B2BSJ5	test
B2BSJ6	B2BSJ6	train
B2BSJ7	B2BSJ7	train
B2BSK0	B2BSK0	train
B2BZ80	B2BZ80	train
B2C323	B2C323	train
B2CML6	B2CML6	train
B2CNY5	B2CNY5	train
B2D088	B2D088	train
B2DD57	B2DD57	train
B2DEU8	B2DEU8	train
B2DEV1	B2DEV1	test
B2DEW2	B2DEW2	train
B2DFG5	B2DFG5	train
B2G3G6	B2G3G6	train
B2G3S1	B2G3S1	train
B2GV06	B2GV06	test
B2IZG6	B2IZG6	train
B2J1M1	B2J1M1	test
B2KJ46	B2KJ46	train
B2KPR3	B2KPR3	train
B2LME8	B2LME8	validation
B2LWN3	B2LWN3	train
B2MU09	B2MU09	train
B2MUU6	B2MUU6	test
B2MWN0	B2MWN0	validation
B2MWN2	B2MWN2	train
B2MWN3	B2MWN3	train
B2NI94	B2NI94	train
B2NID7	B2NID7	train
B2RCV8	B2RCV8	train
B2RK02	B2RK02	train
B2RK03	B2RK03	train
B2RKP0	B2RKP0	train
B2RL07	B2RL07	test
B2RXZ1	B2RXZ1	train
B2UQR6	B2UQR6	train
B2V8E3	B2V8E3	train
B2VCC3	B2VCC3	train
B2VFD8	B2VFD8	validation
B2VPR8	B2VPR8	test
B2W4L0	B2W4L0	train
B2XVS9	B2XVS9	train
B2Y0K4	B2Y0K4	train
B2YGX8	B2YGX8	train
B2YGX9	B2YGX9	train
B2Z446	B2Z446	train
B2Z447	B2Z447	train
B2ZAA4	B2ZAA4	train
B2ZFM0	B2ZFM0	validation
B2ZXX8	B2ZXX8	train
B2ZZ11	B2ZZ11	train
B3A042	B3A042	train
B3EWG9	B3EWG9	train
B3EWP2	B3EWP2	train
B3EY95	B3EY95	validation
B3EYM8	B3EYM8	train
B3FYT6	B3FYT6	test
B3GGC7	B3GGC7	train
B3GK03	B3GK03	train
B3GNT7	B3GNT7	train
B3GQ73	B3GQ73	test
B3IVI7	B3IVI7	train
B3IXL6	B3IXL6	train
B3LF83	B3LF83	train
B3PBD9	B3PBD9	test
B3PC73	B3PC73	train
B3PKK9	B3PKK9	train
B3QYX9	B3QYX9	train
B3SXR0	B3SXR0	test
B3TKC8	B3TKC8	test
B3TLA6	B3TLA6	train
B3TM67	B3TM67	validation
B3TMR8	B3TMR8	train
B3TNN8	B3TNN8	train
B3TNN9	B3TNN9	train
B3TPQ6	B3TPQ6	test
B3TZD8	B3TZD8	train
B3TZD9	B3TZD9	train
B3U3D9	B3U3D9	test
B3V4Z0	B3V4Z0	validation
B3VA58	B3VA58	validation
B3VA59	B3VA59	train
B3VFX0	B3VFX0	train
B3VH91	B3VH91	train
B3VHW3	B3VHW3	test
B3VI55	B3VI55	test
B3VI58	B3VI58	train
B3VI72	B3VI72	train
B3VPB2	B3VPB2	test
B3VPB3	B3VPB3	train
B3VPZ9	B3VPZ9	train
B3VS85	B3VS85	train
B3VTK1	B3VTK1	test
B3VTL5	B3VTL5	train
B3WD16	B3WD16	test
B3XPZ2	B3XPZ2	train
B3XPZ3	B3XPZ3	train
B3XPZ4	B3XPZ4	test
B3XZI5	B3XZI5	train
B3XZQ2	B3XZQ2	train
B3Y002	B3Y002	train
B3Y006	B3Y006	train
B3Y018	B3Y018	train
B3Y6D3	B3Y6D3	train
B4E9I9	B4E9I9	validation
B4EKH5	B4EKH5	test
B4EKR2	B4EKR2	train
B4EMQ6	B4EMQ6	train
B4EY92	B4EY92	validation
B4FFJ0	B4FFJ0	test
B4FJN0	B4FJN0	train
B4U9T7	B4U9T7	train
B4X9S4	B4X9S4	train
B4XC07	B4XC07	train
B4XEK5	B4XEK5	train
B4XEK7	B4XEK7	validation
B4XEY3	B4XEY3	train
B4XVN1	B4XVN1	test
B4Y0U0	B4Y0U0	train
B4Y0U1	B4Y0U1	train
B4Y0U2	B4Y0U2	train
B4YE15	B4YE15	train
B4YQU1	B4YQU1	train
B4Z1D6	B4Z1D6	train
B4Z1D7	B4Z1D7	train
B5A8W5	B5A8W5	train
B5ABD8	B5ABD8	test
B5ANU3	B5ANU3	train
B5ANV6	B5ANV6	train
B5APK2	B5APK2	train
B5AR80	B5AR80	test
B5ARZ9	B5ARZ9	train
B5B0E6	B5B0E6	train
B5BLP0	B5BLP0	test
B5BLW5	B5BLW5	train
B5BNY1	B5BNY1	test
B5BQ69	B5BQ69	train
B5BSV2	B5BSV2	train
B5DFD5	B5DFD5	train
B5G4Y8	B5G4Y8	train
B5G555	B5G555	test
B5HL29	B5HL29	validation
B5IEU6	B5IEU6	test
B5L017	B5L017	train
B5L0W0	B5L0W0	train
B5L363	B5L363	train
B5L3F2	B5L3F2	train
B5L6N2	B5L6N2	train
B5LX62	B5LX62	train
B5LXD7	B5LXD7	train
B5M201	B5M201	train
B5MF68	B5MF68	test
B5MGF8	B5MGF8	train
B5MGR0	B5MGR0	train
B5MGR1	B5MGR1	train
B5MGR2	B5MGR2	train
B5MGR3	B5MGR3	test
B5SU85	B5SU85	train
B5SYI8	B5SYI8	train
B5THG6	B5THG6	train
B5TQZ0	B5TQZ0	train
B5U8J7	B5U8J7	validation
B5U8J8	B5U8J8	train
B5U8J9	B5U8J9	train
B5U983	B5U983	train
B5U990	B5U990	train
B5UAE1	B5UAE1	test
B5UB85	B5UB85	train
B5XA65	B5XA65	train
B5XMC3	B5XMC3	train
B5Y6G0	B5Y6G0	train
B5YC64	B5YC64	train
B6CM51	B6CM51	train
B6CND6	B6CND6	train
B6CWJ3	B6CWJ3	train
B6CWJ4	B6CWJ4	validation
B6CWJ5	B6CWJ5	train
B6D1P2	B6D1P2	train
B6D1W5	B6D1W5	train
B6D5I7	B6D5I7	train
B6D7P1	B6D7P1	train
B6D7P2	B6D7P2	test
B6DQK4	B6DQK4	train
B6E623	B6E623	train
B6E8Y7	B6E8Y7	test
B6E9W1	B6E9W1	train
B6E9W4	B6E9W4	test
B6E9X1	B6E9X1	train
B6ECN9	B6ECN9	train
B6EEC1	B6EEC1	train
B6EIU7	B6EIU7	train
B6EKJ5	B6EKJ5	train
B6EPH0	B6EPH0	train
B6ETP1	B6ETP1	train
B6EWX3	B6EWX3	validation
B6F143	B6F143	train
B6F1A8	B6F1A8	train
B6F260	B6F260	train
B6F2H1	B6F2H1	test
B6FYX7	B6FYX7	train
B6K8Y1	B6K8Y1	train
B6Q5I3	B6Q5I3	train
B6RB00	B6RB00	test
B6RB01	B6RB01	train
B6RB02	B6RB02	train
B6RB08	B6RB08	train
B6RGT1	B6RGT1	train
B6SBM1	B6SBM1	test
B6SBM2	B6SBM2	train
B6SZW0	B6SZW0	train
B6T563	B6T563	train
B6UYJ2	B6UYJ2	validation
B6V6V5	B6V6V5	test
B6V876	B6V876	train
B6VFQ8	B6VFQ8	train
B6VGJ3	B6VGJ3	train
B6YSF3	B6YSF3	train
B6YTG7	B6YTG7	train
B6YUS8	B6YUS8	train
B6YX36	B6YX36	train
B6ZCD8	B6ZCD8	train
B6ZGN5	B6ZGN5	test
B6ZIV1	B6ZIV1	train
B6ZKM3	B6ZKM3	train
B7F7B9	B7F7B9	train
B7FDE5	B7FDE5	train
B7FWR0	B7FWR0	validation
B7GPC7	B7GPC7	train
B7GQR3	B7GQR3	train
B7GTV0	B7GTV0	train
B7GUP3	B7GUP3	train
B7IED6	B7IED6	train
B7J3C9	B7J3C9	validation
B7J3E3	B7J3E3	train
B7J413	B7J413	train
B7J8J0	B7J8J0	train
B7JBP8	B7JBP8	train
B7JX99	B7JX99	train
B7SLY1	B7SLY1	test
B7SY86	B7SY86	test
B7T912	B7T912	validation
B7UAM4	B7UAM4	train
B7UB89	B7UB89	train
B7UB93	B7UB93	test
B7UB94	B7UB94	test
B7VF77	B7VF77	train
B7VFD0	B7VFD0	train
B7WZA5	B7WZA5	train
B7X755	B7X755	train
B7X933	B7X933	train
B7XBM0	B7XBM0	test
B7XBZ7	B7XBZ7	train
B7XBZ9	B7XBZ9	train
B7XC00	B7XC00	train
B7XCV4	B7XCV4	test
B7XEJ0	B7XEJ0	train
B7XEJ1	B7XEJ1	train
B7ZF08	B7ZF08	train
B7ZF09	B7ZF09	test
B7ZF10	B7ZF10	test
B8BQQ3	B8BQQ3	test
B8C5X1	B8C5X1	train
B8DZK4	B8DZK4	train
B8DZM3	B8DZM3	train
B8DZQ9	B8DZQ9	train
B8E1T1	B8E1T1	test
B8E1U6	B8E1U6	test
B8H1Z0	B8H1Z0	train
B8H6N5	B8H6N5	train
B8HEC1	B8HEC1	train
B8HNS6	B8HNS6	train
B8I944	B8I944	validation
B8IF02	B8IF02	test
B8IP05	B8IP05	train
B8JMZ1	B8JMZ1	train
B8K1J5	B8K1J5	test
B8K1W1	B8K1W1	train
B8K2W7	B8K2W7	test
B8LFE4	B8LFE4	train
B8NJ86	B8NJ86	train
B8NKE9	B8NKE9	train
B8PUQ5	B8PUQ5	train
B8QHP1	B8QHP1	train
B8QHP3	B8QHP3	train
B8QHP5	B8QHP5	train
B8QU18	B8QU18	train
B8R7Q2	B8R7Q2	train
B8RCD2	B8RCD2	test
B8RCD3	B8RCD3	validation
B8XA40	B8XA40	train
B8XY24	B8XY24	train
B8Y1H0	B8Y1H0	test
B8Y3Y0	B8Y3Y0	test
B8YAC8	B8YAC8	train
B8YAC9	B8YAC9	train
B8YAD0	B8YAD0	validation
B8YFX2	B8YFX2	test
B8YG19	B8YG19	train
B8YIE0	B8YIE0	train
B8YJM2	B8YJM2	train
B8YM30	B8YM30	test
B8ZJH0	B8ZJH0	train
B8ZV93	B8ZV93	test
B8ZV94	B8ZV94	train
B9A1J7	B9A1J7	train
B9DIJ2	B9DIJ2	train
B9E972	B9E972	train
B9EZV5	B9EZV5	validation
B9GJG7	B9GJG7	train
B9H4E1	B9H4E1	train
B9I6S9	B9I6S9	test
B9IPD3	B9IPD3	train
B9K0V9	B9K0V9	test
B9K760	B9K760	train
B9K7M5	B9K7M5	train
B9L0B7	B9L0B7	train
B9LW38	B9LW38	train
B9MKT4	B9MKT4	train
B9MPC3	B9MPC3	train
B9RK42	B9RK42	train
B9TTF1	B9TTF1	test
B9U443	B9U443	train
B9UCR2	B9UCR2	test
B9V401	B9V401	train
B9V405	B9V405	train
B9VSZ3	B9VSZ3	train
B9VTP0	B9VTP0	test
B9VTP5	B9VTP5	train
B9VU66	B9VU66	test
B9VWB2	B9VWB2	test
B9VXW6	B9VXW6	train
B9W7C4	B9W7C4	train
B9WCR8	B9WCR8	train
B9WJQ5	B9WJQ5	train
B9WNA0	B9WNA0	train
B9WPN8	B9WPN8	test
B9WZX2	B9WZX2	test
B9X0I1	B9X0I1	train
B9X0I2	B9X0I2	train
B9X1L2	B9X1L2	train
B9ZZN9	B9ZZN9	validation
B9ZZZ6	B9ZZZ6	train
C0BTD8	C0BTD8	train
C0BTR1	C0BTR1	validation
C0BWQ2	C0BWQ2	test
C0C0X3	C0C0X3	train
C0H3U9	C0H3U9	test
C0H477	C0H477	validation
C0H4F3	C0H4F3	train
C0H4S1	C0H4S1	test
C0HJ40	C0HJ40	test
C0HK05	C0HK05	train
C0IRH4	C0IRH4	train
C0IRH6	C0IRH6	validation
C0IRH7	C0IRH7	train
C0IRH8	C0IRH8	train
C0IRH9	C0IRH9	train
C0IRI0	C0IRI0	train
C0IRI1	C0IRI1	train
C0IRI2	C0IRI2	train
C0IRI3	C0IRI3	train
C0IRI4	C0IRI4	test
C0JBW5	C0JBW5	test
C0JP82	C0JP82	train
C0JP83	C0JP83	train
C0K087	C0K087	train
C0L3S4	C0L3S4	train
C0LA90	C0LA90	test
C0LIF8	C0LIF8	train
C0LJH4	C0LJH4	test
C0LJI8	C0LJI8	train
C0LL35	C0LL35	train
C0LSK9	C0LSK9	train
C0LTQ2	C0LTQ2	train
C0LZ63	C0LZ63	test
C0LZJ6	C0LZJ6	train
C0LZJ7	C0LZJ7	test
C0M9W4	C0M9W4	test
C0P9J6	C0P9J6	train
C0QRB5	C0QRB5	train
C0SJS3	C0SJS3	validation
C0STY0	C0STY0	train
C0STY1	C0STY1	train
C0SVZ6	C0SVZ6	train
C0WZ89	C0WZ89	train
C0Z3X6	C0Z3X6	train
C0ZPN9	C0ZPN9	train
C1AGW8	C1AGW8	test
C1DMP8	C1DMP8	train
C1DSW3	C1DSW3	validation
C1DTU5	C1DTU5	validation
C1E5X2	C1E5X2	train
C1G1C3	C1G1C3	train
C1I202	C1I202	train
C1I208	C1I208	train
C1I209	C1I209	train
C1I210	C1I210	train
C1IC99	C1IC99	train
C1IE32	C1IE32	train
C1INF0	C1INF0	train
C1J0N9	C1J0N9	train
C1JCL7	C1JCL7	train
C1K3M8	C1K3M8	validation
C1K3M8	D1M8Z4	validation
C1K6P2	C1K6P2	train
C1KBE7	C1KBE7	train
C1KBE8	C1KBE8	train
C1KF11	C1KF11	train
C1KGU6	C1KGU6	train
C1KKR1	C1KKR1	train
C1L318	C1L318	validation
C1L319	C1L319	train
C1L320	C1L320	test
C1L321	C1L321	train
C1LT16	C1LT16	train
C1MQM1	C1MQM1	validation
C2F9L5	C2F9L5	train
C3MC80	C3MC80	train
C3PTS7	C3PTS7	train
C3PTS8	C3PTS8	train
C3RYL0	C3RYL0	validation
C3SBW0	C3SBW0	train
C3UVB0	C3UVB0	train
C3VA26	C3VA26	train
C3VEV9	C3VEV9	train
C3VMY4	C3VMY4	train
C3VPJ1	C3VPJ1	train
C3VVL4	C3VVL4	test
C3VVL6	C3VVL6	train
C3VVL8	C3VVL8	train
C3W4Q7	C3W4Q7	train
C3W4Y2	C3W4Y2	train
C3W7W0	C3W7W0	test
C3Y9Y8	C3Y9Y8	train
C4B4E7	C4B4E7	train
C4B644	C4B644	train
C4B6T1	C4B6T1	train
C4IEM5	C4IEM5	train
C4IRW0	C4IRW0	test
C4KKZ9	C4KKZ9	train
C4L2T5	C4L2T5	train
C4LSN1	C4LSN1	train
C4LSS0	C4LSS0	train
C4LTT0	C4LTT0	test
C4LU94	C4LU94	train
C4LUA1	C4LUA1	train
C4LUB5	C4LUB5	train
C4LUW9	C4LUW9	test
C4LWC7	C4LWC7	train
C4LXC4	C4LXC4	train
C4M0W5	C4M0W5	train
C4M2I2	C4M2I2	train
C4M387	C4M387	train
C4M4T4	C4M4T4	train
C4M5H3	C4M5H3	train
C4M7U9	C4M7U9	train
C4MB67	C4MB67	test
C4PAW8	C4PAW8	train
C4PKK7	C4PKK7	train
C4PKK9	C4PKK9	train
C4PKL2	C4PKL2	train
C4PKL4	C4PKL4	test
C4PKL6	C4PKL6	test
C4PWA1	C4PWA1	train
C4QZH8	C4QZH8	train
C4R4L0	C4R4L0	validation
C4RA40	C4RA40	train
C4S833	C4S833	train
C4TGF1	C4TGF1	train
C4TJD2	C4TJD2	train
C4TJD3	C4TJD3	train
C4TJD4	C4TJD4	train
C4TP07	C4TP07	validation
C5A317	C5A317	train
C5A6Q4	C5A6Q4	train
C5AQP6	C5AQP6	train
C5B2R8	C5B2R8	train
C5BJ89	C5BJ89	validation
C5BN23	C5BN23	train
C5BUF0	C5BUF0	train
C5H429	C5H429	train
C5HDG5	C5HDG5	train
C5HG86	C5HG86	train
C5I9X1	C5I9X1	train
C5IFU0	C5IFU0	train
C5IIS9	C5IIS9	train
C5J048	C5J048	train
C5J3R6	C5J3R6	train
C5J3R8	C5J3R8	validation
C5MR71	C5MR71	train
C5MR76	C5MR76	train
C5NSV0	C5NSV0	validation
C5NU54	C5NU54	train
C5XXT8	C5XXT8	test
C5XXT9	C5XXT9	train
C5YCD6	C5YCD6	train
C5YGL7	C5YGL7	train
C5YLL4	C5YLL4	test
C6DAH4	C6DAH4	test
C6F3U5	C6F3U5	train
C6FJG8	C6FJG8	train
C6FWG9	C6FWG9	train
C6FWH0	C6FWH0	train
C6FX34	C6FX34	train
C6G1Y8	C6G1Y8	train
C6GFH7	C6GFH7	train
C6JSW6	C6JSW6	train
C6JUF6	C6JUF6	train
C6JUG1	C6JUG1	train
C6K3Z5	C6K3Z5	train
C6KEM4	C6KEM4	test
C6KI04	C6KI04	train
C6KID9	C6KID9	validation
C6KL35	C6KL35	train
C6L684	C6L684	train
C6L7V8	C6L7V8	test
C6L7V9	C6L7V9	train
C6L823	C6L823	train
C6L862	C6L862	train
C6VW66	C6VW66	train
C6VWU2	C6VWU2	test
C6W7B1	C6W7B1	train
C6WFL3	C6WFL3	train
C6WXA3	C6WXA3	test
C6XVU9	C6XVU9	test
C6XY24	C6XY24	validation
C6Y0D8	C6Y0D8	train
C6Y1N7	C6Y1N7	validation
C6ZH48	C6ZH48	train
C6ZHB0	C6ZHB0	train
C7A621	C7A621	test
C7AAS7	C7AAS7	validation
C7ACH5	C7ACH5	train
C7AQX8	C7AQX8	train
C7AQX9	C7AQX9	train
C7AQY2	C7AQY2	test
C7ASJ5	C7ASJ5	train
C7AU21	C7AU21	train
C7B608	C7B608	train
C7C422	C7C422	train
C7C437	C7C437	train
C7CXJ5	C7CXJ5	train
C7DIA5	C7DIA5	validation
C7DRQ4	C7DRQ4	train
C7E719	C7E719	train
C7EDT0	C7EDT0	train
C7ENW3	C7ENW3	test
C7EW69	C7EW69	train
C7EWM3	C7EWM3	train
C7EX18	C7EX18	train
C7EXL6	C7EXL6	train
C7F8M0	C7F8M0	test
C7FDI4	C7FDI4	train
C7FF04	C7FF04	train
C7FF05	C7FF05	test
C7FFK1	C7FFK1	train
C7FLN0	C7FLN0	train
C7G3B7	C7G3B7	train
C7G3B8	C7G3B8	test
C7G532	C7G532	train
C7GM47	C7GM47	train
C7GP37	C7GP37	train
C7GRB2	C7GRB2	train
C7LHI0	C7LHI0	train
C7NMH3	C7NMH3	test
C7NVN0	C7NVN0	test
C7P8V7	C7P8V7	train
C7R702	C7R702	train
C7SEV1	C7SEV1	train
C7SLY9	C7SLY9	test
C7TMK0	C7TMK0	train
C7YUZ1	C7YUZ1	test
C7ZKN4	C7ZKN4	train
C8CCV9	C8CCV9	train
C8CPR9	C8CPR9	validation
C8KIP3	C8KIP3	validation
C8P490	C8P490	test
C8VAU8	C8VAU8	test
C8WGQ3	C8WGQ3	train
C8WJW0	C8WJW0	train
C8WMP0	C8WMP0	train
C9D7S2	C9D7S2	test
C9DRU9	C9DRU9	train
C9E261	C9E261	test
C9E9M9	C9E9M9	train
C9E9N6	C9E9N6	train
C9JRZ8	C9JRZ8	test
C9K1X5	C9K1X5	validation
C9K2Z6	C9K2Z6	train
C9K501	C9K501	train
C9K502	C9K502	validation
C9K504	C9K504	test
C9QNK6	C9QNK6	test
C9V492	C9V492	train
C9W9E3	C9W9E3	train
C9WCQ0	C9WCQ0	test
C9WCQ1	C9WCQ1	validation
C9WIW7	C9WIW7	train
C9WPK1	C9WPK1	train
D0A003	D0A003	train
D0AB09	D0AB09	train
D0C7J2	D0C7J2	train
D0CY07	D0CY07	train
D0E8I5	D0E8I5	train
D0EAP3	D0EAP3	validation
D0EFL2	D0EFL2	test
D0EJL8	D0EJL8	train
D0EPY0	D0EPY0	test
D0IZN8	D0IZN8	validation
D0KN27	D0KN27	train
D0MEP1	D0MEP1	train
D0MF61	D0MF61	train
D0QF43	D0QF43	train
D0QU16	D0QU16	train
D0QYM5	D0QYM5	train
D0U690	D0U690	test
D0UD38	D0UD38	train
D0UD39	D0UD39	train
D0UH99	D0UH99	train
D0UHB3	D0UHB3	train
D0UZK7	D0UZK7	train
D0VP31	D0VP31	test
D0VWQ0	D0VWQ0	validation
D0VX20	D0VX20	train
D0VYQ9	D0VYQ9	test
D0ZLR3	D0ZLR3	train
D1A2H1	D1A2H1	train
D1A807	D1A807	test
D1A9G5	D1A9G5	train
D1ABU6	D1ABU6	train
D1C7Y4	D1C7Y4	test
D1CCW1	D1CCW1	train
D1CE96	D1CE96	train
D1FNQ6	D1FNQ6	train
D1G4K3	D1G4K3	test
D1GFE6	D1GFE6	train
D1JGU3	D1JGU3	train
D1JH91	D1JH91	train
D1KJJ7	D1KJJ7	train
D1L2X0	D1L2X0	train
D1L2X1	D1L2X1	train
D1L8A9	D1L8A9	train
D1MF29	D1MF29	train
D1MI97	D1MI97	train
D1MVE1	D1MVE1	train
D1MW98	D1MW98	test
D1MX66	D1MX66	train
D1MX70	D1MX70	train
D1MX71	D1MX71	train
D1MX72	D1MX72	train
D1MX73	D1MX73	validation
D1MYR1	D1MYR1	test
D1ZHN6	D1ZHN6	test
D2C716	D2C716	train
D2CFQ9	D2CFQ9	train
D2D3B2	D2D3B2	train
D2D3B6	D2D3B6	train
D2D4J4	D2D4J4	train
D2D5G4	D2D5G4	train
D2DK62	D2DK62	train
D2DMF3	D2DMF3	train
D2DRC4	D2DRC4	train
D2DRC5	D2DRC5	train
D2DSG2	D2DSG2	train
D2E4A5	D2E4A5	train
D2IH11	D2IH11	test
D2IWA7	D2IWA7	validation
D2IX40	D2IX40	train
D2IX45	D2IX45	train
D2J2T6	D2J2T6	train
D2J363	D2J363	train
D2K764	D2K764	train
D2K7Z0	D2K7Z0	train
D2K8K6	D2K8K6	test
D2KAT1	D2KAT1	train
D2KBH9	D2KBH9	train
D2KKQ2	D2KKQ2	train
D2KWC2	D2KWC2	train
D2PPM8	D2PPM8	train
D2QDA5	D2QDA5	test
D2RIQ2	D2RIQ2	train
D2RIQ3	D2RIQ3	validation
D2RL84	D2RL84	train
D2RTP2	D2RTP2	test
D2SZY4	D2SZY4	train
D2SZY5	D2SZY5	validation
D2T083	D2T083	validation
D2WKD9	D2WKD9	validation
D2XEB3	D2XEB3	validation
D2XZ13	D2XZ13	train
D2Y3F4	D2Y3F4	train
D2Y640	D2Y640	test
D2YZL5	D2YZL5	train
D2Z025	D2Z025	train
D2Z026	D2Z026	train
D2Z027	D2Z027	train
D2Z028	D2Z028	train
D2Z030	D2Z030	train
D2Z0I0	D2Z0I0	validation
D3A730	D3A730	train
D3DIA0	D3DIA0	train
D3DIA1	D3DIA1	train
D3DIA2	D3DIA2	train
D3DIA3	D3DIA3	train
D3EIG6	D3EIG6	test
D3EKC0	D3EKC0	train
D3G6S3	D3G6S3	train
D3G6S4	D3G6S4	train
D3GDK4	D3GDK4	train
D3GE78	D3GE78	train
D3GG13	D3GG13	train
D3GGN3	D3GGN3	test
D3HMN4	D3HMN4	train
D3HTY9	D3HTY9	train
D3IWE5	D3IWE5	train
D3IWE6	D3IWE6	train
D3JC16	D3JC16	train
D3JTC1	D3JTC1	test
D3JTC2	D3JTC2	train
D3JU53	D3JU53	train
D3JU54	D3JU54	test
D3JV03	D3JV03	train
D3JV05	D3JV05	train
D3KCC4	D3KCC4	train
D3KVM3	D3KVM3	train
D3KY98	D3KY98	train
D3KY99	D3KY99	test
D3PLE5	D3PLE5	validation
D3PT81	D3PT81	train
D3PZ76	D3PZ76	validation
D3RVD4	D3RVD4	train
D3TNH1	D3TNH1	train
D3TTH9	D3TTH9	train
D3U1A5	D3U1A5	train
D3U591	D3U591	train
D3UAG5	D3UAG5	train
D3VWB5	D3VWB5	validation
D3VYD8	D3VYD8	train
D3W9H7	D3W9H7	train
D3WYV9	D3WYV9	train
D3WZ85	D3WZ85	train
D3Y5L6	D3Y5L6	test
D3Y5N8	D3Y5N8	test
D3YGV3	D3YGV3	train
D3YZG8	D3YZG8	validation
D3ZUA0	D3ZUA0	train
D4A4P4	D4A4P4	train
D4AHT5	D4AHT5	train
D4GP31	D4GP31	train
D4GP33	D4GP33	train
D4GR05	D4GR05	train
D4GR07	D4GR07	train
D4GS06	D4GS06	train
D4GS48	D4GS48	train
D4GST8	D4GST8	train
D4GT97	D4GT97	train
D4GTS4	D4GTS4	train
D4GU69	D4GU69	train
D4GV57	D4GV57	train
D4GWR6	D4GWR6	train
D4GWT7	D4GWT7	train
D4GXZ3	D4GXZ3	train
D4GYE0	D4GYE0	validation
D4GYE6	D4GYE6	test
D4GYH5	D4GYH5	train
D4GYV5	D4GYV5	train
D4GZM5	D4GZM5	train
D4H6M0	D4H6M0	train
D4HRL0	D4HRL0	train
D4N892	D4N892	train
D4P095	D4P095	train
D4P4Y7	D4P4Y7	train
D4P700	D4P700	train
D4P8C6	D4P8C6	test
D4PEB3	D4PEB3	test
D4Q9Z4	D4Q9Z4	train
D4Q9Z5	D4Q9Z5	validation
D4QEZ8	D4QEZ8	train
D4QF15	D4QF15	train
D4YFM2	D4YFM2	train
D4ZTT4	D4ZTT4	train
D5AHU8	D5AHU8	train
D5DCL0	D5DCL0	train
D5FKJ3	D5FKJ3	train
D5FM33	D5FM33	train
D5G304	D5G304	test
D5GRP3	D5GRP3	test
D5GU62	D5GU62	validation
D5GU63	D5GU63	train
D5HN83	D5HN83	train
D5HP43	D5HP43	validation
D5HRC1	D5HRC1	train
D5JWB3	D5JWB3	test
D5KS97	D5KS97	test
D5KX75	D5KX75	train
D5LIR7	D5LIR7	test
D5LLN7	D5LLN7	validation
D5LNB5	D5LNB5	test
D5LNB6	D5LNB6	train
D5LNE5	D5LNE5	train
D5LRR6	D5LRR6	train
D5MP61	D5MP61	train
D5MTT1	D5MTT1	validation
D5WTR7	D5WTR7	train
D5WTR8	D5WTR8	train
D6A5I3	D6A5I3	train
D6BU29	D6BU29	train
D6CHF2	D6CHF2	train
D6CJK0	D6CJK0	test
D6EQU8	D6EQU8	test
D6MYS9	D6MYS9	train
D6MZJ6	D6MZJ6	train
D6N7U5	D6N7U5	test
D6P3J1	D6P3J1	train
D6PXK5	D6PXK5	train
D6QST5	D6QST5	train
D6QSX9	D6QSX9	test
D6R1Q1	D6R1Q1	train
D6RKV4	D6RKV4	train
D6RU53	D6RU53	train
D6RU55	D6RU55	test
D6XUS4	D6XUS4	train
D6XZ22	D6XZ22	train
D6Y7Y8	D6Y7Y8	train
D7BAR0	D7BAR0	test
D7GJ95	D7GJ95	test
D7GXF9	D7GXF9	train
D7GXG0	D7GXG0	test
D7NPL0	D7NPL0	train
D7P1H2	D7P1H2	train
D7P5V0	D7P5V0	train
D7PC10	D7PC10	train
D7PGW0	D7PGW0	test
D7R810	D7R810	train
D7R812	D7R812	train
D7RIE8	D7RIE8	train
D7RJ66	D7RJ66	train
D7U7T8	D7U7T8	train
D7UER1	D7UER1	train
D7UQ40	D7UQ40	train
D7UT17	D7UT17	train
D7UTZ8	D7UTZ8	train
D7VBA0	D7VBA0	train
D7VEX3	D7VEX3	test
D7VFY4	D7VFY4	train
D8IS59	D8IS59	train
D8IU13	D8IU13	train
D8KIT5	D8KIT5	test
D8L2Y2	D8L2Y2	train
D8M176	D8M176	train
D8QLP9	D8QLP9	train
D8QTR2	D8QTR2	test
D8QZ31	D8QZ31	test
D8R1Y1	D8R1Y1	test
D8R6G2	D8R6G2	train
D8S724	D8S724	train
D8UUL2	D8UUL2	train
D8V3F2	D8V3F2	train
D8VDY4	D8VDY4	test
D8VPP5	D8VPP5	train
D8WN00	D8WN00	train
D8X179	D8X179	train
D8X180	D8X180	train
D8X181	D8X181	validation
D9D7K9	D9D7K9	train
D9I0I9	D9I0I9	test
D9IL10	D9IL10	validation
D9ILD9	D9ILD9	train
D9IU57	D9IU57	test
D9IWR7	D9IWR7	test
D9J009	D9J009	train
D9J041	D9J041	train
D9MPF2	D9MPF2	train
D9MWM7	D9MWM7	train
D9MZ14	D9MZ14	train
D9PU79	D9PU79	train
D9Q0R7	D9Q0R7	train
D9Q1R5	D9Q1R5	train
D9Q987	D9Q987	test
D9RZ53	D9RZ53	train
D9TH31	D9TH31	train
D9TIY8	D9TIY8	train
D9TT09	D9TT09	test
D9XDN2	D9XDN2	test
D9ZKR7	D9ZKR7	train
E0D583	E0D583	train
E0D5C2	E0D5C2	train
E0D5D7	E0D5D7	test
E0D7I2	E0D7I2	validation
E0D877	E0D877	train
E0RU15	E0RU15	test
E0RVY7	E0RVY7	train
E0X6R2	E0X6R2	train
E0X6R4	E0X6R4	test
E0X765	E0X765	test
E0X988	E0X988	train
E0XF09	E0XF09	train
E0XN39	E0XN39	train
E0Y3X1	E0Y3X1	validation
E1A0Z9	E1A0Z9	test
E1APH5	E1APH5	train
E1APK1	E1APK1	train
E1C2H6	E1C2H6	train
E1C8E0	E1C8E0	train
E1CAJ6	E1CAJ6	train
E1CJF8	E1CJF8	train
E1CJT1	E1CJT1	train
E1V4Y1	E1V4Y1	train
E1V913	E1V913	train
E1VA04	E1VA04	train
E1XUJ2	E1XUJ2	train
E2E0Q4	E2E0Q4	train
E2E2P0	E2E2P0	train
E2G4I9	E2G4I9	test
E2GDF4	E2GDF4	test
E2GHW5	E2GHW5	test
E2IHC5	E2IHC5	train
E2IHE0	E2IHE0	validation
E2IKQ9	E2IKQ9	train
E2JA31	E2JA31	validation
E2JA32	E2JA32	test
E2JE77	E2JE77	test
E2QJB8	E2QJB8	test
E2RV69	E2RV69	train
E2RWL8	E2RWL8	train
E2RWY6	E2RWY6	validation
E3PQS3	E3PQS3	train
E3PRJ4	E3PRJ4	train
E3PRJ5	E3PRJ5	train
E3PY95	E3PY95	train
E3PY96	E3PY96	train
E3SVR9	E3SVR9	train
E3TBJ3	E3TBJ3	validation
E3VL26	E3VL26	train
E3VWI3	E3VWI3	train
E3VXL5	E3VXL5	train
E3W202	E3W202	test
E3W203	E3W203	train
E3W204	E3W204	train
E3W769	E3W769	train
E3W861	E3W861	train
E3W9C4	E3W9C4	test
E3W9G3	E3W9G3	train
E3WDH1	E3WDH1	train
E3WF08	E3WF08	train
E4MYY0	E4MYY0	test
E4NI20	E4NI20	validation
E4PMA5	E4PMA5	train
E4Q2A4	E4Q2A4	train
E4QP00	E4QP00	train
E4SDD0	E4SDD0	validation
E4W4G9	E4W4G9	train
E5DD06	E5DD06	train
E5DHH4	E5DHH4	train
E5F146	E5F146	validation
E5FGC5	E5FGC5	train
E5G727	E5G727	train
E5GAF4	E5GAF4	train
E5LLI1	E5LLI1	train
E5RP65	E5RP65	train
E5RQ20	E5RQ20	train
E5RWZ0	E5RWZ0	validation
E6N788	E6N788	train
E6TUA8	E6TUA8	train
E6U5H4	E6U5H4	test
E6UBR9	E6UBR9	train
E6UIS7	E6UIS7	train
E6Y8N8	E6Y8N8	train
E7AIM3	E7AIM3	train
E7AXS8	E7AXS8	test
E7BBN5	E7BBN5	test
E7BYE4	E7BYE4	train
E7CY70	E7CY70	train
E7CYP8	E7CYP8	test
E7CYQ0	E7CYQ0	train
E7D6C0	E7D6C0	train
E7D6C1	E7D6C1	train
E7D6C4	E7D6C4	train
E7D7J5	E7D7J5	train
E7DDG2	E7DDG2	train
E7DJY5	E7DJY5	train
E7DXB6	E7DXB6	train
E7E815	E7E815	train
E7EF85	E7EF85	train
E7FHC0	E7FHC0	train
E7FHL9	E7FHL9	train
E7FHP1	E7FHP1	train
E7FHU4	E7FHU4	train
E7FHX4	E7FHX4	validation
E7FHY4	E7FHY4	train
E7FHY8	E7FHY8	train
E7FI44	E7FI44	train
E7FI45	E7FI45	train
E7FI87	E7FI87	train
E7FKF4	E7FKF4	train
E7FL15	E7FL15	train
E7FLQ2	E7FLQ2	test
E7FUC9	E7FUC9	train
E8MF13	E8MF13	test
E8MGH8	E8MGH8	train
E8T502	E8T502	train
E8ZAP2	E8ZAP2	train
E9AFE7	E9AFE7	train
E9AMH6	E9AMH6	train
E9AWJ0	E9AWJ0	train
E9B8P8	E9B8P8	train
E9BIX7	E9BIX7	train
E9BLE1	E9BLE1	train
E9KLD9	E9KLD9	test
E9KPK6	E9KPK6	test
E9LK91	E9LK91	train
E9LVH8	E9LVH8	validation
E9LVH8	Q47RJ6	validation
E9LVH9	E9LVH9	validation
E9LVH9	G8GER6	validation
E9N3U9	E9N3U9	train
E9NR87	E9NR87	train
E9P162	E9P162	train
E9P3X9	E9P3X9	train
E9QYP0	E9QYP0	train
E9RGV6	E9RGV6	train
E9URP8	E9URP8	train
F0HXE4	F0HXE4	train
F0NBH8	F0NBH8	train
F0NEW7	F0NEW7	train
F0QW25	F0QW25	train
F0S6Y3	F0S6Y3	train
F0S764	F0S764	test
F0S8P2	F0S8P2	validation
F0ZJZ1	F0ZJZ1	test
F1AQF9	F1AQF9	train
F1CGX0	F1CGX0	train
F1CMX0	F1CMX0	train
F1CMX3	F1CMX3	train
F1CMX6	F1CMX6	test
F1CMX8	F1CMX8	train
F1CMY8	F1CMY8	validation
F1CYZ0	F1CYZ0	train
F1CYZ5	F1CYZ5	train
F1CYZ6	F1CYZ6	train
F1DH12	F1DH12	train
F1DTB9	F1DTB9	train
F1KBQ3	F1KBQ3	test
F1M4T7	F1M4T7	train
F1M5N4	F1M5N4	validation
F1MTF4	F1MTF4	validation
F1MWD3	F1MWD3	train
F1N0E5	F1N0E5	train
F1NBH2	F1NBH2	train
F1NQP1	F1NQP1	validation
F1P2T2	F1P2T2	train
F1QCV2	F1QCV2	train
F1SWA0	F1SWA0	train
F1T242	F1T242	test
F1T2J9	F1T2J9	test
F2DQG9	F2DQG9	train
F2JR71	F2JR71	test
F2JXJ3	F2JXJ3	train
F2KPY9	F2KPY9	test
F2L0W0	F2L0W0	train
F2RM17	F2RM17	test
F2VRY7	F2VRY7	train
F2VRY9	F2VRY9	train
F2VRZ0	F2VRZ0	train
F2WP51	F2WP51	train
F2X2F9	F2X2F9	test
F2X2G0	F2X2G0	train
F2X5L9	F2X5L9	train
F2XG10	F2XG10	train
F2YCB6	F2YCB6	train
F2YCN5	F2YCN5	test
F2YGD2	F2YGD2	train
F2YP45	F2YP45	train
F2YP46	F2YP46	train
F2YZ26	F2YZ26	test
F2ZAE0	F2ZAE0	test
F3BJI2	F3BJI2	train
F4GZY2	F4GZY2	train
F4H166	F4H166	test
F4H413	F4H413	train
F4I4K7	F4I4K7	train
F4I907	F4I907	train
F4IV16	F4IV16	train
F4JKB6	F4JKB6	train
F4JUY5	F4JUY5	train
F4K5W8	F4K5W8	train
F4K687	F4K687	train
F4NCC2	F4NCC2	train
F4NCC3	F4NCC3	test
F4YTG7	F4YTG7	train
F4ZCI3	F4ZCI3	train
F4ZE01	F4ZE01	train
F4ZE79	F4ZE79	train
F5B9B9	F5B9B9	train
F5BFC8	F5BFC8	train
F5BR59	F5BR59	train
F5BWX4	F5BWX4	train
F5CI28	F5CI28	validation
F5H5G0	F5H5G0	train
F5HPR7	F5HPR7	train
F5HPS0	F5HPS0	train
F5HPS1	F5HPS1	test
F5HTD7	F5HTD7	train
F5ITJ6	F5ITJ6	test
F5S1H2	F5S1H2	train
F5Z5S7	F5Z5S7	test
F6BL85	F6BL85	test
F6HB41	F6HB41	train
F6HLL8	F6HLL8	train
F6IQ86	F6IQ86	train
F6IXY6	F6IXY6	train
F6JRN6	F6JRN6	test
F6KRI7	F6KRI7	train
F6KV61	F6KV61	train
F6KV62	F6KV62	train
F6L7F4	F6L7F4	test
F6L7F5	F6L7F5	train
F6MZ55	F6MZ55	train
F6MZ56	F6MZ56	train
F6N111	F6N111	train
F7J1C8	F7J1C8	train
F7J5X4	F7J5X4	train
F7J5X9	F7J5X9	test
F7J663	F7J663	train
F7Y223	F7Y223	train
F7YTI3	F7YTI3	validation
F7YUS1	F7YUS1	test
F7YVT1	F7YVT1	train
F7YXD6	F7YXD6	train
F7ZG00	F7ZG00	train
F8A9V0	F8A9V0	train
F8AEP0	F8AEP0	train
F8DQT0	F8DQT0	train
F8G0M3	F8G0M3	train
F8G0M4	F8G0M4	train
F8GNE5	F8GNE5	train
F8JS69	F8JS69	train
F8RL01	F8RL01	train
F8RPR8	F8RPR8	test
F8SUI7	F8SUI7	train
F8SUI8	F8SUI8	train
F8TW82	F8TW82	train
F8TW83	F8TW83	train
F8U969	F8U969	train
F8U971	F8U971	train
F8WKW5	F8WKW5	test
F8WKW8	F8WKW8	train
F8WRK9	F8WRK9	train
F8WSQ0	F8WSQ0	validation
F8WSQ1	F8WSQ1	train
F8WSQ2	F8WSQ2	test
F8WSQ3	F8WSQ3	validation
F8WSQ4	F8WSQ4	validation
F8WSY7	F8WSY7	train
F9ECN6	F9ECN6	test
F9UM18	F9UM18	train
F9VMT6	F9VMT6	train
F9VNB1	F9VNB1	train
F9VNG5	F9VNG5	train
F9VPB8	F9VPB8	test
F9VPG1	F9VPG1	test
F9VPH0	F9VPH0	train
F9W8I6	F9W8I6	validation
G0GBL0	G0GBL0	train
G0HQ31	G0HQ31	train
G0HQ35	G0HQ35	train
G0KZG8	G0KZG8	train
G0L2Y1	G0L2Y1	test
G0L5X4	G0L5X4	train
G0LC40	G0LC40	train
G0R7E2	G0R7E2	validation
G0RV93	G0RV93	test
G0S3N2	G0S3N2	train
G0S5Z5	G0S5Z5	test
G0S9B2	G0S9B2	train
G0S9G3	G0S9G3	train
G0SCE7	G0SCE7	validation
G0SGU4	G0SGU4	train
G0T3B3	G0T3B3	test
G0TES6	G0TES6	train
G0UYF4	G0UYF4	train
G0UZY5	G0UZY5	validation
G0XZD8	G0XZD8	train
G0XZM1	G0XZM1	test
G0Y286	G0Y286	train
G0Y287	G0Y287	train
G0Y288	G0Y288	train
G0YFD9	G0YFD9	train
G0YYC2	G0YYC2	train
G0YYC4	G0YYC4	train
G0ZDR5	G0ZDR5	train
G1ARD5	G1ARD5	test
G1C2I2	G1C2I2	train
G1ED17	G1ED17	test
G1EH67	G1EH67	train
G1EHI3	G1EHI3	train
G1JRK2	G1JRK2	train
G1JRK8	G1JRK8	train
G1JSL4	G1JSL4	validation
G1JTZ7	G1JTZ7	train
G1K3P5	G1K3P5	train
G1T7U7	G1T7U7	train
G1UBD1	G1UBD1	train
G1UFQ9	G1UFQ9	train
G1UHW5	G1UHW5	train
G1UII1	G1UII1	train
G1UJA9	G1UJA9	train
G2I689	G2I689	train
G2IKV5	G2IKV5	train
G2IMC6	G2IMC6	train
G2IMF2	G2IMF2	validation
G2IQQ3	G2IQQ3	validation
G2IQQ4	G2IQQ4	train
G2LDI3	G2LDI3	train
G2LJR9	G2LJR9	train
G2Q4H7	G2Q4H7	train
G2Q665	G2Q665	train
G2QDB9	G2QDB9	train
G2QDN2	G2QDN2	test
G2QH47	G2QH47	train
G2QH51	G2QH51	train
G2QHR7	G2QHR7	train
G2QIK8	G2QIK8	train
G2QJR6	G2QJR6	test
G2QND5	G2QND5	test
G2QPS0	G2QPS0	train
G2QVH7	G2QVH7	train
G2QXZ9	G2QXZ9	train
G2R8B5	G2R8B5	train
G2RGW4	G2RGW4	validation
G3BJX5	G3BJX5	train
G3CHF0	G3CHF0	train
G3CRD1	G3CRD1	validation
G3FBL1	G3FBL1	train
G3FFC9	G3FFC9	test
G3FHJ1	G3FHJ1	train
G3FNL7	G3FNL7	test
G3GCC6	G3GCC6	train
G3H935	G3H935	train
G3INC5	G3INC5	test
G3JWZ2	G3JWZ2	train
G3KFX4	G3KFX4	train
G3LGQ3	G3LGQ3	train
G3LI08	G3LI08	train
G3LUK8	G3LUK8	train
G3MDB2	G3MDB2	train
G3XCJ9	G3XCJ9	train
G3XCK6	G3XCK6	train
G3XD23	G3XD23	train
G3XD98	G3XD98	train
G3XPU3	G3XPU3	validation
G3Y683	G3Y683	train
G3Y8T6	G3Y8T6	train
G3YAL0	G3YAL0	test
G3YE52	G3YE52	train
G4I2J6	G4I2J6	train
G4I5P8	G4I5P8	train
G4NAP4	G4NAP4	train
G4RJQ1	G4RJQ1	train
G4RPF4	G4RPF4	train
G4T023	G4T023	train
G4T024	G4T024	train
G4T0C7	G4T0C7	train
G4T1H4	G4T1H4	train
G4T3S7	G4T3S7	test
G4T3S9	G4T3S9	train
G4U3G8	G4U3G8	test
G4V4S8	G4V4S8	validation
G4V4T6	G4V4T6	train
G4VJD6	G4VJD6	train
G4VQJ4	G4VQJ4	train
G4VUY7	G4VUY7	train
G4VV60	G4VV60	train
G4VV62	G4VV62	test
G4XUJ7	G4XUJ7	train
G4XUJ8	G4XUJ8	train
G4Y5W9	G4Y5W9	train
G5ADV1	G5ADV1	train
G5CSR9	G5CSR9	train
G5D5D5	G5D5D5	train
G5D7B5	G5D7B5	train
G5DAC6	G5DAC6	test
G5DAC7	G5DAC7	train
G5DAC8	G5DAC8	test
G5DAC9	G5DAC9	test
G5DDB2	G5DDB2	train
G5DDC2	G5DDC2	train
G5DE31	G5DE31	train
G5DGA8	G5DGA8	train
G5EDH7	G5EDH7	train
G5EDR5	G5EDR5	train
G5ELA4	G5ELA4	train
G5ELM1	G5ELM1	train
G7CFI3	G7CFI3	train
G7H7Y1	G7H7Y1	test
G7J7Q5	G7J7Q5	test
G7LSK3	G7LSK3	train
G7SFQ8	G7SFQ8	train
G7VG08	G7VG08	test
G7X8S6	G7X8S6	train
G7XTA8	G7XTA8	train
G7YHA8	G7YHA8	train
G7YHN5	G7YHN5	train
G7YVB4	G7YVB4	train
G8B709	G8B709	test
G8TCS8	G8TCS8	train
G8UMQ6	G8UMQ6	train
G8UQI0	G8UQI0	test
G8XQN2	G8XQN2	train
G8XQY5	G8XQY5	train
G8YXZ9	G8YXZ9	train
G8Z9T0	G8Z9T0	train
G8ZFZ3	G8ZFZ3	test
G9BY57	G9BY57	test
G9CHX6	G9CHX6	train
G9D319	G9D319	train
G9D320	G9D320	train
G9D322	G9D322	train
G9D323	G9D323	train
G9F9V4	G9F9V4	train
G9FRD7	G9FRD7	train
G9FTP5	G9FTP5	test
G9HTF7	G9HTF7	test
G9J616	G9J616	validation
G9JKF3	G9JKF3	train
G9M5R4	G9M5R4	validation
G9MAN7	G9MAN7	train
G9MBE4	G9MBE4	train
G9MBW2	G9MBW2	train
G9N4E3	G9N4E3	train
H0FT96	H0FT96	train
H0VCJ6	H0VCJ6	train
H1AAU7	H1AAU7	test
H1AE12	H1AE12	validation
H1XW48	H1XW48	train
H1ZV38	H1ZV38	test
H2C8H2	H2C8H2	test
H2DH16	H2DH16	train
H2EIY3	H2EIY3	test
H2ER12	H2ER12	train
H2ER19	H2ER19	train
H2ESB9	H2ESB9	train
H2EUL5	H2EUL5	train
H2FL89	H2FL89	train
H2FL90	H2FL90	train
H2FL91	H2FL91	validation
H2IFE7	H2IFE7	train
H2IFX0	H2IFX0	train
H2JEN2	H2JEN2	train
H2KXA2	H2KXA2	test
H2N0D4	H2N0D4	train
H2VFG5	H2VFG5	test
H2VFK0	H2VFK0	train
H3JQW0	H3JQW0	train
H3ZMH5	H3ZMH5	train
H3ZNI2	H3ZNI2	train
H5SPS2	H5SPS2	train
H5ZXI0	H5ZXI0	train
H5ZXI1	H5ZXI1	train
H6BDX1	H6BDX1	test
H6BG92	H6BG92	validation
H6LBB0	H6LBB0	train
H6LBB1	H6LBB1	test
H6LBS1	H6LBS1	train
H6LGM6	H6LGM6	train
H6LGM7	H6LGM7	test
H6LGM8	H6LGM8	train
H6TFZ4	H6TFZ4	validation
H6TG59	H6TG59	train
H6UGW9	H6UGW9	train
H6UWP3	H6UWP3	train
H6V8U4	H6V8U4	test
H6V962	H6V962	validation
H6WCP4	H6WCP4	train
H6WET3	H6WET3	train
H6WFU3	H6WFU3	train
H6WSA2	H6WSA2	train
H6WVX3	H6WVX3	train
H6WZS9	H6WZS9	train
H7C831	H7C831	train
H7CE71	H7CE71	train
H8F9Y0	H8F9Y0	train
H8WG11	H8WG11	train
H8WR05	H8WR05	train
H8XA83	H8XA83	train
H8Y263	H8Y263	train
H8YHP4	H8YHP4	train
H8ZM73	H8ZM73	train
H8ZPX1	H8ZPX1	train
H9A5F8	H9A5F8	train
H9B8T5	H9B8T5	train
H9B8T9	H9B8T9	train
H9BIH8	H9BIH8	train
H9BQR7	H9BQR7	train
H9BQR9	H9BQR9	validation
H9BZ70	H9BZ70	validation
H9C9P0	H9C9P0	train
H9CDG2	H9CDG2	train
H9CWQ0	H9CWQ0	train
H9D3U7	H9D3U7	train
H9DV62	H9DV62	test
H9GBL1	H9GBL1	train
H9JSH4	H9JSH4	train
H9JW43	H9JW43	train
H9JW44	H9JW44	train
H9JW45	H9JW45	validation
H9L0X6	H9L0X6	train
H9L9T8	H9L9T8	test
H9N289	H9N289	train
H9N290	H9N290	validation
H9N839	H9N839	validation
H9NJ43	H9NJ43	train
H9NJ52	H9NJ52	train
H9TUK5	H9TUK5	train
H9TUK6	H9TUK6	train
H9TZS7	H9TZS7	train
H9ZGD1	H9ZGD1	train
I0AZ41	I0AZ41	train
I0BWH3	I0BWH3	train
I0CKV2	I0CKV2	train
I0CKV3	I0CKV3	train
I0GZ55	I0GZ55	test
I1E3I6	I1E3I6	train
I1JCA9	I1JCA9	validation
I1L6I6	I1L6I6	train
I1MSF2	I1MSF2	train
I1REW2	I1REW2	train
I1SB08	I1SB08	test
I1TIJ2	I1TIJ2	train
I1UMG7	I1UMG7	test
I1W007	I1W007	train
I2CMF9	I2CMF9	train
I2CMG0	I2CMG0	test
I2CMG1	I2CMG1	train
I2D0K8	I2D0K8	test
I2DBY1	I2DBY1	train
I2E7L0	I2E7L0	train
I2FFE9	I2FFE9	train
I2FIL2	I2FIL2	train
I3DTM3	I3DTM3	train
I3DTN4	I3DTN4	train
I3DTP3	I3DTP3	test
I3DTP7	I3DTP7	train
I3DVX6	I3DVX6	train
I3DX19	I3DX19	test
I3DZ65	I3DZ65	test
I3E3X0	I3E3X0	train
I3E949	I3E949	train
I3EBM6	I3EBM6	train
I3J7Q8	I3J7Q8	train
I3JCG9	I3JCG9	train
I3LRP8	I3LRP8	train
I3P686	I3P686	train
I3PLR0	I3PLR0	train
I3PML9	I3PML9	train
I3QHK7	I3QHK7	validation
I3QKR9	I3QKR9	train
I3QNS7	I3QNS7	test
I3QNS8	I3QNS8	test
I3QNS9	I3QNS9	train
I3QNT0	I3QNT0	train
I3QNT2	I3QNT2	train
I3QNT4	I3QNT4	test
I3QNT6	I3QNT6	train
I3R9M8	I3R9M8	train
I3R9M9	I3R9M9	train
I3RE04	I3RE04	train
I3RFR4	I3RFR4	train
I3RFR5	I3RFR5	train
I3RJK8	I3RJK8	train
I3STR7	I3STR7	train
I3V5V6	I3V5V6	train
I3VE74	I3VE74	train
I3VE77	I3VE77	train
I3VKD5	I3VKD5	test
I3VXT6	I3VXT6	test
I3W8N0	I3W8N0	train
I3W8N1	I3W8N1	test
I3W8N2	I3W8N2	test
I3W8N3	I3W8N3	test
I3WTS0	I3WTS0	test
I3WU34	I3WU34	train
I3XLC2	I3XLC2	train
I3ZTN9	I3ZTN9	train
I3ZTQ5	I3ZTQ5	train
I4DST8	I4DST8	train
I4DXK5	I4DXK5	test
I6NC69	I6NC69	test
I6P4V6	I6P4V6	test
I6QMK7	I6QMK7	train
I6QML9	I6QML9	train
I6QS85	I6QS85	train
I6R478	I6R478	train
I6TNE2	I6TNE2	train
I6VVK9	I6VVK9	train
I6WHP7	I6WHP7	validation
I6XD65	I6XD65	train
I6XNY7	I6XNY7	train
I6XPK9	I6XPK9	train
I6XZ73	I6XZ73	train
I6Y0R5	I6Y0R5	train
I6Y2G3	I6Y2G3	train
I6Y4D2	I6Y4D2	validation
I6YDN6	I6YDN6	test
I6YG32	I6YG32	train
I6Z823	I6Z823	test
I6Z9A7	I6Z9A7	test
I6ZIX7	I6ZIX7	train
I6ZUH3	I6ZUH3	train
I7A144	I7A144	train
I7A3T6	I7A3T6	train
I7A603	I7A603	test
I7ASS7	I7ASS7	train
I7C6E8	I7C6E8	train
I7CKJ5	I7CKJ5	validation
I7FDJ2	I7FDJ2	train
I7GFC6	I7GFC6	test
I7H6W6	I7H6W6	train
I7HD84	I7HD84	train
I7HFV7	I7HFV7	train
I7L8N7	I7L8N7	test
I7MAL0	I7MAL0	test
J4X756	J4X756	train
J5JB66	J5JB66	train
J7G4R4	J7G4R4	train
J7G8S5	J7G8S5	train
J7GQ11	J7GQ11	test
J7HDV0	J7HDV0	train
J7I0S9	J7I0S9	test
J7II91	J7II91	train
J7K6M3	J7K6M3	train
J7LH11	J7LH11	test
J9E728	J9E728	train
J9H7D1	J9H7D1	train
J9PHM5	J9PHM5	train
J9PXA2	J9PXA2	train
J9Q529	J9Q529	test
J9QQ32	J9QQ32	train
J9QYL0	J9QYL0	train
J9R912	J9R912	train
J9RYI6	J9RYI6	test
J9SJ08	J9SJ08	train
J9UN47	J9UN47	train
J9VFF7	J9VFF7	train
J9VKS8	J9VKS8	train
J9VMM2	J9VMM2	train
J9VQN5	J9VQN5	train
J9WJN8	J9WJN8	train
J9WN12	J9WN12	validation
J9WNR5	J9WNR5	train
J9WQY6	J9WQY6	train
J9XGP8	J9XGP8	train
J9XGZ5	J9XGZ5	train
J9XQS6	J9XQS6	train
J9XTR7	J9XTR7	test
K0A689	K0A689	train
K0DDQ9	K0DDQ9	train
K0EFJ2	K0EFJ2	train
K0J3J2	K0J3J2	train
K0J4X5	K0J4X5	train
K0JCW6	K0JCW6	train
K1QEW8	K1QEW8	test
K1QH67	K1QH67	test
K1QT40	K1QT40	train
K2QXC4	K2QXC4	train
K4BS77	K4BS77	test
K4BTE6	K4BTE6	train
K4C3H8	K4C3H8	test
K4GGT4	K4GGT4	test
K4HXK6	K4HXK6	train
K4HYB0	K4HYB0	train
K4L7X3	K4L7X3	train
K4LMW2	K4LMW2	train
K4P5F3	K4P5F3	train
K4P7S0	K4P7S0	train
K4Q1U9	K4Q1U9	test
K5B7F3	K5B7F3	train
K5BDL0	K5BDL0	test
K5BJH8	K5BJH8	test
K5XDZ6	K5XDZ6	train
K7NB71	K7NB71	test
K7NBZ9	K7NBZ9	train
K7QK60	K7QK60	train
K7QTY9	K7QTY9	train
K7SW59	K7SW59	train
K7T9D9	K7T9D9	train
K7WCI9	K7WCI9	train
K7WYY0	K7WYY0	validation
K7XPX5	K7XPX5	train
K7XQ68	K7XQ68	train
K7ZBX8	K7ZBX8	train
K7ZLA5	K7ZLA5	train
K9DE84	K9DE84	train
K9JTB0	K9JTB0	train
K9K7W3	K9K7W3	train
K9L8R4	K9L8R4	test
K9LL63	K9LL63	train
K9NKC3	K9NKC3	train
K9NKH3	K9NKH3	test
K9NLN7	K9NLN7	train
K9RZL7	K9RZL7	train
K9S0X0	K9S0X0	train
K9S1J6	K9S1J6	train
K9TVX3	K9TVX3	train
K9UV87	K9UV87	train
K9Y6Y9	K9Y6Y9	validation
L0AQH5	L0AQH5	train
L0BXX7	L0BXX7	train
L0C9D3	L0C9D3	test
L0CM48	L0CM48	train
L0CR34	L0CR34	train
L0D9B6	L0D9B6	train
L0ECT7	L0ECT7	train
L0EKQ7	L0EKQ7	train
L0N3Y0	L0N3Y0	validation
L0N5C4	L0N5C4	train
L0N6Q8	L0N6Q8	train
L0N7M7	L0N7M7	test
L0N807	L0N807	train
L7NCQ3	L7NCQ3	train
L7QHV5	L7QHV5	train
L7QI27	L7QI27	train
L7QI79	L7QI79	test
L7R9X8	L7R9X8	validation
L7RFF8	L7RFF8	test
L7RY40	L7RY40	test
L7T720	L7T720	train
L7T8H2	L7T8H2	train
L7T8Y9	L7T8Y9	validation
L7VQ35	L7VQ35	train
L7Y2Z6	L7Y2Z6	train
L7Y8B0	L7Y8B0	test
L7Z147	L7Z147	train
L7Z3F8	L7Z3F8	train
L8B068	L8B068	train
L8B2H6	L8B2H6	test
L8B3D7	L8B3D7	test
L8B3Z6	L8B3Z6	train
L8B6C5	L8B6C5	test
L8B8U1	L8B8U1	test
L8B8V1	L8B8V1	train
L8BT48	L8BT48	train
M0HXK1	M0HXK1	test
M0LMI3	M0LMI3	validation
M0RC77	M0RC77	train
M1F2U2	M1F2U2	train
M1GCP8	M1GCP8	train
M1GRN3	M1GRN3	train
M1JUH6	M1JUH6	train
M1PA89	M1PA89	train
M1QEG4	M1QEG4	train
M1QZ44	M1QZ44	train
M1R338	M1R338	train
M1R344	M1R344	train
M1R367	M1R367	train
M1R969	M1R969	train
M1R991	M1R991	train
M1RFK9	M1RFK9	train
M1RNN3	M1RNN3	train
M1T754	M1T754	train
M1T9X3	M1T9X3	train
M1V623	M1V623	train
M1V9Q0	M1V9Q0	validation
M1VDX3	M1VDX3	test
M1VE66	M1VE66	train
M1WA41	M1WA41	test
M2RF26	M2RF26	train
M2Y1U7	M2Y1U7	train
M4GGR9	M4GGR9	train
M4GRS1	M4GRS1	train
M4I1C6	M4I1C6	train
M4I6P1	M4I6P1	train
M4I787	M4I787	train
M4LK61	M4LK61	train
M4MBM1	M4MBM1	train
M4QNR9	M4QNR9	train
M4QSY7	M4QSY7	train
M4T971	M4T971	train
M4TL26	M4TL26	train
M4VLM9	M4VLM9	train
M4VRJ6	M4VRJ6	train
M4WFN0	M4WFN0	train
M5AIH9	M5AIH9	train
M5AJW4	M5AJW4	test
M5AWY0	M5AWY0	train
M5AXT3	M5AXT3	train
M5DDN2	M5DDN2	train
M9MJR9	M9MJR9	train
M9NE76	M9NE76	train
M9PLY0	M9PLY0	train
M9QJD2	M9QJD2	test
M9TNM8	M9TNM8	train
M9UYB0	M9UYB0	train
M9VR53	M9VR53	test
M9VRD0	M9VRD0	train
M9VTY8	M9VTY8	train
M9VU49	M9VU49	validation
M9VUD6	M9VUD6	train
M9VUE0	M9VUE0	train
M9VY17	M9VY17	train
M9VY20	M9VY20	train
M9W6G9	M9W6G9	train
M9XGK2	M9XGK2	train
N0DP12	N0DP12	train
N0DT23	N0DT23	validation
N0E6R8	N0E6R8	validation
N1Q9R6	N1Q9R6	train
N6Z5E2	N6Z5E2	train
N8X9V6	N8X9V6	test
O00056	O00056	test
O00085	O00085	train
O00089	O00089	train
O00095	O00095	test
O00105	O00105	test
O00107	O00107	test
O00142	O00142	train
O00154	O00154	train
O00204	O00204	test
O00219	O00219	train
O00338	O00338	train
O00418	O00418	test
O00429	O00429	train
O00469	O00469	train
O00584	O00584	train
O00748	O00748	test
O00754	O00754	train
O00762	O00762	test
O00767	O00767	train
O02089	O02089	train
O02611	O02611	train
O02623	O02623	test
O02705	O02705	train
O02827	O02827	train
O04385	O04385	train
O04905	O04905	train
O04928	O04928	train
O05207	O05207	test
O05208	O05208	test
O05268	O05268	validation
O05510	O05510	validation
O05512	O05512	test
O05576	O05576	train
O05651	O05651	train
O05927	O05927	test
O06401	O06401	test
O06543	O06543	train
O06644	O06644	train
O06647	O06647	train
O06901	O06901	test
O06961	O06961	test
O07051	O07051	test
O07177	O07177	validation
O07427	O07427	train
O07637	O07637	train
O07683	O07683	train
O07883	O07883	train
O08348	O08348	train
O08349	O08349	train
O08355	O08355	train
O08367	O08367	train
O08467	O08467	test
O08709	O08709	validation
O08796	O08796	test
O08841	O08841	train
O09005	O09005	train
O09114	O09114	train
O09159	O09159	test
O09175	O09175	train
O13297	O13297	train
O13811	O13811	test
O13935	O13935	train
O14295	O14295	train
O14556	O14556	train
O14678	O14678	train
O14684	O14684	test
O14717	O14717	train
O14734	O14734	test
O14867	O14867	test
O14920	O14920	train
O14939	O14939	train
O15111	O15111	test
O15229	O15229	train
O15269	O15269	train
O15270	O15270	train
O15296	O15296	test
O15379	O15379	train
O15382	O15382	train
O15488	O15488	validation
O15527	O15527	train
O15635	O15635	test
O15918	O15918	test
O15922	O15922	train
O16843	O16843	test
O18767	O18767	train
O22141	O22141	train
O22213	O22213	train
O22527	O22527	validation
O22617	O22617	test
O22666	O22666	train
O22683	O22683	train
O22775	O22775	train
O22975	O22975	train
O23141	O23141	train
O23179	O23179	test
O23180	O23180	test
O23181	O23181	train
O23240	O23240	test
O23402	O23402	train
O23553	O23553	test
O23801	O23801	train
O24035	O24035	train
O24047	O24047	test
O24164	O24164	test
O24297	O24297	test
O24319	O24319	train
O24325	O24325	train
O24421	O24421	train
O24496	O24496	train
O24529	O24529	train
O24721	O24721	train
O24736	O24736	train
O25130	O25130	validation
O25176	O25176	test
O25294	O25294	train
O25743	O25743	train
O25949	O25949	test
O26004	O26004	train
O26010	O26010	train
O26153	O26153	train
O26232	O26232	train
O26253	O26253	validation
O27089	O27089	train
O27106	O27106	train
O27726	O27726	train
O27957	O27957	train
O28025	O28025	validation
O28028	O28028	train
O28046	O28046	train
O28126	O28126	train
O28294	O28294	test
O28341	O28341	validation
O28344	O28344	train
O28471	O28471	train
O28558	O28558	train
O28579	O28579	test
O28597	O28597	train
O28603	O28603	validation
O28604	O28604	train
O28778	O28778	train
O29057	O29057	train
O29269	O29269	train
O29313	O29313	test
O29428	O29428	test
O29588	O29588	train
O29610	O29610	train
O29634	O29634	test
O29675	O29675	test
O29753	O29753	train
O29786	O29786	train
O29841	O29841	train
O29852	O29852	train
O29853	O29853	train
O29876	O29876	test
O29903	O29903	test
O29918	O29918	test
O29975	O29975	validation
O29976	O29976	train
O30012	O30012	test
O30124	O30124	validation
O30126	O30126	test
O30144	O30144	train
O30245	O30245	train
O30298	O30298	test
O30438	O30438	train
O30511	O30511	train
O30640	O30640	train
O30772	O30772	train
O31156	O31156	train
O31272	O31272	train
O31465	O31465	train
O31526	O31526	train
O31527	O31527	train
O31611	O31611	train
O31616	O31616	test
O31662	O31662	train
O31667	O31667	test
O31668	O31668	train
O32054	O32054	train
O32085	O32085	train
O32106	O32106	test
O32223	O32223	train
O32323	O32323	train
O32462	O32462	test
O33336	O33336	test
O33468	O33468	train
O33476	O33476	validation
O33707	O33707	train
O33830	O33830	train
O33833	O33833	test
O33838	O33838	train
O33853	O33853	train
O34360	O34360	train
O34425	O34425	train
O34453	O34453	train
O34508	O34508	train
O34536	O34536	train
O34539	O34539	train
O34667	O34667	test
O34714	O34714	train
O34757	O34757	train
O34767	O34767	test
O34788	O34788	train
O35000	O35000	train
O35002	O35002	train
O35010	O35010	train
O35186	O35186	train
O35244	O35244	test
O35303	O35303	test
O35310	O35310	train
O35400	O35400	train
O35535	O35535	train
O35776	O35776	train
O35795	O35795	train
O41026	O41026	test
O42446	O42446	train
O42713	O42713	train
O42729	O42729	validation
O42783	O42783	train
O42815	O42815	test
O43175	O43175	train
O43184	O43184	validation
O43252	O43252	test
O43272	O43272	validation
O43286	O43286	train
O43570	O43570	train
O43704	O43704	test
O43741	O43741	train
O43781	O43781	train
O43820	O43820	train
O43916	O43916	train
O44750	O44750	test
O46419	O46419	validation
O46606	O46606	validation
O47881	O47881	test
O48709	O48709	train
O48723	O48723	train
O48741	O48741	train
O48882	O48882	train
O48944	O48944	train
O48945	O48945	train
O49006	O49006	validation
O49133	O49133	train
O49235	O49235	train
O49284	O49284	train
O49434	O49434	train
O49639	O49639	train
O49855	O49855	train
O50083	O50083	train
O50094	O50094	train
O50123	O50123	train
O50173	O50173	train
O50325	O50325	train
O50444	O50444	train
O50490	O50490	train
O50584	O50584	train
O51096	O51096	train
O51558	O51558	train
O51564	O51564	train
O51648	O51648	train
O51799	O51799	test
O52185	O52185	train
O52195	O52195	train
O52250	O52250	train
O52504	O52504	train
O52552	O52552	validation
O52646	O52646	validation
O52935	O52935	train
O53223	O53223	validation
O53289	O53289	train
O53444	O53444	train
O54050	O54050	train
O54051	O54051	validation
O54161	O54161	train
O54204	O54204	train
O54259	O54259	train
O54288	O54288	validation
O54435	O54435	train
O54574	O54574	test
O54804	O54804	train
O54833	O54833	train
O54857	O54857	validation
O54939	O54939	train
O55023	O55023	train
O55060	O55060	train
O55123	O55123	train
O57693	O57693	train
O57762	O57762	train
O57863	O57863	train
O57878	O57878	train
O57899	O57899	test
O57935	O57935	train
O57963	O57963	train
O57980	O57980	test
O58001	O58001	test
O58013	O58013	train
O58049	O58049	train
O58212	O58212	train
O58231	O58231	train
O58235	O58235	train
O58237	O58237	test
O58255	O58255	test
O58308	O58308	test
O58323	O58323	train
O58389	O58389	train
O58433	O58433	validation
O58453	O58453	test
O58649	O58649	train
O58691	O58691	train
O58698	O58698	train
O58801	O58801	test
O58802	O58802	test
O58832	O58832	train
O58885	O58885	train
O59071	O59071	test
O59072	O59072	train
O59089	O59089	train
O59147	O59147	test
O59150	O59150	train
O59179	O59179	validation
O59196	O59196	train
O59248	O59248	train
O59312	O59312	train
O59355	O59355	test
O59413	O59413	train
O59425	O59425	train
O59445	O59445	train
O59485	O59485	train
O59543	O59543	test
O59565	O59565	train
O59650	O59650	train
O59828	O59828	test
O59869	O59869	train
O59925	O59925	train
O59952	O59952	train
O60235	O60235	test
O60259	O60259	train
O60476	O60476	train
O60488	O60488	test
O60547	O60547	test
O60551	O60551	train
O60656	O60656	train
O60701	O60701	test
O60760	O60760	train
O60825	O60825	validation
O60882	O60882	test
O60906	O60906	train
O60909	O60909	test
O60911	O60911	train
O60930	O60930	validation
O60942	O60942	test
O60989	O60989	train
O64437	O64437	train
O64765	O64765	test
O64816	O64816	train
O64903	O64903	test
O64925	O64925	train
O65782	O65782	test
O66036	O66036	train
O66064	O66064	train
O66223	O66223	train
O66266	O66266	test
O66680	O66680	train
O66747	O66747	test
O66753	O66753	train
O66837	O66837	train
O66844	O66844	train
O66880	O66880	test
O66914	O66914	train
O66932	O66932	test
O66990	O66990	train
O67010	O67010	test
O67049	O67049	train
O67060	O67060	train
O67203	O67203	train
O67379	O67379	train
O67432	O67432	train
O67501	O67501	train
O67572	O67572	train
O67575	O67575	validation
O67625	O67625	test
O67644	O67644	train
O67646	O67646	test
O67848	O67848	train
O67931	O67931	train
O68541	O68541	test
O68609	O68609	test
O69002	O69002	train
O69054	O69054	test
O69262	O69262	validation
O69787	O69787	train
O70138	O70138	test
O70177	O70177	train
O70310	O70310	train
O70311	O70311	train
O70582	O70582	train
O70631	O70631	test
O73937	O73937	train
O73939	O73939	train
O73940	O73940	test
O73944	O73944	train
O73951	O73951	train
O73960	O73960	validation
O74009	O74009	train
O74237	O74237	test
O74339	O74339	train
O74634	O74634	train
O74641	O74641	train
O74705	O74705	train
O74725	O74725	train
O75173	O75173	train
O75185	O75185	train
O75354	O75354	train
O75355	O75355	train
O75390	O75390	train
O75608	O75608	train
O75752	O75752	train
O75792	O75792	train
O75795	O75795	train
O75828	O75828	train
O75874	O75874	train
O75907	O75907	train
O75908	O75908	validation
O75936	O75936	validation
O76290	O76290	train
O76739	O76739	train
O77475	O77475	validation
O77836	O77836	validation
O80403	O80403	train
O80437	O80437	train
O80458	O80458	train
O80467	O80467	train
O80568	O80568	train
O80612	O80612	train
O80840	O80840	train
O80952	O80952	validation
O80959	O80959	train
O81030	O81030	train
O81082	O81082	test
O81191	O81191	train
O81226	O81226	train
O81852	O81852	train
O81884	O81884	train
O81893	O81893	train
O81985	O81985	train
O82390	O82390	train
O82521	O82521	train
O82549	O82549	test
O82560	O82560	train
O82647	O82647	train
O82827	O82827	train
O82832	O82832	train
O83023	O83023	train
O83032	O83032	train
O83522	O83522	train
O83774	O83774	train
O84781	O84781	train
O84919	O84919	validation
O84920	O84920	train
O85040	O85040	train
O85057	O85057	train
O86042	O86042	validation
O86151	O86151	train
O86169	O86169	test
O86224	O86224	train
O86428	O86428	train
O86436	O86436	train
O86728	O86728	train
O86786	O86786	train
O87082	O87082	test
O87172	O87172	train
O87605	O87605	train
O87833	O87833	train
O87870	O87870	test
O87871	O87871	test
O87872	O87872	test
O87943	O87943	train
O88199	O88199	train
O88508	O88508	train
O88509	O88509	train
O88844	O88844	train
O88885	O88885	validation
O92261	O92261	train
O93295	O93295	train
O93623	O93623	train
O93634	O93634	test
O93647	O93647	train
O93656	O93656	test
O93738	O93738	validation
O93738	Q8U1K3	validation
O93785	O93785	train
O93803	O93803	test
O94220	O94220	train
O94923	O94923	test
O94925	O94925	train
O95237	O95237	train
O95336	O95336	test
O95340	O95340	train
O95363	O95363	train
O95453	O95453	train
O95497	O95497	train
O95544	O95544	train
O95674	O95674	test
O95749	O95749	validation
O95803	O95803	train
O95822	O95822	train
O95848	O95848	train
O95932	O95932	test
O95989	O95989	train
O96007	O96007	validation
O96009	O96009	train
O96100	O96100	test
O96142	O96142	train
O96437	O96437	train
O96507	O96507	train
O96794	O96794	train
O97020	O97020	train
O97071	O97071	train
O97143	O97143	train
O97193	O97193	validation
P00175	P00175	validation
P00183	P00183	train
P00191	P00191	train
P00327	P00327	test
P00330	P00330	train
P00336	P00336	test
P00338	P00338	train
P00339	P00339	train
P00344	P00344	test
P00349	P00349	train
P00352	P00352	test
P00356	P00356	train
P00359	P00359	train
P00363	P00363	validation
P00366	P00366	train
P00370	P00370	train
P00371	P00371	train
P00374	P00374	train
P00375	P00375	train
P00388	P00388	train
P00390	P00390	train
P00432	P00432	train
P00439	P00439	train
P00488	P00488	train
P00489	P00489	train
P00491	P00491	validation
P00505	P00505	train
P00507	P00507	train
P00512	P00512	train
P00518	P00518	validation
P00558	P00558	train
P00590	P00590	train
P00591	P00591	test
P00598	P00598	test
P00630	P00630	train
P00634	P00634	train
P00636	P00636	train
P00654	P00654	train
P00690	P00690	train
P00692	P00692	train
P00698	P00698	train
P00727	P00727	validation
P00729	P00729	test
P00734	P00734	validation
P00736	P00736	train
P00740	P00740	validation
P00750	P00750	train
P00751	P00751	train
P00777	P00777	test
P00780	P00780	train
P00787	P00787	train
P00791	P00791	test
P00800	P00800	train
P00860	P00860	train
P00861	P00861	test
P00915	P00915	train
P00921	P00921	train
P00924	P00924	test
P00926	P00926	train
P00936	P00936	train
P00939	P00939	train
P00940	P00940	train
P00942	P00942	train
P00943	P00943	test
P00947	P00947	train
P00953	P00953	train
P00956	P00956	train
P00957	P00957	test
P00962	P00962	train
P00966	P00966	validation
P00973	P00973	test
P01033	P01033	train
P02592	P02592	train
P02794	P02794	train
P02919	P02919	train
P02963	P02963	train
P03156	P03156	train
P03433	P03433	train
P03697	P03697	test
P03813	P03813	validation
P03951	P03951	test
P03956	P03956	train
P03958	P03958	train
P03962	P03962	test
P04014	P04014	test
P04058	P04058	train
P04063	P04063	test
P04068	P04068	train
P04176	P04176	train
P04179	P04179	train
P04180	P04180	train
P04181	P04181	train
P04182	P04182	train
P04189	P04189	train
P04191	P04191	validation
P04718	P04718	test
P04746	P04746	train
P04789	P04789	test
P04797	P04797	train
P04805	P04805	test
P04824	P04824	train
P04825	P04825	train
P04830	P04830	train
P04963	P04963	train
P04993	P04993	train
P04995	P04995	train
P05030	P05030	train
P05042	P05042	test
P05081	P05081	train
P05089	P05089	train
P05091	P05091	train
P05093	P05093	train
P05116	P05116	test
P05364	P05364	train
P05618	P05618	train
P05655	P05655	train
P05804	P05804	train
P05807	P05807	train
P05979	P05979	train
P06133	P06133	train
P06169	P06169	train
P06189	P06189	train
P06197	P06197	test
P06242	P06242	validation
P06276	P06276	train
P06279	P06279	train
P06512	P06512	train
P06525	P06525	test
P06547	P06547	test
P06609	P06609	test
P06611	P06611	train
P06617	P06617	train
P06621	P06621	train
P06622	P06622	train
P06634	P06634	train
P06721	P06721	train
P06732	P06732	train
P06744	P06744	test
P06746	P06746	train
P06762	P06762	train
P06855	P06855	train
P06858	P06858	train
P06875	P06875	train
P06961	P06961	test
P06968	P06968	test
P06988	P06988	train
P07059	P07059	test
P07061	P07061	train
P07099	P07099	test
P07128	P07128	test
P07140	P07140	validation
P07203	P07203	train
P07236	P07236	train
P07237	P07237	train
P07271	P07271	train
P07288	P07288	train
P07308	P07308	test
P07314	P07314	train
P07328	P07328	train
P07335	P07335	validation
P07374	P07374	test
P07524	P07524	train
P07639	P07639	train
P07650	P07650	validation
P07741	P07741	train
P07762	P07762	validation
P07813	P07813	train
P07858	P07858	train
P07861	P07861	train
P07862	P07862	train
P07864	P07864	train
P07872	P07872	validation
P07913	P07913	train
P07920	P07920	train
P07941	P07941	train
P07943	P07943	train
P07980	P07980	train
P07987	P07987	train
P07998	P07998	train
P08017	P08017	train
P08144	P08144	train
P08148	P08148	test
P08196	P08196	train
P08200	P08200	train
P08202	P08202	train
P08253	P08253	train
P08263	P08263	validation
P08294	P08294	train
P08303	P08303	test
P08311	P08311	train
P08397	P08397	train
P08413	P08413	train
P08432	P08432	train
P08499	P08499	train
P08594	P08594	train
P08680	P08680	train
P08686	P08686	train
P08709	P08709	test
P08897	P08897	train
P09057	P09057	train
P09107	P09107	train
P09144	P09144	test
P09147	P09147	validation
P09148	P09148	test
P09158	P09158	test
P09169	P09169	train
P09172	P09172	train
P09237	P09237	train
P09339	P09339	validation
P09347	P09347	train
P09373	P09373	train
P09383	P09383	train
P09391	P09391	train
P09417	P09417	train
P09467	P09467	train
P09599	P09599	test
P09601	P09601	train
P09622	P09622	test
P09812	P09812	test
P09841	P09841	train
P09871	P09871	train
P09889	P09889	train
P09917	P09917	validation
P09918	P09918	train
P09936	P09936	train
P09955	P09955	validation
P09958	P09958	train
P09960	P09960	test
P09979	P09979	train
P0A006	P0A006	train
P0A016	P0A016	test
P0A0A5	P0A0A5	train
P0A0A8	P0A0A8	train
P0A0C1	P0A0C1	train
P0A0Y1	P0A0Y1	train
P0A1E3	P0A1E3	train
P0A2W7	P0A2W7	test
P0A3C5	P0A3C5	validation
P0A3X6	P0A3X6	train
P0A3Y5	P0A3Y5	train
P0A405	P0A405	train
P0A407	P0A407	test
P0A415	P0A415	train
P0A4Q0	P0A4Q0	train
P0A698	P0A698	train
P0A6A3	P0A6A3	train
P0A6D3	P0A6D3	train
P0A6H8	P0A6H8	train
P0A6I3	P0A6I3	train
P0A6I6	P0A6I6	train
P0A6I9	P0A6I9	train
P0A6L0	P0A6L0	train
P0A6L2	P0A6L2	train
P0A6L4	P0A6L4	test
P0A6M4	P0A6M4	train
P0A6M8	P0A6M8	test
P0A6R0	P0A6R0	train
P0A6S7	P0A6S7	test
P0A6W0	P0A6W0	test
P0A6W9	P0A6W9	train
P0A705	P0A705	train
P0A722	P0A722	train
P0A746	P0A746	train
P0A759	P0A759	test
P0A776	P0A776	validation
P0A784	P0A784	test
P0A786	P0A786	train
P0A790	P0A790	test
P0A7A9	P0A7A9	validation
P0A7E9	P0A7E9	train
P0A7J0	P0A7J0	test
P0A7Y0	P0A7Y0	train
P0A7Y4	P0A7Y4	train
P0A825	P0A825	train
P0A836	P0A836	validation
P0A840	P0A840	train
P0A853	P0A853	train
P0A858	P0A858	train
P0A870	P0A870	train
P0A873	P0A873	train
P0A8I8	P0A8I8	train
P0A8M3	P0A8M3	train
P0A8N5	P0A8N5	train
P0A8Z0	P0A8Z0	train
P0A955	P0A955	test
P0A9C9	P0A9C9	train
P0A9G6	P0A9G6	train
P0A9J4	P0A9J4	test
P0A9M0	P0A9M0	train
P0A9N4	P0A9N4	train
P0A9Q9	P0A9Q9	train
P0A9S5	P0A9S5	train
P0A9T0	P0A9T0	train
P0AA37	P0AA37	train
P0AA43	P0AA43	validation
P0AAI5	P0AAI5	train
P0AB83	P0AB83	train
P0AB85	P0AB85	test
P0AB91	P0AB91	test
P0ABB8	P0ABB8	train
P0ABJ9	P0ABJ9	train
P0ABK2	P0ABK2	validation
P0ABK9	P0ABK9	test
P0ABN1	P0ABN1	train
P0ABQ4	P0ABQ4	test
P0ABR9	P0ABR9	test
P0ABS5	P0ABS5	train
P0AC19	P0AC19	train
P0AC33	P0AC33	test
P0AC78	P0AC78	train
P0ACC7	P0ACC7	test
P0ACV0	P0ACV0	test
P0ACV2	P0ACV2	train
P0AD57	P0AD57	test
P0AD62	P0AD62	validation
P0ADI4	P0ADI4	train
P0ADR6	P0ADR6	train
P0AE01	P0AE01	train
P0AE08	P0AE08	train
P0AE18	P0AE18	train
P0AE22	P0AE22	train
P0AEK4	P0AEK4	train
P0AES0	P0AES0	train
P0AF18	P0AF18	test
P0AFC0	P0AFC0	train
P0AFI0	P0AFI0	train
P0AFL6	P0AFL6	train
P0AFS3	P0AFS3	test
P0AGE9	P0AGE9	train
P0AGJ7	P0AGJ7	train
P0AGJ9	P0AGJ9	train
P0AGL7	P0AGL7	train
P0C037	P0C037	train
P0C0G6	P0C0G6	train
P0C0H6	P0C0H6	test
P0C0X1	P0C0X1	test
P0C0Y5	P0C0Y5	test
P0C1Q0	P0C1Q0	train
P0C2T6	P0C2T6	train
P0C5A3	P0C5A3	test
P0C5B4	P0C5B4	train
P0CD66	P0CD66	test
P0CI73	P0CI73	test
P0CS13	P0CS13	train
P0CS93	P0CS93	train
P0CT87	P0CT87	validation
P0CT88	P0CT88	train
P0CU53	P0CU53	train
P0CW40	P0CW40	train
P0CW58	P0CW58	train
P0DI76	P0DI76	train
P0DJ44	P0DJ44	train
P0DKH4	P0DKH4	train
P0DKY4	P0DKY4	train
P0DOW0	P0DOW0	train
P0DPA8	P0DPA8	train
P10056	P10056	validation
P10098	P10098	test
P10144	P10144	train
P10270	P10270	test
P10370	P10370	train
P10378	P10378	train
P10442	P10442	train
P10478	P10478	train
P10537	P10537	train
P10538	P10538	train
P10547	P10547	train
P10584	P10584	test
P10605	P10605	train
P10619	P10619	train
P10719	P10719	test
P10724	P10724	train
P10725	P10725	train
P10742	P10742	train
P10746	P10746	test
P10860	P10860	train
P10959	P10959	train
P11155	P11155	test
P11172	P11172	test
P11245	P11245	train
P11275	P11275	test
P11349	P11349	train
P11350	P11350	test
P11353	P11353	train
P11387	P11387	test
P11411	P11411	train
P11444	P11444	train
P11458	P11458	test
P11542	P11542	train
P11558	P11558	train
P11560	P11560	train
P11562	P11562	train
P11569	P11569	train
P11570	P11570	train
P11759	P11759	train
P11926	P11926	train
P11928	P11928	train
P11935	P11935	train
P11955	P11955	test
P11964	P11964	train
P11983	P11983	train
P12007	P12007	validation
P12047	P12047	train
P12154	P12154	train
P12256	P12256	train
P12268	P12268	train
P12277	P12277	test
P12282	P12282	train
P12293	P12293	train
P12425	P12425	train
P12544	P12544	train
P12547	P12547	validation
P12612	P12612	train
P12625	P12625	train
P12653	P12653	train
P12676	P12676	train
P12931	P12931	train
P12955	P12955	train
P12995	P12995	test
P13154	P13154	train
P13203	P13203	train
P13254	P13254	train
P13255	P13255	train
P13264	P13264	train
P13280	P13280	test
P13319	P13319	train
P13497	P13497	test
P13513	P13513	train
P13551	P13551	train
P13650	P13650	test
P13661	P13661	validation
P13674	P13674	train
P13717	P13717	test
P13721	P13721	train
P13860	P13860	train
P13956	P13956	train
P13981	P13981	train
P13988	P13988	train
P13989	P13989	train
P14061	P14061	train
P14192	P14192	train
P14288	P14288	train
P14324	P14324	train
P14384	P14384	train
P14407	P14407	train
P14489	P14489	train
P14555	P14555	test
P14618	P14618	train
P14621	P14621	train
P14655	P14655	train
P14656	P14656	test
P14679	P14679	train
P14682	P14682	train
P14697	P14697	train
P14735	P14735	train
P14740	P14740	test
P14755	P14755	test
P14769	P14769	train
P14780	P14780	train
P14856	P14856	train
P14901	P14901	validation
P14909	P14909	train
P14920	P14920	train
P14930	P14930	train
P14941	P14941	train
P15043	P15043	train
P15144	P15144	test
P15280	P15280	train
P15289	P15289	train
P15290	P15290	train
P15316	P15316	train
P15332	P15332	train
P15333	P15333	train
P15334	P15334	test
P15454	P15454	test
P15474	P15474	train
P15531	P15531	train
P15538	P15538	train
P15557	P15557	train
P15558	P15558	train
P15565	P15565	train
P15586	P15586	train
P15636	P15636	test
P15639	P15639	train
P15804	P15804	train
P15807	P15807	test
P15848	P15848	train
P15877	P15877	test
P15888	P15888	test
P15917	P15917	train
P16068	P16068	train
P16083	P16083	test
P16116	P16116	test
P16152	P16152	train
P16184	P16184	validation
P16243	P16243	test
P16250	P16250	train
P16303	P16303	train
P16311	P16311	train
P16406	P16406	train
P16442	P16442	test
P16460	P16460	train
P16467	P16467	train
P16469	P16469	train
P16497	P16497	train
P16661	P16661	test
P16662	P16662	validation
P16688	P16688	train
P16692	P16692	test
P16858	P16858	test
P16897	P16897	train
P16930	P16930	test
P16954	P16954	train
P17050	P17050	validation
P17109	P17109	train
P17117	P17117	train
P17118	P17118	train
P17119	P17119	train
P17169	P17169	train
P17174	P17174	train
P17182	P17182	validation
P17248	P17248	train
P17443	P17443	train
P17560	P17560	test
P17597	P17597	test
P17618	P17618	train
P17706	P17706	train
P17811	P17811	train
P17814	P17814	train
P17858	P17858	train
P17888	P17888	test
P17987	P17987	train
P17988	P17988	train
P17989	P17989	test
P18054	P18054	train
P18266	P18266	train
P18394	P18394	test
P18405	P18405	train
P18440	P18440	train
P18548	P18548	train
P18644	P18644	test
P18666	P18666	test
P18956	P18956	train
P19080	P19080	train
P19099	P19099	train
P19111	P19111	train
P19113	P19113	train
P19139	P19139	train
P19157	P19157	train
P19224	P19224	train
P19254	P19254	train
P19264	P19264	validation
P19265	P19265	train
P19356	P19356	train
P19367	P19367	train
P19410	P19410	train
P19440	P19440	train
P19468	P19468	test
P19487	P19487	train
P19531	P19531	train
P19571	P19571	test
P19582	P19582	train
P19623	P19623	train
P19687	P19687	train
P19801	P19801	train
P19835	P19835	train
P19881	P19881	train
P19913	P19913	train
P19914	P19914	train
P19915	P19915	train
P19919	P19919	test
P19920	P19920	test
P19921	P19921	train
P19938	P19938	test
P20035	P20035	train
P20115	P20115	test
P20132	P20132	train
P20142	P20142	train
P20192	P20192	train
P20228	P20228	train
P20261	P20261	train
P20582	P20582	test
P20591	P20591	validation
P20689	P20689	validation
P20718	P20718	train
P20839	P20839	test
P20906	P20906	validation
P20933	P20933	test
P20971	P20971	train
P21127	P21127	train
P21130	P21130	validation
P21146	P21146	validation
P21170	P21170	train
P21218	P21218	train
P21219	P21219	train
P21220	P21220	train
P21395	P21395	train
P21396	P21396	train
P21437	P21437	test
P21549	P21549	train
P21550	P21550	train
P21575	P21575	train
P21632	P21632	train
P21643	P21643	train
P21673	P21673	train
P21685	P21685	validation
P21693	P21693	train
P21695	P21695	train
P21833	P21833	validation
P21836	P21836	train
P21888	P21888	train
P21890	P21890	train
P21954	P21954	test
P21958	P21958	train
P21980	P21980	train
P22033	P22033	test
P22088	P22088	test
P22144	P22144	train
P22309	P22309	train
P22310	P22310	train
P22317	P22317	train
P22318	P22318	train
P22319	P22319	train
P22320	P22320	validation
P22352	P22352	test
P22441	P22441	validation
P22557	P22557	train
P22637	P22637	train
P22674	P22674	train
P22680	P22680	train
P22735	P22735	train
P22748	P22748	train
P22894	P22894	train
P22936	P22936	train
P22983	P22983	train
P22984	P22984	train
P23103	P23103	train
P23141	P23141	train
P23219	P23219	train
P23254	P23254	train
P23293	P23293	train
P23316	P23316	train
P23368	P23368	test
P23378	P23378	train
P23381	P23381	validation
P23391	P23391	train
P23469	P23469	test
P23495	P23495	train
P23522	P23522	test
P23526	P23526	train
P23616	P23616	train
P23670	P23670	test
P23677	P23677	train
P23711	P23711	test
P23721	P23721	train
P23795	P23795	train
P23830	P23830	train
P23882	P23882	train
P23883	P23883	train
P23953	P23953	test
P23971	P23971	train
P24040	P24040	train
P24133	P24133	validation
P24155	P24155	train
P24157	P24157	train
P24158	P24158	train
P24171	P24171	train
P24173	P24173	train
P24186	P24186	train
P24205	P24205	train
P24215	P24215	train
P24228	P24228	train
P24295	P24295	test
P24298	P24298	train
P24397	P24397	train
P24481	P24481	train
P24521	P24521	test
P24666	P24666	train
P24806	P24806	train
P24855	P24855	train
P24941	P24941	test
P25081	P25081	train
P25087	P25087	train
P25098	P25098	validation
P25152	P25152	train
P25297	P25297	test
P25323	P25323	train
P25360	P25360	test
P25397	P25397	train
P25526	P25526	train
P25539	P25539	train
P25553	P25553	validation
P25576	P25576	train
P25627	P25627	train
P25741	P25741	train
P25774	P25774	test
P25779	P25779	train
P25783	P25783	train
P25891	P25891	test
P26093	P26093	train
P26236	P26236	train
P26263	P26263	train
P26281	P26281	train
P26315	P26315	train
P26443	P26443	train
P26572	P26572	train
P26616	P26616	test
P26646	P26646	train
P26811	P26811	test
P26817	P26817	train
P26819	P26819	train
P26901	P26901	test
P26902	P26902	train
P26935	P26935	train
P26997	P26997	train
P27000	P27000	test
P27051	P27051	train
P27116	P27116	train
P27213	P27213	train
P27305	P27305	train
P27306	P27306	train
P27338	P27338	train
P27353	P27353	train
P27354	P27354	train
P27355	P27355	test
P27356	P27356	train
P27487	P27487	train
P27514	P27514	train
P27544	P27544	train
P27545	P27545	train
P27652	P27652	test
P27680	P27680	test
P27707	P27707	train
P27773	P27773	train
P27793	P27793	train
P27833	P27833	train
P27986	P27986	test
P27987	P27987	train
P28248	P28248	train
P28288	P28288	train
P28327	P28327	validation
P28352	P28352	train
P28496	P28496	train
P28523	P28523	test
P28607	P28607	test
P28776	P28776	test
P28784	P28784	train
P28796	P28796	train
P28826	P28826	train
P28838	P28838	train
P28845	P28845	train
P28861	P28861	test
P28891	P28891	train
P28907	P28907	train
P28999	P28999	train
P29000	P29000	train
P29022	P29022	train
P29029	P29029	train
P29030	P29030	train
P29051	P29051	train
P29068	P29068	train
P29082	P29082	train
P29114	P29114	test
P29127	P29127	train
P29141	P29141	validation
P29208	P29208	train
P29237	P29237	train
P29254	P29254	train
P29255	P29255	train
P29350	P29350	test
P29378	P29378	train
P29379	P29379	train
P29562	P29562	test
P29715	P29715	test
P29717	P29717	test
P29728	P29728	train
P29729	P29729	test
P29730	P29730	test
P29758	P29758	train
P29848	P29848	train
P29853	P29853	train
P29930	P29930	train
P29957	P29957	train
P30041	P30041	train
P30085	P30085	train
P30125	P30125	train
P30298	P30298	validation
P30419	P30419	test
P30431	P30431	test
P30566	P30566	train
P30615	P30615	test
P30632	P30632	test
P30711	P30711	train
P30749	P30749	train
P30838	P30838	train
P30850	P30850	train
P30863	P30863	train
P30986	P30986	train
P31013	P31013	validation
P31072	P31072	train
P31153	P31153	train
P31335	P31335	train
P31343	P31343	train
P31434	P31434	train
P31570	P31570	test
P31658	P31658	train
P31660	P31660	train
P31749	P31749	validation
P31797	P31797	test
P31893	P31893	test
P31924	P31924	train
P31938	P31938	train
P31939	P31939	train
P31941	P31941	train
P32009	P32009	train
P32021	P32021	train
P32099	P32099	test
P32173	P32173	train
P32189	P32189	train
P32264	P32264	train
P32322	P32322	test
P32356	P32356	test
P32359	P32359	train
P32370	P32370	train
P32377	P32377	train
P32397	P32397	test
P32422	P32422	train
P32440	P32440	train
P32562	P32562	train
P32662	P32662	train
P32746	P32746	test
P32749	P32749	train
P32750	P32750	train
P32752	P32752	train
P32754	P32754	train
P32783	P32783	train
P32947	P32947	train
P32960	P32960	train
P32961	P32961	test
P33022	P33022	train
P33025	P33025	train
P33038	P33038	train
P33198	P33198	train
P33221	P33221	train
P33247	P33247	train
P33284	P33284	validation
P33300	P33300	train
P33316	P33316	test
P33333	P33333	train
P33436	P33436	test
P33665	P33665	train
P33677	P33677	train
P33734	P33734	test
P33775	P33775	test
P33897	P33897	validation
P34059	P34059	train
P34210	P34210	train
P34227	P34227	test
P34413	P34413	test
P34439	P34439	train
P34754	P34754	train
P34802	P34802	train
P34896	P34896	test
P34897	P34897	train
P34914	P34914	train
P34947	P34947	test
P35028	P35028	test
P35045	P35045	test
P35196	P35196	train
P35218	P35218	train
P35249	P35249	train
P35250	P35250	test
P35340	P35340	train
P35354	P35354	train
P35503	P35503	train
P35505	P35505	train
P35510	P35510	train
P35511	P35511	test
P35520	P35520	train
P35575	P35575	train
P35610	P35610	test
P35669	P35669	train
P35790	P35790	train
P35809	P35809	test
P35914	P35914	test
P36107	P36107	train
P36136	P36136	train
P36186	P36186	train
P36204	P36204	test
P36205	P36205	train
P36218	P36218	train
P36370	P36370	train
P36371	P36371	train
P36372	P36372	train
P36419	P36419	train
P36537	P36537	test
P36551	P36551	validation
P36553	P36553	train
P36639	P36639	test
P36667	P36667	train
P36683	P36683	train
P36776	P36776	test
P36897	P36897	train
P36929	P36929	train
P36959	P36959	train
P36969	P36969	test
P36979	P36979	train
P36999	P36999	test
P37025	P37025	train
P37028	P37028	train
P37058	P37058	train
P37059	P37059	test
P37064	P37064	train
P37093	P37093	test
P37095	P37095	train
P37107	P37107	train
P37120	P37120	train
P37136	P37136	train
P37251	P37251	test
P37271	P37271	train
P37303	P37303	train
P37349	P37349	train
P37572	P37572	test
P37651	P37651	train
P37661	P37661	train
P37669	P37669	train
P37724	P37724	train
P37773	P37773	train
P37794	P37794	train
P37831	P37831	test
P37956	P37956	train
P37967	P37967	train
P38032	P38032	train
P38137	P38137	train
P38179	P38179	train
P38205	P38205	validation
P38218	P38218	test
P38238	P38238	train
P38287	P38287	train
P38298	P38298	validation
P38415	P38415	test
P38483	P38483	test
P38489	P38489	test
P38501	P38501	train
P38567	P38567	validation
P38646	P38646	train
P38698	P38698	train
P38703	P38703	train
P38715	P38715	train
P38793	P38793	test
P38919	P38919	train
P38920	P38920	train
P38998	P38998	train
P39052	P39052	train
P39076	P39076	train
P39077	P39077	train
P39078	P39078	train
P39079	P39079	train
P39107	P39107	train
P39116	P39116	train
P39135	P39135	validation
P39138	P39138	validation
P39142	P39142	train
P39276	P39276	train
P39288	P39288	train
P39358	P39358	train
P39406	P39406	train
P39411	P39411	train
P39464	P39464	train
P39476	P39476	train
P39481	P39481	test
P39482	P39482	train
P39535	P39535	test
P39581	P39581	train
P39633	P39633	train
P39638	P39638	train
P39639	P39639	train
P39644	P39644	train
P39669	P39669	train
P39831	P39831	train
P39849	P39849	train
P39888	P39888	train
P39898	P39898	test
P39900	P39900	train
P39912	P39912	train
P39956	P39956	train
P40025	P40025	train
P40051	P40051	train
P40152	P40152	train
P40227	P40227	train
P40288	P40288	train
P40332	P40332	train
P40345	P40345	test
P40406	P40406	train
P40413	P40413	train
P40495	P40495	test
P40562	P40562	validation
P40566	P40566	train
P40817	P40817	train
P40884	P40884	train
P40912	P40912	train
P40937	P40937	train
P40938	P40938	train
P40999	P40999	train
P41020	P41020	train
P41021	P41021	train
P41022	P41022	test
P41227	P41227	train
P41238	P41238	train
P41407	P41407	train
P41562	P41562	train
P41814	P41814	train
P41903	P41903	train
P41939	P41939	train
P41940	P41940	test
P42084	P42084	train
P42094	P42094	train
P42216	P42216	test
P42220	P42220	train
P42293	P42293	train
P42575	P42575	test
P42588	P42588	train
P42663	P42663	train
P42676	P42676	train
P42738	P42738	test
P42765	P42765	train
P42785	P42785	train
P42829	P42829	train
P42932	P42932	train
P42941	P42941	train
P42943	P42943	train
P42963	P42963	validation
P43099	P43099	train
P43127	P43127	test
P43133	P43133	train
P43251	P43251	train
P43341	P43341	test
P43478	P43478	train
P43490	P43490	validation
P43510	P43510	train
P43886	P43886	test
P43889	P43889	train
P43912	P43912	train
P44046	P44046	validation
P44430	P44430	test
P44443	P44443	train
P44783	P44783	train
P44801	P44801	train
P44805	P44805	test
P44862	P44862	validation
P44886	P44886	train
P45040	P45040	train
P45261	P45261	train
P45395	P45395	validation
P45470	P45470	test
P45563	P45563	test
P45568	P45568	train
P45686	P45686	train
P45723	P45723	train
P45725	P45725	train
P45735	P45735	train
P45741	P45741	train
P45798	P45798	train
P45859	P45859	train
P45983	P45983	train
P45984	P45984	train
P46076	P46076	test
P46273	P46273	train
P46275	P46275	train
P46395	P46395	test
P46406	P46406	train
P46655	P46655	train
P46799	P46799	test
P46850	P46850	train
P46920	P46920	train
P46925	P46925	train
P46926	P46926	train
P46959	P46959	train
P46976	P46976	validation
P47058	P47058	validation
P47079	P47079	train
P47180	P47180	train
P47195	P47195	test
P47205	P47205	train
P47712	P47712	test
P47811	P47811	train
P47897	P47897	train
P47924	P47924	train
P48025	P48025	train
P48147	P48147	train
P48163	P48163	train
P48236	P48236	train
P48318	P48318	train
P48320	P48320	train
P48418	P48418	train
P48439	P48439	train
P48452	P48452	train
P48499	P48499	train
P48506	P48506	train
P48515	P48515	train
P48567	P48567	validation
P48629	P48629	train
P48637	P48637	train
P48643	P48643	test
P48735	P48735	train
P48740	P48740	train
P48775	P48775	train
P48845	P48845	train
P49010	P49010	test
P49017	P49017	train
P49235	P49235	train
P49244	P49244	train
P49245	P49245	train
P49273	P49273	train
P49354	P49354	train
P49366	P49366	validation
P49368	P49368	test
P49425	P49425	train
P49427	P49427	validation
P49435	P49435	train
P49459	P49459	test
P49619	P49619	validation
P49789	P49789	validation
P49841	P49841	train
P49888	P49888	test
P49961	P49961	test
P50076	P50076	validation
P50123	P50123	train
P50226	P50226	train
P50227	P50227	validation
P50250	P50250	train
P50251	P50251	test
P50264	P50264	test
P50281	P50281	train
P50292	P50292	train
P50293	P50293	train
P50294	P50294	train
P50295	P50295	test
P50311	P50311	train
P50317	P50317	train
P50336	P50336	train
P50384	P50384	test
P50388	P50388	train
P50389	P50389	train
P50455	P50455	train
P50465	P50465	train
P50554	P50554	validation
P50613	P50613	train
P50740	P50740	train
P50750	P50750	train
P50861	P50861	test
P50900	P50900	validation
P50921	P50921	test
P50933	P50933	train
P50990	P50990	validation
P50991	P50991	train
P51017	P51017	test
P51094	P51094	train
P51103	P51103	train
P51104	P51104	train
P51105	P51105	train
P51107	P51107	train
P51182	P51182	train
P51580	P51580	train
P51635	P51635	train
P51649	P51649	train
P51658	P51658	test
P51668	P51668	validation
P51688	P51688	train
P51781	P51781	validation
P51852	P51852	train
P51853	P51853	test
P51965	P51965	train
P51981	P51981	validation
P52046	P52046	train
P52097	P52097	test
P52208	P52208	validation
P52209	P52209	train
P52270	P52270	test
P52278	P52278	train
P52391	P52391	train
P52429	P52429	test
P52564	P52564	train
P52700	P52700	test
P52704	P52704	train
P52784	P52784	train
P52788	P52788	train
P52824	P52824	train
P52847	P52847	validation
P52848	P52848	validation
P52850	P52850	train
P52888	P52888	train
P52895	P52895	train
P52902	P52902	train
P52904	P52904	train
P52917	P52917	train
P52999	P52999	train
P53051	P53051	train
P53052	P53052	test
P53065	P53065	train
P53095	P53095	train
P53128	P53128	test
P53184	P53184	train
P53199	P53199	test
P53200	P53200	train
P53215	P53215	train
P53228	P53228	test
P53341	P53341	train
P53350	P53350	train
P53449	P53449	test
P53555	P53555	test
P53610	P53610	train
P53632	P53632	train
P53720	P53720	train
P53759	P53759	train
P53848	P53848	train
P53909	P53909	train
P53965	P53965	train
P53973	P53973	test
P54001	P54001	train
P54071	P54071	train
P54150	P54150	train
P54166	P54166	train
P54225	P54225	train
P54419	P54419	test
P54471	P54471	train
P54493	P54493	train
P54495	P54495	train
P54577	P54577	train
P54646	P54646	train
P54751	P54751	train
P54855	P54855	train
P54861	P54861	train
P54869	P54869	train
P54965	P54965	validation
P55072	P55072	test
P55073	P55073	train
P55135	P55135	test
P55211	P55211	train
P55212	P55212	train
P55214	P55214	test
P55241	P55241	test
P55250	P55250	train
P55264	P55264	train
P55329	P55329	validation
P55772	P55772	validation
P55792	P55792	train
P55882	P55882	train
P55939	P55939	train
P55984	P55984	train
P56073	P56073	train
P56076	P56076	train
P56081	P56081	train
P56100	P56100	train
P56153	P56153	train
P56192	P56192	train
P56216	P56216	train
P56255	P56255	train
P56463	P56463	test
P56517	P56517	train
P56528	P56528	validation
P56601	P56601	test
P56707	P56707	train
P56709	P56709	train
P56744	P56744	test
P56817	P56817	train
P56818	P56818	train
P56926	P56926	train
P57054	P57054	train
P57084	P57084	validation
P57681	P57681	validation
P57706	P57706	test
P58137	P58137	train
P58538	P58538	test
P58539	P58539	train
P58540	P58540	train
P58572	P58572	train
P58603	P58603	train
P58687	P58687	train
P58764	P58764	train
P59337	P59337	train
P59701	P59701	train
P59807	P59807	train
P59846	P59846	train
P60174	P60174	train
P60340	P60340	train
P60495	P60495	train
P60584	P60584	train
P60604	P60604	train
P60752	P60752	train
P60763	P60763	train
P60785	P60785	train
P60891	P60891	test
P60932	P60932	train
P61006	P61006	train
P61077	P61077	train
P61086	P61086	test
P61088	P61088	test
P61111	P61111	train
P61136	P61136	train
P61431	P61431	train
P61497	P61497	test
P61502	P61502	train
P61615	P61615	train
P61711	P61711	train
P61823	P61823	train
P61872	P61872	train
P61884	P61884	validation
P62003	P62003	train
P62009	P62009	test
P62058	P62058	test
P62253	P62253	test
P62256	P62256	test
P62368	P62368	train
P62620	P62620	test
P62694	P62694	train
P62837	P62837	test
P63085	P63085	train
P63146	P63146	train
P63224	P63224	test
P63239	P63239	test
P63359	P63359	train
P63411	P63411	train
P65388	P65388	train
P66032	P66032	train
P66899	P66899	train
P68036	P68036	train
P68175	P68175	train
P68187	P68187	test
P68403	P68403	train
P68747	P68747	train
P68767	P68767	validation
P69327	P69327	train
P69478	P69478	test
P70080	P70080	train
P70390	P70390	train
P70500	P70500	train
P71018	P71018	train
P71447	P71447	train
P71875	P71875	train
P71914	P71914	train
P72145	P72145	test
P72156	P72156	test
P72181	P72181	train
P72578	P72578	train
P72579	P72579	train
P72587	P72587	train
P72793	P72793	train
P72848	P72848	train
P73043	P73043	test
P73133	P73133	test
P73322	P73322	train
P73335	P73335	validation
P73493	P73493	test
P73495	P73495	train
P73726	P73726	train
P73832	P73832	train
P73833	P73833	train
P73903	P73903	train
P73906	P73906	train
P74165	P74165	test
P74334	P74334	train
P74468	P74468	train
P74515	P74515	train
P74569	P74569	test
P74576	P74576	train
P74840	P74840	train
P75713	P75713	test
P75782	P75782	train
P75823	P75823	train
P75876	P75876	train
P75897	P75897	train
P75898	P75898	train
P75966	P75966	train
P76038	P76038	train
P76041	P76041	train
P76217	P76217	train
P76251	P76251	train
P76273	P76273	test
P76395	P76395	train
P76422	P76422	train
P76469	P76469	train
P76491	P76491	train
P76524	P76524	train
P76558	P76558	test
P77044	P77044	train
P77154	P77154	train
P77215	P77215	test
P77243	P77243	train
P77366	P77366	validation
P77398	P77398	validation
P77425	P77425	train
P77454	P77454	train
P77488	P77488	test
P77570	P77570	test
P77690	P77690	test
P77788	P77788	train
P77791	P77791	train
P77834	P77834	train
P77835	P77835	test
P77836	P77836	train
P77846	P77846	train
P77847	P77847	train
P77909	P77909	train
P77943	P77943	validation
P77944	P77944	test
P77945	P77945	test
P77946	P77946	validation
P77978	P77978	train
P78356	P78356	train
P78371	P78371	train
P78417	P78417	test
P78536	P78536	train
P78549	P78549	train
P78609	P78609	test
P79074	P79074	train
P79208	P79208	train
P80022	P80022	train
P80092	P80092	train
P80099	P80099	train
P80175	P80175	train
P80189	P80189	train
P80190	P80190	train
P80193	P80193	test
P80254	P80254	test
P80299	P80299	train
P80313	P80313	train
P80314	P80314	train
P80315	P80315	train
P80316	P80316	train
P80317	P80317	train
P80318	P80318	train
P80319	P80319	validation
P80324	P80324	test
P80470	P80470	train
P80489	P80489	train
P80490	P80490	train
P80491	P80491	train
P80521	P80521	train
P80522	P80522	train
P80523	P80523	test
P80524	P80524	train
P80561	P80561	train
P80644	P80644	test
P80650	P80650	train
P80651	P80651	test
P80653	P80653	test
P80654	P80654	train
P80655	P80655	train
P80656	P80656	train
P80884	P80884	train
P81054	P81054	train
P81156	P81156	train
P81428	P81428	train
P81535	P81535	train
P81593	P81593	train
P81717	P81717	train
P81762	P81762	train
P82597	P82597	train
P83194	P83194	train
P83218	P83218	train
P83654	P83654	train
P83788	P83788	train
P83948	P83948	train
P84142	P84142	train
P84496	P84496	validation
P84612	P84612	validation
P85513	P85513	train
P85968	P85968	test
P85973	P85973	test
P86100	P86100	train
P86181	P86181	train
P86453	P86453	train
P87039	P87039	test
P87160	P87160	train
P87161	P87161	train
P90517	P90517	train
P90518	P90518	validation
P90648	P90648	validation
P92949	P92949	train
P93031	P93031	test
P93033	P93033	test
P93184	P93184	train
P93243	P93243	train
P93349	P93349	test
P93671	P93671	train
P93672	P93672	train
P93836	P93836	validation
P94127	P94127	train
P94181	P94181	train
P94293	P94293	validation
P94368	P94368	test
P94494	P94494	train
P94523	P94523	validation
P94531	P94531	train
P94552	P94552	test
P94556	P94556	validation
P94804	P94804	train
P95128	P95128	test
P95189	P95189	train
P95231	P95231	train
P95461	P95461	train
P95474	P95474	validation
P95493	P95493	train
P95547	P95547	train
P95619	P95619	train
P95709	P95709	train
P95727	P95727	train
P95748	P95748	test
P95765	P95765	train
P95867	P95867	train
P95868	P95868	test
P95928	P95928	train
P95949	P95949	test
P95979	P95979	validation
P95980	P95980	train
P96091	P96091	test
P96107	P96107	test
P96318	P96318	train
P96558	P96558	train
P96559	P96559	train
P96878	P96878	train
P96965	P96965	train
P97030	P97030	train
P97046	P97046	train
P97207	P97207	train
P97224	P97224	train
P97259	P97259	train
P97325	P97325	train
P97364	P97364	train
P97467	P97467	train
P97501	P97501	validation
P97675	P97675	test
P97687	P97687	train
P98060	P98060	train
P98073	P98073	train
P98187	P98187	train
P98194	P98194	train
P99106	P99106	train
P99159	P99159	train
P9WFF7	P9WFF7	train
P9WFV1	P9WFV1	train
P9WFX3	P9WFX3	train
P9WFZ5	P9WFZ5	train
P9WG37	P9WG37	train
P9WG39	P9WG39	train
P9WG41	P9WG41	train
P9WG43	P9WG43	train
P9WG45	P9WG45	train
P9WG47	P9WG47	validation
P9WG59	P9WG59	train
P9WGP3	P9WGP3	train
P9WGP5	P9WGP5	test
P9WGR1	P9WGR1	test
P9WGZ3	P9WGZ3	train
P9WH11	P9WH11	train
P9WHN9	P9WHN9	train
P9WHQ9	P9WHQ9	train
P9WHS9	P9WHS9	train
P9WHT3	P9WHT3	train
P9WHV5	P9WHV5	train
P9WI55	P9WI55	test
P9WI59	P9WI59	train
P9WI71	P9WI71	train
P9WI83	P9WI83	train
P9WIA1	P9WIA1	test
P9WIB9	P9WIB9	train
P9WIC6	P9WIC6	test
P9WIE5	P9WIE5	train
P9WIJ3	P9WIJ3	validation
P9WIL5	P9WIL5	train
P9WIN5	P9WIN5	train
P9WIQ1	P9WIQ1	test
P9WIQ3	P9WIQ3	train
P9WIU7	P9WIU7	train
P9WJ61	P9WJ61	train
P9WJ93	P9WJ93	train
P9WJA1	P9WJA1	train
P9WJJ5	P9WJJ5	test
P9WJJ7	P9WJJ7	train
P9WJL3	P9WJL3	train
P9WK19	P9WK19	test
P9WK21	P9WK21	train
P9WK95	P9WK95	train
P9WKD7	P9WKD7	train
P9WKE5	P9WKE5	validation
P9WKG9	P9WKG9	train
P9WKI7	P9WKI7	test
P9WKJ1	P9WKJ1	test
P9WKL1	P9WKL1	train
P9WKL5	P9WKL5	validation
P9WLH5	P9WLH5	train
P9WM67	P9WM67	train
P9WMK9	P9WMK9	train
P9WMW5	P9WMW5	train
P9WMY3	P9WMY3	train
P9WMZ5	P9WMZ5	test
P9WN21	P9WN21	train
P9WN39	P9WN39	train
P9WN45	P9WN45	train
P9WN65	P9WN65	test
P9WN67	P9WN67	train
P9WN83	P9WN83	train
P9WNC9	P9WNC9	train
P9WND1	P9WND1	train
P9WNG3	P9WNG3	train
P9WNG5	P9WNG5	test
P9WNH5	P9WNH5	train
P9WNP5	P9WNP5	train
P9WNS1	P9WNS1	train
P9WNS5	P9WNS5	train
P9WNU7	P9WNU7	test
P9WNV1	P9WNV1	train
P9WNW1	P9WNW1	test
P9WNW9	P9WNW9	train
P9WNX5	P9WNX5	train
P9WNY5	P9WNY5	test
P9WP31	P9WP31	train
P9WP79	P9WP79	train
P9WPP9	P9WPP9	train
P9WPQ7	P9WPQ7	train
P9WPT5	P9WPT5	train
P9WPW9	P9WPW9	test
P9WPX7	P9WPX7	test
P9WPX9	P9WPX9	train
P9WPY7	P9WPY7	train
P9WQ13	P9WQ13	train
P9WQ35	P9WQ35	train
P9WQ75	P9WQ75	train
P9WQ77	P9WQ77	train
P9WQA3	P9WQA3	test
P9WQB3	P9WQB3	test
P9WQB5	P9WQB5	test
P9WQF5	P9WQF5	test
P9WQN9	P9WQN9	test
P9WQP7	P9WQP7	train
Q00001	Q00001	test
Q00012	Q00012	train
Q00019	Q00019	train
Q00055	Q00055	train
Q000T0	Q000T0	test
Q003Y3	Q003Y3	train
Q00441	Q00441	train
Q00511	Q00511	train
Q00535	Q00535	test
Q006P9	Q006P9	train
Q006Q0	Q006Q0	validation
Q00870	Q00870	test
Q00914	Q00914	test
Q00917	Q00917	train
Q00924	Q00924	test
Q00985	Q00985	test
Q00G41	Q00G41	test
Q00IB3	Q00IB3	validation
Q00XA5	Q00XA5	test
Q01284	Q01284	train
Q01330	Q01330	test
Q01401	Q01401	train
Q01532	Q01532	train
Q01578	Q01578	validation
Q01651	Q01651	train
Q01655	Q01655	train
Q01682	Q01682	train
Q01772	Q01772	train
Q01782	Q01782	train
Q02108	Q02108	train
Q02497	Q02497	test
Q02635	Q02635	train
Q02724	Q02724	train
Q02745	Q02745	train
Q02750	Q02750	train
Q02759	Q02759	train
Q02792	Q02792	test
Q02890	Q02890	validation
Q02896	Q02896	train
Q02928	Q02928	train
Q02971	Q02971	train
Q02RL6	Q02RL6	train
Q03084	Q03084	validation
Q03154	Q03154	test
Q03220	Q03220	test
Q03336	Q03336	train
Q03393	Q03393	train
Q03471	Q03471	validation
Q03520	Q03520	train
Q03579	Q03579	train
Q03774	Q03774	train
Q03957	Q03957	validation
Q03BU2	Q03BU2	train
Q03NE0	Q03NE0	train
Q03Z32	Q03Z32	train
Q04119	Q04119	train
Q04179	Q04179	train
Q04212	Q04212	train
Q04507	Q04507	train
Q04508	Q04508	train
Q04585	Q04585	train
Q04609	Q04609	validation
Q04631	Q04631	train
Q04760	Q04760	train
Q04789	Q04789	train
Q04828	Q04828	train
Q04HB7	Q04HB7	train
Q04ML5	Q04ML5	train
Q05016	Q05016	train
Q05115	Q05115	train
Q05193	Q05193	test
Q05329	Q05329	test
Q05488	Q05488	train
Q05509	Q05509	train
Q05514	Q05514	train
Q05526	Q05526	train
Q05769	Q05769	test
Q05874	Q05874	train
Q05929	Q05929	train
Q05957	Q05957	validation
Q05JY7	Q05JY7	train
Q05KC1	Q05KC1	validation
Q06069	Q06069	test
Q06121	Q06121	train
Q06124	Q06124	train
Q06203	Q06203	train
Q06241	Q06241	train
Q06327	Q06327	train
Q06408	Q06408	train
Q06528	Q06528	train
Q06703	Q06703	test
Q06749	Q06749	train
Q06755	Q06755	train
Q06803	Q06803	train
Q06902	Q06902	train
Q06AK1	Q06AK1	test
Q06AK7	Q06AK7	train
Q06GJ0	Q06GJ0	test
Q06HA3	Q06HA3	train
Q06K28	Q06K28	train
Q06XM8	Q06XM8	validation
Q07009	Q07009	train
Q07010	Q07010	train
Q07075	Q07075	train
Q07296	Q07296	train
Q07412	Q07412	train
Q07422	Q07422	train
Q07510	Q07510	train
Q07560	Q07560	validation
Q07635	Q07635	test
Q077R2	Q077R2	test
Q07841	Q07841	train
Q078S6	Q078S6	train
Q078T0	Q078T0	test
Q07973	Q07973	train
Q07993	Q07993	train
Q07DT9	Q07DT9	train
Q08169	Q08169	train
Q08188	Q08188	validation
Q08210	Q08210	validation
Q08225	Q08225	train
Q08295	Q08295	test
Q08388	Q08388	train
Q08548	Q08548	validation
Q08641	Q08641	train
Q08647	Q08647	train
Q08649	Q08649	train
Q08834	Q08834	train
Q08877	Q08877	train
Q08891	Q08891	train
Q08AC1	Q08AC1	validation
Q08ET4	Q08ET4	validation
Q08GL0	Q08GL0	train
Q08IT1	Q08IT1	train
Q08IT7	Q08IT7	train
Q08J23	Q08J23	train
Q08VU0	Q08VU0	test
Q09327	Q09327	train
Q09328	Q09328	train
Q09735	Q09735	test
Q09790	Q09790	train
Q09HN2	Q09HN2	train
Q09IZ4	Q09IZ4	train
Q09LX0	Q09LX0	train
Q09UW0	Q09UW0	train
Q09VU3	Q09VU3	train
Q09WE7	Q09WE7	train
Q0ASS9	Q0ASS9	train
Q0BRB0	Q0BRB0	train
Q0C8G1	Q0C8G1	train
Q0CDD9	Q0CDD9	train
Q0CFW4	Q0CFW4	train
Q0CQ16	Q0CQ16	test
Q0CZR3	Q0CZR3	test
Q0DBF4	Q0DBF4	test
Q0DI55	Q0DI55	train
Q0E4W0	Q0E4W0	train
Q0E9S8	Q0E9S8	train
Q0G9P7	Q0G9P7	train
Q0GA14	Q0GA14	train
Q0GA81	Q0GA81	train
Q0GC07	Q0GC07	train
Q0GE18	Q0GE18	train
Q0GMU2	Q0GMU2	train
Q0GND8	Q0GND8	test
Q0GND9	Q0GND9	train
Q0GU43	Q0GU43	train
Q0GYS1	Q0GYS1	validation
Q0GYS1	Q0GYS2	validation
Q0H9W2	Q0H9W2	validation
Q0IJR6	Q0IJR6	test
Q0J290	Q0J290	train
Q0J998	Q0J998	train
Q0JA82	Q0JA82	train
Q0JB48	Q0JB48	train
Q0JFI2	Q0JFI2	train
Q0JRI3	Q0JRI3	train
Q0JRK4	Q0JRK4	test
Q0JRM8	Q0JRM8	test
Q0JYJ1	Q0JYJ1	train
Q0JZG9	Q0JZG9	train
Q0K029	Q0K029	test
Q0K080	Q0K080	train
Q0K2K2	Q0K2K2	test
Q0K845	Q0K845	train
Q0K9H3	Q0K9H3	train
Q0KAI3	Q0KAI3	train
Q0KB75	Q0KB75	train
Q0KEG0	Q0KEG0	train
Q0KEY8	Q0KEY8	train
Q0KKA6	Q0KKA6	test
Q0KKP0	Q0KKP0	test
Q0MVP2	Q0MVP2	test
Q0MVP3	Q0MVP3	train
Q0NZW5	Q0NZW5	train
Q0NZW6	Q0NZW6	validation
Q0P7I5	Q0P7I5	train
Q0P891	Q0P891	train
Q0P8J7	Q0P8J7	validation
Q0P8J8	Q0P8J8	test
Q0P8U5	Q0P8U5	train
Q0P9B5	Q0P9B5	train
Q0P9D3	Q0P9D3	train
Q0PAS9	Q0PAS9	train
Q0PB95	Q0PB95	validation
Q0PB96	Q0PB96	train
Q0PC20	Q0PC20	train
Q0PC50	Q0PC50	train
Q0PCR9	Q0PCR9	train
Q0PGS3	Q0PGS3	train
Q0PIV8	Q0PIV8	train
Q0PQY8	Q0PQY8	test
Q0PY32	Q0PY32	train
Q0PZI4	Q0PZI4	test
Q0QFQ3	Q0QFQ3	train
Q0QFQ6	Q0QFQ6	train
Q0QFQ7	Q0QFQ7	train
Q0QJZ3	Q0QJZ3	test
Q0QLB3	Q0QLB3	train
Q0QLE6	Q0QLE6	test
Q0QWG2	Q0QWG2	validation
Q0QWG3	Q0QWG3	test
Q0QWG4	Q0QWG4	train
Q0QWG5	Q0QWG5	test
Q0QWG6	Q0QWG6	test
Q0QWG7	Q0QWG7	train
Q0R3W5	Q0R3W5	train
Q0R4L2	Q0R4L2	test
Q0R5R5	Q0R5R5	train
Q0RVH7	Q0RVH7	validation
Q0SE24	Q0SE24	train
Q0SFK6	Q0SFK6	test
Q0SH26	Q0SH26	train
Q0SH27	Q0SH27	train
Q0SJH2	Q0SJH2	train
Q0TMI3	Q0TMI3	train
Q0TPD4	Q0TPD4	train
Q0V8R6	Q0V8R6	train
Q0VHD6	Q0VHD6	train
Q0VJC5	Q0VJC5	test
Q0VPF7	Q0VPF7	train
Q0VPF8	Q0VPF8	train
Q0VTB0	Q0VTB0	test
Q0VTC7	Q0VTC7	train
Q0VZ68	Q0VZ68	test
Q0WL44	Q0WL44	test
Q0WT03	Q0WT03	train
Q0WUC2	Q0WUC2	train
Q0ZB96	Q0ZB96	train
Q0ZQJ3	Q0ZQJ3	train
Q0ZR36	Q0ZR36	train
Q0ZS18	Q0ZS18	train
Q0ZS19	Q0ZS19	train
Q0ZS20	Q0ZS20	validation
Q0ZS21	Q0ZS21	train
Q0ZS22	Q0ZS22	train
Q0ZS23	Q0ZS23	train
Q0ZS24	Q0ZS24	train
Q0ZS25	Q0ZS25	train
Q0ZS26	Q0ZS26	train
Q0ZS46	Q0ZS46	train
Q0ZUL0	Q0ZUL0	train
Q10468	Q10468	train
Q10469	Q10469	train
Q10472	Q10472	train
Q10657	Q10657	train
Q10712	Q10712	train
Q10714	Q10714	train
Q108P1	Q108P1	train
Q108T5	Q108T5	train
Q10LH0	Q10LH0	train
Q10LP5	Q10LP5	train
Q10M74	Q10M74	test
Q10Q09	Q10Q09	train
Q10RB4	Q10RB4	train
Q11204	Q11204	validation
Q11205	Q11205	train
Q12009	Q12009	test
Q12039	Q12039	train
Q12051	Q12051	train
Q12052	Q12052	test
Q12062	Q12062	train
Q12068	Q12068	validation
Q12069	Q12069	test
Q12083	Q12083	test
Q12178	Q12178	train
Q12211	Q12211	train
Q12272	Q12272	test
Q12362	Q12362	train
Q12382	Q12382	test
Q12383	Q12383	train
Q12400	Q12400	train
Q12463	Q12463	train
Q12535	Q12535	train
Q12556	Q12556	train
Q12629	Q12629	train
Q12640	Q12640	train
Q12R32	Q12R32	test
Q12XX4	Q12XX4	train
Q13057	Q13057	train
Q13087	Q13087	train
Q13093	Q13093	test
Q13126	Q13126	test
Q13131	Q13131	train
Q13404	Q13404	train
Q13496	Q13496	test
Q13547	Q13547	train
Q13554	Q13554	validation
Q13555	Q13555	train
Q13557	Q13557	train
Q13572	Q13572	train
Q13574	Q13574	test
Q13627	Q13627	train
Q13822	Q13822	validation
Q13867	Q13867	train
Q13907	Q13907	train
Q13VI0	Q13VI0	train
Q141Z6	Q141Z6	train
Q14693	Q14693	train
Q14749	Q14749	train
Q147X3	Q147X3	train
Q14894	Q14894	train
Q14AZ4	Q14AZ4	train
Q14DK4	Q14DK4	test
Q14EH6	Q14EH6	train
Q14EL6	Q14EL6	train
Q14TG2	Q14TG2	train
Q14TG4	Q14TG4	train
Q15031	Q15031	validation
Q15118	Q15118	train
Q15125	Q15125	train
Q15126	Q15126	test
Q15165	Q15165	train
Q15166	Q15166	train
Q15181	Q15181	train
Q15208	Q15208	test
Q15256	Q15256	train
Q15382	Q15382	train
Q153J0	Q153J0	train
Q15738	Q15738	test
Q15759	Q15759	test
Q157H4	Q157H4	train
Q15819	Q15819	train
Q15GI3	Q15GI3	train
Q15GI4	Q15GI4	train
Q15JG7	Q15JG7	test
Q16134	Q16134	train
Q16222	Q16222	train
Q16539	Q16539	train
Q16647	Q16647	train
Q16654	Q16654	train
Q16698	Q16698	train
Q16719	Q16719	train
Q16739	Q16739	train
Q16763	Q16763	train
Q16769	Q16769	test
Q16774	Q16774	test
Q16790	Q16790	train
Q16819	Q16819	train
Q16820	Q16820	train
Q16831	Q16831	train
Q16842	Q16842	train
Q16851	Q16851	test
Q16853	Q16853	train
Q16875	Q16875	train
Q16878	Q16878	validation
Q16MV5	Q16MV5	train
Q16MV6	Q16MV6	validation
Q16MV7	Q16MV7	train
Q17TM8	Q17TM8	test
Q17TZ1	Q17TZ1	test
Q17WF8	Q17WF8	train
Q18014	Q18014	validation
Q180W0	Q180W0	train
Q187D4	Q187D4	train
Q18AQ1	Q18AQ1	train
Q18AQ5	Q18AQ5	train
Q18AQ6	Q18AQ6	train
Q19437	Q19437	train
Q19468	Q19468	train
Q195N6	Q195N6	test
Q197W1	Q197W1	train
Q197X6	Q197X6	train
Q19A54	Q19A54	train
Q19AX0	Q19AX0	train
Q19Q69	Q19Q69	train
Q19R71	Q19R71	validation
Q19R72	Q19R72	train
Q19XY0	Q19XY0	train
Q1A3B0	Q1A3B0	test
Q1A5X4	Q1A5X4	train
Q1A7S9	Q1A7S9	train
Q1A7T0	Q1A7T0	train
Q1AG35	Q1AG35	test
Q1ARU5	Q1ARU5	train
Q1AWQ0	Q1AWQ0	train
Q1D380	Q1D380	train
Q1DDS6	Q1DDS6	train
Q1DG84	Q1DG84	train
Q1ENB6	Q1ENB6	test
Q1EPR4	Q1EPR4	validation
Q1EPR5	Q1EPR5	train
Q1ET73	Q1ET73	train
Q1G9Z4	Q1G9Z4	train
Q1GBI8	Q1GBI8	train
Q1GNW5	Q1GNW5	train
Q1GNW6	Q1GNW6	train
Q1GY12	Q1GY12	train
Q1GY13	Q1GY13	train
Q1GZD1	Q1GZD1	train
Q1H537	Q1H537	test
Q1H8W8	Q1H8W8	test
Q1HA49	Q1HA49	test
Q1HEQ0	Q1HEQ0	train
Q1HER6	Q1HER6	train
Q1HGL1	Q1HGL1	train
Q1IZQ3	Q1IZQ3	train
Q1J0W0	Q1J0W0	train
Q1J0Z5	Q1J0Z5	test
Q1JK37	Q1JK37	test
Q1JU59	Q1JU59	validation
Q1JU60	Q1JU60	train
Q1JU61	Q1JU61	train
Q1JU62	Q1JU62	train
Q1JUL0	Q1JUL0	test
Q1JUL1	Q1JUL1	train
Q1K5M0	Q1K5M0	test
Q1KLC8	Q1KLC8	test
Q1KLW0	Q1KLW0	train
Q1KNE3	Q1KNE3	train
Q1KTD9	Q1KTD9	train
Q1L6A3	Q1L6A3	test
Q1LJK6	Q1LJK6	train
Q1LUX8	Q1LUX8	train
Q1M0P5	Q1M0P5	train
Q1M0X9	Q1M0X9	train
Q1MLL4	Q1MLL4	test
Q1MW86	Q1MW86	test
Q1PCB0	Q1PCB0	train
Q1PCB1	Q1PCB1	train
Q1PDD2	Q1PDD2	train
Q1PE48	Q1PE48	train
Q1PS23	Q1PS23	train
Q1QDV8	Q1QDV8	validation
Q1W0X8	Q1W0X8	train
Q1W2L4	Q1W2L4	train
Q1W5Y8	Q1W5Y8	train
Q1W622	Q1W622	train
Q1WR93	Q1WR93	validation
Q1WV14	Q1WV14	train
Q1XAT7	Q1XAT7	test
Q1XAT8	Q1XAT8	train
Q1XAT9	Q1XAT9	train
Q1XBU5	Q1XBU5	train
Q1XD17	Q1XD17	validation
Q1XG01	Q1XG01	validation
Q1XGD4	Q1XGD4	test
Q1XGK8	Q1XGK8	train
Q1XH05	Q1XH05	test
Q1XHL7	Q1XHL7	train
Q1XHM0	Q1XHM0	test
Q1XIQ8	Q1XIQ8	test
Q1XIQ9	Q1XIQ9	test
Q208R5	Q208R5	train
Q208S4	Q208S4	train
Q20CK6	Q20CK6	test
Q20CK7	Q20CK7	train
Q20CK8	Q20CK8	train
Q20CK9	Q20CK9	train
Q20CL0	Q20CL0	train
Q20CL1	Q20CL1	train
Q20CL2	Q20CL2	test
Q20CL3	Q20CL3	train
Q20CL4	Q20CL4	train
Q20CL5	Q20CL5	train
Q20CL6	Q20CL6	train
Q21929	Q21929	train
Q21GC8	Q21GC8	train
Q21JW4	Q21JW4	test
Q21KE5	Q21KE5	train
Q21NF7	Q21NF7	train
Q24JJ8	Q24JJ8	test
Q24K62	Q24K62	train
Q257D4	Q257D4	test
Q25BN2	Q25BN2	train
Q25BT4	Q25BT4	train
Q25BW4	Q25BW4	train
Q25BW5	Q25BW5	train
Q25C12	Q25C12	train
Q25C15	Q25C15	train
Q25C16	Q25C16	train
Q25C77	Q25C77	train
Q26304	Q26304	train
Q26909	Q26909	train
Q26998	Q26998	validation
Q27564	Q27564	test
Q27651	Q27651	train
Q27657	Q27657	train
Q27683	Q27683	test
Q27686	Q27686	train
Q27727	Q27727	train
Q27758	Q27758	train
Q27793	Q27793	train
Q27796	Q27796	train
Q27GR5	Q27GR5	train
Q27HX3	Q27HX3	train
Q27IE1	Q27IE1	train
Q27J90	Q27J90	train
Q27J91	Q27J91	train
Q27PX2	Q27PX2	test
Q27Z07	Q27Z07	train
Q28653	Q28653	train
Q28SA7	Q28SA7	train
Q29073	Q29073	train
Q29476	Q29476	train
Q29495	Q29495	train
Q29497	Q29497	train
Q29551	Q29551	train
Q29U70	Q29U70	train
Q29Y55	Q29Y55	validation
Q29YR5	Q29YR5	validation
Q2EMT4	Q2EMT4	validation
Q2F5M8	Q2F5M8	test
Q2FUA9	Q2FUA9	train
Q2FUB2	Q2FUB2	train
Q2FV22	Q2FV22	train
Q2FXM8	Q2FXM8	train
Q2FYG6	Q2FYG6	train
Q2FZP6	Q2FZP6	test
Q2G8A2	Q2G8A2	train
Q2G8F3	Q2G8F3	train
Q2GK24	Q2GK24	test
Q2HNY9	Q2HNY9	train
Q2HNZ1	Q2HNZ1	train
Q2HPP6	Q2HPP6	train
Q2HQR3	Q2HQR3	train
Q2HQR4	Q2HQR4	train
Q2HQR5	Q2HQR5	test
Q2HQR6	Q2HQR6	test
Q2HQR7	Q2HQR7	train
Q2HQR8	Q2HQR8	train
Q2HQR9	Q2HQR9	validation
Q2HQS0	Q2HQS0	train
Q2HQS1	Q2HQS1	train
Q2HQS3	Q2HQS3	train
Q2HQS4	Q2HQS4	train
Q2HWU5	Q2HWU5	train
Q2HYA0	Q2HYA0	train
Q2I011	Q2I011	train
Q2I0L7	Q2I0L7	train
Q2I2N4	Q2I2N4	train
Q2I6W5	Q2I6W5	test
Q2I826	Q2I826	train
Q2I827	Q2I827	validation
Q2I828	Q2I828	train
Q2I8V6	Q2I8V6	train
Q2IU02	Q2IU02	test
Q2K0Q7	Q2K0Q7	test
Q2KIG3	Q2KIG3	train
Q2KIR7	Q2KIR7	train
Q2KJQ1	Q2KJQ1	train
Q2KNL6	Q2KNL6	test
Q2KP14	Q2KP14	train
Q2KTB5	Q2KTB5	train
Q2KTH0	Q2KTH0	test
Q2KTH1	Q2KTH1	test
Q2KTH2	Q2KTH2	validation
Q2KTH3	Q2KTH3	test
Q2KTH4	Q2KTH4	train
Q2L887	Q2L887	test
Q2LC81	Q2LC81	train
Q2LC82	Q2LC82	train
Q2LC83	Q2LC83	train
Q2LE69	Q2LE69	train
Q2MF17	Q2MF17	train
Q2MGB1	Q2MGB1	train
Q2MJP5	Q2MJP5	train
Q2N4T5	Q2N4T5	train
Q2NKZ1	Q2NKZ1	train
Q2PCS4	Q2PCS4	train
Q2PGG3	Q2PGG3	train
Q2PGY1	Q2PGY1	train
Q2PWU9	Q2PWU9	train
Q2Q452	Q2Q452	train
Q2QC88	Q2QC88	train
Q2QC89	Q2QC89	test
Q2QC90	Q2QC90	test
Q2QFX1	Q2QFX1	train
Q2QPW1	Q2QPW1	train
Q2QXY1	Q2QXY1	train
Q2RAP0	Q2RAP0	train
Q2RIZ2	Q2RIZ2	test
Q2RJ94	Q2RJ94	train
Q2RK58	Q2RK58	train
Q2SWW9	Q2SWW9	test
Q2SYH7	Q2SYH7	train
Q2TDY4	Q2TDY4	train
Q2TFW1	Q2TFW1	train
Q2U4P3	Q2U4P3	train
Q2U7D3	Q2U7D3	train
Q2U7S5	Q2U7S5	test
Q2U9Z9	Q2U9Z9	train
Q2UA33	Q2UA33	validation
Q2UCU3	Q2UCU3	train
Q2UII1	Q2UII1	train
Q2UIM2	Q2UIM2	train
Q2UN98	Q2UN98	test
Q2UNF9	Q2UNF9	train
Q2UP30	Q2UP30	validation
Q2UPZ7	Q2UPZ7	train
Q2URT3	Q2URT3	test
Q2UVB3	Q2UVB3	train
Q2UVF3	Q2UVF3	train
Q2V0H1	Q2V0H1	train
Q2V0W1	Q2V0W1	train
Q2V621	Q2V621	test
Q2V6K1	Q2V6K1	train
Q2V982	Q2V982	validation
Q2V983	Q2V983	test
Q2V984	Q2V984	test
Q2V997	Q2V997	train
Q2VA40	Q2VA40	test
Q2VA41	Q2VA41	train
Q2VAZ3	Q2VAZ3	train
Q2VMT1	Q2VMT1	train
Q2VMT2	Q2VMT2	train
Q2VPS0	Q2VPS0	test
Q2VPS1	Q2VPS1	train
Q2WC24	Q2WC24	train
Q2WCS9	Q2WCS9	train
Q2WE96	Q2WE96	train
Q2WEC6	Q2WEC6	test
Q2WFW5	Q2WFW5	train
Q2WG72	Q2WG72	train
Q2WGB4	Q2WGB4	train
Q2XQ11	Q2XQ11	test
Q2XSC4	Q2XSC4	train
Q2YIQ6	Q2YIQ6	train
Q2YPV0	Q2YPV0	train
Q2YS20	Q2YS20	train
Q2Z1A8	Q2Z1A8	train
Q304Q4	Q304Q4	train
Q304Q5	Q304Q5	train
Q304R0	Q304R0	train
Q304Y2	Q304Y2	train
Q306W4	Q306W4	train
Q309F3	Q309F3	train
Q30NV2	Q30NV2	train
Q316W1	Q316W1	train
Q31MN3	Q31MN3	train
Q31QF3	Q31QF3	train
Q31QK9	Q31QK9	train
Q32KF3	Q32KF3	train
Q32L40	Q32L40	train
Q32P41	Q32P41	train
Q32TF5	Q32TF5	validation
Q331Q6	Q331Q6	train
Q334I5	Q334I5	train
Q335V9	Q335V9	test
Q335W4	Q335W4	test
Q33CQ4	Q33CQ4	train
Q33DR0	Q33DR0	train
Q381M1	Q381M1	test
Q386Y7	Q386Y7	validation
Q387Q3	Q387Q3	train
Q38882	Q38882	validation
Q38BX0	Q38BX0	train
Q38EU9	Q38EU9	train
Q38EV1	Q38EV1	train
Q38EV2	Q38EV2	test
Q38L00	Q38L00	train
Q39023	Q39023	validation
Q39024	Q39024	train
Q39026	Q39026	train
Q39103	Q39103	train
Q39218	Q39218	test
Q39249	Q39249	test
Q39443	Q39443	train
Q39760	Q39760	test
Q39761	Q39761	validation
Q39VF1	Q39VF1	test
Q3ACV3	Q3ACV3	train
Q3AEU2	Q3AEU2	train
Q3BEM2	Q3BEM2	train
Q3BJY5	Q3BJY5	train
Q3BS04	Q3BS04	train
Q3BS08	Q3BS08	train
Q3C1A6	Q3C1A6	train
Q3ET60	Q3ET60	validation
Q3HL75	Q3HL75	train
Q3HRV6	Q3HRV6	test
Q3HSE4	Q3HSE4	train
Q3HTM1	Q3HTM1	train
Q3HUR2	Q3HUR2	train
Q3HW35	Q3HW35	train
Q3HWU8	Q3HWU8	test
Q3HXC2	Q3HXC2	test
Q3IEB7	Q3IEB7	test
Q3IF07	Q3IF07	train
Q3IFA2	Q3IFA2	test
Q3IG38	Q3IG38	test
Q3IL66	Q3IL66	train
Q3IW04	Q3IW04	train
Q3IXP1	Q3IXP1	test
Q3IXP7	Q3IXP7	train
Q3IYF1	Q3IYF1	train
Q3IZ90	Q3IZ90	test
Q3J6K9	Q3J6K9	train
Q3KN75	Q3KN75	validation
Q3L1D1	Q3L1D1	train
Q3L243	Q3L243	train
Q3L6N4	Q3L6N4	train
Q3L8N0	Q3L8N0	train
Q3LB11	Q3LB11	test
Q3LGA9	Q3LGA9	train
Q3LIE5	Q3LIE5	test
Q3LS17	Q3LS17	train
Q3LS76	Q3LS76	train
Q3LSM4	Q3LSM4	train
Q3M5Z3	Q3M5Z3	train
Q3M6C3	Q3M6C3	train
Q3M763	Q3M763	train
Q3MHL7	Q3MHL7	train
Q3MUH8	Q3MUH8	train
Q3MUP2	Q3MUP2	train
Q3S2I3	Q3S2I3	train
Q3S3F7	Q3S3F7	train
Q3S559	Q3S559	train
Q3SAG3	Q3SAG3	train
Q3SFD8	Q3SFD8	train
Q3SPU6	Q3SPU6	train
Q3SY77	Q3SY77	train
Q3SYC2	Q3SYC2	train
Q3T0K2	Q3T0K2	train
Q3T5M2	Q3T5M2	train
Q3T6E2	Q3T6E2	train
Q3UHN9	Q3UHN9	test
Q3UN02	Q3UN02	train
Q3V1F8	Q3V1F8	train
Q3V5Q0	Q3V5Q0	train
Q3V6C9	Q3V6C9	train
Q3Y5A4	Q3Y5A4	train
Q3YAW3	Q3YAW3	train
Q3YJ63	Q3YJ63	train
Q3YJM9	Q3YJM9	validation
Q3YW59	Q3YW59	train
Q3ZBH0	Q3ZBH0	train
Q3ZCI9	Q3ZCI9	train
Q3ZEF0	Q3ZEF0	train
Q3ZMA8	Q3ZMA8	train
Q3ZPN4	Q3ZPN4	train
Q40144	Q40144	train
Q401L4	Q401L4	train
Q401L5	Q401L5	train
Q401L7	Q401L7	test
Q401R6	Q401R6	train
Q40313	Q40313	train
Q40733	Q40733	train
Q41158	Q41158	train
Q41233	Q41233	test
Q41376	Q41376	train
Q41428	Q41428	test
Q41510	Q41510	test
Q41539	Q41539	train
Q42368	Q42368	train
Q42432	Q42432	train
Q42521	Q42521	train
Q42536	Q42536	train
Q42538	Q42538	train
Q42588	Q42588	train
Q42605	Q42605	train
Q42629	Q42629	train
Q42691	Q42691	train
Q42707	Q42707	validation
Q42839	Q42839	train
Q42868	Q42868	train
Q42982	Q42982	train
Q43210	Q43210	train
Q43237	Q43237	test
Q43445	Q43445	train
Q43527	Q43527	train
Q43528	Q43528	train
Q43576	Q43576	validation
Q43763	Q43763	train
Q43771	Q43771	test
Q43772	Q43772	train
Q43998	Q43998	train
Q44002	Q44002	train
Q44115	Q44115	train
Q44492	Q44492	train
Q44493	Q44493	test
Q44495	Q44495	test
Q45071	Q45071	train
Q45222	Q45222	validation
Q45477	Q45477	train
Q45NB2	Q45NB2	train
Q45NB3	Q45NB3	train
Q45NB4	Q45NB4	validation
Q45NB5	Q45NB5	test
Q45NB6	Q45NB6	train
Q45NB7	Q45NB7	train
Q45NF5	Q45NF5	train
Q45QT1	Q45QT1	train
Q45VU2	Q45VU2	train
Q46002	Q46002	train
Q46078	Q46078	test
Q46079	Q46079	train
Q46799	Q46799	train
Q46800	Q46800	train
Q46822	Q46822	train
Q46857	Q46857	train
Q46893	Q46893	train
Q46920	Q46920	train
Q46948	Q46948	train
Q46A52	Q46A52	test
Q46CH5	Q46CH5	test
Q46CH6	Q46CH6	train
Q46E79	Q46E79	train
Q46EH3	Q46EH3	train
Q46N53	Q46N53	train
Q47809	Q47809	test
Q47914	Q47914	train
Q47KB1	Q47KB1	train
Q47PU3	Q47PU3	train
Q47Q21	Q47Q21	train
Q47QG3	Q47QG3	train
Q47R94	Q47R94	test
Q47RL1	Q47RL1	test
Q47SE5	Q47SE5	train
Q47SE9	Q47SE9	test
Q47VZ4	Q47VZ4	train
Q47YG3	Q47YG3	train
Q48154	Q48154	train
Q48255	Q48255	test
Q48296	Q48296	train
Q48436	Q48436	test
Q484B6	Q484B6	train
Q48534	Q48534	validation
Q48935	Q48935	test
Q48949	Q48949	train
Q48F48	Q48F48	train
Q49150	Q49150	train
Q49156	Q49156	train
Q49422	Q49422	test
Q49HI4	Q49HI4	train
Q49HM9	Q49HM9	train
Q49HN0	Q49HN0	test
Q49SB0	Q49SB0	test
Q49SP3	Q49SP3	train
Q49SP6	Q49SP6	test
Q4A041	Q4A041	train
Q4A6S8	Q4A6S8	train
Q4A9M4	Q4A9M4	train
Q4AAK4	Q4AAK4	train
Q4ACU7	Q4ACU7	train
Q4AE75	Q4AE75	train
Q4AE87	Q4AE87	test
Q4AEG8	Q4AEG8	test
Q4CN04	Q4CN04	test
Q4CQE2	Q4CQE2	train
Q4CVA1	Q4CVA1	train
Q4CW46	Q4CW46	train
Q4D3W2	Q4D3W2	test
Q4DA80	Q4DA80	train
Q4DEJ0	Q4DEJ0	test
Q4DF18	Q4DF18	train
Q4DFH6	Q4DFH6	train
Q4DGV2	Q4DGV2	train
Q4DMS3	Q4DMS3	test
Q4DPR9	Q4DPR9	train
Q4DZJ3	Q4DZJ3	train
Q4E256	Q4E256	train
Q4E4E1	Q4E4E1	train
Q4F6N6	Q4F6N6	train
Q4F867	Q4F867	test
Q4F895	Q4F895	train
Q4FCM5	Q4FCM5	train
Q4FME3	Q4FME3	validation
Q4FP19	Q4FP19	train
Q4FP21	Q4FP21	train
Q4FVQ2	Q4FVQ2	test
Q4GZD1	Q4GZD1	test
Q4H2B4	Q4H2B4	train
Q4J6C9	Q4J6C9	train
Q4J6E1	Q4J6E1	train
Q4J6M3	Q4J6M3	train
Q4J6M5	Q4J6M5	train
Q4J6M6	Q4J6M6	validation
Q4J6Z8	Q4J6Z8	train
Q4J894	Q4J894	train
Q4J9K9	Q4J9K9	train
Q4J9L0	Q4J9L0	train
Q4J9M2	Q4J9M2	validation
Q4J9M3	Q4J9M3	train
Q4JA33	Q4JA33	train
Q4JAD1	Q4JAD1	train
Q4JB88	Q4JB88	train
Q4JBJ3	Q4JBJ3	train
Q4JBP4	Q4JBP4	train
Q4JC35	Q4JC35	test
Q4JIX4	Q4JIX4	train
Q4JL88	Q4JL88	validation
Q4JQJ3	Q4JQJ3	train
Q4K418	Q4K418	train
Q4K423	Q4K423	train
Q4K657	Q4K657	test
Q4K7S1	Q4K7S1	train
Q4K977	Q4K977	train
Q4KCL8	Q4KCL8	train
Q4KCY5	Q4KCY5	train
Q4KGW9	Q4KGW9	validation
Q4KIM5	Q4KIM5	validation
Q4KMI8	Q4KMI8	train
Q4KNC9	Q4KNC9	train
Q4KXC9	Q4KXC9	validation
Q4L1M7	Q4L1M7	test
Q4LEU0	Q4LEU0	test
Q4PJW3	Q4PJW3	train
Q4PNI0	Q4PNI0	validation
Q4Q0M0	Q4Q0M0	train
Q4Q1I9	Q4Q1I9	test
Q4Q6K7	Q4Q6K7	train
Q4QB75	Q4QB75	train
Q4QBL1	Q4QBL1	train
Q4QC75	Q4QC75	train
Q4QCW3	Q4QCW3	test
Q4QE75	Q4QE75	train
Q4QEB3	Q4QEB3	train
Q4QEZ7	Q4QEZ7	validation
Q4QJQ0	Q4QJQ0	train
Q4QNS8	Q4QNS8	train
Q4QZ27	Q4QZ27	train
Q4QZZ9	Q4QZZ9	test
Q4TZQ3	Q4TZQ3	train
Q4U1A6	Q4U1A6	train
Q4U1I4	Q4U1I4	train
Q4U1I5	Q4U1I5	validation
Q4U338	Q4U338	train
Q4U3E8	Q4U3E8	train
Q4U3F7	Q4U3F7	train
Q4U4W7	Q4U4W7	train
Q4UDC3	Q4UDC3	test
Q4V6M1	Q4V6M1	train
Q4VCL8	Q4VCL8	train
Q4VCL9	Q4VCL9	train
Q4VCM0	Q4VCM0	validation
Q4VNK0	Q4VNK0	train
Q4VRV8	Q4VRV8	train
Q4VRW4	Q4VRW4	test
Q4VRW5	Q4VRW5	train
Q4VRW6	Q4VRW6	train
Q4VRW7	Q4VRW7	train
Q4VRW8	Q4VRW8	test
Q4VRW9	Q4VRW9	train
Q4VUI1	Q4VUI1	train
Q4W1X2	Q4W1X2	train
Q4W2K4	Q4W2K4	train
Q4W2K6	Q4W2K6	train
Q4W6G0	Q4W6G0	train
Q4W6L6	Q4W6L6	train
Q4W7T3	Q4W7T3	train
Q4WB93	Q4WB93	train
Q4WBS1	Q4WBS1	train
Q4WCM9	Q4WCM9	train
Q4WL89	Q4WL89	train
Q4WYG3	Q4WYG3	validation
Q4X1A4	Q4X1A4	train
Q4ZFU2	Q4ZFU2	train
Q4ZH57	Q4ZH57	test
Q4ZV08	Q4ZV08	train
Q500X4	Q500X4	train
Q50402	Q50402	validation
Q50403	Q50403	train
Q50538	Q50538	train
Q50539	Q50539	train
Q50566	Q50566	train
Q50754	Q50754	train
Q50755	Q50755	train
Q50756	Q50756	train
Q50925	Q50925	train
Q50EK3	Q50EK3	train
Q50EK4	Q50EK4	train
Q50EK5	Q50EK5	train
Q50EK6	Q50EK6	train
Q50EL0	Q50EL0	test
Q50I20	Q50I20	train
Q50L36	Q50L36	train
Q50LH1	Q50LH1	validation
Q51508	Q51508	train
Q51548	Q51548	train
Q51645	Q51645	test
Q51662	Q51662	train
Q51732	Q51732	test
Q51739	Q51739	train
Q51742	Q51742	train
Q52032	Q52032	train
Q52087	Q52087	train
Q52500	Q52500	train
Q52722	Q52722	train
Q52NW7	Q52NW7	test
Q52QH3	Q52QH3	train
Q52TE7	Q52TE7	train
Q52UN2	Q52UN2	train
Q52YL8	Q52YL8	train
Q53176	Q53176	test
Q53389	Q53389	test
Q53562	Q53562	train
Q53563	Q53563	test
Q53591	Q53591	test
Q53641	Q53641	train
Q53688	Q53688	train
Q53692	Q53692	train
Q53728	Q53728	train
Q53765	Q53765	train
Q53766	Q53766	train
Q53768	Q53768	train
Q539C0	Q539C0	test
Q53CP8	Q53CP8	train
Q53EH2	Q53EH2	train
Q53EJ1	Q53EJ1	validation
Q53HV7	Q53HV7	test
Q53I75	Q53I75	train
Q53IZ1	Q53IZ1	train
Q53JI9	Q53JI9	train
Q53TZ2	Q53TZ2	train
Q53U15	Q53U15	train
Q53U20	Q53U20	train
Q54137	Q54137	train
Q54206	Q54206	train
Q54324	Q54324	train
Q54443	Q54443	test
Q54453	Q54453	train
Q546P8	Q546P8	train
Q54735	Q54735	train
Q54764	Q54764	train
Q54801	Q54801	test
Q548K3	Q548K3	validation
Q54HH2	Q54HH2	train
Q54J94	Q54J94	validation
Q54TD0	Q54TD0	train
Q55012	Q55012	train
Q55020	Q55020	test
Q55075	Q55075	train
Q55088	Q55088	train
Q55145	Q55145	train
Q55214	Q55214	train
Q55215	Q55215	train
Q55629	Q55629	train
Q55777	Q55777	train
Q55808	Q55808	test
Q55891	Q55891	train
Q55928	Q55928	train
Q55949	Q55949	test
Q55FE6	Q55FE6	train
Q56232	Q56232	test
Q56303	Q56303	train
Q56304	Q56304	test
Q56316	Q56316	validation
Q56317	Q56317	validation
Q56320	Q56320	validation
Q564A6	Q564A6	validation
Q564C7	Q564C7	train
Q56685	Q56685	train
Q56775	Q56775	train
Q56839	Q56839	test
Q568I9	Q568I9	train
Q56DL0	Q56DL0	train
Q56R01	Q56R01	validation
Q56S04	Q56S04	train
Q56S49	Q56S49	validation
Q56VN6	Q56VN6	train
Q56YA5	Q56YA5	train
Q57430	Q57430	train
Q57501	Q57501	train
Q57580	Q57580	test
Q57600	Q57600	train
Q57609	Q57609	train
Q57635	Q57635	train
Q57661	Q57661	validation
Q57703	Q57703	validation
Q57751	Q57751	train
Q57757	Q57757	test
Q57764	Q57764	train
Q57834	Q57834	train
Q57843	Q57843	test
Q57849	Q57849	train
Q57872	Q57872	train
Q57878	Q57878	train
Q57880	Q57880	train
Q57900	Q57900	train
Q57981	Q57981	train
Q57U24	Q57U24	train
Q57VC7	Q57VC7	test
Q57VZ2	Q57VZ2	train
Q57Z14	Q57Z14	validation
Q57ZS7	Q57ZS7	train
Q58010	Q58010	train
Q58037	Q58037	train
Q58043	Q58043	train
Q58085	Q58085	train
Q58097	Q58097	test
Q580R7	Q580R7	test
Q58122	Q58122	train
Q58134	Q58134	validation
Q58178	Q58178	train
Q58185	Q58185	train
Q581U6	Q581U6	validation
Q581W1	Q581W1	train
Q58247	Q58247	train
Q58249	Q58249	test
Q58280	Q58280	train
Q58293	Q58293	train
Q58309	Q58309	test
Q58346	Q58346	train
Q583R7	Q583R7	train
Q58407	Q58407	train
Q58428	Q58428	train
Q58431	Q58431	validation
Q58439	Q58439	train
Q58499	Q58499	train
Q58517	Q58517	train
Q58584	Q58584	train
Q58595	Q58595	train
Q58597	Q58597	train
Q585M6	Q585M6	test
Q58605	Q58605	test
Q58635	Q58635	train
Q58653	Q58653	test
Q586W9	Q586W9	validation
Q58761	Q58761	train
Q58806	Q58806	train
Q58822	Q58822	train
Q58829	Q58829	train
Q588Z1	Q588Z1	train
Q588Z2	Q588Z2	train
Q58923	Q58923	train
Q58936	Q58936	validation
Q58980	Q58980	test
Q58991	Q58991	test
Q58HF4	Q58HF4	train
Q58HN1	Q58HN1	train
Q58HT5	Q58HT5	test
Q58IJ6	Q58IJ6	train
Q58P26	Q58P26	train
Q58WP5	Q58WP5	validation
Q58YV9	Q58YV9	train
Q59104	Q59104	train
Q59119	Q59119	train
Q59185	Q59185	test
Q59196	Q59196	test
Q59263	Q59263	test
Q59280	Q59280	train
Q59288	Q59288	train
Q59316	Q59316	train
Q59329	Q59329	train
Q59401	Q59401	train
Q59468	Q59468	test
Q59475	Q59475	train
Q59478	Q59478	train
Q59495	Q59495	train
Q59601	Q59601	train
Q59618	Q59618	train
Q59632	Q59632	test
Q59639	Q59639	train
Q597B8	Q597B8	train
Q59825	Q59825	validation
Q59922	Q59922	train
Q59931	Q59931	test
Q59971	Q59971	train
Q59977	Q59977	train
Q59I44	Q59I44	test
Q59I68	Q59I68	validation
Q59I68	Q8S9C6	validation
Q59IT3	Q59IT3	train
Q59Q46	Q59Q46	train
Q59VG6	Q59VG6	train
Q59X94	Q59X94	test
Q5A3V6	Q5A3V6	train
Q5A6L6	Q5A6L6	train
Q5AAR6	Q5AAR6	train
Q5AB99	Q5AB99	test
Q5AIA2	Q5AIA2	train
Q5AJZ3	Q5AJZ3	train
Q5APF3	Q5APF3	train
Q5AUX2	Q5AUX2	test
Q5AVP8	Q5AVP8	train
Q5AVY9	Q5AVY9	train
Q5AZ53	Q5AZ53	train
Q5B2E8	Q5B2E8	train
Q5B2G3	Q5B2G3	validation
Q5B5D5	Q5B5D5	train
Q5B7X2	Q5B7X2	test
Q5BCF8	Q5BCF8	train
Q5BLZ6	Q5BLZ6	train
Q5BU12	Q5BU12	train
Q5CAF4	Q5CAF4	validation
Q5CB51	Q5CB51	train
Q5CD72	Q5CD72	train
Q5CRI9	Q5CRI9	test
Q5CSM7	Q5CSM7	train
Q5CXD0	Q5CXD0	train
Q5CYP8	Q5CYP8	train
Q5D8X4	Q5D8X4	test
Q5DD64	Q5DD64	train
Q5DDV5	Q5DDV5	train
Q5DIE3	Q5DIE3	train
Q5DKU6	Q5DKU6	train
Q5DKU8	Q5DKU8	train
Q5DKU9	Q5DKU9	train
Q5DKV0	Q5DKV0	train
Q5DM89	Q5DM89	train
Q5DRK1	Q5DRK1	train
Q5DWP2	Q5DWP2	test
Q5E9F2	Q5E9F2	train
Q5EBM0	Q5EBM0	train
Q5ECC3	Q5ECC3	train
Q5EFR9	Q5EFR9	train
Q5EFU4	Q5EFU4	train
Q5EG61	Q5EG61	test
Q5EI63	Q5EI63	test
Q5EPE6	Q5EPE6	train
Q5EU90	Q5EU90	test
Q5EWY2	Q5EWY2	train
Q5EXK1	Q5EXK1	train
Q5F2I3	Q5F2I3	train
Q5F6P7	Q5F6P7	train
Q5F809	Q5F809	train
Q5FAK7	Q5FAK7	test
Q5FB34	Q5FB34	train
Q5FC15	Q5FC15	train
Q5FI04	Q5FI04	test
Q5FMB7	Q5FMB7	test
Q5FMT1	Q5FMT1	test
Q5FNX9	Q5FNX9	train
Q5FQJ0	Q5FQJ0	test
Q5FSJ2	Q5FSJ2	train
Q5FT75	Q5FT75	train
Q5FTR3	Q5FTR3	test
Q5FTU6	Q5FTU6	train
Q5FYA7	Q5FYA7	validation
Q5G1U0	Q5G1U0	test
Q5GHF7	Q5GHF7	validation
Q5GJ59	Q5GJ59	train
Q5GKZ7	Q5GKZ7	train
Q5GMI6	Q5GMI6	test
Q5GMP2	Q5GMP2	train
Q5GS56	Q5GS56	train
Q5GTD5	Q5GTD5	train
Q5H614	Q5H614	train
Q5H7M8	Q5H7M8	test
Q5H7P5	Q5H7P5	test
Q5HG25	Q5HG25	validation
Q5HTX9	Q5HTX9	train
Q5I2C5	Q5I2C5	test
Q5I7E1	Q5I7E1	train
Q5I7J0	Q5I7J0	train
Q5IS34	Q5IS34	train
Q5J7B5	Q5J7B5	train
Q5J7C6	Q5J7C6	train
Q5JB56	Q5JB56	train
Q5JBG6	Q5JBG6	train
Q5JCX3	Q5JCX3	test
Q5JD05	Q5JD05	train
Q5JD38	Q5JD38	train
Q5JDA9	Q5JDA9	train
Q5JDJ1	Q5JDJ1	train
Q5JDJ7	Q5JDJ7	train
Q5JEW2	Q5JEW2	train
Q5JFG2	Q5JFG2	train
Q5JFG7	Q5JFG7	test
Q5JFG9	Q5JFG9	train
Q5JFI4	Q5JFI4	validation
Q5JFK3	Q5JFK3	train
Q5JFM9	Q5JFM9	train
Q5JFV8	Q5JFV8	train
Q5JFW0	Q5JFW0	train
Q5JFZ8	Q5JFZ8	train
Q5JGC2	Q5JGC2	train
Q5JGC7	Q5JGC7	train
Q5JGF8	Q5JGF8	train
Q5JGP4	Q5JGP4	train
Q5JH57	Q5JH57	test
Q5JH87	Q5JH87	train
Q5JHA5	Q5JHA5	train
Q5JHF1	Q5JHF1	test
Q5JHT1	Q5JHT1	train
Q5JHY2	Q5JHY2	train
Q5JI33	Q5JI33	test
Q5JI38	Q5JI38	train
Q5JIA8	Q5JIA8	train
Q5JIA9	Q5JIA9	train
Q5JIE9	Q5JIE9	train
Q5JIY7	Q5JIY7	train
Q5JIZ3	Q5JIZ3	validation
Q5JJ59	Q5JJ59	train
Q5JJ72	Q5JJ72	train
Q5JJ73	Q5JJ73	train
Q5JJ82	Q5JJ82	validation
Q5JJB9	Q5JJB9	train
Q5JNT6	Q5JNT6	train
Q5JZX2	Q5JZX2	test
Q5KPK7	Q5KPK7	train
Q5KR04	Q5KR04	train
Q5KR05	Q5KR05	train
Q5KTT0	Q5KTT0	train
Q5KTT1	Q5KTT1	train
Q5KTW9	Q5KTW9	train
Q5KVE7	Q5KVE7	train
Q5KYQ3	Q5KYQ3	train
Q5L868	Q5L868	train
Q5LH66	Q5LH66	validation
Q5LH68	Q5LH68	test
Q5LI17	Q5LI17	train
Q5LIW1	Q5LIW1	train
Q5LLB1	Q5LLB1	train
Q5LRT0	Q5LRT0	test
Q5LS56	Q5LS56	train
Q5LS57	Q5LS57	test
Q5LVM3	Q5LVM3	train
Q5LW89	Q5LW89	train
Q5MAI6	Q5MAI6	train
Q5MQ31	Q5MQ31	train
Q5MY95	Q5MY95	train
Q5MYA1	Q5MYA1	validation
Q5NEQ5	Q5NEQ5	train
Q5NEV0	Q5NEV0	test
Q5NGA7	Q5NGA7	train
Q5NHR1	Q5NHR1	test
Q5NII9	Q5NII9	validation
Q5NLA9	Q5NLA9	train
Q5NT46	Q5NT46	train
Q5NT93	Q5NT93	train
Q5NTH0	Q5NTH0	train
Q5NU42	Q5NU42	train
Q5P5I4	Q5P5I4	train
Q5PRC6	Q5PRC6	train
Q5PWZ8	Q5PWZ8	train
Q5PXK2	Q5PXK2	validation
Q5PXS3	Q5PXS3	test
Q5Q0U2	Q5Q0U2	validation
Q5QKF8	Q5QKF8	train
Q5R082	Q5R082	test
Q5RLG0	Q5RLG0	test
Q5S260	Q5S260	test
Q5S3L3	Q5S3L3	train
Q5SH52	Q5SH52	train
Q5SHB0	Q5SHB0	train
Q5SHZ3	Q5SHZ3	test
Q5SIC2	Q5SIC2	test
Q5SIM4	Q5SIM4	train
Q5SIQ7	Q5SIQ7	train
Q5SIY4	Q5SIY4	train
Q5SJ01	Q5SJ01	test
Q5SJ85	Q5SJ85	train
Q5SJC3	Q5SJC3	train
Q5SJG5	Q5SJG5	train
Q5SK28	Q5SK28	train
Q5SKG3	Q5SKG3	train
Q5SKR5	Q5SKR5	train
Q5SKV8	Q5SKV8	train
Q5SL04	Q5SL04	train
Q5SL15	Q5SL15	train
Q5SLG5	Q5SLG5	test
Q5SLJ4	Q5SLJ4	train
Q5SRI9	Q5SRI9	train
Q5TBB1	Q5TBB1	train
Q5U789	Q5U789	train
Q5U921	Q5U921	train
Q5U923	Q5U923	train
Q5U924	Q5U924	train
Q5U925	Q5U925	train
Q5U9J1	Q5U9J1	validation
Q5U9W0	Q5U9W0	test
Q5UB52	Q5UB52	train
Q5UFR2	Q5UFR2	train
Q5UFR5	Q5UFR5	test
Q5UL14	Q5UL14	train
Q5UNS1	Q5UNS1	test
Q5UNS2	Q5UNS2	test
Q5UPJ7	Q5UPJ7	train
Q5UVJ4	Q5UVJ4	train
Q5UVY7	Q5UVY7	train
Q5UY95	Q5UY95	test
Q5V5N6	Q5V5N6	train
Q5VB42	Q5VB42	train
Q5VB44	Q5VB44	train
Q5VB49	Q5VB49	train
Q5VJM8	Q5VJM8	train
Q5VK60	Q5VK60	train
Q5VKJ7	Q5VKJ7	validation
Q5VT66	Q5VT66	train
Q5VZY2	Q5VZY2	train
Q5W251	Q5W251	train
Q5W503	Q5W503	train
Q5W5U3	Q5W5U3	train
Q5W7F1	Q5W7F1	train
Q5W915	Q5W915	train
Q5W9R9	Q5W9R9	train
Q5W9U0	Q5W9U0	train
Q5WA30	Q5WA30	train
Q5XF78	Q5XF78	train
Q5XIF5	Q5XIF5	train
Q5XNQ9	Q5XNQ9	train
Q5XPL4	Q5XPL4	train
Q5XPL5	Q5XPL5	train
Q5XPV2	Q5XPV2	train
Q5Y152	Q5Y152	train
Q5YEW3	Q5YEW3	train
Q5YFS2	Q5YFS2	test
Q5YXQ1	Q5YXQ1	train
Q5YYQ3	Q5YYQ3	train
Q5Z1T5	Q5Z1T5	train
Q5ZH56	Q5ZH56	test
Q5ZNB1	Q5ZNB1	train
Q5ZR76	Q5ZR76	train
Q5ZU17	Q5ZU17	train
Q5ZUR9	Q5ZUR9	train
Q5ZVV9	Q5ZVV9	train
Q5ZXE1	Q5ZXE1	test
Q5ZZJ8	Q5ZZJ8	test
Q60034	Q60034	train
Q60106	Q60106	test
Q60182	Q60182	train
Q602L6	Q602L6	train
Q60352	Q60352	train
Q60358	Q60358	test
Q603D5	Q603D5	train
Q607G3	Q607G3	train
Q60856	Q60856	train
Q60860	Q60860	train
Q608T2	Q608T2	train
Q608T3	Q608T3	test
Q60AN4	Q60AN4	train
Q60FX1	Q60FX1	train
Q60FX6	Q60FX6	validation
Q60I38	Q60I38	train
Q61153	Q61153	train
Q61847	Q61847	train
Q61955	Q61955	train
Q62L02	Q62L02	train
Q62WE3	Q62WE3	validation
Q63065	Q63065	train
Q63108	Q63108	train
Q63151	Q63151	train
Q63159	Q63159	train
Q63470	Q63470	train
Q63639	Q63639	train
Q63880	Q63880	train
Q63932	Q63932	test
Q63R79	Q63R79	train
Q64176	Q64176	train
Q64285	Q64285	train
Q643C8	Q643C8	train
Q64428	Q64428	train
Q64573	Q64573	train
Q64702	Q64702	validation
Q64GB3	Q64GB3	train
Q64R94	Q64R94	train
Q65CX5	Q65CX5	train
Q65DN5	Q65DN5	train
Q65EY9	Q65EY9	train
Q65GW7	Q65GW7	test
Q65J10	Q65J10	test
Q65JC2	Q65JC2	train
Q65JI9	Q65JI9	test
Q65L63	Q65L63	train
Q65MI2	Q65MI2	train
Q65MY7	Q65MY7	train
Q65N98	Q65N98	test
Q65NY1	Q65NY1	train
Q65XK0	Q65XK0	train
Q66CJ2	Q66CJ2	test
Q66GI4	Q66GI4	train
Q66GM9	Q66GM9	train
Q66ME9	Q66ME9	train
Q66NB7	Q66NB7	train
Q66Q78	Q66Q78	test
Q66V97	Q66V97	train
Q66WM4	Q66WM4	train
Q670W0	Q670W0	validation
Q672W7	Q672W7	train
Q673U2	Q673U2	test
Q67W82	Q67W82	train
Q67WN8	Q67WN8	train
Q67Y55	Q67Y55	train
Q67YC0	Q67YC0	test
Q67ZJ4	Q67ZJ4	test
Q684J7	Q684J7	test
Q688T8	Q688T8	train
Q68AP4	Q68AP4	train
Q68CP4	Q68CP4	train
Q68G83	Q68G83	train
Q68HB1	Q68HB1	train
Q68KL3	Q68KL3	train
Q68NI4	Q68NI4	train
Q68SL6	Q68SL6	train
Q68SL7	Q68SL7	validation
Q69T99	Q69T99	train
Q6ARU5	Q6ARU5	test
Q6AVT2	Q6AVT2	train
Q6AW20	Q6AW20	train
Q6AYS7	Q6AYS7	test
Q6B0I6	Q6B0I6	test
Q6B7T0	Q6B7T0	train
Q6BCL3	Q6BCL3	train
Q6BCL7	Q6BCL7	train
Q6BCM1	Q6BCM1	validation
Q6BDD5	Q6BDD5	train
Q6BDJ2	Q6BDJ2	train
Q6BE01	Q6BE01	train
Q6C2Y4	Q6C2Y4	test
Q6C3R2	Q6C3R2	test
Q6C5L8	Q6C5L8	train
Q6C5M4	Q6C5M4	train
Q6CSZ6	Q6CSZ6	train
Q6D291	Q6D291	train
Q6DLZ8	Q6DLZ8	test
Q6DND9	Q6DND9	validation
Q6DNI8	Q6DNI8	train
Q6DRC0	Q6DRC0	train
Q6DRD3	Q6DRD3	test
Q6DRK7	Q6DRK7	test
Q6DYE7	Q6DYE7	test
Q6E0B2	Q6E0B2	train
Q6E213	Q6E213	test
Q6E593	Q6E593	train
Q6E7F1	Q6E7F1	validation
Q6EB26	Q6EB26	train
Q6EM42	Q6EM42	train
Q6EM45	Q6EM45	train
Q6EM46	Q6EM46	train
Q6EMJ3	Q6EMJ3	test
Q6ETK2	Q6ETK2	test
Q6ETN3	Q6ETN3	test
Q6F3I3	Q6F3I3	train
Q6F494	Q6F494	validation
Q6F4D7	Q6F4D7	train
Q6F4N1	Q6F4N1	train
Q6F4N4	Q6F4N4	train
Q6F5H0	Q6F5H0	train
Q6F828	Q6F828	train
Q6F936	Q6F936	validation
Q6FBP5	Q6FBP5	test
Q6FF00	Q6FF00	train
Q6FFQ1	Q6FFQ1	train
Q6FJA3	Q6FJA3	train
Q6FU96	Q6FU96	train
Q6GEY3	Q6GEY3	train
Q6GG09	Q6GG09	test
Q6GHH5	Q6GHH5	train
Q6GIL8	Q6GIL8	test
Q6H6P8	Q6H6P8	train
Q6HA04	Q6HA04	train
Q6HA05	Q6HA05	train
Q6HA27	Q6HA27	train
Q6HKW3	Q6HKW3	train
Q6IQ20	Q6IQ20	train
Q6IT79	Q6IT79	test
Q6ITC6	Q6ITC6	train
Q6IVV3	Q6IVV3	train
Q6IWZ0	Q6IWZ0	train
Q6IYF2	Q6IYF2	validation
Q6IYF5	Q6IYF5	test
Q6J1M5	Q6J1M5	test
Q6J210	Q6J210	test
Q6J213	Q6J213	test
Q6JE91	Q6JE91	train
Q6JGI2	Q6JGI2	train
Q6JHV2	Q6JHV2	train
Q6K1J1	Q6K1J1	train
Q6K2E8	Q6K2E8	train
Q6K6Z5	Q6K6Z5	test
Q6K973	Q6K973	validation
Q6K9M5	Q6K9M5	train
Q6KAV2	Q6KAV2	train
Q6KBS7	Q6KBS7	train
Q6KF36	Q6KF36	train
Q6KH76	Q6KH76	train
Q6KHA5	Q6KHA5	train
Q6KZB1	Q6KZB1	train
Q6KZI8	Q6KZI8	train
Q6KZT2	Q6KZT2	test
Q6L047	Q6L047	train
Q6L0S1	Q6L0S1	train
Q6L1T2	Q6L1T2	train
Q6L285	Q6L285	validation
Q6L2I5	Q6L2I5	test
Q6L2R8	Q6L2R8	train
Q6L2X4	Q6L2X4	train
Q6L2X5	Q6L2X5	test
Q6L2Z7	Q6L2Z7	test
Q6L619	Q6L619	validation
Q6L6Q4	Q6L6Q4	train
Q6L7J5	Q6L7J5	test
Q6LA34	Q6LA34	test
Q6LFH8	Q6LFH8	train
Q6LXJ6	Q6LXJ6	train
Q6LXQ3	Q6LXQ3	train
Q6LZD3	Q6LZD3	test
Q6M0B9	Q6M0B9	validation
Q6MNP0	Q6MNP0	train
Q6N8N2	Q6N8N2	train
Q6NAM1	Q6NAM1	train
Q6NLA5	Q6NLA5	train
Q6NLQ7	Q6NLQ7	test
Q6NPM8	Q6NPM8	train
Q6NQ66	Q6NQ66	train
Q6NQA8	Q6NQA8	train
Q6NQI8	Q6NQI8	test
Q6NQL4	Q6NQL4	train
Q6NQL6	Q6NQL6	train
Q6NTF7	Q6NTF7	test
Q6NUS8	Q6NUS8	validation
Q6NYC1	Q6NYC1	train
Q6NYI5	Q6NYI5	validation
Q6P179	Q6P179	train
Q6P4A8	Q6P4A8	train
Q6P587	Q6P587	train
Q6P6C2	Q6P6C2	train
Q6P7B9	Q6P7B9	train
Q6P7S1	Q6P7S1	train
Q6PBS3	Q6PBS3	validation
Q6PD10	Q6PD10	train
Q6PFX8	Q6PFX8	test
Q6PH75	Q6PH75	train
Q6PHR2	Q6PHR2	train
Q6PHW0	Q6PHW0	train
Q6PI48	Q6PI48	train
Q6PLI2	Q6PLI2	train
Q6PMI1	Q6PMI1	test
Q6PMI2	Q6PMI2	train
Q6PNM8	Q6PNM8	train
Q6PQJ9	Q6PQJ9	train
Q6PQK2	Q6PQK2	train
Q6PRC7	Q6PRC7	train
Q6PW32	Q6PW32	train
Q6PW77	Q6PW77	train
Q6Q271	Q6Q271	train
Q6Q272	Q6Q272	train
Q6Q2T4	Q6Q2T4	train
Q6Q3H2	Q6Q3H2	validation
Q6Q3H3	Q6Q3H3	train
Q6Q874	Q6Q874	train
Q6Q8A5	Q6Q8A5	test
Q6QBS4	Q6QBS4	train
Q6QD76	Q6QD76	train
Q6QDP1	Q6QDP1	test
Q6QF56	Q6QF56	train
Q6QF57	Q6QF57	train
Q6QGP4	Q6QGP4	test
Q6QGY5	Q6QGY5	train
Q6QHE9	Q6QHE9	train
Q6QHI7	Q6QHI7	train
Q6QHJ9	Q6QHJ9	test
Q6QHT8	Q6QHT8	train
Q6QLL4	Q6QLL4	train
Q6QNI4	Q6QNI4	validation
Q6QWR1	Q6QWR1	train
Q6R0J2	Q6R0J2	train
Q6R2X1	Q6R2X1	train
Q6R3F4	Q6R3F4	train
Q6R4Q9	Q6R4Q9	test
Q6R6P5	Q6R6P5	validation
Q6R7M4	Q6R7M4	train
Q6R7Z5	Q6R7Z5	train
Q6RET7	Q6RET7	train
Q6RH61	Q6RH61	train
Q6RH62	Q6RH62	train
Q6RHX7	Q6RHX7	test
Q6RHX8	Q6RHX8	train
Q6RHX9	Q6RHX9	validation
Q6RHY0	Q6RHY0	test
Q6RHY1	Q6RHY1	train
Q6RK08	Q6RK08	train
Q6RKQ1	Q6RKQ1	train
Q6RUF5	Q6RUF5	test
Q6RUI9	Q6RUI9	train
Q6RUJ0	Q6RUJ0	validation
Q6RUJ1	Q6RUJ1	train
Q6RUJ2	Q6RUJ2	train
Q6RVB3	Q6RVB3	train
Q6RXY3	Q6RXY3	train
Q6S3D7	Q6S3D7	train
Q6S3E3	Q6S3E3	train
Q6S4W2	Q6S4W2	validation
Q6SJC5	Q6SJC5	train
Q6SSE0	Q6SSE0	train
Q6ST23	Q6ST23	train
Q6STM1	Q6STM1	train
Q6SZP8	Q6SZP8	train
Q6SZS7	Q6SZS7	test
Q6T1F6	Q6T1F6	train
Q6T1W6	Q6T1W6	train
Q6T1W7	Q6T1W7	test
Q6T1W8	Q6T1W8	test
Q6T2T5	Q6T2T5	test
Q6T484	Q6T484	train
Q6T5D1	Q6T5D1	train
Q6T857	Q6T857	train
Q6TA03	Q6TA03	train
Q6TA39	Q6TA39	test
Q6TEC1	Q6TEC1	validation
Q6TEK4	Q6TEK4	train
Q6TGN2	Q6TGN2	train
Q6TH77	Q6TH77	train
Q6TNA5	Q6TNA5	train
Q6TQF8	Q6TQF8	validation
Q6TQT0	Q6TQT0	train
Q6TQT1	Q6TQT1	validation
Q6TTR0	Q6TTR0	train
Q6TXD2	Q6TXD2	train
Q6UB28	Q6UB28	train
Q6UB73	Q6UB73	train
Q6UC93	Q6UC93	train
Q6UFW4	Q6UFW4	train
Q6UG02	Q6UG02	train
Q6UN40	Q6UN40	train
Q6UQ31	Q6UQ31	train
Q6UR88	Q6UR88	train
Q6UVM5	Q6UVM5	train
Q6UWR7	Q6UWR7	train
Q6UWV6	Q6UWV6	train
Q6UWY0	Q6UWY0	train
Q6V0J1	Q6V0J1	train
Q6VAK6	Q6VAK6	train
Q6VBI6	Q6VBI6	train
Q6VCW3	Q6VCW3	train
Q6VT21	Q6VT21	train
Q6VVW9	Q6VVW9	train
Q6VVX0	Q6VVX0	train
Q6W7J7	Q6W7J7	test
Q6W9D4	Q6W9D4	test
Q6WAT5	Q6WAT5	validation
Q6WAU1	Q6WAU1	train
Q6WE15	Q6WE15	validation
Q6WNR0	Q6WNR0	train
Q6WRS9	Q6WRS9	train
Q6WSQ4	Q6WSQ4	train
Q6WUB6	Q6WUB6	train
Q6WZB0	Q6WZB0	train
Q6WZB4	Q6WZB4	train
Q6XK23	Q6XK23	test
Q6XK24	Q6XK24	train
Q6XKX6	Q6XKX6	train
Q6XMH6	Q6XMH6	train
Q6XMH7	Q6XMH7	train
Q6XMI1	Q6XMI1	test
Q6XMI3	Q6XMI3	train
Q6XMT1	Q6XMT1	train
Q6XMT2	Q6XMT2	train
Q6XNK6	Q6XNK6	validation
Q6XQK5	Q6XQK5	train
Q6XVW8	Q6XVW8	test
Q6XZC1	Q6XZC1	train
Q6Y0Z3	Q6Y0Z3	test
Q6Y656	Q6Y656	train
Q6Y9Y8	Q6Y9Y8	train
Q6YDN9	Q6YDN9	test
Q6YLS3	Q6YLS3	train
Q6YN71	Q6YN71	train
Q6YNE9	Q6YNE9	train
Q6YP15	Q6YP15	test
Q6Z1Y6	Q6Z1Y6	train
Q6Z3Y3	Q6Z3Y3	train
Q6Z4G3	Q6Z4G3	train
Q6Z9A3	Q6Z9A3	train
Q6ZAC1	Q6ZAC1	train
Q6ZD89	Q6ZD89	train
Q6ZFH6	Q6ZFH6	test
Q6ZMB0	Q6ZMB0	train
Q6ZMG9	Q6ZMG9	train
Q6ZPD8	Q6ZPD8	test
Q6ZPS2	Q6ZPS2	train
Q6ZXB9	Q6ZXB9	test
Q6ZXC0	Q6ZXC0	train
Q6ZXJ1	Q6ZXJ1	test
Q700B8	Q700B8	test
Q700X4	Q700X4	test
Q706F5	Q706F5	test
Q706F9	Q706F9	test
Q709M0	Q709M0	train
Q709M1	Q709M1	validation
Q70DK5	Q70DK5	train
Q70E78	Q70E78	test
Q70EW6	Q70EW6	train
Q70EX8	Q70EX8	train
Q70FC9	Q70FC9	train
Q70G32	Q70G32	train
Q70G56	Q70G56	train
Q70GH4	Q70GH4	train
Q70GK8	Q70GK8	test
Q70GL3	Q70GL3	train
Q70I53	Q70I53	test
Q70J58	Q70J58	test
Q70J59	Q70J59	test
Q70JA7	Q70JA7	train
Q70JN9	Q70JN9	train
Q70JP0	Q70JP0	train
Q70KY3	Q70KY3	train
Q70PR7	Q70PR7	validation
Q70PY2	Q70PY2	test
Q70XJ9	Q70XJ9	test
Q70Y21	Q70Y21	train
Q70YQ6	Q70YQ6	train
Q711P7	Q711P7	train
Q712K3	Q712K3	train
Q712V1	Q712V1	train
Q715L4	Q715L4	train
Q717I9	Q717I9	train
Q71DJ5	Q71DJ5	train
Q71E77	Q71E77	train
Q71KM2	Q71KM2	train
Q71KM3	Q71KM3	test
Q72EF0	Q72EF0	train
Q72G76	Q72G76	train
Q72GM3	Q72GM3	train
Q72GS0	Q72GS0	train
Q72GT2	Q72GT2	train
Q72GU1	Q72GU1	train
Q72HS4	Q72HS4	train
Q72I53	Q72I53	train
Q72IB8	Q72IB8	test
Q72ID4	Q72ID4	train
Q72IH5	Q72IH5	test
Q72IR2	Q72IR2	train
Q72IW9	Q72IW9	train
Q72JC9	Q72JC9	train
Q72JF6	Q72JF6	test
Q72JY1	Q72JY1	train
Q72K04	Q72K04	validation
Q72K16	Q72K16	train
Q72KH8	Q72KH8	train
Q72L69	Q72L69	validation
Q72MQ6	Q72MQ6	test
Q72SB4	Q72SB4	train
Q72SL8	Q72SL8	validation
Q731C9	Q731C9	train
Q731I1	Q731I1	train
Q73GL9	Q73GL9	train
Q73KK9	Q73KK9	train
Q73Q47	Q73Q47	train
Q73QH2	Q73QH2	test
Q73Y99	Q73Y99	train
Q745T6	Q745T6	train
Q749D0	Q749D0	train
Q74HL7	Q74HL7	train
Q74HL8	Q74HL8	train
Q74IV4	Q74IV4	train
Q74JG0	Q74JG0	train
Q74NE4	Q74NE4	train
Q754M0	Q754M0	train
Q756Z6	Q756Z6	train
Q75JI3	Q75JI3	train
Q75KR1	Q75KR1	train
Q75NT4	Q75NT4	test
Q75P26	Q75P26	validation
Q75PK6	Q75PK6	train
Q75PK7	Q75PK7	test
Q75R40	Q75R40	test
Q75S82	Q75S82	train
Q75S83	Q75S83	train
Q75T82	Q75T82	train
Q75UG5	Q75UG5	train
Q75UV1	Q75UV1	train
Q75UV6	Q75UV6	train
Q75V72	Q75V72	train
Q75W17	Q75W17	train
Q75W54	Q75W54	train
Q75WF1	Q75WF1	test
Q75WF2	Q75WF2	train
Q75WV3	Q75WV3	train
Q75ZW9	Q75ZW9	train
Q764C1	Q764C1	test
Q767J3	Q767J3	train
Q767R1	Q767R1	train
Q769K2	Q769K2	train
Q76DT9	Q76DT9	train
Q76DU0	Q76DU0	validation
Q76EB5	Q76EB5	train
Q76EQ0	Q76EQ0	test
Q76EV4	Q76EV4	train
Q76FR7	Q76FR7	train
Q76FR8	Q76FR8	train
Q76FR9	Q76FR9	test
Q76FS0	Q76FS0	train
Q76FS1	Q76FS1	validation
Q76HN4	Q76HN4	test
Q76I22	Q76I22	train
Q76IQ9	Q76IQ9	train
Q76K51	Q76K51	train
Q76KA8	Q76KA8	test
Q76KX0	Q76KX0	test
Q76L36	Q76L36	train
Q76L37	Q76L37	train
Q76LL4	Q76LL4	train
Q76LT2	Q76LT2	train
Q76M73	Q76M73	train
Q76M76	Q76M76	train
Q78J03	Q78J03	train
Q79EM7	Q79EM7	train
Q79EM8	Q79EM8	train
Q79F77	Q79F77	test
Q79ZT3	Q79ZT3	test
Q7A4T2	Q7A4T2	train
Q7B8C0	Q7B8C0	train
Q7B9Y8	Q7B9Y8	train
Q7BPB0	Q7BPB0	train
Q7BPX6	Q7BPX6	train
Q7CIZ7	Q7CIZ7	train
Q7CKD7	Q7CKD7	train
Q7CP78	Q7CP78	train
Q7CRQ0	Q7CRQ0	test
Q7CWR3	Q7CWR3	test
Q7DM12	Q7DM12	train
Q7G065	Q7G065	train
Q7JNQ9	Q7JNQ9	train
Q7K237	Q7K237	train
Q7K2S9	Q7K2S9	validation
Q7K5K9	Q7K5K9	train
Q7K9G0	Q7K9G0	train
Q7KF27	Q7KF27	train
Q7KZF4	Q7KZF4	train
Q7L266	Q7L266	train
Q7L5N7	Q7L5N7	validation
Q7LGC8	Q7LGC8	train
Q7LHI2	Q7LHI2	validation
Q7LHI2	Q7LIJ0	validation
Q7LST4	Q7LST4	train
Q7LX61	Q7LX61	train
Q7LX98	Q7LX98	train
Q7LXL5	Q7LXL5	test
Q7LXP6	Q7LXP6	test
Q7LXU0	Q7LXU0	train
Q7LXU6	Q7LXU6	train
Q7LYI9	Q7LYI9	test
Q7LYT8	Q7LYT8	train
Q7LZQ2	Q7LZQ2	test
Q7M0R2	Q7M0R2	train
Q7M135	Q7M135	test
Q7M181	Q7M181	train
Q7M4I4	Q7M4I4	train
Q7M537	Q7M537	train
Q7MAW0	Q7MAW0	train
Q7MUW6	Q7MUW6	test
Q7N6U8	Q7N6U8	train
Q7N7D2	Q7N7D2	validation
Q7NAQ4	Q7NAQ4	train
Q7NSA6	Q7NSA6	train
Q7PCC4	Q7PCC4	test
Q7QBF7	Q7QBF7	test
Q7QF91	Q7QF91	test
Q7RYZ9	Q7RYZ9	train
Q7S0S2	Q7S0S2	train
Q7S1X0	Q7S1X0	train
Q7S2S4	Q7S2S4	train
Q7S3R5	Q7S3R5	train
Q7S3U4	Q7S3U4	train
Q7SCE9	Q7SCE9	train
Q7SD67	Q7SD67	validation
Q7SFB0	Q7SFB0	test
Q7SIB5	Q7SIB5	train
Q7SID2	Q7SID2	train
Q7SID3	Q7SID3	test
Q7SIG4	Q7SIG4	test
Q7SXN1	Q7SXN1	train
Q7T291	Q7T291	train
Q7T2A9	Q7T2A9	test
Q7TNJ7	Q7TNJ7	validation
Q7TNT2	Q7TNT2	test
Q7TP52	Q7TP52	train
Q7TSV6	Q7TSV6	train
Q7U4Z8	Q7U4Z8	train
Q7U4Z9	Q7U4Z9	train
Q7UDT4	Q7UDT4	train
Q7UIS7	Q7UIS7	train
Q7URP0	Q7URP0	train
Q7UXY8	Q7UXY8	train
Q7V6D4	Q7V6D4	train
Q7WSJ4	Q7WSJ4	test
Q7WSN5	Q7WSN5	train
Q7WSQ7	Q7WSQ7	train
Q7WST1	Q7WST1	train
Q7WT42	Q7WT42	train
Q7WT44	Q7WT44	train
Q7WTR6	Q7WTR6	train
Q7WUI5	Q7WUI5	train
Q7WUI6	Q7WUI6	train
Q7WUI7	Q7WUI7	train
Q7WVA6	Q7WVA6	train
Q7WWP9	Q7WWP9	train
Q7WY77	Q7WY77	train
Q7WYV4	Q7WYV4	train
Q7WZT5	Q7WZT5	train
Q7X0P2	Q7X0P2	train
Q7X0P3	Q7X0P3	train
Q7X2D3	Q7X2D3	test
Q7X3G5	Q7X3G5	train
Q7X478	Q7X478	test
Q7X479	Q7X479	train
Q7X480	Q7X480	train
Q7X508	Q7X508	test
Q7X8Q2	Q7X8Q2	train
Q7X9B3	Q7X9B3	test
Q7XAS7	Q7XAS7	train
Q7XAU6	Q7XAU6	train
Q7XIV4	Q7XIV4	test
Q7XJM2	Q7XJM2	train
Q7XN11	Q7XN11	train
Q7XR61	Q7XR61	train
Q7XSN8	Q7XSN8	train
Q7XTK4	Q7XTK4	train
Q7XU02	Q7XU02	validation
Q7XU03	Q7XU03	train
Q7XXN4	Q7XXN4	train
Q7XYS8	Q7XYS8	train
Q7XZE6	Q7XZE6	train
Q7Y0K5	Q7Y0K5	validation
Q7YRG5	Q7YRG5	train
Q7YS62	Q7YS62	train
Q7YT16	Q7YT16	train
Q7YT62	Q7YT62	validation
Q7YT62	Q7YT63	validation
Q7Z029	Q7Z029	train
Q7Z0T2	Q7Z0T2	train
Q7Z1V6	Q7Z1V6	test
Q7Z2E3	Q7Z2E3	train
Q7Z4W1	Q7Z4W1	train
Q7Z975	Q7Z975	train
Q7Z9M8	Q7Z9M8	train
Q7ZAH1	Q7ZAH1	train
Q7ZVB4	Q7ZVB4	train
Q80A54	Q80A54	train
Q80A58	Q80A58	train
Q80UN9	Q80UN9	train
Q80WS1	Q80WS1	train
Q80Y20	Q80Y20	train
Q80Z26	Q80Z26	train
Q80ZG2	Q80ZG2	validation
Q811Q1	Q811Q1	train
Q818Z9	Q818Z9	validation
Q81A42	Q81A42	train
Q81BW8	Q81BW8	train
Q81CX4	Q81CX4	train
Q81DR3	Q81DR3	train
Q81EJ6	Q81EJ6	train
Q81EK9	Q81EK9	train
Q81IH1	Q81IH1	train
Q81JK4	Q81JK4	train
Q81K34	Q81K34	train
Q81K97	Q81K97	train
Q81LA8	Q81LA8	train
Q81LZ8	Q81LZ8	train
Q81PP9	Q81PP9	train
Q81PT0	Q81PT0	test
Q81R22	Q81R22	train
Q81R98	Q81R98	train
Q81RP3	Q81RP3	train
Q81SL2	Q81SL2	test
Q81SV8	Q81SV8	validation
Q81UL8	Q81UL8	test
Q81W29	Q81W29	validation
Q81X74	Q81X74	train
Q81ZH5	Q81ZH5	train
Q825I8	Q825I8	test
Q82IV1	Q82IV1	test
Q82IZ1	Q82IZ1	test
Q82K30	Q82K30	test
Q82L49	Q82L49	train
Q82M04	Q82M04	validation
Q82P90	Q82P90	train
Q82T88	Q82T88	train
Q82YW6	Q82YW6	train
Q831B2	Q831B2	train
Q836A5	Q836A5	train
Q836D9	Q836D9	train
Q837U7	Q837U7	train
Q838N5	Q838N5	train
Q83UF3	Q83UF3	train
Q83V33	Q83V33	test
Q83WC3	Q83WC3	train
Q83WC4	Q83WC4	train
Q83WH5	Q83WH5	train
Q83XD3	Q83XD3	train
Q83XK5	Q83XK5	validation
Q83YY8	Q83YY8	train
Q83ZD0	Q83ZD0	train
Q840T2	Q840T2	train
Q841V6	Q841V6	train
Q842E2	Q842E2	train
Q845T0	Q845T0	test
Q846Q0	Q846Q0	train
Q846U5	Q846U5	train
Q84B24	Q84B24	test
Q84C08	Q84C08	train
Q84CU3	Q84CU3	train
Q84DC4	Q84DC4	test
Q84EK3	Q84EK3	validation
Q84F19	Q84F19	test
Q84F26	Q84F26	train
Q84FL5	Q84FL5	train
Q84FR6	Q84FR6	train
Q84FR7	Q84FR7	train
Q84G06	Q84G06	train
Q84GK1	Q84GK1	test
Q84H88	Q84H88	test
Q84HF5	Q84HF5	train
Q84HH6	Q84HH6	test
Q84HI6	Q84HI6	train
Q84HQ2	Q84HQ2	train
Q84IF9	Q84IF9	train
Q84JH5	Q84JH5	test
Q84KI1	Q84KI1	train
Q84KL3	Q84KL3	test
Q84KL6	Q84KL6	test
Q84LB2	Q84LB2	train
Q84LM4	Q84LM4	train
Q84MD8	Q84MD8	test
Q84NG3	Q84NG3	test
Q84P21	Q84P21	train
Q84P52	Q84P52	train
Q84P53	Q84P53	train
Q84P54	Q84P54	test
Q84PP7	Q84PP7	train
Q84QK0	Q84QK0	test
Q84UH4	Q84UH4	train
Q84UV8	Q84UV8	train
Q84V83	Q84V83	train
Q84VV0	Q84VV0	train
Q84VZ1	Q84VZ1	train
Q84X95	Q84X95	train
Q84X96	Q84X96	validation
Q84XQ5	Q84XQ5	train
Q84ZW8	Q84ZW8	train
Q868H8	Q868H8	test
Q868I5	Q868I5	validation
Q869N2	Q869N2	train
Q86AD9	Q86AD9	train
Q86D27	Q86D27	train
Q86D28	Q86D28	train
Q86D78	Q86D78	validation
Q86EI1	Q86EI1	train
Q86LB8	Q86LB8	test
Q86M43	Q86M43	train
Q86MW7	Q86MW7	test
Q86N96	Q86N96	test
Q86PD7	Q86PD7	train
Q86PM2	Q86PM2	train
Q86RB1	Q86RB1	train
Q86SG7	Q86SG7	test
Q86TN4	Q86TN4	train
Q86UY6	Q86UY6	train
Q86VF5	Q86VF5	train
Q86VZ5	Q86VZ5	train
Q86W56	Q86W56	test
Q86WU2	Q86WU2	train
Q86X52	Q86X52	test
Q86X55	Q86X55	test
Q86XF0	Q86XF0	train
Q86Y38	Q86Y38	train
Q86ZV0	Q86ZV0	test
Q872L3	Q872L3	test
Q872L4	Q872L4	train
Q875I9	Q875I9	test
Q875K3	Q875K3	train
Q877G8	Q877G8	test
Q877I0	Q877I0	test
Q877I3	Q877I3	train
Q877I4	Q877I4	train
Q877I5	Q877I5	train
Q87EL2	Q87EL2	train
Q87W57	Q87W57	test
Q880Z0	Q880Z0	train
Q883P5	Q883P5	validation
Q888H1	Q888H1	train
Q88AH6	Q88AH6	train
Q88B12	Q88B12	train
Q88B90	Q88B90	train
Q88BB5	Q88BB5	train
Q88BN6	Q88BN6	train
Q88EK5	Q88EK5	validation
Q88EK6	Q88EK6	train
Q88FY2	Q88FY2	train
Q88GF6	Q88GF6	train
Q88IJ7	Q88IJ7	train
Q88JP1	Q88JP1	train
Q88JR7	Q88JR7	train
Q88K54	Q88K54	test
Q88K85	Q88K85	train
Q88L87	Q88L87	train
Q88L96	Q88L96	train
Q88LN6	Q88LN6	train
Q88M11	Q88M11	test
Q88NN6	Q88NN6	train
Q88P48	Q88P48	validation
Q88P52	Q88P52	train
Q88PD0	Q88PD0	train
Q88Q83	Q88Q83	train
Q88QT2	Q88QT2	train
Q88QV1	Q88QV1	train
Q88RQ5	Q88RQ5	validation
Q88S87	Q88S87	train
Q88U67	Q88U67	test
Q88Z02	Q88Z02	train
Q890D8	Q890D8	train
Q89CN5	Q89CN5	train
Q89E94	Q89E94	train
Q89E96	Q89E96	train
Q89E97	Q89E97	train
Q89GR3	Q89GR3	train
Q89VT8	Q89VT8	validation
Q89ZI2	Q89ZI2	test
Q8A2I1	Q8A2I1	train
Q8A5V9	Q8A5V9	train
Q8A711	Q8A711	train
Q8A8X4	Q8A8X4	train
Q8A8Y4	Q8A8Y4	test
Q8A916	Q8A916	test
Q8AAK9	Q8AAK9	train
Q8AAW1	Q8AAW1	train
Q8AYR3	Q8AYR3	train
Q8BGL3	Q8BGL3	train
Q8BGW1	Q8BGW1	train
Q8BH82	Q8BH82	validation
Q8BH86	Q8BH86	train
Q8BI55	Q8BI55	train
Q8BJQ9	Q8BJQ9	train
Q8BLF1	Q8BLF1	train
Q8BM11	Q8BM11	train
Q8BTW3	Q8BTW3	test
Q8BYI6	Q8BYI6	validation
Q8C0N2	Q8C0N2	train
Q8C172	Q8C172	train
Q8C1F4	Q8C1F4	train
Q8C2W3	Q8C2W3	train
Q8C9A2	Q8C9A2	train
Q8CH92	Q8CH92	test
Q8CH93	Q8CH93	train
Q8CHK3	Q8CHK3	validation
Q8CHM7	Q8CHM7	train
Q8CI15	Q8CI15	train
Q8CJQ1	Q8CJQ1	train
Q8CT69	Q8CT69	test
Q8CWX6	Q8CWX6	train
Q8DK72	Q8DK72	train
Q8DKZ3	Q8DKZ3	train
Q8DL82	Q8DL82	test
Q8DMA8	Q8DMA8	train
Q8DNE6	Q8DNE6	train
Q8DPI4	Q8DPI4	train
Q8DR17	Q8DR17	test
Q8DRB3	Q8DRB3	train
Q8DT52	Q8DT52	train
Q8DT64	Q8DT64	train
Q8DUW0	Q8DUW0	train
Q8DVH2	Q8DVH2	test
Q8DVS2	Q8DVS2	train
Q8DXM9	Q8DXM9	test
Q8E378	Q8E378	test
Q8E927	Q8E927	train
Q8E990	Q8E990	train
Q8EBE0	Q8EBE0	train
Q8EEB0	Q8EEB0	validation
Q8EEB1	Q8EEB1	train
Q8EJM6	Q8EJM6	test
Q8EJW3	Q8EJW3	train
Q8EMP4	Q8EMP4	train
Q8EQR8	Q8EQR8	test
Q8ESQ6	Q8ESQ6	train
Q8EY89	Q8EY89	train
Q8EZA6	Q8EZA6	train
Q8FL89	Q8FL89	train
Q8FZW3	Q8FZW3	train
Q8G545	Q8G545	train
Q8G8Y2	Q8G8Y2	train
Q8GAX0	Q8GAX0	test
Q8GB62	Q8GB62	train
Q8GBB2	Q8GBB2	train
Q8GCH2	Q8GCH2	train
Q8GED9	Q8GED9	test
Q8GGG1	Q8GGG1	train
Q8GGL2	Q8GGL2	train
Q8GH59	Q8GH59	train
Q8GHB2	Q8GHB2	train
Q8GI14	Q8GI14	train
Q8GI16	Q8GI16	train
Q8GJ27	Q8GJ27	validation
Q8GJ90	Q8GJ90	train
Q8GJG6	Q8GJG6	train
Q8GJG7	Q8GJG7	test
Q8GME2	Q8GME2	train
Q8GMY0	Q8GMY0	test
Q8GN86	Q8GN86	train
Q8GNT2	Q8GNT2	train
Q8GP32	Q8GP32	train
Q8GQE7	Q8GQE7	train
Q8GQP8	Q8GQP8	test
Q8GR22	Q8GR22	test
Q8GR45	Q8GR45	train
Q8GR64	Q8GR64	test
Q8GR90	Q8GR90	train
Q8GRC8	Q8GRC8	train
Q8GS16	Q8GS16	test
Q8GSN1	Q8GSN1	train
Q8GSN8	Q8GSN8	train
Q8GT20	Q8GT20	train
Q8GT21	Q8GT21	validation
Q8GTJ0	Q8GTJ0	train
Q8GTJ2	Q8GTJ2	test
Q8GTM2	Q8GTM2	test
Q8GTM3	Q8GTM3	train
Q8GTM4	Q8GTM4	train
Q8GTQ6	Q8GTQ6	train
Q8GU20	Q8GU20	train
Q8GUE4	Q8GUE4	train
Q8GV51	Q8GV51	train
Q8GW43	Q8GW43	train
Q8GWB7	Q8GWB7	train
Q8GWW7	Q8GWW7	test
Q8GXV5	Q8GXV5	test
Q8GXX0	Q8GXX0	train
Q8GYW7	Q8GYW7	train
Q8GYW8	Q8GYW8	train
Q8GZD5	Q8GZD5	train
Q8GZD8	Q8GZD8	train
Q8H0D2	Q8H0D2	train
Q8H0D3	Q8H0D3	test
Q8H0F2	Q8H0F2	validation
Q8H0W1	Q8H0W1	train
Q8H133	Q8H133	train
Q8H191	Q8H191	train
Q8H1A3	Q8H1A3	test
Q8H1D8	Q8H1D8	train
Q8H1T7	Q8H1T7	train
Q8H2B4	Q8H2B4	train
Q8H2B5	Q8H2B5	validation
Q8H6E0	Q8H6E0	train
Q8H6N2	Q8H6N2	validation
Q8H979	Q8H979	train
Q8I273	Q8I273	train
Q8I2B1	Q8I2B1	train
Q8I2J3	Q8I2J3	train
Q8I360	Q8I360	train
Q8I6Z5	Q8I6Z5	train
Q8I7A1	Q8I7A1	validation
Q8I8Y0	Q8I8Y0	train
Q8IAR5	Q8IAR5	train
Q8IBI4	Q8IBI4	train
Q8IDM2	Q8IDM2	test
Q8IE38	Q8IE38	test
Q8IE47	Q8IE47	train
Q8IEG9	Q8IEG9	test
Q8IEX1	Q8IEX1	train
Q8IFU8	Q8IFU8	train
Q8IHW5	Q8IHW5	train
Q8II79	Q8II79	train
Q8IIB7	Q8IIB7	train
Q8IJ32	Q8IJ32	train
Q8IJS1	Q8IJS1	train
Q8IKP7	Q8IKP7	validation
Q8IL11	Q8IL11	train
Q8ILF7	Q8ILF7	train
Q8ILT0	Q8ILT0	test
Q8ILW6	Q8ILW6	train
Q8IM75	Q8IM75	train
Q8IQV0	Q8IQV0	train
Q8ISJ5	Q8ISJ5	validation
Q8IT75	Q8IT75	train
Q8ITU3	Q8ITU3	test
Q8IU60	Q8IU60	train
Q8IU80	Q8IU80	train
Q8IU85	Q8IU85	train
Q8IU89	Q8IU89	train
Q8IUN0	Q8IUN0	train
Q8IUX4	Q8IUX4	train
Q8IWU9	Q8IWU9	train
Q8IXJ6	Q8IXJ6	train
Q8IXK2	Q8IXK2	train
Q8IZ52	Q8IZ52	test
Q8J0D2	Q8J0D2	train
Q8J0G1	Q8J0G1	validation
Q8J0K6	Q8J0K6	validation
Q8J0K7	Q8J0K7	train
Q8J0K8	Q8J0K8	train
Q8J0N2	Q8J0N2	train
Q8J0Q0	Q8J0Q0	test
Q8J0S3	Q8J0S3	train
Q8J1V6	Q8J1V6	train
Q8J219	Q8J219	test
Q8J259	Q8J259	test
Q8J2N2	Q8J2N2	train
Q8J2Z4	Q8J2Z4	train
Q8J2Z5	Q8J2Z5	train
Q8JIP7	Q8JIP7	train
Q8JZL3	Q8JZL3	train
Q8K0L2	Q8K0L2	train
Q8K2C8	Q8K2C8	train
Q8K3R0	Q8K3R0	train
Q8K409	Q8K409	train
Q8K469	Q8K469	train
Q8K4D7	Q8K4D7	train
Q8K4H1	Q8K4H1	train
Q8K4Q7	Q8K4Q7	train
Q8K4X7	Q8K4X7	train
Q8K4Y7	Q8K4Y7	train
Q8K4Z3	Q8K4Z3	train
Q8KAB0	Q8KAB0	train
Q8KBL0	Q8KBL0	train
Q8KBP5	Q8KBP5	train
Q8KBS0	Q8KBS0	train
Q8KDI7	Q8KDI7	validation
Q8KDN1	Q8KDN1	train
Q8KG69	Q8KG69	train
Q8KHZ8	Q8KHZ8	train
Q8KKF9	Q8KKF9	test
Q8KLK7	Q8KLK7	test
Q8KLV4	Q8KLV4	test
Q8KN04	Q8KN04	train
Q8KN11	Q8KN11	test
Q8KN40	Q8KN40	train
Q8KQ56	Q8KQ56	train
Q8KQK1	Q8KQK1	train
Q8KRD4	Q8KRD4	train
Q8KRK5	Q8KRK5	validation
Q8KSC8	Q8KSC8	train
Q8KT44	Q8KT44	train
Q8KT80	Q8KT80	train
Q8KTW4	Q8KTW4	test
Q8KTW5	Q8KTW5	train
Q8KTW6	Q8KTW6	test
Q8KTW7	Q8KTW7	train
Q8KTW8	Q8KTW8	train
Q8KTW9	Q8KTW9	train
Q8KTX0	Q8KTX0	train
Q8KTX1	Q8KTX1	train
Q8KTX7	Q8KTX7	validation
Q8KWI9	Q8KWI9	test
Q8KXD2	Q8KXD2	test
Q8KY51	Q8KY51	test
Q8KZ94	Q8KZ94	validation
Q8KZM4	Q8KZM4	train
Q8KZM5	Q8KZM5	train
Q8KZT4	Q8KZT4	train
Q8KZT5	Q8KZT5	train
Q8L0V2	Q8L0V2	train
Q8L0V4	Q8L0V4	train
Q8L0X1	Q8L0X1	test
Q8L0X3	Q8L0X3	train
Q8L1Z5	Q8L1Z5	train
Q8L208	Q8L208	train
Q8L2Z7	Q8L2Z7	train
Q8L3C7	Q8L3C7	train
Q8L3C9	Q8L3C9	train
Q8L493	Q8L493	test
Q8L518	Q8L518	train
Q8L539	Q8L539	train
Q8L5A7	Q8L5A7	train
Q8L5K1	Q8L5K1	train
Q8L5K3	Q8L5K3	train
Q8L5L2	Q8L5L2	train
Q8L6H4	Q8L6H4	test
Q8L707	Q8L707	train
Q8L7J2	Q8L7J2	test
Q8L7K9	Q8L7K9	test
Q8L7R2	Q8L7R2	train
Q8L7S6	Q8L7S6	train
Q8L831	Q8L831	train
Q8L8A9	Q8L8A9	validation
Q8LB01	Q8LB01	train
Q8LDN8	Q8LDN8	train
Q8LG50	Q8LG50	test
Q8LIL0	Q8LIL0	test
Q8LJ81	Q8LJ81	train
Q8LK04	Q8LK04	train
Q8LLW7	Q8LLW7	train
Q8LNZ3	Q8LNZ3	test
Q8LP20	Q8LP20	train
Q8LPL7	Q8LPL7	test
Q8LSC2	Q8LSC2	train
Q8LSC3	Q8LSC3	train
Q8MIR4	Q8MIR4	train
Q8MJ30	Q8MJ30	validation
Q8MPF2	Q8MPF2	train
Q8MVS0	Q8MVS0	train
Q8MWS0	Q8MWS0	train
Q8MZR8	Q8MZR8	train
Q8MZS4	Q8MZS4	train
Q8N159	Q8N159	train
Q8N5B7	Q8N5B7	validation
Q8N6G5	Q8N6G5	train
Q8N6T7	Q8N6T7	test
Q8N884	Q8N884	train
Q8N8M0	Q8N8M0	train
Q8N8Q3	Q8N8Q3	train
Q8N9F0	Q8N9F0	train
Q8NA58	Q8NA58	train
Q8NBP7	Q8NBP7	train
Q8NCG7	Q8NCG7	train
Q8NCH0	Q8NCH0	train
Q8NCW5	Q8NCW5	train
Q8NDV1	Q8NDV1	train
Q8NE62	Q8NE62	train
Q8NEB5	Q8NEB5	train
Q8NET6	Q8NET6	train
Q8NF37	Q8NF37	test
Q8NFF5	Q8NFF5	train
Q8NFP7	Q8NFP7	test
Q8NFU5	Q8NFU5	train
Q8NHS2	Q8NHS2	train
Q8NHU3	Q8NHU3	train
Q8NIN8	Q8NIN8	train
Q8NJJ9	Q8NJJ9	test
Q8NK02	Q8NK02	train
Q8NK64	Q8NK64	train
Q8NK65	Q8NK65	train
Q8NKN9	Q8NKN9	train
Q8NKR9	Q8NKR9	train
Q8NKS0	Q8NKS0	train
Q8NKS6	Q8NKS6	test
Q8NLB6	Q8NLB6	test
Q8NLN1	Q8NLN1	train
Q8NM29	Q8NM29	train
Q8NMA4	Q8NMA4	train
Q8NMB0	Q8NMB0	train
Q8NMD2	Q8NMD2	test
Q8NMD5	Q8NMD5	test
Q8NP73	Q8NP73	train
Q8NQE1	Q8NQE1	train
Q8NRE6	Q8NRE6	test
Q8NRQ7	Q8NRQ7	train
Q8NRR8	Q8NRR8	test
Q8NRT7	Q8NRT7	validation
Q8NS79	Q8NS79	train
Q8NS80	Q8NS80	test
Q8NT35	Q8NT35	test
Q8NT48	Q8NT48	test
Q8NT73	Q8NT73	test
Q8NT99	Q8NT99	validation
Q8NTE1	Q8NTE1	train
Q8NU97	Q8NU97	train
Q8NU98	Q8NU98	test
Q8NW68	Q8NW68	train
Q8P3J4	Q8P3J4	train
Q8P6Z9	Q8P6Z9	train
Q8P9S0	Q8P9S0	train
Q8PCR8	Q8PCR8	train
Q8PDA8	Q8PDA8	validation
Q8PI23	Q8PI23	train
Q8PPS5	Q8PPS5	test
Q8PUQ1	Q8PUQ1	train
Q8PVV3	Q8PVV3	test
Q8PWY1	Q8PWY1	train
Q8PY99	Q8PY99	train
Q8PYS1	Q8PYS1	train
Q8PYZ8	Q8PYZ8	train
Q8PZ67	Q8PZ67	train
Q8Q0G3	Q8Q0G3	validation
Q8Q2U5	Q8Q2U5	train
Q8Q2V9	Q8Q2V9	train
Q8QG87	Q8QG87	train
Q8R071	Q8R071	test
Q8R0V5	Q8R0V5	test
Q8R173	Q8R173	train
Q8R1G2	Q8R1G2	test
Q8R1K1	Q8R1K1	test
Q8R3B1	Q8R3B1	train
Q8R431	Q8R431	test
Q8R4X1	Q8R4X1	validation
Q8R5M5	Q8R5M5	validation
Q8R7L0	Q8R7L0	train
Q8R860	Q8R860	train
Q8R8N4	Q8R8N4	train
Q8RAK6	Q8RAK6	train
Q8RB32	Q8RB32	train
Q8RBF4	Q8RBF4	train
Q8RBI5	Q8RBI5	validation
Q8RDE9	Q8RDE9	train
Q8RDL1	Q8RDL1	train
Q8REE6	Q8REE6	validation
Q8RG11	Q8RG11	train
Q8RHM6	Q8RHM6	train
Q8RHX2	Q8RHX2	train
Q8RHX7	Q8RHX7	test
Q8RHX8	Q8RHX8	train
Q8RJN8	Q8RJN8	validation
Q8RJP2	Q8RJP2	train
Q8RJP5	Q8RJP5	train
Q8RJQ9	Q8RJQ9	validation
Q8RK01	Q8RK01	train
Q8RL87	Q8RL87	train
Q8RL88	Q8RL88	train
Q8RLT5	Q8RLT5	train
Q8RLY4	Q8RLY4	train
Q8RMD1	Q8RMD1	train
Q8RMG1	Q8RMG1	test
Q8RQD1	Q8RQD1	train
Q8RQQ0	Q8RQQ0	train
Q8RR74	Q8RR74	test
Q8RSQ2	Q8RSQ2	test
Q8RUF8	Q8RUF8	train
Q8RVP6	Q8RVP6	train
Q8RVW0	Q8RVW0	train
Q8RW99	Q8RW99	train
Q8RWH3	Q8RWH3	train
Q8RXG3	Q8RXG3	train
Q8RY79	Q8RY79	test
Q8S337	Q8S337	test
Q8S8S2	Q8S8S2	train
Q8S948	Q8S948	train
Q8SAG1	Q8SAG1	train
Q8SR45	Q8SR45	train
Q8SR66	Q8SR66	test
Q8ST54	Q8ST54	train
Q8T0W7	Q8T0W7	train
Q8T1C6	Q8T1C6	test
Q8T381	Q8T381	train
Q8T4F1	Q8T4F1	train
Q8T6B1	Q8T6B1	train
Q8T8D9	Q8T8D9	train
Q8TBZ6	Q8TBZ6	train
Q8TC12	Q8TC12	train
Q8TCT0	Q8TCT0	test
Q8TCT1	Q8TCT1	train
Q8TCT8	Q8TCT8	validation
Q8TDP1	Q8TDP1	train
Q8TDQ7	Q8TDQ7	train
Q8TDX6	Q8TDX6	train
Q8TEA1	Q8TEA1	train
Q8TFE5	Q8TFE5	train
Q8TFL9	Q8TFL9	train
Q8TFP1	Q8TFP1	train
Q8TGH6	Q8TGH6	test
Q8TGI8	Q8TGI8	train
Q8TGW8	Q8TGW8	test
Q8THU2	Q8THU2	test
Q8TLW1	Q8TLW1	train
Q8TNM0	Q8TNM0	train
Q8TP42	Q8TP42	train
Q8TPU4	Q8TPU4	train
Q8TQP8	Q8TQP8	train
Q8TSX5	Q8TSX5	validation
Q8TT02	Q8TT02	train
Q8TUC8	Q8TUC8	test
Q8TUE6	Q8TUE6	train
Q8TWU6	Q8TWU6	test
Q8TXY4	Q8TXY4	validation
Q8TZE8	Q8TZE8	train
Q8TZE9	Q8TZE9	train
Q8TZJ1	Q8TZJ1	train
Q8TZL6	Q8TZL6	test
Q8TZP8	Q8TZP8	validation
Q8TZW1	Q8TZW1	train
Q8TZW4	Q8TZW4	test
Q8U022	Q8U022	test
Q8U036	Q8U036	train
Q8U062	Q8U062	train
Q8U063	Q8U063	train
Q8U0A8	Q8U0A8	train
Q8U0A9	Q8U0A9	train
Q8U0N7	Q8U0N7	train
Q8U0Q0	Q8U0Q0	train
Q8U1G2	Q8U1G2	train
Q8U1H4	Q8U1H4	train
Q8U1H5	Q8U1H5	train
Q8U1K9	Q8U1K9	train
Q8U1M0	Q8U1M0	train
Q8U1P6	Q8U1P6	train
Q8U1Z6	Q8U1Z6	train
Q8U248	Q8U248	train
Q8U259	Q8U259	test
Q8U263	Q8U263	test
Q8U2A4	Q8U2A4	train
Q8U2E4	Q8U2E4	train
Q8U2E5	Q8U2E5	test
Q8U2I1	Q8U2I1	test
Q8U3I6	Q8U3I6	train
Q8U3K2	Q8U3K2	train
Q8U3L0	Q8U3L0	test
Q8U3U9	Q8U3U9	train
Q8U3Y2	Q8U3Y2	train
Q8U437	Q8U437	test
Q8U438	Q8U438	train
Q8U488	Q8U488	train
Q8U4G1	Q8U4G1	train
Q8U4M3	Q8U4M3	train
Q8U4Q3	Q8U4Q3	train
Q8U4Q8	Q8U4Q8	test
Q8UB77	Q8UB77	train
Q8V4Y4	Q8V4Y4	train
Q8VCC2	Q8VCC2	train
Q8VCT4	Q8VCT4	train
Q8VHK0	Q8VHK0	validation
Q8VI95	Q8VI95	train
Q8VI97	Q8VI97	train
Q8VIJ7	Q8VIJ7	train
Q8VP44	Q8VP44	train
Q8VPD4	Q8VPD4	train
Q8VPF2	Q8VPF2	test
Q8VPF3	Q8VPF3	validation
Q8VPT7	Q8VPT7	train
Q8VQF6	Q8VQF6	test
Q8VU79	Q8VU79	train
Q8VWE9	Q8VWE9	train
Q8VWJ1	Q8VWJ1	train
Q8VWN6	Q8VWN6	test
Q8VWZ1	Q8VWZ1	train
Q8VWZ6	Q8VWZ6	test
Q8VWZ7	Q8VWZ7	train
Q8VXV7	Q8VXV7	test
Q8VY09	Q8VY09	test
Q8VY26	Q8VY26	test
Q8VYG2	Q8VYG2	train
Q8W000	Q8W000	test
Q8W012	Q8W012	test
Q8W1B2	Q8W1B2	train
Q8W1W9	Q8W1W9	train
Q8W257	Q8W257	test
Q8W259	Q8W259	train
Q8W3J0	Q8W3J0	train
Q8W3P8	Q8W3P8	train
Q8W3Y5	Q8W3Y5	train
Q8W405	Q8W405	train
Q8W427	Q8W427	train
Q8W428	Q8W428	train
Q8W471	Q8W471	train
Q8W4T9	Q8W4T9	test
Q8W5G9	Q8W5G9	train
Q8WN98	Q8WN98	train
Q8WNR3	Q8WNR3	test
Q8WPJ2	Q8WPJ2	train
Q8WSQ3	Q8WSQ3	train
Q8WVE0	Q8WVE0	train
Q8WVN8	Q8WVN8	train
Q8WZD7	Q8WZD7	train
Q8WZK8	Q8WZK8	test
Q8X176	Q8X176	train
Q8X195	Q8X195	test
Q8X1C7	Q8X1C7	validation
Q8X1D1	Q8X1D1	train
Q8X211	Q8X211	train
Q8X268	Q8X268	validation
Q8X270	Q8X270	train
Q8X277	Q8X277	train
Q8X655	Q8X655	test
Q8X8S5	Q8X8S5	validation
Q8X999	Q8X999	train
Q8XB60	Q8XB60	train
Q8XMQ3	Q8XMQ3	test
Q8Y5E4	Q8Y5E4	test
Q8YG38	Q8YG38	train
Q8YK97	Q8YK97	test
Q8YLF9	Q8YLF9	train
Q8YNV6	Q8YNV6	train
Q8YPB4	Q8YPB4	train
Q8YQA9	Q8YQA9	train
Q8YWM0	Q8YWM0	test
Q8YWS9	Q8YWS9	train
Q8YX97	Q8YX97	train
Q8YXV3	Q8YXV3	train
Q8YY76	Q8YY76	test
Q8YYM9	Q8YYM9	train
Q8YZ70	Q8YZ70	train
Q8YZ99	Q8YZ99	test
Q8Z078	Q8Z078	train
Q8ZHG8	Q8ZHG8	train
Q8ZIE7	Q8ZIE7	test
Q8ZKE6	Q8ZKE6	train
Q8ZKQ6	Q8ZKQ6	train
Q8ZL58	Q8ZL58	test
Q8ZLM7	Q8ZLM7	train
Q8ZNC4	Q8ZNC4	test
Q8ZNF9	Q8ZNF9	test
Q8ZPI3	Q8ZPI3	train
Q8ZQM4	Q8ZQM4	train
Q8ZUN8	Q8ZUN8	validation
Q8ZVK6	Q8ZVK6	train
Q8ZXM4	Q8ZXM4	train
Q8ZXN7	Q8ZXN7	test
Q8ZXY6	Q8ZXY6	train
Q8ZY28	Q8ZY28	train
Q90495	Q90495	train
Q90W31	Q90W31	train
Q90W54	Q90W54	train
Q90WG6	Q90WG6	test
Q90WM0	Q90WM0	validation
Q90WM1	Q90WM1	train
Q90WX0	Q90WX0	train
Q90WX1	Q90WX1	train
Q90WX2	Q90WX2	train
Q91UZ5	Q91UZ5	train
Q91V01	Q91V01	train
Q91V26	Q91V26	validation
Q91VL8	Q91VL8	train
Q91WC9	Q91WC9	test
Q91WR5	Q91WR5	train
Q91X52	Q91X52	train
Q91XE4	Q91XE4	train
Q91XQ5	Q91XQ5	train
Q91XT9	Q91XT9	train
Q91XV4	Q91XV4	train
Q91Y74	Q91Y74	test
Q91ZP3	Q91ZP3	train
Q91ZW6	Q91ZW6	train
Q92058	Q92058	validation
Q920D2	Q920D2	train
Q920N9	Q920N9	train
Q920P0	Q920P0	test
Q92223	Q92223	train
Q922J9	Q922J9	train
Q92394	Q92394	train
Q92484	Q92484	train
Q924S2	Q924S2	validation
Q924X7	Q924X7	train
Q924Z4	Q924Z4	train
Q92685	Q92685	train
Q92769	Q92769	train
Q92819	Q92819	train
Q92830	Q92830	validation
Q92839	Q92839	train
Q92851	Q92851	train
Q92876	Q92876	train
Q92903	Q92903	train
Q92947	Q92947	train
Q92AS9	Q92AS9	train
Q92DF6	Q92DF6	train
Q92IC3	Q92IC3	train
Q92LF6	Q92LF6	train
Q92MJ1	Q92MJ1	train
Q92MM4	Q92MM4	train
Q92R47	Q92R47	test
Q92SA6	Q92SA6	train
Q92WA3	Q92WA3	train
Q92Y75	Q92Y75	train
Q93107	Q93107	train
Q932V0	Q932V0	train
Q937X0	Q937X0	train
Q938E9	Q938E9	train
Q93968	Q93968	test
Q939C9	Q939C9	validation
Q939X3	Q939X3	test
Q93AD3	Q93AD3	train
Q93AL8	Q93AL8	train
Q93AL9	Q93AL9	train
Q93CG9	Q93CG9	train
Q93EN4	Q93EN4	validation
Q93FU9	Q93FU9	validation
Q93GB6	Q93GB6	train
Q93HU3	Q93HU3	train
Q93HX6	Q93HX6	train
Q93I48	Q93I48	test
Q93I77	Q93I77	test
Q93J76	Q93J76	validation
Q93KD6	Q93KD6	test
Q93L51	Q93L51	validation
Q93LD7	Q93LD7	test
Q93LE9	Q93LE9	train
Q93M81	Q93M81	test
Q93MQ1	Q93MQ1	train
Q93NG1	Q93NG1	train
Q93PS9	Q93PS9	train
Q93QX0	Q93QX0	train
Q93RA0	Q93RA0	train
Q93RE1	Q93RE1	train
Q93RE3	Q93RE3	train
Q93RE7	Q93RE7	train
Q93RE8	Q93RE8	validation
Q93RU6	Q93RU6	train
Q93TJ5	Q93TJ5	test
Q93TU6	Q93TU6	train
Q93UQ5	Q93UQ5	train
Q93UV0	Q93UV0	validation
Q93V56	Q93V56	train
Q93V61	Q93V61	train
Q93WU2	Q93WU2	train
Q93WY5	Q93WY5	validation
Q93X45	Q93X45	train
Q93X46	Q93X46	train
Q93X59	Q93X59	train
Q93X60	Q93X60	train
Q93XJ2	Q93XJ2	train
Q93XK2	Q93XK2	test
Q93XP7	Q93XP7	train
Q93XR3	Q93XR3	validation
Q93Y47	Q93Y47	train
Q93Y52	Q93Y52	validation
Q93YB2	Q93YB2	train
Q93YI8	Q93YI8	train
Q93YN9	Q93YN9	train
Q93YU6	Q93YU6	train
Q93YW7	Q93YW7	train
Q93Z96	Q93Z96	train
Q93ZC9	Q93ZC9	train
Q93ZN9	Q93ZN9	train
Q93ZQ3	Q93ZQ3	test
Q940L0	Q940L0	train
Q940S3	Q940S3	train
Q941I0	Q941I0	test
Q941T9	Q941T9	train
Q94515	Q94515	train
Q94734	Q94734	train
Q947C4	Q947C4	train
Q948T5	Q948T5	test
Q948T6	Q948T6	train
Q949J1	Q949J1	test
Q949Y3	Q949Y3	train
Q94AX4	Q94AX4	validation
Q94C05	Q94C05	train
Q94C06	Q94C06	test
Q94CE5	Q94CE5	test
Q94F00	Q94F00	train
Q94FT4	Q94FT4	test
Q94G06	Q94G06	test
Q94ID3	Q94ID3	test
Q94ID7	Q94ID7	train
Q94IE8	Q94IE8	test
Q94IE9	Q94IE9	train
Q94JM2	Q94JM2	train
Q94JQ3	Q94JQ3	test
Q94JQ4	Q94JQ4	train
Q94JV5	Q94JV5	train
Q94KE3	Q94KE3	train
Q95030	Q95030	train
Q95158	Q95158	train
Q95AJ2	Q95AJ2	train
Q95JH4	Q95JH4	train
Q95JH5	Q95JH5	train
Q95JH6	Q95JH6	test
Q95JH7	Q95JH7	train
Q95M12	Q95M12	train
Q95N05	Q95N05	train
Q95PK8	Q95PK8	train
Q95PK9	Q95PK9	train
Q95PT6	Q95PT6	train
Q95R35	Q95R35	test
Q95V75	Q95V75	train
Q95V76	Q95V76	train
Q961W5	Q961W5	train
Q96286	Q96286	test
Q964D3	Q964D3	train
Q964H2	Q964H2	train
Q96551	Q96551	validation
Q96552	Q96552	train
Q96553	Q96553	train
Q969A2	Q969A2	train
Q969A8	Q969A8	train
Q969G6	Q969G6	test
Q969S2	Q969S2	train
Q969S8	Q969S8	train
Q969T4	Q969T4	train
Q969X2	Q969X2	test
Q969Z3	Q969Z3	test
Q96AB6	Q96AB6	train
Q96AK3	Q96AK3	train
Q96B02	Q96B02	train
Q96C11	Q96C11	validation
Q96C86	Q96C86	train
Q96DE0	Q96DE0	train
Q96DG6	Q96DG6	train
Q96DN0	Q96DN0	validation
Q96DP5	Q96DP5	test
Q96EK6	Q96EK6	train
Q96EY8	Q96EY8	train
Q96F10	Q96F10	train
Q96FC9	Q96FC9	test
Q96FI4	Q96FI4	test
Q96FX7	Q96FX7	train
Q96G23	Q96G23	test
Q96G61	Q96G61	train
Q96GA7	Q96GA7	test
Q96GD0	Q96GD0	validation
Q96GX9	Q96GX9	train
Q96H96	Q96H96	test
Q96HD9	Q96HD9	train
Q96I15	Q96I15	train
Q96IY4	Q96IY4	train
Q96KN2	Q96KN2	train
Q96KS0	Q96KS0	validation
Q96LR5	Q96LR5	train
Q96N66	Q96N66	test
Q96PB1	Q96PB1	train
Q96PD6	Q96PD6	train
Q96PD7	Q96PD7	train
Q96PE3	Q96PE3	train
Q96RR1	Q96RR1	train
Q96T60	Q96T60	train
Q96T66	Q96T66	train
Q96UI5	Q96UI5	test
Q96UT7	Q96UT7	train
Q96V00	Q96V00	train
Q96V44	Q96V44	train
Q96VF5	Q96VF5	train
Q96VH9	Q96VH9	test
Q96VK8	Q96VK8	train
Q96VK9	Q96VK9	train
Q96VP5	Q96VP5	train
Q96VT0	Q96VT0	train
Q96VT2	Q96VT2	train
Q96XE7	Q96XE7	test
Q96XN9	Q96XN9	train
Q96XP0	Q96XP0	train
Q96XT2	Q96XT2	train
Q96XT4	Q96XT4	train
Q96Y14	Q96Y14	train
Q96Y66	Q96Y66	train
Q96Y68	Q96Y68	train
Q96YK1	Q96YK1	train
Q96YN9	Q96YN9	train
Q96YR7	Q96YR7	train
Q96YZ3	Q96YZ3	train
Q96Z02	Q96Z02	train
Q96ZY1	Q96ZY1	train
Q96ZY7	Q96ZY7	train
Q970N3	Q970N3	train
Q970Z7	Q970Z7	train
Q971K2	Q971K2	train
Q972D2	Q972D2	train
Q973G3	Q973G3	train
Q973H2	Q973H2	test
Q973H4	Q973H4	validation
Q973H5	Q973H5	train
Q973W5	Q973W5	train
Q973W9	Q973W9	train
Q974L0	Q974L0	test
Q975C8	Q975C8	train
Q975F9	Q975F9	train
Q976G4	Q976G4	train
Q976X5	Q976X5	train
Q977U6	Q977U6	train
Q977W3	Q977W3	train
Q977X9	Q977X9	train
Q979W2	Q979W2	train
Q97D83	Q97D83	test
Q97DP6	Q97DP6	train
Q97JE0	Q97JE0	train
Q97JE4	Q97JE4	train
Q97L63	Q97L63	test
Q97LM4	Q97LM4	train
Q97LU2	Q97LU2	train
Q97U21	Q97U21	train
Q97U27	Q97U27	train
Q97U29	Q97U29	test
Q97U30	Q97U30	train
Q97U35	Q97U35	train
Q97U94	Q97U94	validation
Q97U96	Q97U96	train
Q97UA0	Q97UA0	test
Q97UH8	Q97UH8	test
Q97UI1	Q97UI1	test
Q97UI4	Q97UI4	train
Q97UN3	Q97UN3	train
Q97UY8	Q97UY8	validation
Q97V23	Q97V23	test
Q97V26	Q97V26	test
Q97VD6	Q97VD6	train
Q97VL0	Q97VL0	train
Q97VM5	Q97VM5	train
Q97VM8	Q97VM8	train
Q97VS7	Q97VS7	train
Q97VT7	Q97VT7	train
Q97VW1	Q97VW1	validation
Q97VW7	Q97VW7	train
Q97W02	Q97W02	train
Q97W08	Q97W08	train
Q97W27	Q97W27	train
Q97W92	Q97W92	train
Q97W94	Q97W94	test
Q97WB7	Q97WB7	train
Q97WG4	Q97WG4	train
Q97WI2	Q97WI2	test
Q97WP9	Q97WP9	train
Q97WS1	Q97WS1	train
Q97XA5	Q97XA5	train
Q97XP4	Q97XP4	train
Q97XQ7	Q97XQ7	train
Q97XS9	Q97XS9	train
Q97YC2	Q97YC2	train
Q97YG7	Q97YG7	train
Q97YI7	Q97YI7	train
Q97YI8	Q97YI8	train
Q97YM2	Q97YM2	train
Q97YX6	Q97YX6	train
Q97YX7	Q97YX7	test
Q97Z21	Q97Z21	train
Q97Z86	Q97Z86	train
Q97ZD0	Q97ZD0	train
Q97ZE2	Q97ZE2	train
Q97ZF1	Q97ZF1	train
Q97ZL0	Q97ZL0	train
Q97ZS7	Q97ZS7	validation
Q980A5	Q980A5	test
Q980D0	Q980D0	train
Q980D1	Q980D1	train
Q980K6	Q980K6	train
Q980M3	Q980M3	train
Q980N1	Q980N1	train
Q980S1	Q980S1	train
Q980T5	Q980T5	train
Q988C8	Q988C8	train
Q988C9	Q988C9	test
Q988D3	Q988D3	test
Q988H5	Q988H5	train
Q989T9	Q989T9	train
Q99040	Q99040	train
Q99321	Q99321	train
Q99497	Q99497	test
Q99518	Q99518	validation
Q99661	Q99661	test
Q99832	Q99832	train
Q99873	Q99873	train
Q99943	Q99943	validation
Q99JR6	Q99JR6	test
Q99KK2	Q99KK2	train
Q99KQ4	Q99KQ4	train
Q99LH2	Q99LH2	train
Q99NF1	Q99NF1	train
Q99PX1	Q99PX1	train
Q99UN8	Q99UN8	train
Q99YP5	Q99YP5	train
Q9A1B7	Q9A1B7	train
Q9A1H8	Q9A1H8	train
Q9A1Y0	Q9A1Y0	train
Q9A5I5	Q9A5I5	test
Q9A613	Q9A613	test
Q9A919	Q9A919	train
Q9A9H3	Q9A9H3	train
Q9A9Z2	Q9A9Z2	validation
Q9ABE3	Q9ABE3	train
Q9ADE8	Q9ADE8	train
Q9ADJ2	Q9ADJ2	train
Q9AEP4	Q9AEP4	train
Q9AF09	Q9AF09	train
Q9AF21	Q9AF21	train
Q9AF93	Q9AF93	test
Q9AFC7	Q9AFC7	train
Q9AFG9	Q9AFG9	train
Q9AGA6	Q9AGA6	train
Q9AGJ6	Q9AGJ6	train
Q9AGP8	Q9AGP8	train
Q9AGZ4	Q9AGZ4	train
Q9AHJ8	Q9AHJ8	train
Q9AI65	Q9AI65	validation
Q9AIV2	Q9AIV2	test
Q9AIX6	Q9AIX6	train
Q9AIX7	Q9AIX7	test
Q9AJC6	Q9AJC6	test
Q9AJD6	Q9AJD6	train
Q9AJE3	Q9AJE3	train
Q9AJF8	Q9AJF8	train
Q9AJL9	Q9AJL9	train
Q9AJM0	Q9AJM0	train
Q9AJS0	Q9AJS0	train
Q9AJS8	Q9AJS8	train
Q9AKS9	Q9AKS9	train
Q9AL99	Q9AL99	test
Q9ALN8	Q9ALN8	train
Q9ALS9	Q9ALS9	train
Q9ALV2	Q9ALV2	test
Q9ALW1	Q9ALW1	test
Q9APM5	Q9APM5	train
Q9AQF3	Q9AQF3	train
Q9AQH6	Q9AQH6	train
Q9AQM4	Q9AQM4	train
Q9AQQ8	Q9AQQ8	test
Q9AQQ9	Q9AQQ9	test
Q9AQT8	Q9AQT8	train
Q9AR04	Q9AR04	validation
Q9AR07	Q9AR07	test
Q9AR41	Q9AR41	train
Q9AR67	Q9AR67	train
Q9AT27	Q9AT27	train
Q9ATK9	Q9ATK9	train
Q9ATW1	Q9ATW1	validation
Q9AV97	Q9AV97	train
Q9AV98	Q9AV98	train
Q9AVJ9	Q9AVJ9	test
Q9AVK0	Q9AVK0	train
Q9AVK9	Q9AVK9	train
Q9AVQ1	Q9AVQ1	train
Q9AW95	Q9AW95	train
Q9AXD8	Q9AXD8	test
Q9AXG8	Q9AXG8	train
Q9AXM6	Q9AXM6	train
Q9AXR9	Q9AXR9	validation
Q9AXU4	Q9AXU4	train
Q9BLD2	Q9BLD2	train
Q9BLZ2	Q9BLZ2	train
Q9BQB6	Q9BQB6	train
Q9BR01	Q9BR01	train
Q9BRA2	Q9BRA2	validation
Q9BRB3	Q9BRB3	train
Q9BRR6	Q9BRR6	train
Q9BU02	Q9BU02	train
Q9BUM1	Q9BUM1	train
Q9BV86	Q9BV86	train
Q9BVG9	Q9BVG9	train
Q9BVM4	Q9BVM4	train
Q9BW91	Q9BW91	train
Q9BXJ9	Q9BXJ9	train
Q9BXR0	Q9BXR0	validation
Q9BY32	Q9BY32	train
Q9BY41	Q9BY41	train
Q9BYC5	Q9BYC5	train
Q9BYG0	Q9BYG0	train
Q9BYT8	Q9BYT8	validation
Q9BYV7	Q9BYV7	test
Q9BZP6	Q9BZP6	train
Q9BZQ4	Q9BZQ4	test
Q9C0B1	Q9C0B1	train
Q9C0I1	Q9C0I1	train
Q9C0Y4	Q9C0Y4	train
Q9C1M9	Q9C1M9	train
Q9C1S7	Q9C1S7	train
Q9C1S9	Q9C1S9	validation
Q9C1V4	Q9C1V4	train
Q9C3Z9	Q9C3Z9	train
Q9C4M3	Q9C4M3	train
Q9C4M5	Q9C4M5	train
Q9C525	Q9C525	train
Q9C544	Q9C544	test
Q9C550	Q9C550	train
Q9C5I1	Q9C5I1	train
Q9C6D2	Q9C6D2	train
Q9C6Z2	Q9C6Z2	train
Q9C7W7	Q9C7W7	train
Q9C8W3	Q9C8W3	test
Q9C8Y9	Q9C8Y9	train
Q9C920	Q9C920	train
Q9C9C9	Q9C9C9	test
Q9C9D0	Q9C9D0	train
Q9C9W5	Q9C9W5	train
Q9CA40	Q9CA40	test
Q9CA67	Q9CA67	test
Q9CA75	Q9CA75	train
Q9CA90	Q9CA90	train
Q9CAF2	Q9CAF2	train
Q9CAK8	Q9CAK8	test
Q9CAN8	Q9CAN8	test
Q9CAY3	Q9CAY3	train
Q9CE95	Q9CE95	train
Q9CFI2	Q9CFI2	train
Q9CID5	Q9CID5	test
Q9CKB0	Q9CKB0	train
Q9CQF9	Q9CQF9	train
Q9CZR2	Q9CZR2	train
Q9D110	Q9D110	train
Q9D142	Q9D142	train
Q9D2R0	Q9D2R0	train
Q9D6J1	Q9D6J1	train
Q9D6K9	Q9D6K9	train
Q9DB60	Q9DB60	train
Q9DBK0	Q9DBK0	train
Q9DBL9	Q9DBL9	validation
Q9DCT1	Q9DCT1	train
Q9DCV3	Q9DCV3	train
Q9DDE3	Q9DDE3	train
Q9DDU5	Q9DDU5	train
Q9EPA7	Q9EPA7	train
Q9EQ76	Q9EQ76	train
Q9EQH7	Q9EQH7	train
Q9EQW8	Q9EQW8	train
Q9ER34	Q9ER34	validation
Q9ER35	Q9ER35	train
Q9ERM3	Q9ERM3	train
Q9ESW4	Q9ESW4	train
Q9EUT9	Q9EUT9	train
Q9EV86	Q9EV86	train
Q9EVQ9	Q9EVQ9	train
Q9EZV6	Q9EZV6	test
Q9F0L9	Q9F0L9	train
Q9F0Q6	Q9F0Q6	test
Q9F0Q9	Q9F0Q9	train
Q9F0R5	Q9F0R5	train
Q9F131	Q9F131	train
Q9F150	Q9F150	train
Q9F1X7	Q9F1X7	test
Q9F1Y5	Q9F1Y5	train
Q9F1Y6	Q9F1Y6	train
Q9F234	Q9F234	train
Q9F3K4	Q9F3K4	train
Q9F5K5	Q9F5K5	train
Q9F5K6	Q9F5K6	train
Q9F657	Q9F657	validation
Q9F8X1	Q9F8X1	train
Q9F918	Q9F918	train
Q9F9T3	Q9F9T3	train
Q9FA01	Q9FA01	train
Q9FA38	Q9FA38	test
Q9FAB1	Q9FAB1	train
Q9FDD4	Q9FDD4	train
Q9FDQ9	Q9FDQ9	test
Q9FEW9	Q9FEW9	train
Q9FEX0	Q9FEX0	test
Q9FFN7	Q9FFN7	train
Q9FFP6	Q9FFP6	validation
Q9FFT4	Q9FFT4	train
Q9FFW8	Q9FFW8	test
Q9FG41	Q9FG41	train
Q9FG67	Q9FG67	train
Q9FGY1	Q9FGY1	train
Q9FHA4	Q9FHA4	train
Q9FI31	Q9FI31	train
Q9FI53	Q9FI53	train
Q9FIY1	Q9FIY1	train
Q9FJB4	Q9FJB4	train
Q9FK25	Q9FK25	train
Q9FKB3	Q9FKB3	train
Q9FL33	Q9FL33	train
Q9FLC8	Q9FLC8	train
Q9FLG1	Q9FLG1	train
Q9FLT2	Q9FLT2	train
Q9FLW2	Q9FLW2	train
Q9FM97	Q9FM97	test
Q9FN30	Q9FN30	train
Q9FN52	Q9FN52	train
Q9FNA2	Q9FNA2	train
Q9FND9	Q9FND9	train
Q9FNN1	Q9FNN1	train
Q9FNS9	Q9FNS9	train
Q9FPF0	Q9FPF0	train
Q9FPM9	Q9FPM9	train
Q9FPN2	Q9FPN2	train
Q9FPN3	Q9FPN3	train
Q9FPN4	Q9FPN4	test
Q9FPN5	Q9FPN5	train
Q9FPW3	Q9FPW3	test
Q9FQ07	Q9FQ07	train
Q9FQE8	Q9FQE8	train
Q9FR51	Q9FR51	train
Q9FRT2	Q9FRT2	train
Q9FRV1	Q9FRV1	train
Q9FS35	Q9FS35	test
Q9FSD6	Q9FSD6	train
Q9FUK4	Q9FUK4	train
Q9FUW5	Q9FUW5	train
Q9FUZ2	Q9FUZ2	train
Q9FWK4	Q9FWK4	validation
Q9FWQ2	Q9FWQ2	train
Q9FWR4	Q9FWR4	train
Q9FX32	Q9FX32	train
Q9FXT4	Q9FXT4	validation
Q9FXY7	Q9FXY7	validation
Q9FY03	Q9FY03	validation
Q9FYC2	Q9FYC2	test
Q9FYS3	Q9FYS3	train
Q9FZ05	Q9FZ05	train
Q9FZ62	Q9FZ62	train
Q9FZ80	Q9FZ80	train
Q9FZN8	Q9FZN8	train
Q9GK11	Q9GK11	train
Q9GN60	Q9GN60	test
Q9GPP8	Q9GPP8	train
Q9GQ37	Q9GQ37	train
Q9GT49	Q9GT49	train
Q9GV16	Q9GV16	train
Q9GV45	Q9GV45	train
Q9GV46	Q9GV46	train
Q9GZT4	Q9GZT4	train
Q9GZT9	Q9GZT9	train
Q9GZX7	Q9GZX7	train
Q9GZZ1	Q9GZZ1	validation
Q9H1B5	Q9H1B5	train
Q9H2R5	Q9H2R5	train
Q9H3R1	Q9H3R1	train
Q9H3S4	Q9H3S4	train
Q9H479	Q9H479	train
Q9H4B4	Q9H4B4	train
Q9H4Y5	Q9H4Y5	train
Q9H553	Q9H553	test
Q9H5J4	Q9H5J4	train
Q9H6B9	Q9H6B9	test
Q9H6Z9	Q9H6Z9	train
Q9H832	Q9H832	test
Q9H8E8	Q9H8E8	train
Q9H8P0	Q9H8P0	train
Q9H974	Q9H974	test
Q9H999	Q9H999	test
Q9H9P8	Q9H9P8	train
Q9HA47	Q9HA47	train
Q9HA64	Q9HA64	train
Q9HA82	Q9HA82	test
Q9HAN9	Q9HAN9	train
Q9HAT2	Q9HAT2	train
Q9HAW9	Q9HAW9	train
Q9HAY6	Q9HAY6	train
Q9HBH1	Q9HBH1	train
Q9HBK9	Q9HBK9	train
Q9HC16	Q9HC16	train
Q9HC62	Q9HC62	train
Q9HCS2	Q9HCS2	train
Q9HEM6	Q9HEM6	test
Q9HFH0	Q9HFH0	train
Q9HFQ1	Q9HFQ1	train
Q9HFW5	Q9HFW5	train
Q9HG00	Q9HG00	train
Q9HGQ2	Q9HGQ2	train
Q9HGR3	Q9HGR3	train
Q9HH07	Q9HH07	train
Q9HH09	Q9HH09	test
Q9HH76	Q9HH76	train
Q9HHB0	Q9HHB0	train
Q9HHC4	Q9HHC4	train
Q9HIA3	Q9HIA3	train
Q9HIA4	Q9HIA4	validation
Q9HIA7	Q9HIA7	train
Q9HIC2	Q9HIC2	train
Q9HIL6	Q9HIL6	validation
Q9HIM3	Q9HIM3	test
Q9HIN1	Q9HIN1	test
Q9HIW6	Q9HIW6	train
Q9HJF2	Q9HJF2	train
Q9HJN6	Q9HJN6	train
Q9HJW5	Q9HJW5	train
Q9HK10	Q9HK10	train
Q9HK44	Q9HK44	train
Q9HKS9	Q9HKS9	train
Q9HKW6	Q9HKW6	train
Q9HKZ0	Q9HKZ0	test
Q9HLD0	Q9HLD0	train
Q9HLQ2	Q9HLQ2	train
Q9HLV8	Q9HLV8	train
Q9HLX1	Q9HLX1	train
Q9HM14	Q9HM14	train
Q9HQQ9	Q9HQQ9	train
Q9HTD7	Q9HTD7	test
Q9HTE3	Q9HTE3	test
Q9HTJ1	Q9HTJ1	train
Q9HTQ0	Q9HTQ0	test
Q9HTR2	Q9HTR2	train
Q9HTV5	Q9HTV5	train
Q9HTZ1	Q9HTZ1	train
Q9HU72	Q9HU72	train
Q9HUA0	Q9HUA0	train
Q9HUG8	Q9HUG8	test
Q9HUU7	Q9HUU7	test
Q9HV27	Q9HV27	train
Q9HVF1	Q9HVF1	train
Q9HWH9	Q9HWH9	train
Q9HWM8	Q9HWM8	train
Q9HWR4	Q9HWR4	train
Q9HWS0	Q9HWS0	train
Q9HX12	Q9HX12	test
Q9HX42	Q9HX42	train
Q9HX69	Q9HX69	train
Q9HXE9	Q9HXE9	test
Q9HXT9	Q9HXT9	train
Q9HY13	Q9HY13	train
Q9HYA4	Q9HYA4	test
Q9HZK1	Q9HZK1	train
Q9HZQ8	Q9HZQ8	train
Q9I0K4	Q9I0K4	test
Q9I0Q0	Q9I0Q0	train
Q9I1X3	Q9I1X3	train
Q9I234	Q9I234	train
Q9I297	Q9I297	train
Q9I299	Q9I299	train
Q9I387	Q9I387	train
Q9I3T5	Q9I3T5	test
Q9I434	Q9I434	train
Q9I4G8	Q9I4G8	train
Q9I4V0	Q9I4V0	train
Q9I4W3	Q9I4W3	train
Q9I4X3	Q9I4X3	train
Q9I530	Q9I530	train
Q9I594	Q9I594	train
Q9I596	Q9I596	train
Q9I5C5	Q9I5C5	validation
Q9I5I6	Q9I5I6	test
Q9I676	Q9I676	train
Q9I685	Q9I685	train
Q9I6D1	Q9I6D1	train
Q9I6H0	Q9I6H0	test
Q9I6J9	Q9I6J9	train
Q9I6K2	Q9I6K2	validation
Q9I767	Q9I767	validation
Q9I8C5	Q9I8C5	train
Q9I966	Q9I966	train
Q9I993	Q9I993	train
Q9J0W2	Q9J0W2	train
Q9JHE3	Q9JHE3	test
Q9JHG1	Q9JHG1	train
Q9JHW9	Q9JHW9	train
Q9JHX6	Q9JHX6	train
Q9JIA7	Q9JIA7	test
Q9JII1	Q9JII1	train
Q9JJH5	Q9JJH5	train
Q9JJS6	Q9JJS6	train
Q9JJY3	Q9JJY3	validation
Q9JKC1	Q9JKC1	train
Q9JLI3	Q9JLI3	train
Q9JLI6	Q9JLI6	train
Q9JLV6	Q9JLV6	train
Q9JME2	Q9JME2	test
Q9JP48	Q9JP48	test
Q9JZ55	Q9JZ55	train
Q9JZG1	Q9JZG1	test
Q9K169	Q9K169	train
Q9K1F1	Q9K1F1	train
Q9K2N0	Q9K2N0	test
Q9K2V8	Q9K2V8	train
Q9K3S8	Q9K3S8	train
Q9K498	Q9K498	train
Q9K499	Q9K499	train
Q9K5E4	Q9K5E4	test
Q9K5F2	Q9K5F2	test
Q9K864	Q9K864	train
Q9KAN9	Q9KAN9	train
Q9KB30	Q9KB30	train
Q9KBQ2	Q9KBQ2	validation
Q9KI47	Q9KI47	train
Q9KIF2	Q9KIF2	test
Q9KJ20	Q9KJ20	train
Q9KJ21	Q9KJ21	train
Q9KJ22	Q9KJ22	validation
Q9KJG6	Q9KJG6	train
Q9KK62	Q9KK62	train
Q9KKF5	Q9KKF5	train
Q9KKP2	Q9KKP2	train
Q9KPJ7	Q9KPJ7	validation
Q9KPK8	Q9KPK8	train
Q9KQ52	Q9KQ52	train
Q9KQ59	Q9KQ59	train
Q9KQJ0	Q9KQJ0	train
Q9KUN0	Q9KUN0	validation
Q9KVI8	Q9KVI8	train
Q9KVL7	Q9KVL7	train
Q9KWY4	Q9KWY4	train
Q9KZL0	Q9KZL0	test
Q9KZL6	Q9KZL6	train
Q9KZP3	Q9KZP3	test
Q9L0M3	Q9L0M3	test
Q9L0M4	Q9L0M4	train
Q9L3J2	Q9L3J2	train
Q9L3Z9	Q9L3Z9	train
Q9L4G1	Q9L4G1	train
Q9L4P8	Q9L4P8	train
Q9L514	Q9L514	train
Q9L555	Q9L555	train
Q9L6D3	Q9L6D3	train
Q9L6V3	Q9L6V3	train
Q9L7P2	Q9L7P2	test
Q9L816	Q9L816	train
Q9L8L8	Q9L8L8	test
Q9L8R8	Q9L8R8	train
Q9L9F1	Q9L9F1	train
Q9L9F6	Q9L9F6	train
Q9L9Q2	Q9L9Q2	train
Q9LA16	Q9LA16	test
Q9LA72	Q9LA72	train
Q9LAG2	Q9LAG2	train
Q9LAG3	Q9LAG3	train
Q9LAH7	Q9LAH7	train
Q9LBK2	Q9LBK2	train
Q9LBX2	Q9LBX2	train
Q9LBX4	Q9LBX4	train
Q9LCB4	Q9LCB4	train
Q9LCC5	Q9LCC5	train
Q9LCC6	Q9LCC6	test
Q9LCQ7	Q9LCQ7	train
Q9LCT3	Q9LCT3	train
Q9LD80	Q9LD80	test
Q9LDD5	Q9LDD5	train
Q9LDF2	Q9LDF2	train
Q9LDH0	Q9LDH0	train
Q9LE33	Q9LE33	train
Q9LE86	Q9LE86	train
Q9LEA9	Q9LEA9	train
Q9LEH3	Q9LEH3	train
Q9LEL5	Q9LEL5	train
Q9LEL6	Q9LEL6	test
Q9LFA6	Q9LFA6	train
Q9LFG7	Q9LFG7	train
Q9LFU9	Q9LFU9	test
Q9LFW1	Q9LFW1	train
Q9LHN8	Q9LHN8	train
Q9LIA0	Q9LIA0	train
Q9LIH6	Q9LIH6	train
Q9LIK9	Q9LIK9	train
Q9LIR6	Q9LIR6	train
Q9LIS3	Q9LIS3	train
Q9LJB4	Q9LJB4	train
Q9LJH5	Q9LJH5	train
Q9LJK3	Q9LJK3	train
Q9LJP4	Q9LJP4	train
Q9LKJ1	Q9LKJ1	train
Q9LKJ3	Q9LKJ3	test
Q9LL59	Q9LL59	train
Q9LLR9	Q9LLR9	test
Q9LLY2	Q9LLY2	train
Q9LLY4	Q9LLY4	validation
Q9LMM0	Q9LMM0	train
Q9LPR4	Q9LPR4	train
Q9LR75	Q9LR75	train
Q9LRR9	Q9LRR9	train
Q9LSV0	Q9LSV0	train
Q9LTR9	Q9LTR9	test
Q9LTS3	Q9LTS3	test
Q9LUD9	Q9LUD9	train
Q9LUE1	Q9LUE1	train
Q9LV91	Q9LV91	train
Q9LVF0	Q9LVF0	train
Q9LVM4	Q9LVM4	train
Q9LVQ0	Q9LVQ0	train
Q9LVW3	Q9LVW3	train
Q9LVY1	Q9LVY1	test
Q9LXC9	Q9LXC9	train
Q9LXL5	Q9LXL5	test
Q9LY23	Q9LY23	train
Q9LY82	Q9LY82	test
Q9LYD8	Q9LYD8	test
Q9LYT1	Q9LYT1	test
Q9LZG0	Q9LZG0	train
Q9LZJ3	Q9LZJ3	test
Q9M039	Q9M039	test
Q9M040	Q9M040	train
Q9M066	Q9M066	train
Q9M0B6	Q9M0B6	test
Q9M0D7	Q9M0D7	train
Q9M1E2	Q9M1E2	validation
Q9M1G8	Q9M1G8	test
Q9M1W4	Q9M1W4	test
Q9M2W3	Q9M2W3	train
Q9M4V2	Q9M4V2	test
Q9M563	Q9M563	train
Q9M571	Q9M571	validation
Q9M631	Q9M631	validation
Q9M6R6	Q9M6R6	train
Q9M7B7	Q9M7B7	train
Q9M7B8	Q9M7B8	train
Q9M8S8	Q9M8S8	train
Q9M9H6	Q9M9H6	test
Q9M9V6	Q9M9V6	test
Q9MAH3	Q9MAH3	train
Q9MAJ7	Q9MAJ7	train
Q9MB73	Q9MB73	validation
Q9MTQ6	Q9MTQ6	test
Q9MV14	Q9MV14	train
Q9MZS9	Q9MZS9	validation
Q9N0A4	Q9N0A4	test
Q9N119	Q9N119	train
Q9N1p5	Q9N1p5	test
Q9NB30	Q9NB30	test
Q9NDH8	Q9NDH8	test
Q9NFN6	Q9NFN6	train
Q9NFY9	Q9NFY9	train
Q9NG18	Q9NG18	train
Q9NL96	Q9NL96	train
Q9NPC4	Q9NPC4	train
Q9NPD8	Q9NPD8	validation
Q9NPF2	Q9NPF2	test
Q9NPI5	Q9NPI5	train
Q9NQR4	Q9NQR4	test
Q9NQV7	Q9NQV7	train
Q9NR20	Q9NR20	test
Q9NR34	Q9NR34	train
Q9NR45	Q9NR45	train
Q9NRA0	Q9NRA0	train
Q9NRB3	Q9NRB3	train
Q9NRE1	Q9NRE1	test
Q9NRF8	Q9NRF8	validation
Q9NRN7	Q9NRN7	train
Q9NRW3	Q9NRW3	train
Q9NRX4	Q9NRX4	train
Q9NS00	Q9NS00	train
Q9NSD9	Q9NSD9	train
Q9NSU2	Q9NSU2	train
Q9NTG7	Q9NTG7	test
Q9NVH6	Q9NVH6	train
Q9NWM0	Q9NWM0	train
Q9NWW6	Q9NWW6	test
Q9NWX6	Q9NWX6	test
Q9NX46	Q9NX46	train
Q9NX74	Q9NX74	train
Q9NXA8	Q9NXA8	train
Q9NXE4	Q9NXE4	train
Q9NXJ5	Q9NXJ5	test
Q9NXS2	Q9NXS2	train
Q9NY33	Q9NY33	train
Q9NY59	Q9NY59	train
Q9NYA1	Q9NYA1	test
Q9NYY3	Q9NYY3	train
Q9P0G3	Q9P0G3	train
Q9P0U3	Q9P0U3	train
Q9P2T1	Q9P2T1	train
Q9P4W2	Q9P4W2	train
Q9P6I7	Q9P6I7	train
Q9P8D6	Q9P8D6	train
Q9P8H5	Q9P8H5	train
Q9P8P3	Q9P8P3	train
Q9P999	Q9P999	train
Q9P9H4	Q9P9H4	train
Q9P9K9	Q9P9K9	test
Q9P9M8	Q9P9M8	train
Q9PBQ1	Q9PBQ1	train
Q9PCF4	Q9PCF4	test
Q9PER7	Q9PER7	train
Q9PF60	Q9PF60	train
Q9PPX6	Q9PPX6	train
Q9PT41	Q9PT41	train
Q9PTN3	Q9PTN3	train
Q9PU23	Q9PU23	train
Q9PW89	Q9PW89	validation
Q9Q2W5	Q9Q2W5	train
Q9QT64	Q9QT64	train
Q9QUI0	Q9QUI0	test
Q9QWG5	Q9QWG5	train
Q9QXN4	Q9QXN4	train
Q9QXN5	Q9QXN5	test
Q9QY93	Q9QY93	train
Q9QYM2	Q9QYM2	train
Q9QYT7	Q9QYT7	test
Q9QZL2	Q9QZL2	train
Q9R014	Q9R014	train
Q9R0E0	Q9R0E0	train
Q9R0P9	Q9R0P9	train
Q9R0X4	Q9R0X4	test
Q9R1E6	Q9R1E6	train
Q9R4W3	Q9R4W3	train
Q9R6Y4	Q9R6Y4	train
Q9RA63	Q9RA63	train
Q9RB42	Q9RB42	train
Q9RBA5	Q9RBA5	train
Q9RBF2	Q9RBF2	train
Q9RBF6	Q9RBF6	train
Q9RBS3	Q9RBS3	test
Q9RBY1	Q9RBY1	validation
Q9RBY6	Q9RBY6	train
Q9RC94	Q9RC94	test
Q9REV4	Q9REV4	train
Q9RF52	Q9RF52	train
Q9RFN5	Q9RFN5	train
Q9RFR0	Q9RFR0	train
Q9RHV9	Q9RHV9	test
Q9RJ84	Q9RJ84	train
Q9RLB8	Q9RLB8	validation
Q9RLV9	Q9RLV9	train
Q9RM92	Q9RM92	train
Q9RME2	Q9RME2	test
Q9RMM4	Q9RMM4	test
Q9RN49	Q9RN49	test
Q9RN59	Q9RN59	train
Q9RP48	Q9RP48	train
Q9RRH3	Q9RRH3	test
Q9RTB7	Q9RTB7	train
Q9RUY4	Q9RUY4	train
Q9RVT9	Q9RVT9	train
Q9RWH9	Q9RWH9	train
Q9RWN5	Q9RWN5	train
Q9RXX6	Q9RXX6	train
Q9RZM4	Q9RZM4	train
Q9S1B4	Q9S1B4	train
Q9S1M6	Q9S1M6	test
Q9S3U8	Q9S3U8	validation
Q9S434	Q9S434	train
Q9S4V7	Q9S4V7	validation
Q9S5E2	Q9S5E2	train
Q9S5V6	Q9S5V6	test
Q9S5X0	Q9S5X0	train
Q9S762	Q9S762	test
Q9S787	Q9S787	train
Q9S795	Q9S795	validation
Q9S7E4	Q9S7E4	test
Q9S7H4	Q9S7H4	train
Q9S7H8	Q9S7H8	validation
Q9S7N2	Q9S7N2	train
Q9S7Z3	Q9S7Z3	validation
Q9SAK2	Q9SAK2	test
Q9SBA5	Q9SBA5	train
Q9SBJ1	Q9SBJ1	test
Q9SBQ9	Q9SBQ9	test
Q9SBZ0	Q9SBZ0	train
Q9SC14	Q9SC14	train
Q9SC16	Q9SC16	train
Q9SD85	Q9SD85	validation
Q9SDL7	Q9SDL7	train
Q9SDW9	Q9SDW9	test
Q9SDX0	Q9SDX0	train
Q9SDY2	Q9SDY2	train
Q9SE00	Q9SE00	test
Q9SE50	Q9SE50	train
Q9SEX2	Q9SEX2	train
Q9SF04	Q9SF04	train
Q9SFU3	Q9SFU3	train
Q9SGH6	Q9SGH6	train
Q9SI64	Q9SI64	train
Q9SIE1	Q9SIE1	train
Q9SIU0	Q9SIU0	validation
Q9SJQ0	Q9SJQ0	train
Q9SK82	Q9SK82	train
Q9SKX5	Q9SKX5	test
Q9SL43	Q9SL43	train
Q9SLA0	Q9SLA0	test
Q9SLD2	Q9SLD2	test
Q9SLN9	Q9SLN9	train
Q9SM43	Q9SM43	train
Q9SM44	Q9SM44	train
Q9SMT7	Q9SMT7	test
Q9SN58	Q9SN58	train
Q9SN86	Q9SN86	train
Q9SPM5	Q9SPM5	test
Q9SPP9	Q9SPP9	train
Q9SPV4	Q9SPV4	train
Q9SQG2	Q9SQG2	train
Q9SQT8	Q9SQT8	train
Q9SR15	Q9SR15	test
Q9SR37	Q9SR37	train
Q9SR43	Q9SR43	train
Q9SR86	Q9SR86	train
Q9SRQ2	Q9SRQ2	train
Q9SRT9	Q9SRT9	train
Q9SRZ6	Q9SRZ6	validation
Q9SS45	Q9SS45	validation
Q9SSX0	Q9SSX0	test
Q9ST97	Q9ST97	train
Q9STD7	Q9STD7	validation
Q9STD9	Q9STD9	train
Q9STI6	Q9STI6	train
Q9STS1	Q9STS1	train
Q9STX2	Q9STX2	train
Q9SU56	Q9SU56	train
Q9SU91	Q9SU91	train
Q9SUG3	Q9SUG3	train
Q9SUW4	Q9SUW4	train
Q9SV43	Q9SV43	train
Q9SVQ1	Q9SVQ1	train
Q9SWH5	Q9SWH5	train
Q9SXL5	Q9SXL5	train
Q9SYJ4	Q9SYJ4	test
Q9SYK0	Q9SYK0	test
Q9SZ92	Q9SZ92	test
Q9T051	Q9T051	test
Q9T053	Q9T053	train
Q9T0A7	Q9T0A7	train
Q9T0N8	Q9T0N8	train
Q9TQS6	Q9TQS6	validation
Q9TTF5	Q9TTF5	train
Q9TUI8	Q9TUI8	train
Q9TVN3	Q9TVN3	validation
Q9TW03	Q9TW03	train
Q9TW67	Q9TW67	train
Q9TZN8	Q9TZN8	train
Q9U493	Q9U493	train
Q9U4Y0	Q9U4Y0	validation
Q9U4Y0	Q9U4Y1	validation
Q9U6N3	Q9U6N3	train
Q9U8X2	Q9U8X2	train
Q9UBJ2	Q9UBJ2	train
Q9UBK8	Q9UBK8	test
Q9UBV7	Q9UBV7	train
Q9UBX1	Q9UBX1	train
Q9UBX7	Q9UBX7	validation
Q9UGB7	Q9UGB7	train
Q9UGI9	Q9UGI9	train
Q9UGM6	Q9UGM6	test
Q9UH17	Q9UH17	train
Q9UHI8	Q9UHI8	train
Q9UHK6	Q9UHK6	train
Q9UHL4	Q9UHL4	validation
Q9UI42	Q9UI42	train
Q9UJ68	Q9UJ68	train
Q9UJ83	Q9UJ83	train
Q9UJA2	Q9UJA2	train
Q9UJA5	Q9UJA5	train
Q9UJM8	Q9UJM8	train
Q9UKQ9	Q9UKQ9	train
Q9UKR0	Q9UKR0	train
Q9UKR3	Q9UKR3	test
Q9UL01	Q9UL01	train
Q9ULC6	Q9ULC6	train
Q9ULW8	Q9ULW8	test
Q9ULX7	Q9ULX7	train
Q9UM07	Q9UM07	train
Q9UNA0	Q9UNA0	train
Q9UNP4	Q9UNP4	train
Q9UQ49	Q9UQ49	test
Q9UQ84	Q9UQ84	train
Q9UQM7	Q9UQM7	train
Q9UR08	Q9UR08	train
Q9UR30	Q9UR30	train
Q9URQ3	Q9URQ3	train
Q9US55	Q9US55	train
Q9UTM7	Q9UTM7	train
Q9UTR6	Q9UTR6	train
Q9UUA2	Q9UUA2	train
Q9UUB1	Q9UUB1	train
Q9UUP5	Q9UUP5	validation
Q9UUT6	Q9UUT6	test
Q9UUY8	Q9UUY8	train
Q9UV63	Q9UV63	validation
Q9UV68	Q9UV68	train
Q9UVK7	Q9UVK7	train
Q9UVY4	Q9UVY4	train
Q9UWP2	Q9UWP2	train
Q9UWR6	Q9UWR6	train
Q9UWU1	Q9UWU1	train
Q9UWY6	Q9UWY6	train
Q9UWY8	Q9UWY8	train
Q9UXF5	Q9UXF5	train
Q9UXF6	Q9UXF6	train
Q9UXG1	Q9UXG1	train
Q9UXR8	Q9UXR8	test
Q9UY84	Q9UY84	train
Q9UZ14	Q9UZ14	train
Q9UZR7	Q9UZR7	test
Q9UZV2	Q9UZV2	train
Q9V011	Q9V011	train
Q9V076	Q9V076	train
Q9V0Q0	Q9V0Q0	train
Q9V1F9	Q9V1F9	test
Q9V1J7	Q9V1J7	train
Q9V2B5	Q9V2B5	train
Q9V2B6	Q9V2B6	train
Q9V2G1	Q9V2G1	train
Q9V2R8	Q9V2R8	train
Q9V5E1	Q9V5E1	train
Q9VA70	Q9VA70	validation
Q9VIP7	Q9VIP7	test
Q9VKY8	Q9VKY8	train
Q9VL76	Q9VL76	train
Q9VMC9	Q9VMC9	train
Q9VRQ9	Q9VRQ9	train
Q9VSL4	Q9VSL4	train
Q9VSL5	Q9VSL5	test
Q9VSM6	Q9VSM6	train
Q9VSM7	Q9VSM7	train
Q9VYB7	Q9VYB7	train
Q9VYY8	Q9VYY8	train
Q9VZW0	Q9VZW0	train
Q9W197	Q9W197	train
Q9W1L5	Q9W1L5	train
Q9W3K5	Q9W3K5	test
Q9W3Z3	Q9W3Z3	train
Q9W6S5	Q9W6S5	test
Q9WU19	Q9WU19	train
Q9WU79	Q9WU79	test
Q9WUB3	Q9WUB3	train
Q9WVE0	Q9WVE0	test
Q9WWU5	Q9WWU5	train
Q9WWW6	Q9WWW6	test
Q9WXN1	Q9WXN1	train
Q9WXP9	Q9WXP9	test
Q9WXT2	Q9WXT2	validation
Q9WY14	Q9WY14	validation
Q9WYB1	Q9WYB1	train
Q9WYB3	Q9WYB3	train
Q9WYB7	Q9WYB7	validation
Q9WYD1	Q9WYD1	train
Q9WYD3	Q9WYD3	test
Q9WYE2	Q9WYE2	test
Q9WYH8	Q9WYH8	train
Q9WYJ4	Q9WYJ4	train
Q9WYQ4	Q9WYQ4	train
Q9WYR4	Q9WYR4	train
Q9WYR8	Q9WYR8	train
Q9WYR9	Q9WYR9	train
Q9WYX6	Q9WYX6	test
Q9WYX9	Q9WYX9	test
Q9WZ18	Q9WZ18	test
Q9WZ19	Q9WZ19	train
Q9WZ31	Q9WZ31	train
Q9WZ49	Q9WZ49	train
Q9WZP2	Q9WZP2	train
Q9WZR6	Q9WZR6	test
Q9X017	Q9X017	train
Q9X024	Q9X024	test
Q9X0C6	Q9X0C6	train
Q9X0C8	Q9X0C8	train
Q9X0D0	Q9X0D0	train
Q9X0F2	Q9X0F2	test
Q9X0G9	Q9X0G9	train
Q9X0S8	Q9X0S8	train
Q9X0Z7	Q9X0Z7	train
Q9X122	Q9X122	train
Q9X1N5	Q9X1N5	train
Q9X1S1	Q9X1S1	train
Q9X1V9	Q9X1V9	train
Q9X1X7	Q9X1X7	train
Q9X229	Q9X229	train
Q9X265	Q9X265	train
Q9X273	Q9X273	train
Q9X274	Q9X274	test
Q9X2A8	Q9X2A8	train
Q9X2F4	Q9X2F4	train
Q9X2G3	Q9X2G3	train
Q9X2I8	Q9X2I8	train
Q9X4Q7	Q9X4Q7	train
Q9X519	Q9X519	train
Q9X584	Q9X584	train
Q9X5T6	Q9X5T6	train
Q9X6R4	Q9X6R4	train
Q9X6Z2	Q9X6Z2	validation
Q9X7K2	Q9X7K2	train
Q9X8R1	Q9X8R1	train
Q9XB60	Q9XB60	validation
Q9XB61	Q9XB61	test
Q9XBQ3	Q9XBQ3	test
Q9XBQ8	Q9XBQ8	train
Q9XCD4	Q9XCD4	train
Q9XCL6	Q9XCL6	train
Q9XCW3	Q9XCW3	test
Q9XDP2	Q9XDP2	train
Q9XDT1	Q9XDT1	train
Q9XDT2	Q9XDT2	test
Q9XEH9	Q9XEH9	test
Q9XEN6	Q9XEN6	train
Q9XES5	Q9XES5	train
Q9XF81	Q9XF81	test
Q9XFS9	Q9XFS9	train
Q9XFW4	Q9XFW4	train
Q9XFX3	Q9XFX3	train
Q9XFX4	Q9XFX4	train
Q9XG54	Q9XG54	train
Q9XGP7	Q9XGP7	train
Q9XGT8	Q9XGT8	train
Q9XGT9	Q9XGT9	train
Q9XGY7	Q9XGY7	train
Q9XI62	Q9XI62	train
Q9XT99	Q9XT99	train
Q9XUS5	Q9XUS5	train
Q9XYQ1	Q9XYQ1	test
Q9XYQ5	Q9XYQ5	train
Q9XZT6	Q9XZT6	test
Q9Y093	Q9Y093	validation
Q9Y119	Q9Y119	train
Q9Y223	Q9Y223	train
Q9Y285	Q9Y285	test
Q9Y2J8	Q9Y2J8	train
Q9Y2T3	Q9Y2T3	train
Q9Y2X8	Q9Y2X8	train
Q9Y315	Q9Y315	train
Q9Y337	Q9Y337	validation
Q9Y3D2	Q9Y3D2	test
Q9Y463	Q9Y463	train
Q9Y5L3	Q9Y5L3	train
Q9Y5R4	Q9Y5R4	train
Q9Y5Y6	Q9Y5Y6	validation
Q9Y6A2	Q9Y6A2	test
Q9Y749	Q9Y749	train
Q9Y763	Q9Y763	train
Q9Y7D1	Q9Y7D1	test
Q9Y7F7	Q9Y7F7	test
Q9Y7P0	Q9Y7P0	train
Q9Y7X5	Q9Y7X5	train
Q9Y802	Q9Y802	test
Q9Y871	Q9Y871	test
Q9Y8D9	Q9Y8D9	validation
Q9Y8J4	Q9Y8J4	test
Q9Y8Y1	Q9Y8Y1	train
Q9Y9L0	Q9Y9L0	train
Q9YA11	Q9YA11	train
Q9YA13	Q9YA13	validation
Q9YA34	Q9YA34	test
Q9YA64	Q9YA64	validation
Q9YBF1	Q9YBF1	train
Q9YBL2	Q9YBL2	train
Q9YBS3	Q9YBS3	test
Q9YC65	Q9YC65	test
Q9YC66	Q9YC66	test
Q9YD18	Q9YD18	test
Q9YDW0	Q9YDW0	train
Q9YE01	Q9YE01	train
Q9YE81	Q9YE81	train
Q9YE85	Q9YE85	train
Q9YEA1	Q9YEA1	train
Q9YEJ7	Q9YEJ7	train
Q9YF05	Q9YF05	train
Q9YFI3	Q9YFI3	test
Q9YFP5	Q9YFP5	train
Q9YFT9	Q9YFT9	validation
Q9YFY3	Q9YFY3	train
Q9YG89	Q9YG89	train
Q9YGA9	Q9YGA9	train
Q9YGB0	Q9YGB0	train
Q9YGB3	Q9YGB3	train
Q9YGB4	Q9YGB4	train
Q9YGB5	Q9YGB5	train
Q9YGB8	Q9YGB8	train
Q9YGI5	Q9YGI5	train
Q9YI16	Q9YI16	train
Q9YSK2	Q9YSK2	train
Q9Z0K8	Q9Z0K8	train
Q9Z188	Q9Z188	train
Q9Z1X2	Q9Z1X2	train
Q9Z2A5	Q9Z2A5	train
Q9Z2A7	Q9Z2A7	train
Q9Z2D1	Q9Z2D1	validation
Q9Z2L6	Q9Z2L6	train
Q9Z354	Q9Z354	train
Q9Z472	Q9Z472	train
Q9Z4N5	Q9Z4N5	train
Q9Z4P9	Q9Z4P9	train
Q9Z5D4	Q9Z5D4	train
Q9Z5D6	Q9Z5D6	train
Q9Z6D6	Q9Z6D6	train
Q9Z7D3	Q9Z7D3	train
Q9ZAE9	Q9ZAE9	train
Q9ZAG3	Q9ZAG3	test
Q9ZAP8	Q9ZAP8	train
Q9ZBB0	Q9ZBB0	train
Q9ZBU1	Q9ZBU1	train
Q9ZER2	Q9ZER2	test
Q9ZFH0	Q9ZFH0	train
Q9ZGH0	Q9ZGH0	train
Q9ZGH1	Q9ZGH1	train
Q9ZGH6	Q9ZGH6	train
Q9ZGH7	Q9ZGH7	train
Q9ZGI1	Q9ZGI1	train
Q9ZJ98	Q9ZJ98	validation
Q9ZM18	Q9ZM18	train
Q9ZNB6	Q9ZNB6	train
Q9ZNM8	Q9ZNM8	train
Q9ZP04	Q9ZP04	test
Q9ZPI5	Q9ZPI5	train
Q9ZPQ3	Q9ZPQ3	train
Q9ZQ94	Q9ZQ94	train
Q9ZQ99	Q9ZQ99	train
Q9ZQC6	Q9ZQC6	train
Q9ZR25	Q9ZR25	test
Q9ZR26	Q9ZR26	train
Q9ZR27	Q9ZR27	train
Q9ZS50	Q9ZS50	train
Q9ZSA2	Q9ZSA2	train
Q9ZSD6	Q9ZSD6	train
Q9ZSU4	Q9ZSU4	train
Q9ZSZ7	Q9ZSZ7	train
Q9ZT48	Q9ZT48	test
Q9ZTS1	Q9ZTS1	train
Q9ZTX2	Q9ZTX2	train
Q9ZU38	Q9ZU38	train
Q9ZV19	Q9ZV19	train
Q9ZV40	Q9ZV40	train
Q9ZV87	Q9ZV87	train
Q9ZVJ5	Q9ZVJ5	test
Q9ZVL6	Q9ZVL6	test
Q9ZWQ9	Q9ZWQ9	train
R1BZP3	R1BZP3	train
R4L284	R4L284	test
R4N4U2	R4N4U2	train
R4NNL0	R4NNL0	train
R4UB73	R4UB73	train
R4UMR3	R4UMR3	train
R4WHQ8	R4WHQ8	train
R7AVK7	R7AVK7	validation
R9UHL6	R9UHL6	test
R9UQG9	R9UQG9	train
R9VY83	R9VY83	test
R9W5L0	R9W5L0	validation
R9XVW6	R9XVW6	train
R9YJZ9	R9YJZ9	train
S0APF4	S0APF4	train
S0AUN2	S0AUN2	train
S4T8N6	S4T8N6	train
S4TJ23	S4TJ23	train
S4TYB2	S4TYB2	test
S4TYX4	S4TYX4	train
S4UF58	S4UF58	train
S4UKU4	S4UKU4	test
S4UL39	S4UL39	train
S4UL92	S4UL92	train
S4ULD7	S4ULD7	train
S4VCH4	S4VCH4	test
S4WX39	S4WX39	validation
S5FMM4	S5FMM4	train
S5FT07	S5FT07	train
S5FU55	S5FU55	validation
S5M3K7	S5M3K7	train
S5M6X9	S5M6X9	validation
S5MK25	S5MK25	train
S5MPT0	S5MPT0	train
S5R9V1	S5R9V1	test
S5RVR8	S5RVR8	test
S5S2B8	S5S2B8	train
S5SPJ1	S5SPJ1	train
S5U3X4	S5U3X4	train
S5U834	S5U834	train
S5UGW5	S5UGW5	validation
S5VDV0	S5VDV0	train
S5YEW8	S5YEW8	train
S5ZIP8	S5ZIP8	train
S6AGL5	S6AGL5	test
S6B1F6	S6B1F6	train
S6B6P7	S6B6P7	train
S6BFC0	S6BFC0	train
S6BKQ9	S6BKQ9	test
S6C8W7	S6C8W7	test
S6CFJ1	S6CFJ1	validation
S6CLS6	S6CLS6	train
S6D3Q2	S6D3Q2	train
S6DXG7	S6DXG7	train
S7UJV5	S7UJV5	validation
S7ZRR2	S7ZRR2	train
S8EY38	S8EY38	train
S8GJB1	S8GJB1	train
T1KF23	T1KF23	train
T1KZQ3	T1KZQ3	train
T1NXG6	T1NXG6	train
T1NXM1	T1NXM1	test
T1NXM4	T1NXM4	train
T1RPY0	T1RPY0	train
T1SEU9	T1SEU9	validation
T1SEV0	T1SEV0	train
T1SP91	T1SP91	test
T1T1K2	T1T1K2	test
T1UPN7	T1UPN7	test
T1WDH2	T1WDH2	validation
T1WE96	T1WE96	train
T1WFD0	T1WFD0	train
T1WUT6	T1WUT6	train
T1WUU2	T1WUU2	train
T1WVG5	T1WVG5	train
T1WW77	T1WW77	train
T1WW82	T1WW82	train
T1WWB5	T1WWB5	test
T1WWB9	T1WWB9	train
T1WWR8	T1WWR8	train
T1Z249	T1Z249	test
T2A6Y2	T2A6Y2	train
T2HRP0	T2HRP0	test
T2HV99	T2HV99	train
T2M2J4	T2M2J4	train
T5I9M6	T5I9M6	train
U2ZU49	U2ZU49	train
U3GSN9	U3GSN9	test
U3KZM8	U3KZM8	train
U3LXJ8	U3LXJ8	train
U3MJP5	U3MJP5	train
U3MNX0	U3MNX0	test
U3PAU3	U3PAU3	train
U3RD44	U3RD44	train
U3T1K4	U3T1K4	train
U3T2Y2	U3T2Y2	validation
U3TDQ6	U3TDQ6	train
U3TH11	U3TH11	train
U3TI46	U3TI46	train
U3U715	U3U715	train
U3U992	U3U992	validation
U5D896	U5D896	train
U5HT00	U5HT00	train
U5ILS4	U5ILS4	train
U5JE22	U5JE22	test
U5KC58	U5KC58	train
U5LKV8	U5LKV8	test
U5NDT8	U5NDT8	train
U5PUZ1	U5PUZ1	test
U5RZT9	U5RZT9	train
U5TRK6	U5TRK6	train
U5TV35	U5TV35	train
U5XYA0	U5XYA0	train
U5YTM6	U5YTM6	train
U6A566	U6A566	train
U6A8H3	U6A8H3	train
U6BQJ3	U6BQJ3	train
U6BYK3	U6BYK3	train
U6C6H1	U6C6H1	train
U6C7K1	U6C7K1	train
U6CL97	U6CL97	test
U6NHS3	U6NHS3	train
U6NJF1	U6NJF1	train
V4GH04	V4GH04	train
V4PWY9	V4PWY9	train
V5IPE4	V5IPE4	test
V5J3M5	V5J3M5	train
V5K6J8	V5K6J8	train
V5LER1	V5LER1	train
V5NQ89	V5NQ89	train
V5QQC6	V5QQC6	train
V5QZ74	V5QZ74	train
V5RE14	V5RE14	train
V5RFK1	V5RFK1	train
V5T827	V5T827	test
V5TD11	V5TD11	train
V5TDP2	V5TDP2	train
V5W6K5	V5W6K5	train
V5YT97	V5YT97	test
V5ZEF7	V5ZEF7	validation
V5ZEQ2	V5ZEQ2	train
V6BP73	V6BP73	test
V7PVE5	V7PVE5	test
V9HZX4	V9HZX4	train
V9I378	V9I378	train
V9N2L5	V9N2L5	test
V9NFX1	V9NFX1	train
V9NGI4	V9NGI4	train
V9NGQ2	V9NGQ2	test
V9NHA1	V9NHA1	train
V9P0A9	V9P0A9	train
V9PD44	V9PD44	train
V9PQZ7	V9PQZ7	train
V9PVN6	V9PVN6	test
V9Q624	V9Q624	train
V9SCJ1	V9SCJ1	train
V9SDP6	V9SDP6	train
V9SFA1	V9SFA1	train
W0A856	W0A856	test
W0BU85	W0BU85	train
W0C1H2	W0C1H2	train
W0G253	W0G253	test
W0J9X7	W0J9X7	train
W0KM71	W0KM71	validation
W0P1N8	W0P1N8	validation
W0SLW8	W0SLW8	train
W0T4K1	W0T4K1	train
W1PFX5	W1PFX5	train
W1Q801	W1Q801	train
W1QKE8	W1QKE8	test
W1QLN6	W1QLN6	test
W5FJN8	W5FJN8	train
W5FUB4	W5FUB4	train
W5PS11	W5PS11	train
W5R5D2	W5R5D2	train
W5RWH8	W5RWH8	train
W5RZ21	W5RZ21	test
W5S3I4	W5S3I4	train
W5WHY8	W5WHY8	train
W5ZSQ6	W5ZSQ6	train
W6E7E9	W6E7E9	train
W6JQJ6	W6JQJ6	train
W8CJT2	W8CJT2	test
W8CQB1	W8CQB1	train
W8CQB2	W8CQB2	test
W8CQR1	W8CQR1	train
W8CR61	W8CR61	train
W8CR80	W8CR80	train
W8DVW0	W8DVW0	test
W8E0Y0	W8E0Y0	test
W8E1X9	W8E1X9	train
W8E7D1	W8E7D1	train
W8GG09	W8GG09	test
W8GJF4	W8GJF4	test
W8GKU3	W8GKU3	test
W8GV60	W8GV60	train
W8JNL4	W8JNL4	train
W8NQ72	W8NQ72	train
W8P6D0	W8P6D0	train
W8QF82	W8QF82	train
W8QG94	W8QG94	train
W8QMJ2	W8QMJ2	train
W8QRE4	W8QRE4	train
W8SKF6	W8SKF6	train
W8V7X4	W8V7X4	train
W8VJU1	W8VJU1	train
W8VNI6	W8VNI6	train
W8VZ39	W8VZ39	train
X0JT48	X0JT48	train
X0M5X0	X0M5X0	validation
X2JCV5	X2JCV5	test
X4YXV3	X4YXV3	train
X5CIW4	X5CIW4	test
X5CPN2	X5CPN2	train
X5D761	X5D761	test
X5D911	X5D911	validation
X5DQW0	X5DQW0	train
X5DTB0	X5DTB0	train
X5IDD2	X5IDD2	train
p37564	p37564	test
