cluster_id	sequence_id
C00000	S00000
C00000	S01848
C00001	S00001
C00001	S03565
C00002	S00002
C00003	S00003
C00004	S00004
C00004	S01384
C00004	S01892
C00004	S02071
C00004	S02566
C00004	S03651
C00004	S04116
C00004	S04614
C00004	S06284
C00004	S06348
C00004	S06602
C00004	S07073
C00004	S07406
C00004	S07826
C00004	S07975
C00004	S09153
C00004	S09509
C00005	S00005
C00005	S00171
C00005	S02202
C00005	S02463
C00005	S04498
C00005	S06268
C00005	S06329
C00005	S07348
C00006	S00006
C00007	S00007
C00007	S01287
C00008	S00008
C00009	S00009
C00009	S04637
C00010	S00010
C00011	S00011
C00011	S00209
C00012	S00012
C00013	S00013
C00013	S04948
C00013	S05633
C00013	S05967
C00013	S08671
C00014	S00014
C00014	S03604
C00014	S04187
C00014	S08711
C00015	S00015
C00015	S02298
C00016	S00016
C00017	S00017
C00017	S00547
C00017	S00691
C00017	S04795
C00017	S05876
C00018	S00018
C00019	S00019
C00020	S00020
C00021	S00021
C00021	S00423
C00021	S01137
C00021	S02083
C00021	S06616
C00022	S00022
C00022	S00034
C00022	S05422
C00022	S06175
C00022	S08099
C00022	S08978
C00022	S09254
C00022	S09545
C00023	S00023
C00023	S03541
C00024	S00024
C00024	S00802
C00024	S01632
C00024	S05808
C00025	S00025
C00026	S00026
C00026	S05659
C00027	S00027
C00027	S01029
C00027	S01119
C00027	S01169
C00027	S02780
C00027	S03395
C00027	S07133
C00027	S07358
C00027	S08369
C00027	S08512
C00027	S08641
C00027	S08713
C00028	S00028
C00028	S01470
C00028	S01859
C00028	S01889
C00028	S02561
C00028	S03073
C00028	S03403
C00028	S06868
C00028	S09068
C00028	S09267
C00029	S00029
C00030	S00030
C00030	S02184
C00030	S04934
C00030	S06151
C00031	S00031
C00031	S01762
C00031	S02204
C00031	S04468
C00032	S00032
C00033	S00033
C00033	S03205
C00033	S03973
C00033	S04816
C00033	S06649
C00033	S08282
C00034	S00035
C00035	S00036
C00035	S02787
C00035	S07132
C00036	S00037
C00037	S00038
C00038	S00039
C00038	S00320
C00038	S01643
C00038	S02768
C00038	S03301
C00038	S03366
C00038	S03841
C00038	S04989
C00038	S06024
C00038	S06645
C00038	S07792
C00038	S08293
C00039	S00040
C00039	S01203
C00039	S03787
C00039	S05726
C00039	S06153
C00039	S08786
C00039	S09727
C00040	S00041
C00041	S00042
C00041	S01697
C00042	S00043
C00042	S06717
C00043	S00044
C00044	S00045
C00044	S02191
C00045	S00046
C00045	S04502
C00045	S08072
C00046	S00047
C00046	S02878
C00047	S00048
C00048	S00049
C00048	S00126
C00048	S09096
C00049	S00050
C00049	S02127
C00050	S00051
C00051	S00052
C00052	S00053
C00053	S00054
C00054	S00055
C00055	S00056
C00056	S00057
C00057	S00058
C00058	S00059
C00058	S02023
C00059	S00060
C00059	S04005
C00059	S09682
C00060	S00061
C00060	S01443
C00061	S00062
C00062	S00063
C00063	S00064
C00064	S00065
C00064	S01322
C00064	S01352
C00064	S03372
C00064	S06503
C00064	S09229
C00065	S00066
C00066	S00067
C00067	S00068
C00068	S00069
C00069	S00070
C00069	S08457
C00070	S00071
C00070	S07010
C00071	S00072
C00072	S00073
C00073	S00074
C00073	S01843
C00073	S03710
C00074	S00075
C00075	S00076
C00075	S03748
C00075	S06325
C00075	S07797
C00075	S09032
C00076	S00077
C00076	S03732
C00076	S04484
C00076	S05263
C00076	S05487
C00077	S00078
C00077	S07636
C00078	S00079
C00079	S00080
C00080	S00081
C00080	S04404
C00080	S04470
C00080	S06682
C00081	S00082
C00082	S00083
C00082	S02865
C00082	S04186
C00082	S05028
C00082	S07189
C00083	S00084
C00084	S00085
C00084	S00886
C00084	S02224
C00084	S02486
C00084	S03392
C00084	S04953
C00084	S05775
C00084	S05955
C00084	S06249
C00085	S00086
C00085	S04842
C00086	S00087
C00086	S00391
C00086	S00848
C00086	S00965
C00086	S01290
C00086	S01549
C00086	S01684
C00086	S01981
C00086	S02872
C00086	S03329
C00086	S03540
C00086	S03666
C00086	S05679
C00086	S06245
C00086	S06270
C00086	S06480
C00086	S06719
C00086	S06929
C00086	S07098
C00086	S08506
C00086	S08712
C00086	S09230
C00086	S09248
C00086	S09464
C00087	S00088
C00087	S00113
C00087	S00432
C00087	S02740
C00087	S02817
C00087	S03493
C00087	S03507
C00087	S04073
C00087	S04475
C00087	S05093
C00087	S06161
C00087	S06784
C00087	S07765
C00087	S08413
C00087	S08775
C00087	S08979
C00087	S09653
C00088	S00089
C00088	S00721
C00088	S05685
C00088	S08290
C00088	S08443
C00088	S08552
C00089	S00090
C00090	S00091
C00091	S00092
C00091	S02531
C00092	S00093
C00093	S00094
C00093	S04296
C00094	S00095
C00094	S00764
C00095	S00096
C00095	S02539
C00095	S04512
C00095	S05971
C00095	S08436
C00096	S00097
C00096	S00313
C00096	S00378
C00096	S00553
C00096	S00972
C00096	S01039
C00096	S01200
C00096	S01617
C00096	S02037
C00096	S02815
C00096	S03096
C00096	S03949
C00096	S04086
C00096	S04607
C00096	S04706
C00096	S05172
C00096	S05311
C00096	S05669
C00096	S05711
C00096	S06324
C00096	S06468
C00096	S06568
C00096	S06718
C00096	S07127
C00096	S08412
C00096	S08686
C00096	S08916
C00096	S08991
C00096	S09630
C00097	S00098
C00097	S01005
C00097	S06134
C00097	S06904
C00097	S07457
C00097	S08288
C00098	S00099
C00099	S00100
C00100	S00101
C00101	S00102
C00102	S00103
C00102	S09335
C00103	S00104
C00103	S00442
C00103	S00733
C00103	S00958
C00103	S02756
C00103	S03072
C00103	S03381
C00103	S04025
C00103	S04718
C00103	S04892
C00103	S06811
C00103	S07447
C00103	S07631
C00103	S08029
C00103	S08906
C00104	S00105
C00104	S04173
C00104	S05550
C00104	S08879
C00105	S00106
C00105	S08755
C00106	S00107
C00106	S01618
C00106	S09188
C00107	S00108
C00107	S07891
C00108	S00109
C00109	S00110
C00110	S00111
C00111	S00112
C00112	S00114
C00113	S00115
C00114	S00116
C00114	S08669
C00115	S00117
C00115	S00146
C00115	S01307
C00115	S01503
C00115	S01799
C00115	S02135
C00115	S02315
C00115	S03027
C00115	S03607
C00115	S04198
C00115	S04668
C00115	S05922
C00115	S07084
C00115	S07101
C00115	S07473
C00115	S08166
C00115	S08175
C00115	S08409
C00115	S09713
C00116	S00118
C00117	S00119
C00118	S00120
C00119	S00121
C00120	S00122
C00120	S02625
C00121	S00123
C00121	S09472
C00122	S00124
C00123	S00125
C00124	S00127
C00124	S01272
C00124	S02809
C00124	S02835
C00124	S02974
C00124	S03182
C00124	S05025
C00124	S05891
C00124	S06322
C00124	S06516
C00125	S00128
C00126	S00129
C00127	S00130
C00128	S00131
C00128	S02188
C00128	S03851
C00128	S05860
C00128	S07074
C00129	S00132
C00129	S08860
C00130	S00133
C00130	S02243
C00130	S09649
C00131	S00134
C00132	S00135
C00132	S07070
C00133	S00136
C00134	S00137
C00135	S00138
C00135	S01252
C00135	S08425
C00136	S00139
C00136	S07822
C00137	S00140
C00138	S00141
C00139	S00142
C00139	S09609
C00140	S00143
C00141	S00144
C00141	S03615
C00142	S00145
C00143	S00147
C00143	S00449
C00143	S02131
C00144	S00148
C00145	S00149
C00146	S00150
C00146	S04219
C00146	S05011
C00146	S07910
C00147	S00151
C00148	S00152
C00148	S05362
C00149	S00153
C00149	S00365
C00149	S02699
C00149	S02946
C00149	S02970
C00149	S03143
C00149	S04106
C00149	S04726
C00149	S04822
C00149	S05448
C00149	S05564
C00149	S06349
C00149	S06903
C00149	S08813
C00150	S00154
C00151	S00155
C00152	S00156
C00153	S00157
C00154	S00158
C00155	S00159
C00156	S00160
C00156	S08577
C00157	S00161
C00158	S00162
C00158	S02899
C00159	S00163
C00159	S02021
C00160	S00164
C00160	S00577
C00160	S09587
C00161	S00165
C00161	S01113
C00161	S01466
C00161	S01945
C00161	S03317
C00161	S04223
C00161	S04608
C00161	S05651
C00161	S05984
C00161	S06633
C00161	S08392
C00162	S00166
C00162	S03620
C00163	S00167
C00164	S00168
C00164	S01991
C00164	S03753
C00164	S06393
C00165	S00169
C00166	S00170
C00167	S00172
C00167	S03268
C00168	S00173
C00168	S00238
C00168	S00326
C00168	S01094
C00168	S02022
C00168	S02046
C00168	S02260
C00168	S03365
C00168	S03429
C00168	S04817
C00168	S04900
C00168	S05303
C00168	S05328
C00168	S05612
C00168	S05645
C00168	S05996
C00168	S06403
C00168	S06462
C00168	S07751
C00168	S08811
C00168	S08833
C00168	S09086
C00168	S09576
C00168	S09620
C00169	S00174
C00169	S02341
C00170	S00175
C00170	S00952
C00170	S02720
C00170	S03529
C00170	S03783
C00170	S08330
C00171	S00176
C00171	S00767
C00171	S01719
C00171	S02750
C00171	S03660
C00171	S03899
C00171	S04108
C00171	S04403
C00171	S09003
C00172	S00177
C00172	S01429
C00172	S03181
C00172	S03312
C00172	S03362
C00172	S05086
C00172	S06377
C00172	S06434
C00172	S07261
C00172	S08955
C00172	S08993
C00172	S09289
C00173	S00178
C00174	S00179
C00174	S01126
C00174	S01551
C00174	S02413
C00174	S06536
C00174	S09571
C00175	S00180
C00175	S01036
C00175	S01701
C00175	S02903
C00175	S03005
C00175	S03811
C00175	S04212
C00175	S04571
C00175	S07591
C00175	S07708
C00176	S00181
C00177	S00182
C00178	S00183
C00178	S01607
C00178	S04583
C00179	S00184
C00180	S00185
C00181	S00186
C00181	S05696
C00182	S00187
C00183	S00188
C00184	S00189
C00184	S06629
C00185	S00190
C00185	S00595
C00186	S00191
C00186	S00505
C00186	S05218
C00186	S09716
C00187	S00192
C00188	S00193
C00188	S00218
C00188	S02020
C00188	S02213
C00188	S02799
C00188	S03870
C00188	S03896
C00188	S05635
C00188	S06338
C00188	S07029
C00188	S09483
C00189	S00194
C00190	S00195
C00191	S00196
C00191	S08967
C00192	S00197
C00192	S00935
C00192	S01953
C00192	S02008
C00192	S02268
C00192	S03449
C00192	S04099
C00192	S05732
C00192	S05744
C00192	S06190
C00192	S06396
C00192	S06454
C00192	S06951
C00192	S06963
C00192	S08026
C00192	S08514
C00193	S00198
C00193	S00425
C00193	S00809
C00193	S01884
C00193	S02358
C00193	S02513
C00193	S05037
C00193	S05567
C00193	S05640
C00193	S05863
C00193	S06021
C00193	S06179
C00193	S06371
C00193	S06440
C00193	S08388
C00193	S09412
C00193	S09436
C00194	S00199
C00195	S00200
C00196	S00201
C00197	S00202
C00197	S08501
C00198	S00203
C00199	S00204
C00199	S08760
C00200	S00205
C00200	S09616
C00201	S00206
C00202	S00207
C00203	S00208
C00203	S00824
C00203	S06384
C00204	S00210
C00205	S00211
C00205	S08892
C00205	S09158
C00205	S09237
C00206	S00212
C00207	S00213
C00208	S00214
C00209	S00215
C00210	S00216
C00210	S09128
C00211	S00217
C00211	S00351
C00211	S00486
C00211	S04889
C00211	S06230
C00211	S06375
C00211	S09233
C00212	S00219
C00213	S00220
C00213	S00426
C00213	S00473
C00213	S00576
C00213	S00592
C00213	S00810
C00213	S00878
C00213	S01260
C00213	S01300
C00213	S03513
C00213	S04072
C00213	S04411
C00213	S04432
C00213	S04626
C00213	S05014
C00213	S05697
C00213	S05805
C00213	S06364
C00213	S07490
C00213	S07558
C00213	S07749
C00214	S00221
C00215	S00222
C00215	S02374
C00215	S07254
C00216	S00223
C00216	S01391
C00216	S01395
C00217	S00224
C00218	S00225
C00219	S00226
C00219	S00913
C00219	S01096
C00219	S01258
C00219	S01446
C00219	S01863
C00219	S02284
C00219	S02522
C00219	S03044
C00219	S03349
C00219	S04101
C00219	S04884
C00219	S05144
C00219	S05417
C00219	S05855
C00219	S06444
C00219	S06697
C00219	S07502
C00219	S07609
C00220	S00227
C00220	S08218
C00221	S00228
C00221	S03004
C00222	S00229
C00222	S03686
C00222	S05582
C00223	S00230
C00223	S08590
C00224	S00231
C00225	S00232
C00225	S09008
C00226	S00233
C00227	S00234
C00227	S09044
C00227	S09258
C00227	S09513
C00228	S00235
C00229	S00236
C00230	S00237
C00231	S00239
C00232	S00240
C00233	S00241
C00233	S05192
C00234	S00242
C00234	S05053
C00235	S00243
C00235	S03919
C00236	S00244
C00237	S00245
C00237	S01269
C00237	S09541
C00238	S00246
C00238	S01095
C00238	S02908
C00239	S00247
C00240	S00248
C00241	S00249
C00242	S00250
C00243	S00251
C00244	S00252
C00245	S00253
C00246	S00254
C00246	S02940
C00246	S07239
C00247	S00255
C00248	S00256
C00248	S03019
C00249	S00257
C00250	S00258
C00251	S00259
C00252	S00260
C00253	S00261
C00253	S03131
C00253	S08880
C00254	S00262
C00254	S00881
C00254	S04109
C00254	S06934
C00255	S00263
C00255	S00905
C00255	S08380
C00256	S00264
C00256	S02985
C00257	S00265
C00257	S01587
C00257	S07477
C00258	S00266
C00259	S00267
C00260	S00268
C00261	S00269
C00262	S00270
C00263	S00271
C00264	S00272
C00264	S07244
C00264	S07268
C00264	S07878
C00265	S00273
C00266	S00274
C00266	S03051
C00267	S00275
C00268	S00276
C00268	S00806
C00268	S01801
C00268	S05289
C00268	S05410
C00268	S05553
C00268	S06625
C00268	S08364
C00268	S08970
C00268	S09695
C00269	S00277
C00269	S02972
C00269	S08003
C00270	S00278
C00270	S01080
C00270	S03269
C00270	S03739
C00270	S08509
C00271	S00279
C00271	S00395
C00271	S01362
C00271	S03950
C00271	S04858
C00271	S08316
C00272	S00280
C00273	S00281
C00274	S00282
C00275	S00283
C00276	S00284
C00277	S00285
C00277	S00636
C00277	S01083
C00277	S03083
C00277	S04466
C00277	S04733
C00277	S07224
C00278	S00286
C00278	S03491
C00278	S07437
C00278	S07464
C00278	S07965
C00278	S08853
C00278	S09142
C00279	S00287
C00279	S02003
C00279	S02175
C00280	S00288
C00281	S00289
C00281	S09151
C00282	S00290
C00283	S00291
C00283	S09318
C00284	S00292
C00285	S00293
C00286	S00294
C00286	S07840
C00287	S00295
C00288	S00296
C00288	S00345
C00288	S01490
C00288	S01675
C00288	S01810
C00288	S02338
C00288	S02355
C00288	S02636
C00288	S03497
C00288	S04129
C00288	S04514
C00288	S04515
C00288	S04986
C00288	S06909
C00288	S07639
C00288	S08077
C00288	S08490
C00288	S08717
C00288	S09473
C00289	S00297
C00290	S00298
C00291	S00299
C00292	S00300
C00293	S00301
C00294	S00302
C00294	S00844
C00294	S02310
C00294	S04924
C00294	S05846
C00295	S00303
C00295	S04504
C00295	S07470
C00295	S08922
C00296	S00304
C00297	S00305
C00298	S00306
C00299	S00307
C00300	S00308
C00300	S08997
C00301	S00309
C00301	S02935
C00301	S07895
C00302	S00310
C00303	S00311
C00303	S07848
C00304	S00312
C00304	S00754
C00304	S04540
C00304	S07581
C00304	S07877
C00304	S09665
C00305	S00314
C00305	S01526
C00305	S04686
C00305	S05352
C00306	S00315
C00306	S01120
C00306	S06405
C00307	S00316
C00308	S00317
C00309	S00318
C00310	S00319
C00311	S00321
C00311	S08024
C00312	S00322
C00312	S07686
C00313	S00323
C00314	S00324
C00314	S08695
C00315	S00325
C00316	S00327
C00316	S05170
C00317	S00328
C00317	S01409
C00318	S00329
C00318	S08104
C00319	S00330
C00319	S09434
C00320	S00331
C00321	S00332
C00321	S00668
C00321	S01235
C00321	S02347
C00321	S02523
C00321	S02850
C00321	S02897
C00321	S03991
C00321	S09680
C00322	S00333
C00323	S00334
C00323	S01337
C00323	S03223
C00323	S05959
C00323	S06780
C00323	S08636
C00323	S09348
C00324	S00335
C00324	S04239
C00325	S00336
C00325	S00931
C00326	S00337
C00326	S08240
C00327	S00338
C00327	S06433
C00328	S00339
C00329	S00340
C00329	S00350
C00329	S02543
C00329	S05929
C00329	S07796
C00330	S00341
C00331	S00342
C00331	S05191
C00331	S08724
C00332	S00343
C00332	S04752
C00333	S00344
C00333	S02888
C00333	S03588
C00333	S05307
C00333	S07265
C00333	S09166
C00334	S00346
C00334	S03193
C00334	S03961
C00334	S05047
C00334	S06238
C00334	S06456
C00334	S06671
C00334	S07462
C00334	S08866
C00334	S09404
C00334	S09614
C00335	S00347
C00336	S00348
C00337	S00349
C00338	S00352
C00338	S04830
C00338	S08229
C00339	S00353
C00339	S07517
C00340	S00354
C00341	S00355
C00342	S00356
C00343	S00357
C00344	S00358
C00344	S03220
C00344	S03524
C00344	S08131
C00344	S08329
C00344	S08756
C00345	S00359
C00346	S00360
C00347	S00361
C00347	S07717
C00348	S00362
C00348	S08678
C00349	S00363
C00350	S00364
C00350	S06931
C00351	S00366
C00351	S00983
C00351	S02456
C00351	S08617
C00352	S00367
C00353	S00368
C00354	S00369
C00355	S00370
C00355	S06812
C00356	S00371
C00356	S06217
C00356	S06807
C00356	S08162
C00356	S08283
C00357	S00372
C00358	S00373
C00359	S00374
C00360	S00375
C00361	S00376
C00362	S00377
C00363	S00379
C00364	S00380
C00364	S01197
C00364	S02079
C00364	S02232
C00364	S04985
C00364	S07688
C00364	S09455
C00365	S00381
C00365	S01980
C00365	S04419
C00365	S07038
C00365	S08184
C00366	S00382
C00367	S00383
C00368	S00384
C00369	S00385
C00369	S07597
C00370	S00386
C00371	S00387
C00371	S02032
C00371	S05317
C00371	S06428
C00371	S07485
C00371	S07535
C00371	S09127
C00371	S09491
C00372	S00388
C00373	S00389
C00373	S01629
C00373	S02684
C00373	S06663
C00373	S07330
C00374	S00390
C00374	S00706
C00374	S01154
C00374	S01726
C00374	S02011
C00374	S04893
C00375	S00392
C00376	S00393
C00376	S03342
C00377	S00394
C00378	S00396
C00378	S06842
C00378	S09041
C00379	S00397
C00379	S00461
C00379	S01282
C00379	S02800
C00379	S03228
C00379	S03562
C00379	S04664
C00379	S05646
C00379	S07601
C00379	S08596
C00380	S00398
C00380	S02444
C00380	S07682
C00381	S00399
C00381	S07714
C00381	S08359
C00381	S08580
C00382	S00400
C00382	S03581
C00382	S04010
C00382	S05078
C00382	S05405
C00382	S06360
C00382	S06546
C00382	S08075
C00383	S00401
C00383	S02927
C00383	S03375
C00383	S04177
C00383	S04430
C00383	S06458
C00383	S08398
C00383	S09450
C00384	S00402
C00385	S00403
C00386	S00404
C00387	S00405
C00387	S00440
C00387	S01478
C00387	S03082
C00387	S03371
C00387	S03527
C00387	S06634
C00387	S08454
C00387	S09502
C00388	S00406
C00389	S00407
C00389	S04684
C00389	S08253
C00390	S00408
C00390	S04362
C00390	S07277
C00391	S00409
C00392	S00410
C00392	S02272
C00393	S00411
C00393	S00834
C00394	S00412
C00394	S07859
C00395	S00413
C00395	S02407
C00396	S00414
C00396	S08842
C00397	S00415
C00397	S00925
C00398	S00416
C00398	S02583
C00399	S00417
C00399	S01963
C00400	S00418
C00401	S00419
C00402	S00420
C00403	S00421
C00404	S00422
C00404	S08314
C00404	S08744
C00405	S00424
C00406	S00427
C00407	S00428
C00407	S00635
C00407	S01703
C00407	S05322
C00407	S07994
C00408	S00429
C00408	S08489
C00408	S08613
C00408	S09310
C00409	S00430
C00410	S00431
C00410	S01631
C00410	S05359
C00411	S00433
C00412	S00434
C00413	S00435
C00413	S01967
C00413	S02208
C00413	S02722
C00413	S03334
C00413	S04309
C00413	S05147
C00413	S06038
C00413	S06779
C00413	S06990
C00413	S07036
C00413	S08448
C00413	S09115
C00414	S00436
C00415	S00437
C00416	S00438
C00416	S01178
C00416	S02487
C00416	S06562
C00417	S00439
C00417	S02171
C00417	S09697
C00418	S00441
C00418	S06156
C00419	S00443
C00420	S00444
C00421	S00445
C00421	S05003
C00422	S00446
C00422	S03852
C00422	S09514
C00423	S00447
C00423	S03139
C00424	S00448
C00425	S00450
C00426	S00451
C00426	S08507
C00427	S00452
C00427	S04574
C00427	S04827
C00427	S06178
C00428	S00453
C00429	S00454
C00430	S00455
C00430	S03968
C00431	S00456
C00432	S00457
C00433	S00458
C00433	S01040
C00433	S01542
C00433	S02072
C00433	S03117
C00433	S05056
C00433	S06114
C00433	S07393
C00433	S09360
C00434	S00459
C00435	S00460
C00435	S00807
C00435	S01289
C00436	S00462
C00436	S00535
C00436	S00715
C00436	S01918
C00436	S01924
C00436	S03925
C00436	S05048
C00436	S07049
C00436	S08424
C00437	S00463
C00437	S01596
C00437	S02128
C00437	S02258
C00437	S03292
C00437	S04319
C00437	S04676
C00437	S05502
C00437	S05570
C00437	S07196
C00437	S08134
C00437	S08487
C00437	S08604
C00438	S00464
C00439	S00465
C00440	S00466
C00440	S05239
C00440	S06814
C00440	S09264
C00441	S00467
C00441	S05411
C00441	S05751
C00441	S06746
C00441	S06835
C00441	S07446
C00441	S07501
C00441	S08010
C00441	S09544
C00442	S00468
C00443	S00469
C00443	S01680
C00443	S08401
C00443	S08439
C00444	S00470
C00444	S01222
C00444	S01286
C00444	S01313
C00444	S02596
C00444	S03249
C00444	S03404
C00444	S03577
C00444	S04359
C00444	S04983
C00444	S05141
C00444	S07789
C00444	S08975
C00445	S00471
C00446	S00472
C00447	S00474
C00448	S00475
C00448	S02622
C00448	S09040
C00449	S00476
C00449	S03729
C00449	S04347
C00449	S04866
C00449	S06969
C00449	S08396
C00450	S00477
C00451	S00478
C00452	S00479
C00452	S02086
C00452	S03623
C00452	S04961
C00452	S05125
C00452	S06099
C00453	S00480
C00454	S00481
C00454	S00726
C00454	S01357
C00454	S01361
C00454	S02048
C00454	S02336
C00454	S02590
C00454	S02810
C00454	S03040
C00454	S03945
C00454	S04388
C00454	S05231
C00454	S05978
C00454	S07519
C00454	S08041
C00454	S08564
C00455	S00482
C00456	S00483
C00457	S00484
C00457	S03247
C00457	S04729
C00457	S05049
C00457	S05771
C00457	S06154
C00457	S07382
C00457	S07893
C00457	S08020
C00457	S08402
C00457	S09106
C00458	S00485
C00458	S01046
C00459	S00487
C00459	S00571
C00459	S02891
C00459	S05262
C00459	S08418
C00459	S08605
C00459	S09368
C00460	S00488
C00461	S00489
C00461	S03138
C00462	S00490
C00463	S00491
C00464	S00492
C00465	S00493
C00466	S00494
C00467	S00495
C00467	S01472
C00467	S02580
C00467	S03594
C00467	S05140
C00467	S05199
C00467	S06965
C00468	S00496
C00468	S00745
C00468	S00912
C00468	S01024
C00468	S02196
C00468	S02481
C00468	S02525
C00468	S04146
C00468	S04373
C00468	S04527
C00468	S04714
C00468	S05116
C00468	S05212
C00468	S05299
C00468	S05496
C00468	S06575
C00468	S07463
C00468	S07480
C00468	S08362
C00468	S08734
C00468	S08870
C00468	S09623
C00469	S00497
C00469	S00927
C00469	S01348
C00469	S03218
C00469	S04028
C00469	S05092
C00469	S08037
C00470	S00498
C00470	S06711
C00471	S00499
C00472	S00500
C00473	S00501
C00474	S00502
C00474	S01914
C00474	S02961
C00474	S07211
C00474	S07349
C00474	S08297
C00475	S00503
C00475	S00819
C00475	S01151
C00475	S04267
C00475	S05518
C00475	S06460
C00475	S07967
C00475	S08808
C00476	S00504
C00476	S01447
C00477	S00506
C00478	S00507
C00479	S00508
C00480	S00509
C00480	S02030
C00480	S08750
C00481	S00510
C00482	S00511
C00482	S01912
C00482	S04519
C00483	S00512
C00483	S01225
C00484	S00513
C00484	S01532
C00484	S01731
C00484	S02427
C00484	S04784
C00484	S06155
C00485	S00514
C00486	S00515
C00487	S00516
C00488	S00517
C00489	S00518
C00490	S00519
C00491	S00520
C00491	S05765
C00492	S00521
C00493	S00522
C00493	S04490
C00494	S00523
C00495	S00524
C00496	S00525
C00497	S00526
C00497	S01334
C00497	S01583
C00497	S02206
C00497	S02451
C00497	S03545
C00497	S03579
C00497	S04613
C00497	S05584
C00497	S05802
C00497	S06182
C00497	S09301
C00498	S00527
C00499	S00528
C00499	S02052
C00499	S02350
C00499	S05304
C00499	S07186
C00499	S07625
C00500	S00529
C00501	S00530
C00501	S09241
C00502	S00531
C00502	S07281
C00503	S00532
C00503	S00799
C00503	S02238
C00503	S04220
C00503	S05062
C00503	S06071
C00503	S07284
C00503	S08549
C00503	S08771
C00504	S00533
C00504	S05413
C00505	S00534
C00506	S00536
C00506	S05420
C00506	S07715
C00507	S00537
C00507	S02327
C00508	S00538
C00508	S05455
C00508	S07229
C00508	S07262
C00508	S07784
C00508	S09588
C00509	S00539
C00509	S00554
C00509	S01073
C00509	S02460
C00509	S06676
C00510	S00540
C00510	S03489
C00511	S00541
C00511	S01379
C00511	S01754
C00511	S02004
C00511	S02377
C00511	S02898
C00511	S04210
C00511	S04281
C00511	S04851
C00511	S04943
C00511	S06011
C00511	S07449
C00511	S07641
C00511	S09118
C00511	S09322
C00512	S00542
C00512	S01338
C00512	S01413
C00512	S04506
C00512	S05291
C00512	S07921
C00513	S00543
C00513	S01437
C00513	S02827
C00513	S05347
C00513	S05988
C00513	S07798
C00514	S00544
C00514	S07912
C00515	S00545
C00515	S00659
C00515	S00682
C00515	S01171
C00515	S02124
C00515	S03071
C00515	S03800
C00515	S04929
C00515	S05777
C00515	S06928
C00515	S08083
C00515	S08548
C00515	S09246
C00516	S00546
C00517	S00548
C00517	S03746
C00517	S05735
C00517	S08087
C00518	S00549
C00519	S00550
C00519	S05481
C00520	S00551
C00521	S00552
C00521	S01961
C00521	S09611
C00522	S00555
C00523	S00556
C00523	S04751
C00523	S05760
C00523	S05761
C00524	S00557
C00525	S00558
C00525	S01145
C00525	S05432
C00525	S06455
C00526	S00559
C00526	S03928
C00526	S08151
C00526	S09260
C00527	S00560
C00528	S00561
C00529	S00562
C00530	S00563
C00530	S01370
C00530	S03314
C00530	S04465
C00530	S08148
C00531	S00564
C00531	S03483
C00531	S04811
C00531	S05183
C00531	S05702
C00531	S06748
C00531	S07409
C00532	S00565
C00532	S02999
C00532	S06471
C00532	S06628
C00532	S08977
C00533	S00566
C00534	S00567
C00535	S00568
C00536	S00569
C00537	S00570
C00538	S00572
C00539	S00573
C00539	S01710
C00539	S02433
C00539	S07013
C00540	S00574
C00540	S01569
C00541	S00575
C00541	S03469
C00541	S03511
C00541	S06310
C00541	S09561
C00542	S00578
C00543	S00579
C00544	S00580
C00544	S07373
C00545	S00581
C00545	S01983
C00546	S00582
C00547	S00583
C00548	S00584
C00548	S01207
C00549	S00585
C00550	S00586
C00551	S00587
C00551	S01905
C00552	S00588
C00552	S09130
C00553	S00589
C00554	S00590
C00555	S00591
C00555	S06198
C00555	S06522
C00555	S06660
C00556	S00593
C00556	S01381
C00556	S07777
C00557	S00594
C00558	S00596
C00558	S00975
C00558	S04779
C00559	S00597
C00559	S05461
C00560	S00598
C00560	S06534
C00561	S00599
C00561	S02939
C00561	S09547
C00562	S00600
C00563	S00601
C00564	S00602
C00565	S00603
C00566	S00604
C00567	S00605
C00568	S00606
C00569	S00607
C00569	S01183
C00569	S08621
C00570	S00608
C00570	S06648
C00571	S00609
C00572	S00610
C00572	S01750
C00572	S02876
C00572	S03368
C00572	S03659
C00572	S04482
C00572	S06618
C00572	S07369
C00572	S07740
C00572	S08587
C00572	S08630
C00573	S00611
C00573	S06355
C00574	S00612
C00575	S00613
C00576	S00614
C00576	S09243
C00577	S00615
C00578	S00616
C00579	S00617
C00580	S00618
C00581	S00619
C00582	S00620
C00583	S00621
C00584	S00622
C00584	S01019
C00584	S03235
C00584	S07310
C00585	S00623
C00585	S01090
C00585	S02746
C00585	S03393
C00585	S05614
C00585	S07958
C00586	S00624
C00586	S03655
C00586	S03661
C00586	S05267
C00586	S05879
C00587	S00625
C00588	S00626
C00588	S03165
C00588	S03370
C00588	S03713
C00588	S03715
C00588	S04831
C00588	S05514
C00588	S05804
C00588	S05902
C00588	S06311
C00588	S06747
C00588	S06939
C00588	S07807
C00588	S08135
C00588	S08354
C00588	S09367
C00588	S09507
C00588	S09560
C00588	S09658
C00589	S00627
C00590	S00628
C00591	S00629
C00591	S01048
C00591	S09280
C00592	S00630
C00593	S00631
C00594	S00632
C00595	S00633
C00595	S07652
C00596	S00634
C00597	S00637
C00598	S00638
C00598	S01717
C00598	S02770
C00598	S06887
C00599	S00639
C00600	S00640
C00601	S00641
C00601	S02866
C00601	S05302
C00602	S00642
C00603	S00643
C00603	S03302
C00603	S09499
C00604	S00644
C00605	S00645
C00606	S00646
C00606	S00723
C00606	S01000
C00606	S01103
C00606	S02775
C00606	S05444
C00606	S05706
C00606	S07109
C00606	S08488
C00607	S00647
C00608	S00648
C00609	S00649
C00610	S00650
C00610	S01099
C00611	S00651
C00612	S00652
C00612	S01152
C00612	S02986
C00612	S06174
C00612	S08515
C00612	S09426
C00613	S00653
C00614	S00654
C00614	S00770
C00614	S01027
C00614	S01837
C00614	S01966
C00614	S02066
C00614	S02928
C00614	S03152
C00614	S04719
C00614	S04793
C00614	S06008
C00614	S06541
C00614	S06729
C00614	S06997
C00614	S07016
C00614	S07870
C00614	S09030
C00615	S00655
C00616	S00656
C00617	S00657
C00618	S00658
C00619	S00660
C00620	S00661
C00621	S00662
C00621	S01342
C00622	S00663
C00623	S00664
C00623	S00725
C00623	S00742
C00623	S04207
C00623	S05479
C00624	S00665
C00625	S00666
C00625	S07638
C00626	S00667
C00627	S00669
C00627	S03279
C00627	S09684
C00628	S00670
C00629	S00671
C00630	S00672
C00630	S02027
C00630	S03385
C00631	S00673
C00632	S00674
C00632	S02694
C00633	S00675
C00633	S00861
C00633	S02252
C00633	S04456
C00633	S05641
C00633	S07300
C00634	S00676
C00634	S07419
C00635	S00677
C00635	S06953
C00636	S00678
C00636	S00904
C00636	S04700
C00636	S05434
C00637	S00679
C00638	S00680
C00639	S00681
C00640	S00683
C00641	S00684
C00642	S00685
C00642	S00964
C00642	S01378
C00642	S01489
C00642	S01687
C00642	S01791
C00642	S02074
C00642	S02276
C00642	S03291
C00642	S03907
C00642	S04043
C00642	S05283
C00642	S05944
C00642	S06723
C00642	S07093
C00642	S07302
C00642	S09014
C00643	S00686
C00643	S02467
C00643	S08959
C00643	S09018
C00644	S00687
C00645	S00688
C00646	S00689
C00646	S04111
C00647	S00690
C00647	S08674
C00648	S00692
C00648	S00937
C00649	S00693
C00649	S02367
C00649	S07989
C00650	S00694
C00651	S00695
C00652	S00696
C00652	S04104
C00653	S00697
C00653	S01508
C00653	S08022
C00653	S08338
C00653	S09600
C00654	S00698
C00654	S05023
C00654	S05730
C00654	S07495
C00655	S00699
C00655	S06519
C00656	S00700
C00657	S00701
C00658	S00702
C00658	S07623
C00659	S00703
C00659	S09385
C00660	S00704
C00660	S01615
C00660	S01965
C00660	S02218
C00660	S03884
C00660	S05579
C00660	S05586
C00660	S05671
C00660	S06060
C00660	S06144
C00660	S06166
C00660	S06239
C00660	S06615
C00660	S07158
C00660	S08586
C00660	S08696
C00660	S09633
C00660	S09667
C00661	S00705
C00662	S00707
C00663	S00708
C00664	S00709
C00664	S02495
C00664	S05032
C00665	S00710
C00666	S00711
C00666	S00789
C00666	S02631
C00666	S03790
C00666	S06389
C00666	S07431
C00666	S07817
C00666	S08719
C00666	S09042
C00667	S00712
C00668	S00713
C00668	S01468
C00668	S04455
C00668	S04552
C00668	S04717
C00668	S04890
C00668	S05862
C00668	S07293
C00668	S07506
C00668	S07952
C00668	S08236
C00669	S00714
C00669	S01432
C00669	S02372
C00669	S03475
C00669	S05186
C00669	S08972
C00670	S00716
C00670	S08378
C00671	S00717
C00671	S06520
C00671	S06989
C00671	S09327
C00671	S09538
C00672	S00718
C00673	S00719
C00674	S00720
C00674	S07922
C00675	S00722
C00675	S02329
C00675	S03922
C00675	S08798
C00676	S00724
C00676	S06675
C00677	S00727
C00677	S02316
C00677	S02364
C00677	S03016
C00677	S05807
C00677	S07617
C00677	S08115
C00677	S08994
C00677	S09394
C00677	S09479
C00678	S00728
C00678	S03778
C00678	S04791
C00679	S00729
C00679	S02266
C00679	S02679
C00679	S03827
C00679	S03911
C00679	S05815
C00679	S08523
C00679	S08963
C00680	S00730
C00681	S00731
C00681	S02964
C00681	S04397
C00682	S00732
C00683	S00734
C00684	S00735
C00685	S00736
C00686	S00737
C00686	S08102
C00687	S00738
C00688	S00739
C00689	S00740
C00689	S00747
C00690	S00741
C00691	S00743
C00691	S03435
C00691	S05054
C00691	S08031
C00691	S08377
C00691	S08381
C00692	S00744
C00693	S00746
C00693	S04923
C00693	S05507
C00693	S07692
C00694	S00748
C00695	S00749
C00695	S02893
C00696	S00750
C00697	S00751
C00697	S02109
C00697	S02556
C00697	S05667
C00697	S09403
C00697	S09493
C00697	S09639
C00698	S00752
C00699	S00753
C00700	S00755
C00701	S00756
C00701	S03336
C00702	S00757
C00703	S00758
C00704	S00759
C00705	S00760
C00705	S04960
C00706	S00761
C00707	S00762
C00707	S08795
C00708	S00763
C00708	S00981
C00708	S01529
C00708	S04371
C00708	S04699
C00709	S00765
C00709	S06477
C00710	S00766
C00711	S00768
C00712	S00769
C00713	S00771
C00713	S01927
C00714	S00772
C00714	S01077
C00714	S03387
C00714	S04081
C00714	S04856
C00714	S05383
C00714	S07903
C00715	S00773
C00716	S00774
C00716	S01534
C00717	S00775
C00718	S00776
C00719	S00777
C00719	S01088
C00719	S04052
C00719	S09525
C00720	S00778
C00720	S01830
C00720	S05750
C00720	S06398
C00720	S06484
C00720	S07721
C00721	S00779
C00721	S03624
C00722	S00780
C00723	S00781
C00723	S03196
C00723	S03888
C00723	S06585
C00723	S09045
C00724	S00782
C00725	S00783
C00725	S03500
C00726	S00784
C00727	S00785
C00728	S00786
C00729	S00787
C00729	S02479
C00729	S06323
C00729	S06491
C00729	S07983
C00730	S00788
C00730	S08064
C00731	S00790
C00731	S02395
C00731	S02416
C00731	S02438
C00731	S04881
C00731	S06883
C00732	S00791
C00732	S03858
C00732	S04846
C00732	S07720
C00733	S00792
C00734	S00793
C00734	S02515
C00734	S07528
C00735	S00794
C00735	S03723
C00736	S00795
C00737	S00796
C00738	S00797
C00738	S08600
C00738	S09307
C00739	S00798
C00740	S00800
C00741	S00801
C00742	S00803
C00742	S01679
C00742	S01968
C00743	S00804
C00743	S05637
C00743	S06385
C00744	S00805
C00744	S04925
C00745	S00808
C00746	S00811
C00747	S00812
C00748	S00813
C00749	S00814
C00750	S00815
C00751	S00816
C00751	S03052
C00752	S00817
C00752	S00936
C00752	S04799
C00753	S00818
C00754	S00820
C00754	S01484
C00754	S02605
C00754	S04183
C00754	S06802
C00755	S00821
C00756	S00822
C00757	S00823
C00758	S00825
C00759	S00826
C00759	S03060
C00759	S05981
C00760	S00827
C00761	S00828
C00761	S07992
C00762	S00829
C00763	S00830
C00764	S00831
C00765	S00832
C00766	S00833
C00766	S00922
C00766	S03191
C00766	S04935
C00766	S05079
C00766	S07605
C00766	S09565
C00767	S00835
C00768	S00836
C00768	S01720
C00768	S03534
C00768	S04601
C00769	S00837
C00769	S02744
C00769	S05338
C00770	S00838
C00771	S00839
C00772	S00840
C00773	S00841
C00774	S00842
C00775	S00843
C00776	S00845
C00777	S00846
C00777	S01759
C00778	S00847
C00778	S01028
C00778	S02287
C00778	S03239
C00779	S00849
C00779	S02677
C00780	S00850
C00781	S00851
C00781	S02816
C00781	S03437
C00781	S03984
C00781	S04065
C00781	S05470
C00781	S06086
C00781	S07357
C00781	S08945
C00782	S00852
C00783	S00853
C00784	S00854
C00784	S04454
C00784	S05695
C00784	S05785
C00784	S06065
C00785	S00855
C00785	S03886
C00785	S07023
C00786	S00856
C00787	S00857
C00787	S03195
C00788	S00858
C00788	S06911
C00789	S00859
C00790	S00860
C00791	S00862
C00791	S05386
C00791	S07734
C00792	S00863
C00792	S05663
C00793	S00864
C00794	S00865
C00795	S00866
C00796	S00867
C00797	S00868
C00798	S00869
C00798	S02055
C00798	S03184
C00798	S04984
C00798	S05827
C00798	S07699
C00798	S08450
C00798	S08607
C00798	S08792
C00798	S09554
C00799	S00870
C00799	S05475
C00800	S00871
C00800	S02520
C00801	S00872
C00802	S00873
C00803	S00874
C00803	S05240
C00804	S00875
C00805	S00876
C00806	S00877
C00806	S01020
C00806	S01075
C00806	S01165
C00806	S01415
C00806	S01977
C00806	S01979
C00806	S02114
C00806	S02137
C00806	S02250
C00806	S02482
C00806	S02795
C00806	S02892
C00806	S02966
C00806	S03397
C00806	S03422
C00806	S03708
C00806	S03994
C00806	S04314
C00806	S05366
C00806	S05617
C00806	S05933
C00806	S06095
C00806	S06580
C00806	S06782
C00806	S06825
C00806	S06971
C00806	S07030
C00806	S07339
C00806	S07660
C00806	S07946
C00806	S08059
C00806	S08122
C00806	S08260
C00806	S08327
C00806	S08419
C00806	S08492
C00806	S08784
C00806	S09610
C00806	S09714
C00807	S00879
C00808	S00880
C00809	S00882
C00810	S00883
C00811	S00884
C00812	S00885
C00812	S01237
C00812	S01727
C00812	S01910
C00812	S02060
C00812	S02536
C00812	S02804
C00812	S02942
C00812	S03026
C00812	S03451
C00812	S03877
C00812	S04040
C00812	S04167
C00812	S04293
C00812	S04389
C00812	S04655
C00812	S04707
C00812	S05004
C00812	S05081
C00812	S05145
C00812	S05471
C00812	S06113
C00812	S06232
C00812	S06888
C00812	S06981
C00812	S07119
C00812	S07205
C00812	S07403
C00812	S07750
C00812	S07991
C00812	S08094
C00812	S08251
C00812	S08856
C00812	S09081
C00812	S09163
C00813	S00887
C00814	S00888
C00814	S03257
C00814	S03345
C00814	S03692
C00814	S04447
C00815	S00889
C00816	S00890
C00817	S00891
C00818	S00892
C00819	S00893
C00820	S00894
C00820	S02253
C00821	S00895
C00821	S09320
C00822	S00896
C00823	S00897
C00823	S07790
C00823	S08569
C00823	S08995
C00823	S09722
C00824	S00898
C00825	S00899
C00826	S00900
C00827	S00901
C00827	S08660
C00827	S09594
C00828	S00902
C00828	S01098
C00828	S04032
C00828	S06079
C00828	S07748
C00828	S08363
C00829	S00903
C00830	S00906
C00831	S00907
C00832	S00908
C00832	S03216
C00832	S03262
C00832	S03532
C00832	S04061
C00832	S04196
C00832	S05957
C00832	S06680
C00832	S06701
C00832	S06999
C00832	S07050
C00832	S08335
C00833	S00909
C00834	S00910
C00834	S02386
C00834	S06446
C00835	S00911
C00835	S05528
C00836	S00914
C00837	S00915
C00837	S01879
C00837	S04967
C00837	S05316
C00837	S05982
C00837	S08220
C00837	S08311
C00837	S08563
C00838	S00916
C00839	S00917
C00840	S00918
C00840	S02557
C00840	S03741
C00841	S00919
C00842	S00920
C00843	S00921
C00843	S05257
C00844	S00923
C00845	S00924
C00846	S00926
C00846	S03813
C00846	S04973
C00846	S04994
C00846	S05837
C00846	S06256
C00846	S08618
C00846	S09054
C00847	S00928
C00847	S01256
C00847	S06259
C00848	S00929
C00848	S07935
C00849	S00930
C00849	S02514
C00849	S03092
C00849	S04337
C00849	S05968
C00849	S09191
C00849	S09227
C00850	S00932
C00851	S00933
C00851	S01427
C00852	S00934
C00852	S01350
C00852	S08496
C00853	S00938
C00854	S00939
C00855	S00940
C00855	S09093
C00856	S00941
C00857	S00942
C00858	S00943
C00859	S00944
C00860	S00945
C00861	S00946
C00861	S01006
C00861	S03233
C00861	S03339
C00861	S04132
C00861	S05871
C00861	S05931
C00861	S06766
C00861	S07227
C00861	S07241
C00861	S07475
C00861	S08021
C00861	S09027
C00862	S00947
C00863	S00948
C00864	S00949
C00865	S00950
C00865	S05573
C00866	S00951
C00866	S04617
C00867	S00953
C00867	S08078
C00867	S08836
C00868	S00954
C00869	S00955
C00870	S00956
C00870	S07345
C00871	S00957
C00871	S01419
C00871	S01640
C00871	S01809
C00871	S01823
C00871	S01911
C00871	S01919
C00871	S02785
C00871	S03135
C00871	S03556
C00871	S04244
C00871	S05038
C00871	S05374
C00871	S05409
C00871	S05522
C00871	S06228
C00871	S08435
C00871	S09730
C00872	S00959
C00873	S00960
C00874	S00961
C00875	S00962
C00875	S02545
C00875	S03265
C00875	S03593
C00875	S03986
C00875	S04113
C00875	S04439
C00875	S05001
C00875	S05040
C00875	S05853
C00875	S07493
C00875	S09077
C00876	S00963
C00877	S00966
C00877	S07043
C00877	S09451
C00878	S00967
C00879	S00968
C00879	S02354
C00879	S06167
C00879	S09193
C00879	S09212
C00880	S00969
C00881	S00970
C00881	S03076
C00881	S03674
C00881	S03846
C00881	S06499
C00881	S07052
C00881	S07810
C00881	S08570
C00881	S09094
C00882	S00971
C00882	S01170
C00882	S04841
C00882	S08661
C00883	S00973
C00883	S01771
C00883	S04325
C00883	S04513
C00884	S00974
C00885	S00976
C00886	S00977
C00887	S00978
C00888	S00979
C00888	S08772
C00889	S00980
C00890	S00982
C00891	S00984
C00892	S00985
C00892	S02193
C00892	S03490
C00892	S03707
C00892	S03794
C00892	S04156
C00892	S04268
C00892	S05313
C00892	S06465
C00892	S06736
C00892	S06890
C00892	S07221
C00892	S08406
C00892	S09060
C00892	S09239
C00893	S00986
C00893	S01960
C00894	S00987
C00895	S00988
C00896	S00989
C00897	S00990
C00898	S00991
C00899	S00992
C00899	S04143
C00900	S00993
C00900	S06755
C00901	S00994
C00902	S00995
C00903	S00996
C00904	S00997
C00904	S01559
C00905	S00998
C00906	S00999
C00907	S01001
C00907	S04696
C00907	S09138
C00908	S01002
C00909	S01003
C00910	S01004
C00910	S07018
C00911	S01007
C00912	S01008
C00912	S02540
C00912	S03965
C00912	S06017
C00912	S08518
C00912	S09053
C00913	S01009
C00914	S01010
C00915	S01011
C00916	S01012
C00917	S01013
C00917	S02498
C00917	S04855
C00917	S05043
C00918	S01014
C00918	S09430
C00919	S01015
C00920	S01016
C00921	S01017
C00921	S05942
C00921	S09159
C00922	S01018
C00922	S03100
C00922	S07536
C00922	S08384
C00923	S01021
C00923	S01514
C00923	S02157
C00923	S02280
C00923	S02349
C00923	S03085
C00923	S03420
C00923	S03596
C00923	S04423
C00923	S04738
C00923	S04862
C00923	S05510
C00923	S05721
C00923	S06756
C00923	S07691
C00923	S07876
C00924	S01022
C00925	S01023
C00926	S01025
C00926	S05540
C00926	S05707
C00927	S01026
C00928	S01030
C00929	S01031
C00930	S01032
C00930	S01782
C00930	S08848
C00931	S01033
C00931	S03630
C00932	S01034
C00933	S01035
C00933	S01206
C00933	S02234
C00934	S01037
C00934	S05920
C00934	S07881
C00935	S01038
C00935	S07540
C00936	S01041
C00936	S06572
C00937	S01042
C00938	S01043
C00938	S02642
C00939	S01044
C00940	S01045
C00941	S01047
C00942	S01049
C00943	S01050
C00944	S01051
C00944	S09302
C00945	S01052
C00946	S01053
C00946	S01528
C00946	S02075
C00946	S07620
C00946	S08200
C00947	S01054
C00948	S01055
C00949	S01056
C00950	S01057
C00951	S01058
C00951	S05350
C00952	S01059
C00953	S01060
C00954	S01061
C00954	S03750
C00954	S04100
C00955	S01062
C00956	S01063
C00957	S01064
C00958	S01065
C00959	S01066
C00959	S01789
C00959	S02058
C00959	S02064
C00959	S02506
C00959	S04906
C00959	S06287
C00959	S06412
C00959	S06467
C00959	S06595
C00960	S01067
C00961	S01068
C00962	S01069
C00963	S01070
C00963	S06901
C00963	S08116
C00964	S01071
C00964	S03327
C00965	S01072
C00966	S01074
C00967	S01076
C00967	S08295
C00968	S01078
C00968	S01547
C00968	S09578
C00969	S01079
C00970	S01081
C00971	S01082
C00971	S07376
C00972	S01084
C00972	S05330
C00972	S06941
C00972	S07282
C00972	S08941
C00973	S01085
C00974	S01086
C00975	S01087
C00976	S01089
C00977	S01091
C00978	S01092
C00978	S02148
C00978	S08832
C00979	S01093
C00979	S01888
C00979	S02136
C00979	S03780
C00979	S04047
C00979	S05376
C00979	S05941
C00979	S07634
C00979	S08697
C00979	S08871
C00979	S09380
C00980	S01097
C00981	S01100
C00982	S01101
C00982	S02368
C00983	S01102
C00983	S03876
C00984	S01104
C00985	S01105
C00986	S01106
C00986	S05826
C00987	S01107
C00988	S01108
C00989	S01109
C00990	S01110
C00991	S01111
C00992	S01112
C00992	S03046
C00992	S03346
C00992	S04091
C00993	S01114
C00994	S01115
C00995	S01116
C00995	S01572
C00995	S05748
C00995	S07516
C00995	S08326
C00996	S01117
C00996	S01674
C00996	S02474
C00996	S04102
C00996	S04368
C00996	S05909
C00996	S08153
C00996	S09214
C00997	S01118
C00998	S01121
C00998	S07818
C00999	S01122
C00999	S04041
C01000	S01123
C01000	S02948
C01001	S01124
C01001	S02362
C01001	S03206
C01001	S08307
C01002	S01125
C01003	S01127
C01004	S01128
C01004	S06274
C01004	S08816
C01005	S01129
C01005	S01841
C01005	S02573
C01005	S04175
C01005	S06653
C01005	S07346
C01006	S01130
C01006	S03114
C01006	S03136
C01006	S04001
C01006	S04392
C01006	S06513
C01006	S06597
C01006	S07160
C01006	S07323
C01006	S07444
C01006	S08243
C01006	S08455
C01006	S08562
C01006	S09637
C01007	S01131
C01008	S01132
C01009	S01133
C01010	S01134
C01010	S09353
C01011	S01135
C01012	S01136
C01013	S01138
C01013	S01159
C01013	S06722
C01014	S01139
C01015	S01140
C01016	S01141
C01017	S01142
C01018	S01143
C01018	S01895
C01018	S02657
C01018	S08567
C01019	S01144
C01020	S01146
C01020	S01849
C01020	S04242
C01020	S06158
C01021	S01147
C01022	S01148
C01022	S03479
C01022	S03769
C01022	S05205
C01022	S08584
C01022	S09111
C01023	S01149
C01024	S01150
C01025	S01153
C01026	S01155
C01026	S01493
C01026	S01820
C01026	S04581
C01026	S07728
C01026	S08040
C01026	S09253
C01027	S01156
C01028	S01157
C01029	S01158
C01030	S01160
C01031	S01161
C01032	S01162
C01032	S01510
C01032	S02076
C01032	S06769
C01032	S09478
C01033	S01163
C01034	S01164
C01035	S01166
C01036	S01167
C01037	S01168
C01037	S01854
C01037	S02317
C01037	S02895
C01037	S03757
C01037	S04910
C01037	S05279
C01037	S05442
C01037	S05845
C01037	S06066
C01037	S06797
C01037	S06833
C01037	S07286
C01038	S01172
C01038	S01364
C01038	S04478
C01038	S04558
C01038	S08704
C01039	S01173
C01039	S02123
C01040	S01174
C01040	S01625
C01040	S06108
C01040	S06725
C01041	S01175
C01042	S01176
C01043	S01177
C01044	S01179
C01044	S06757
C01044	S07538
C01045	S01180
C01046	S01181
C01047	S01182
C01047	S03413
C01047	S05459
C01047	S06401
C01047	S06435
C01047	S06869
C01047	S07600
C01047	S08815
C01048	S01184
C01048	S01336
C01048	S01797
C01048	S01804
C01048	S02534
C01048	S03343
C01048	S03842
C01048	S04549
C01048	S06494
C01048	S07082
C01048	S08358
C01049	S01185
C01050	S01186
C01050	S09459
C01050	S09728
C01051	S01187
C01052	S01188
C01052	S03074
C01052	S07456
C01053	S01189
C01053	S04134
C01054	S01190
C01055	S01191
C01055	S09612
C01056	S01192
C01057	S01193
C01057	S01485
C01057	S01950
C01057	S04206
C01057	S04271
C01057	S05364
C01057	S05676
C01057	S07011
C01057	S07386
C01057	S08065
C01057	S08265
C01057	S08524
C01058	S01194
C01059	S01195
C01060	S01196
C01061	S01198
C01062	S01199
C01062	S03093
C01062	S04894
C01062	S07562
C01062	S09681
C01063	S01201
C01064	S01202
C01065	S01204
C01066	S01205
C01067	S01208
C01068	S01209
C01069	S01210
C01069	S02093
C01069	S04775
C01070	S01211
C01071	S01212
C01071	S01371
C01071	S03765
C01071	S05852
C01072	S01213
C01073	S01214
C01073	S02665
C01074	S01215
C01074	S06369
C01075	S01216
C01076	S01217
C01077	S01218
C01077	S04977
C01078	S01219
C01079	S01220
C01079	S01420
C01079	S02305
C01079	S06745
C01079	S09000
C01080	S01221
C01080	S07576
C01081	S01223
C01081	S05345
C01081	S07580
C01082	S01224
C01083	S01226
C01084	S01227
C01085	S01228
C01085	S07354
C01086	S01229
C01087	S01230
C01088	S01231
C01088	S03566
C01088	S05277
C01088	S06452
C01089	S01232
C01090	S01233
C01091	S01234
C01091	S05419
C01092	S01236
C01093	S01238
C01093	S07635
C01094	S01239
C01095	S01240
C01096	S01241
C01097	S01242
C01098	S01243
C01098	S04491
C01099	S01244
C01100	S01245
C01101	S01246
C01102	S01247
C01103	S01248
C01104	S01249
C01105	S01250
C01105	S04462
C01106	S01251
C01106	S01297
C01106	S01650
C01106	S02912
C01106	S05948
C01107	S01253
C01107	S03946
C01107	S07105
C01108	S01254
C01108	S06847
C01109	S01255
C01109	S02216
C01109	S06925
C01110	S01257
C01110	S02455
C01111	S01259
C01111	S05276
C01112	S01261
C01113	S01262
C01114	S01263
C01115	S01264
C01116	S01265
C01117	S01266
C01118	S01267
C01118	S02509
C01118	S03682
C01118	S04130
C01118	S08405
C01118	S09422
C01118	S09555
C01119	S01268
C01120	S01270
C01120	S06292
C01121	S01271
C01122	S01273
C01123	S01274
C01124	S01275
C01124	S07554
C01125	S01276
C01126	S01277
C01126	S01952
C01126	S02302
C01126	S02462
C01126	S05075
C01127	S01278
C01128	S01279
C01128	S04990
C01128	S06579
C01128	S08139
C01129	S01280
C01130	S01281
C01131	S01283
C01132	S01284
C01132	S08185
C01133	S01285
C01134	S01288
C01134	S03125
C01134	S03430
C01134	S04570
C01134	S06003
C01134	S06142
C01134	S06772
C01135	S01291
C01135	S02423
C01135	S06243
C01136	S01292
C01137	S01293
C01138	S01294
C01138	S01553
C01138	S02461
C01138	S03200
C01138	S04003
C01138	S04492
C01138	S04628
C01138	S05688
C01138	S05724
C01138	S05806
C01138	S06250
C01138	S07571
C01139	S01295
C01140	S01296
C01141	S01298
C01142	S01299
C01143	S01301
C01143	S04184
C01143	S09007
C01144	S01302
C01144	S01646
C01144	S01781
C01144	S06218
C01144	S07504
C01145	S01303
C01146	S01304
C01146	S01988
C01146	S02955
C01146	S04274
C01146	S06635
C01146	S06804
C01146	S07722
C01146	S07766
C01146	S08889
C01146	S09622
C01147	S01305
C01148	S01306
C01148	S01728
C01148	S07557
C01149	S01308
C01149	S07695
C01150	S01309
C01151	S01310
C01152	S01311
C01152	S01353
C01152	S03612
C01152	S05714
C01152	S06383
C01152	S08903
C01153	S01312
C01154	S01314
C01155	S01315
C01156	S01316
C01157	S01317
C01158	S01318
C01159	S01319
C01160	S01320
C01160	S09706
C01161	S01321
C01162	S01323
C01162	S04406
C01162	S04483
C01163	S01324
C01164	S01325
C01164	S04042
C01164	S09363
C01165	S01326
C01166	S01327
C01167	S01328
C01167	S05248
C01168	S01329
C01169	S01330
C01169	S01682
C01169	S05336
C01169	S07445
C01169	S08370
C01170	S01331
C01170	S05449
C01170	S05508
C01170	S06535
C01171	S01332
C01172	S01333
C01172	S01915
C01172	S03817
C01172	S04303
C01172	S05498
C01172	S06924
C01172	S07331
C01172	S07412
C01172	S07791
C01172	S08494
C01172	S08611
C01172	S08762
C01172	S09009
C01172	S09729
C01173	S01335
C01174	S01339
C01174	S05247
C01175	S01340
C01175	S07782
C01176	S01341
C01177	S01343
C01178	S01344
C01178	S04302
C01178	S07378
C01179	S01345
C01180	S01346
C01180	S03953
C01181	S01347
C01182	S01349
C01183	S01351
C01184	S01354
C01184	S01729
C01184	S09072
C01185	S01355
C01186	S01356
C01186	S02134
C01186	S03011
C01186	S05221
C01186	S06674
C01187	S01358
C01187	S04554
C01188	S01359
C01189	S01360
C01190	S01363
C01191	S01365
C01191	S04867
C01191	S05266
C01192	S01366
C01193	S01367
C01193	S03536
C01194	S01368
C01195	S01369
C01196	S01372
C01196	S06061
C01197	S01373
C01197	S09139
C01198	S01374
C01199	S01375
C01199	S05468
C01200	S01376
C01201	S01377
C01202	S01380
C01202	S07886
C01203	S01382
C01203	S02767
C01203	S04982
C01203	S05600
C01203	S05690
C01203	S07337
C01203	S07420
C01203	S08201
C01204	S01383
C01204	S02676
C01204	S03025
C01204	S03142
C01204	S04933
C01204	S06308
C01204	S09319
C01204	S09526
C01205	S01385
C01206	S01386
C01207	S01387
C01207	S02331
C01207	S03186
C01207	S06859
C01207	S06946
C01208	S01388
C01208	S03560
C01209	S01389
C01210	S01390
C01210	S04119
C01211	S01392
C01212	S01393
C01212	S06112
C01212	S08571
C01213	S01394
C01213	S02168
C01213	S07993
C01213	S08070
C01214	S01396
C01214	S03149
C01215	S01397
C01216	S01398
C01216	S07472
C01217	S01399
C01218	S01400
C01218	S02247
C01218	S03151
C01218	S05963
C01218	S07027
C01218	S08058
C01218	S08168
C01218	S08479
C01219	S01401
C01219	S06087
C01220	S01402
C01220	S08578
C01221	S01403
C01222	S01404
C01223	S01405
C01223	S05427
C01224	S01406
C01224	S09605
C01225	S01407
C01225	S05936
C01226	S01408
C01226	S02651
C01226	S03775
C01226	S04421
C01226	S05041
C01226	S05485
C01226	S05568
C01226	S06400
C01227	S01410
C01228	S01411
C01228	S06940
C01229	S01412
C01229	S01767
C01229	S01978
C01229	S02283
C01229	S02555
C01229	S02602
C01229	S05077
C01229	S05229
C01229	S05483
C01229	S06813
C01229	S07613
C01229	S08408
C01230	S01414
C01231	S01416
C01232	S01417
C01233	S01418
C01234	S01421
C01234	S03116
C01235	S01422
C01236	S01423
C01237	S01424
C01238	S01425
C01238	S03830
C01239	S01426
C01239	S08447
C01240	S01428
C01241	S01430
C01242	S01431
C01242	S08304
C01243	S01433
C01243	S01982
C01244	S01434
C01244	S02535
C01244	S08096
C01245	S01435
C01246	S01436
C01247	S01438
C01247	S01847
C01247	S09723
C01248	S01439
C01248	S02084
C01248	S07523
C01248	S08216
C01248	S09223
C01249	S01440
C01250	S01441
C01250	S02731
C01251	S01442
C01252	S01444
C01253	S01445
C01254	S01448
C01255	S01449
C01255	S04537
C01255	S07574
C01256	S01450
C01256	S08152
C01256	S08331
C01257	S01451
C01258	S01452
C01258	S04172
C01259	S01453
C01259	S02457
C01259	S06715
C01259	S07525
C01260	S01454
C01260	S06828
C01260	S08707
C01261	S01455
C01262	S01456
C01263	S01457
C01264	S01458
C01264	S04521
C01264	S05657
C01264	S07311
C01264	S07862
C01265	S01459
C01265	S08576
C01266	S01460
C01267	S01461
C01267	S06426
C01267	S08016
C01268	S01462
C01268	S07287
C01269	S01463
C01270	S01464
C01270	S04407
C01270	S04448
C01271	S01465
C01272	S01467
C01272	S07434
C01273	S01469
C01274	S01471
C01275	S01473
C01275	S05537
C01275	S07125
C01276	S01474
C01277	S01475
C01278	S01476
C01279	S01477
C01279	S01694
C01279	S03662
C01279	S05320
C01279	S07164
C01279	S07823
C01279	S08259
C01280	S01479
C01281	S01480
C01282	S01481
C01282	S04386
C01282	S07659
C01282	S09069
C01283	S01482
C01284	S01483
C01285	S01486
C01285	S03937
C01286	S01487
C01286	S09590
C01287	S01488
C01288	S01491
C01289	S01492
C01289	S04087
C01289	S06128
C01289	S06593
C01289	S08537
C01289	S08658
C01289	S08783
C01290	S01494
C01291	S01495
C01292	S01496
C01292	S05596
C01292	S08371
C01292	S08779
C01292	S09342
C01292	S09463
C01293	S01497
C01293	S04536
C01294	S01498
C01295	S01499
C01296	S01500
C01297	S01501
C01298	S01502
C01299	S01504
C01300	S01505
C01301	S01506
C01302	S01507
C01303	S01509
C01304	S01511
C01305	S01512
C01305	S08421
C01306	S01513
C01307	S01515
C01307	S02420
C01307	S02901
C01307	S03857
C01307	S05551
C01307	S05797
C01307	S09299
C01307	S09673
C01308	S01516
C01309	S01517
C01309	S02117
C01309	S04179
C01309	S07085
C01310	S01518
C01311	S01519
C01312	S01520
C01312	S01822
C01313	S01521
C01313	S06601
C01313	S07685
C01313	S08861
C01314	S01522
C01315	S01523
C01315	S02304
C01315	S04999
C01316	S01524
C01317	S01525
C01317	S05556
C01318	S01527
C01319	S01530
C01320	S01531
C01321	S01533
C01322	S01535
C01323	S01536
C01323	S03352
C01324	S01537
C01324	S07496
C01325	S01538
C01325	S04214
C01326	S01539
C01326	S01734
C01326	S02381
C01327	S01540
C01328	S01541
C01328	S06643
C01329	S01543
C01330	S01544
C01330	S03409
C01331	S01545
C01332	S01546
C01333	S01548
C01334	S01550
C01335	S01552
C01336	S01554
C01336	S02737
C01336	S03602
C01336	S05500
C01336	S06451
C01337	S01555
C01338	S01556
C01338	S02000
C01339	S01557
C01340	S01558
C01341	S01560
C01341	S05585
C01341	S07063
C01342	S01561
C01343	S01562
C01343	S03609
C01344	S01563
C01344	S03431
C01344	S05817
C01345	S01564
C01346	S01565
C01347	S01566
C01348	S01567
C01349	S01568
C01350	S01570
C01350	S09303
C01351	S01571
C01351	S07799
C01352	S01573
C01353	S01574
C01353	S09698
C01354	S01575
C01355	S01576
C01356	S01577
C01357	S01578
C01358	S01579
C01358	S01875
C01359	S01580
C01360	S01581
C01360	S05175
C01361	S01582
C01361	S01676
C01361	S05400
C01362	S01584
C01363	S01585
C01364	S01586
C01364	S03704
C01365	S01588
C01366	S01589
C01367	S01590
C01368	S01591
C01368	S02106
C01368	S03028
C01368	S03355
C01368	S06351
C01369	S01592
C01369	S04561
C01370	S01593
C01371	S01594
C01371	S02627
C01372	S01595
C01372	S03910
C01373	S01597
C01373	S04747
C01374	S01598
C01375	S01599
C01376	S01600
C01377	S01601
C01378	S01602
C01379	S01603
C01379	S07939
C01380	S01604
C01381	S01605
C01382	S01606
C01382	S01735
C01382	S02271
C01382	S02832
C01382	S03671
C01382	S03908
C01382	S05356
C01382	S08228
C01382	S09648
C01383	S01608
C01383	S08483
C01384	S01609
C01384	S08907
C01384	S09275
C01385	S01610
C01386	S01611
C01387	S01612
C01387	S02228
C01388	S01613
C01388	S05249
C01388	S05294
C01389	S01614
C01390	S01616
C01391	S01619
C01392	S01620
C01392	S09005
C01393	S01621
C01394	S01622
C01395	S01623
C01396	S01624
C01397	S01626
C01398	S01627
C01398	S02477
C01399	S01628
C01399	S09199
C01400	S01630
C01400	S02610
C01401	S01633
C01402	S01634
C01403	S01635
C01403	S08299
C01404	S01636
C01404	S08503
C01405	S01637
C01406	S01638
C01407	S01639
C01408	S01641
C01408	S03478
C01408	S03904
C01409	S01642
C01410	S01644
C01411	S01645
C01412	S01647
C01413	S01648
C01414	S01649
C01415	S01651
C01416	S01652
C01417	S01653
C01418	S01654
C01418	S02662
C01418	S03300
C01418	S03512
C01418	S03617
C01418	S04338
C01418	S06200
C01419	S01655
C01419	S02614
C01419	S02732
C01419	S03791
C01419	S04327
C01420	S01656
C01420	S08668
C01421	S01657
C01421	S06587
C01421	S07363
C01422	S01658
C01422	S03917
C01422	S03955
C01423	S01659
C01424	S01660
C01425	S01661
C01426	S01662
C01427	S01663
C01427	S04741
C01427	S05324
C01427	S07693
C01427	S09371
C01428	S01664
C01429	S01665
C01430	S01666
C01431	S01667
C01431	S04580
C01431	S06438
C01431	S08830
C01432	S01668
C01433	S01669
C01434	S01670
C01435	S01671
C01436	S01672
C01437	S01673
C01438	S01677
C01439	S01678
C01440	S01681
C01440	S07163
C01441	S01683
C01442	S01685
C01443	S01686
C01444	S01688
C01445	S01689
C01446	S01690
C01447	S01691
C01447	S02177
C01447	S02858
C01447	S03358
C01447	S04959
C01447	S08245
C01448	S01692
C01449	S01693
C01449	S09644
C01450	S01695
C01451	S01696
C01451	S07503
C01451	S07627
C01452	S01698
C01452	S03356
C01453	S01699
C01454	S01700
C01454	S02088
C01454	S03283
C01454	S04621
C01454	S05195
C01454	S05250
C01454	S05664
C01455	S01702
C01456	S01704
C01457	S01705
C01458	S01706
C01459	S01707
C01460	S01708
C01461	S01709
C01462	S01711
C01463	S01712
C01463	S02436
C01464	S01713
C01465	S01714
C01465	S04848
C01466	S01715
C01467	S01716
C01468	S01718
C01469	S01721
C01469	S02091
C01470	S01722
C01470	S07058
C01471	S01723
C01471	S08073
C01472	S01724
C01473	S01725
C01474	S01730
C01475	S01732
C01475	S02649
C01475	S03211
C01475	S06827
C01475	S07267
C01475	S07381
C01475	S08449
C01475	S08561
C01475	S09198
C01476	S01733
C01477	S01736
C01477	S04487
C01478	S01737
C01479	S01738
C01479	S09676
C01480	S01739
C01481	S01740
C01481	S08921
C01482	S01741
C01482	S08573
C01483	S01742
C01484	S01743
C01484	S05058
C01485	S01744
C01486	S01745
C01487	S01746
C01488	S01747
C01489	S01748
C01489	S09270
C01490	S01749
C01491	S01751
C01492	S01752
C01492	S05622
C01492	S06234
C01492	S07670
C01493	S01753
C01494	S01755
C01494	S05576
C01495	S01756
C01495	S06476
C01496	S01757
C01497	S01758
C01498	S01760
C01499	S01761
C01500	S01763
C01501	S01764
C01502	S01765
C01502	S02987
C01502	S06028
C01502	S07481
C01502	S09358
C01503	S01766
C01504	S01768
C01504	S02475
C01505	S01769
C01505	S05119
C01506	S01770
C01507	S01772
C01508	S01773
C01509	S01774
C01510	S01775
C01510	S03065
C01510	S03931
C01511	S01776
C01512	S01777
C01512	S02975
C01513	S01778
C01514	S01779
C01515	S01780
C01516	S01783
C01517	S01784
C01518	S01785
C01518	S02715
C01519	S01786
C01520	S01787
C01520	S04879
C01521	S01788
C01521	S04974
C01522	S01790
C01523	S01792
C01524	S01793
C01525	S01794
C01525	S02856
C01526	S01795
C01526	S02262
C01526	S03264
C01527	S01796
C01527	S07681
C01528	S01798
C01529	S01800
C01530	S01802
C01531	S01803
C01532	S01805
C01532	S08310
C01533	S01806
C01534	S01807
C01535	S01808
C01536	S01811
C01537	S01812
C01538	S01813
C01539	S01814
C01540	S01815
C01541	S01816
C01542	S01817
C01542	S05215
C01542	S05278
C01543	S01818
C01544	S01819
C01545	S01821
C01545	S05293
C01545	S06554
C01546	S01824
C01547	S01825
C01547	S03798
C01548	S01826
C01549	S01827
C01549	S08961
C01550	S01828
C01550	S05329
C01550	S05869
C01550	S06731
C01550	S09062
C01551	S01829
C01552	S01831
C01552	S05412
C01552	S05647
C01552	S06057
C01552	S06299
C01552	S06328
C01553	S01832
C01553	S03323
C01553	S04578
C01553	S05460
C01553	S06805
C01554	S01833
C01555	S01834
C01556	S01835
C01556	S02231
C01556	S03834
C01556	S03932
C01556	S06528
C01556	S08355
C01556	S09182
C01557	S01836
C01558	S01838
C01559	S01839
C01560	S01840
C01561	S01842
C01562	S01844
C01563	S01845
C01564	S01846
C01565	S01850
C01565	S03667
C01565	S07157
C01566	S01851
C01567	S01852
C01567	S02244
C01567	S09476
C01568	S01853
C01569	S01855
C01570	S01856
C01571	S01857
C01571	S04254
C01572	S01858
C01573	S01860
C01573	S07759
C01574	S01861
C01575	S01862
C01576	S01864
C01576	S06687
C01577	S01865
C01578	S01866
C01579	S01867
C01580	S01868
C01580	S06124
C01581	S01869
C01582	S01870
C01583	S01871
C01583	S02641
C01584	S01872
C01584	S02569
C01584	S05887
C01585	S01873
C01585	S05072
C01586	S01874
C01587	S01876
C01588	S01877
C01589	S01878
C01589	S07394
C01590	S01880
C01591	S01881
C01592	S01882
C01593	S01883
C01594	S01885
C01594	S08076
C01595	S01886
C01595	S03734
C01596	S01887
C01597	S01890
C01597	S09185
C01598	S01891
C01599	S01893
C01600	S01894
C01600	S03330
C01601	S01896
C01601	S06025
C01602	S01897
C01603	S01898
C01603	S03162
C01603	S05073
C01604	S01899
C01605	S01900
C01605	S04039
C01606	S01901
C01607	S01902
C01608	S01903
C01609	S01904
C01610	S01906
C01611	S01907
C01612	S01908
C01612	S08797
C01613	S01909
C01613	S03999
C01614	S01913
C01615	S01916
C01616	S01917
C01616	S02807
C01617	S01920
C01617	S04379
C01618	S01921
C01619	S01922
C01620	S01923
C01620	S09019
C01621	S01925
C01622	S01926
C01623	S01928
C01623	S05506
C01624	S01929
C01624	S08264
C01625	S01930
C01625	S02278
C01625	S04310
C01625	S07960
C01626	S01931
C01627	S01932
C01628	S01933
C01629	S01934
C01630	S01935
C01630	S03253
C01631	S01936
C01632	S01937
C01633	S01938
C01634	S01939
C01634	S08558
C01635	S01940
C01635	S02397
C01635	S07701
C01636	S01941
C01636	S03146
C01636	S05000
C01636	S08900
C01637	S01942
C01638	S01943
C01639	S01944
C01640	S01946
C01640	S07233
C01641	S01947
C01642	S01948
C01642	S06945
C01642	S09595
C01643	S01949
C01644	S01951
C01644	S06357
C01645	S01954
C01646	S01955
C01647	S01956
C01647	S08928
C01648	S01957
C01649	S01958
C01650	S01959
C01651	S01962
C01652	S01964
C01653	S01969
C01653	S02426
C01653	S04353
C01653	S05919
C01653	S06749
C01654	S01970
C01654	S03767
C01655	S01971
C01656	S01972
C01656	S07584
C01657	S01973
C01658	S01974
C01659	S01975
C01660	S01976
C01661	S01984
C01662	S01985
C01662	S05194
C01663	S01986
C01663	S03763
C01663	S06473
C01663	S08883
C01664	S01987
C01664	S03700
C01665	S01989
C01666	S01990
C01667	S01992
C01668	S01993
C01669	S01994
C01670	S01995
C01670	S04229
C01671	S01996
C01672	S01997
C01673	S01998
C01674	S01999
C01674	S02788
C01675	S02001
C01675	S05178
C01676	S02002
C01677	S02005
C01678	S02006
C01679	S02007
C01679	S03105
C01679	S04493
C01680	S02009
C01680	S02761
C01680	S03242
C01680	S05282
C01680	S05301
C01680	S06760
C01680	S08002
C01681	S02010
C01681	S07505
C01682	S02012
C01682	S05118
C01683	S02013
C01684	S02014
C01685	S02015
C01686	S02016
C01687	S02017
C01687	S02111
C01688	S02018
C01689	S02019
C01690	S02024
C01690	S06431
C01690	S08640
C01690	S09084
C01691	S02025
C01691	S08055
C01692	S02026
C01692	S06967
C01692	S08308
C01693	S02028
C01694	S02029
C01695	S02031
C01696	S02033
C01697	S02034
C01697	S05251
C01698	S02035
C01699	S02036
C01700	S02038
C01700	S02248
C01701	S02039
C01701	S02373
C01701	S02998
C01701	S03276
C01701	S03561
C01701	S06619
C01701	S08205
C01702	S02040
C01703	S02041
C01704	S02042
C01705	S02043
C01706	S02044
C01707	S02045
C01707	S08399
C01707	S09071
C01708	S02047
C01708	S05476
C01708	S08510
C01708	S08778
C01709	S02049
C01710	S02050
C01711	S02051
C01711	S03679
C01712	S02053
C01713	S02054
C01714	S02056
C01714	S04382
C01714	S04865
C01714	S05265
C01714	S07142
C01714	S07678
C01714	S09346
C01715	S02057
C01716	S02059
C01716	S04891
C01717	S02061
C01718	S02062
C01719	S02063
C01720	S02065
C01721	S02067
C01722	S02068
C01722	S02564
C01722	S03042
C01722	S03915
C01722	S07424
C01722	S09316
C01723	S02069
C01724	S02070
C01725	S02073
C01726	S02077
C01726	S03130
C01726	S03259
C01726	S04442
C01726	S04951
C01726	S06335
C01726	S08700
C01726	S09608
C01726	S09704
C01727	S02078
C01728	S02080
C01729	S02081
C01729	S02384
C01729	S03587
C01730	S02082
C01730	S04871
C01730	S06029
C01730	S08749
C01731	S02085
C01731	S05832
C01732	S02087
C01733	S02089
C01734	S02090
C01734	S02533
C01735	S02092
C01736	S02094
C01737	S02095
C01737	S02319
C01737	S03120
C01737	S04663
C01737	S08884
C01738	S02096
C01739	S02097
C01739	S04147
C01740	S02098
C01740	S02923
C01741	S02099
C01742	S02100
C01743	S02101
C01744	S02102
C01744	S02613
C01744	S04997
C01744	S09234
C01745	S02103
C01746	S02104
C01747	S02105
C01748	S02107
C01749	S02108
C01750	S02110
C01751	S02112
C01752	S02113
C01753	S02115
C01754	S02116
C01754	S02937
C01754	S07194
C01755	S02118
C01755	S05989
C01756	S02119
C01757	S02120
C01758	S02121
C01759	S02122
C01759	S09268
C01760	S02125
C01761	S02126
C01761	S07102
C01762	S02129
C01762	S02666
C01762	S07025
C01763	S02130
C01763	S04282
C01764	S02132
C01764	S04375
C01765	S02133
C01765	S02376
C01765	S03401
C01765	S04762
C01765	S06262
C01766	S02138
C01767	S02139
C01767	S09020
C01768	S02140
C01769	S02141
C01769	S04596
C01769	S05164
C01769	S07090
C01769	S08504
C01770	S02142
C01771	S02143
C01772	S02144
C01772	S06339
C01773	S02145
C01774	S02146
C01775	S02147
C01776	S02149
C01776	S03680
C01776	S04525
C01776	S04610
C01776	S09203
C01777	S02150
C01778	S02151
C01779	S02152
C01779	S02340
C01779	S02345
C01779	S03522
C01779	S04192
C01779	S06710
C01779	S06751
C01779	S08130
C01779	S09501
C01780	S02153
C01781	S02154
C01782	S02155
C01783	S02156
C01783	S02936
C01783	S08862
C01783	S09026
C01784	S02158
C01785	S02159
C01785	S03014
C01786	S02160
C01787	S02161
C01788	S02162
C01788	S08303
C01788	S09122
C01789	S02163
C01790	S02164
C01790	S03007
C01791	S02165
C01791	S05024
C01792	S02166
C01793	S02167
C01793	S07738
C01794	S02169
C01794	S07794
C01795	S02170
C01796	S02172
C01796	S08824
C01797	S02173
C01797	S02606
C01798	S02174
C01799	S02176
C01800	S02178
C01800	S03862
C01801	S02179
C01801	S07757
C01802	S02180
C01803	S02181
C01804	S02182
C01805	S02183
C01806	S02185
C01806	S09314
C01807	S02186
C01808	S02187
C01809	S02189
C01809	S04991
C01810	S02190
C01811	S02192
C01811	S05264
C01812	S02194
C01812	S02630
C01813	S02195
C01814	S02197
C01814	S03793
C01815	S02198
C01816	S02199
C01816	S03859
C01816	S05789
C01817	S02200
C01818	S02201
C01819	S02203
C01820	S02205
C01821	S02207
C01821	S03194
C01822	S02209
C01823	S02210
C01824	S02211
C01824	S02697
C01825	S02212
C01825	S07122
C01825	S09589
C01826	S02214
C01827	S02215
C01827	S03175
C01827	S05064
C01827	S06517
C01827	S07426
C01828	S02217
C01829	S02219
C01830	S02220
C01830	S05217
C01831	S02221
C01832	S02222
C01833	S02223
C01834	S02225
C01835	S02226
C01836	S02227
C01837	S02229
C01838	S02230
C01839	S02233
C01840	S02235
C01841	S02236
C01842	S02237
C01843	S02239
C01844	S02240
C01845	S02241
C01845	S07804
C01846	S02242
C01847	S02245
C01847	S05242
C01848	S02246
C01849	S02249
C01849	S02794
C01849	S04542
C01849	S09035
C01850	S02251
C01850	S07416
C01850	S07959
C01850	S09078
C01851	S02254
C01852	S02255
C01853	S02256
C01854	S02257
C01854	S05644
C01855	S02259
C01855	S08144
C01856	S02261
C01856	S02707
C01856	S04363
C01856	S06283
C01856	S07526
C01857	S02263
C01858	S02264
C01859	S02265
C01859	S02945
C01860	S02267
C01860	S06502
C01861	S02269
C01862	S02270
C01863	S02273
C01863	S05767
C01863	S06896
C01863	S09606
C01864	S02274
C01865	S02275
C01866	S02277
C01867	S02279
C01868	S02281
C01869	S02282
C01870	S02285
C01871	S02286
C01872	S02288
C01872	S02388
C01873	S02289
C01874	S02290
C01875	S02291
C01876	S02292
C01876	S07044
C01877	S02293
C01878	S02294
C01878	S08782
C01878	S09626
C01879	S02295
C01880	S02296
C01881	S02297
C01882	S02299
C01883	S02300
C01884	S02301
C01885	S02303
C01886	S02306
C01887	S02307
C01888	S02308
C01889	S02309
C01889	S06891
C01890	S02311
C01890	S05857
C01890	S06583
C01890	S08939
C01891	S02312
C01892	S02313
C01893	S02314
C01894	S02318
C01894	S02594
C01894	S05555
C01894	S05972
C01894	S06296
C01894	S09645
C01895	S02320
C01896	S02321
C01897	S02322
C01897	S04539
C01898	S02323
C01899	S02324
C01900	S02325
C01901	S02326
C01902	S02328
C01903	S02330
C01904	S02332
C01905	S02333
C01906	S02334
C01907	S02335
C01908	S02337
C01909	S02339
C01910	S02342
C01911	S02343
C01912	S02344
C01913	S02346
C01914	S02348
C01915	S02351
C01916	S02352
C01917	S02353
C01918	S02356
C01919	S02357
C01919	S08877
C01920	S02359
C01921	S02360
C01921	S03902
C01922	S02361
C01923	S02363
C01923	S06677
C01924	S02365
C01925	S02366
C01925	S03439
C01925	S04426
C01925	S05298
C01925	S06705
C01926	S02369
C01927	S02370
C01928	S02371
C01929	S02375
C01930	S02378
C01930	S04208
C01931	S02379
C01932	S02380
C01933	S02382
C01934	S02383
C01935	S02385
C01936	S02387
C01936	S07875
C01937	S02389
C01938	S02390
C01939	S02391
C01940	S02392
C01940	S04350
C01940	S07811
C01940	S09617
C01941	S02393
C01941	S02896
C01941	S09435
C01942	S02394
C01943	S02396
C01944	S02398
C01944	S04224
C01944	S04770
C01944	S05842
C01944	S07271
C01945	S02399
C01945	S08821
C01946	S02400
C01947	S02401
C01947	S09087
C01948	S02402
C01948	S08805
C01949	S02403
C01949	S04868
C01950	S02404
C01950	S03438
C01950	S07169
C01951	S02405
C01951	S09228
C01952	S02406
C01953	S02408
C01953	S07687
C01953	S08445
C01953	S08610
C01953	S09345
C01954	S02409
C01955	S02410
C01956	S02411
C01956	S04115
C01956	S05401
C01957	S02412
C01958	S02414
C01958	S03788
C01958	S05835
C01959	S02415
C01959	S03825
C01959	S04643
C01960	S02417
C01961	S02418
C01961	S04069
C01961	S05678
C01962	S02419
C01963	S02421
C01963	S02755
C01964	S02422
C01965	S02424
C01966	S02425
C01967	S02428
C01968	S02429
C01968	S06007
C01968	S06188
C01968	S07083
C01969	S02430
C01969	S05547
C01970	S02431
C01971	S02432
C01972	S02434
C01973	S02435
C01974	S02437
C01975	S02439
C01976	S02440
C01976	S08230
C01977	S02441
C01978	S02442
C01978	S04058
C01978	S08723
C01978	S09423
C01979	S02443
C01979	S04724
C01980	S02445
C01980	S08689
C01980	S09574
C01981	S02446
C01981	S06111
C01981	S08433
C01981	S09279
C01982	S02447
C01983	S02448
C01984	S02449
C01985	S02450
C01986	S02452
C01986	S06136
C01986	S06148
C01987	S02453
C01988	S02454
C01989	S02458
C01989	S06422
C01990	S02459
C01991	S02464
C01992	S02465
C01992	S03625
C01993	S02466
C01994	S02468
C01995	S02469
C01996	S02470
C01997	S02471
C01998	S02472
C01999	S02473
C02000	S02476
C02000	S05795
C02000	S06788
C02001	S02478
C02002	S02480
C02003	S02483
C02004	S02484
C02004	S07024
C02005	S02485
C02006	S02488
C02007	S02489
C02007	S02524
C02007	S02947
C02008	S02490
C02009	S02491
C02009	S08400
C02010	S02492
C02011	S02493
C02011	S03039
C02011	S03436
C02011	S04459
C02011	S04913
C02011	S06611
C02011	S07579
C02012	S02494
C02013	S02496
C02013	S03161
C02014	S02497
C02015	S02499
C02016	S02500
C02016	S09597
C02017	S02501
C02017	S05923
C02018	S02502
C02019	S02503
C02020	S02504
C02021	S02505
C02022	S02507
C02023	S02508
C02024	S02510
C02024	S02608
C02024	S04813
C02024	S07162
C02025	S02511
C02025	S04250
C02025	S08954
C02026	S02512
C02027	S02516
C02027	S03308
C02028	S02517
C02028	S02672
C02028	S07511
C02029	S02518
C02030	S02519
C02031	S02521
C02032	S02526
C02033	S02527
C02034	S02528
C02034	S06472
C02035	S02529
C02036	S02530
C02036	S06768
C02036	S08461
C02036	S08962
C02037	S02532
C02038	S02537
C02039	S02538
C02040	S02541
C02041	S02542
C02042	S02544
C02042	S02637
C02042	S04785
C02042	S07725
C02043	S02546
C02044	S02547
C02045	S02548
C02045	S05130
C02046	S02549
C02047	S02550
C02048	S02551
C02048	S09309
C02049	S02552
C02050	S02553
C02051	S02554
C02051	S04415
C02051	S07448
C02051	S07880
C02051	S08224
C02052	S02558
C02053	S02559
C02053	S05999
C02054	S02560
C02055	S02562
C02056	S02563
C02057	S02565
C02058	S02567
C02058	S07606
C02058	S08942
C02059	S02568
C02060	S02570
C02060	S02616
C02061	S02571
C02062	S02572
C02062	S08226
C02063	S02574
C02064	S02575
C02065	S02576
C02066	S02577
C02067	S02578
C02068	S02579
C02069	S02581
C02070	S02582
C02071	S02584
C02072	S02585
C02073	S02586
C02074	S02587
C02075	S02588
C02075	S04422
C02075	S04441
C02075	S04656
C02075	S06775
C02075	S08667
C02076	S02589
C02077	S02591
C02078	S02592
C02079	S02593
C02080	S02595
C02081	S02597
C02081	S05791
C02082	S02598
C02083	S02599
C02084	S02600
C02084	S05849
C02085	S02601
C02086	S02603
C02086	S04957
C02086	S05915
C02087	S02604
C02088	S02607
C02088	S04654
C02089	S02609
C02090	S02611
C02091	S02612
C02092	S02615
C02092	S03845
C02093	S02617
C02093	S07270
C02094	S02618
C02095	S02619
C02095	S05601
C02096	S02620
C02096	S05590
C02096	S05881
C02096	S06410
C02096	S08386
C02096	S09282
C02097	S02621
C02097	S02960
C02098	S02623
C02099	S02624
C02100	S02626
C02101	S02628
C02101	S03057
C02101	S03885
C02102	S02629
C02103	S02632
C02104	S02633
C02105	S02634
C02106	S02635
C02106	S07436
C02107	S02638
C02107	S05952
C02107	S08770
C02107	S09556
C02108	S02639
C02109	S02640
C02109	S03982
C02109	S08442
C02110	S02643
C02110	S03187
C02110	S05503
C02111	S02644
C02112	S02645
C02112	S03412
C02112	S03691
C02113	S02646
C02114	S02647
C02115	S02648
C02116	S02650
C02117	S02652
C02118	S02653
C02119	S02654
C02120	S02655
C02121	S02656
C02121	S06221
C02121	S09265
C02122	S02658
C02122	S02844
C02122	S03744
C02122	S06070
C02122	S07573
C02122	S08428
C02122	S08642
C02122	S08947
C02123	S02659
C02123	S03840
C02124	S02660
C02125	S02661
C02126	S02663
C02127	S02664
C02128	S02667
C02129	S02668
C02130	S02669
C02130	S06046
C02130	S08527
C02130	S09651
C02131	S02670
C02131	S03779
C02131	S06475
C02132	S02671
C02133	S02673
C02134	S02674
C02135	S02675
C02136	S02678
C02137	S02680
C02137	S05580
C02138	S02681
C02139	S02682
C02140	S02683
C02141	S02685
C02142	S02686
C02143	S02687
C02143	S09011
C02144	S02688
C02144	S02786
C02144	S02924
C02145	S02689
C02146	S02690
C02147	S02691
C02147	S08047
C02148	S02692
C02149	S02693
C02149	S03310
C02149	S07985
C02150	S02695
C02150	S02938
C02150	S05319
C02150	S06203
C02150	S07779
C02150	S08670
C02150	S08904
C02151	S02696
C02152	S02698
C02153	S02700
C02153	S09494
C02154	S02701
C02155	S02702
C02156	S02703
C02156	S05731
C02157	S02704
C02158	S02705
C02159	S02706
C02160	S02708
C02160	S09296
C02161	S02709
C02162	S02710
C02163	S02711
C02164	S02712
C02164	S07964
C02165	S02713
C02165	S04594
C02165	S06865
C02165	S07735
C02165	S08467
C02166	S02714
C02167	S02716
C02168	S02717
C02169	S02718
C02169	S07319
C02169	S08000
C02170	S02719
C02171	S02721
C02172	S02723
C02172	S02729
C02172	S03873
C02172	S04636
C02172	S05699
C02172	S06030
C02172	S06533
C02172	S06550
C02172	S08672
C02173	S02724
C02174	S02725
C02175	S02726
C02175	S07031
C02176	S02727
C02177	S02728
C02178	S02730
C02178	S04645
C02178	S05439
C02178	S05930
C02178	S07469
C02179	S02733
C02180	S02734
C02181	S02735
C02182	S02736
C02183	S02738
C02184	S02739
C02185	S02741
C02186	S02742
C02187	S02743
C02187	S03124
C02188	S02745
C02189	S02747
C02189	S04642
C02190	S02748
C02191	S02749
C02192	S02751
C02193	S02752
C02194	S02753
C02195	S02754
C02196	S02757
C02197	S02758
C02198	S02759
C02199	S02760
C02199	S07359
C02200	S02762
C02201	S02763
C02201	S07077
C02202	S02764
C02203	S02765
C02203	S05830
C02203	S06315
C02203	S08286
C02204	S02766
C02205	S02769
C02206	S02771
C02206	S03711
C02206	S04326
C02207	S02772
C02208	S02773
C02209	S02774
C02209	S07134
C02209	S07231
C02210	S02776
C02211	S02777
C02211	S04089
C02212	S02778
C02212	S08068
C02213	S02779
C02214	S02781
C02215	S02782
C02216	S02783
C02217	S02784
C02217	S04563
C02217	S06832
C02218	S02789
C02218	S05740
C02219	S02790
C02219	S05571
C02220	S02791
C02221	S02792
C02222	S02793
C02222	S02830
C02222	S04298
C02222	S09440
C02223	S02796
C02224	S02797
C02225	S02798
C02226	S02801
C02227	S02802
C02228	S02803
C02228	S03572
C02229	S02805
C02230	S02806
C02230	S08191
C02230	S09216
C02231	S02808
C02231	S08066
C02232	S02811
C02233	S02812
C02233	S03958
C02234	S02813
C02234	S05113
C02234	S07328
C02234	S09023
C02235	S02814
C02236	S02818
C02237	S02819
C02238	S02820
C02239	S02821
C02240	S02822
C02241	S02823
C02242	S02824
C02242	S04128
C02243	S02825
C02244	S02826
C02245	S02828
C02246	S02829
C02247	S02831
C02248	S02833
C02249	S02834
C02250	S02836
C02251	S02837
C02251	S03647
C02251	S07947
C02252	S02838
C02253	S02839
C02254	S02840
C02255	S02841
C02256	S02842
C02257	S02843
C02258	S02845
C02259	S02846
C02260	S02847
C02261	S02848
C02261	S05135
C02261	S08235
C02262	S02849
C02262	S08929
C02263	S02851
C02264	S02852
C02264	S04556
C02264	S06216
C02265	S02853
C02265	S07155
C02266	S02854
C02267	S02855
C02267	S05467
C02267	S07072
C02268	S02857
C02268	S04680
C02269	S02859
C02270	S02860
C02271	S02861
C02271	S05634
C02271	S07520
C02272	S02862
C02273	S02863
C02274	S02864
C02275	S02867
C02275	S08521
C02275	S08952
C02276	S02868
C02277	S02869
C02277	S05505
C02278	S02870
C02279	S02871
C02279	S03824
C02280	S02873
C02281	S02874
C02282	S02875
C02283	S02877
C02284	S02879
C02284	S04044
C02284	S04553
C02284	S06713
C02284	S08318
C02284	S09063
C02284	S09398
C02285	S02880
C02286	S02881
C02287	S02882
C02288	S02883
C02288	S03407
C02288	S06121
C02288	S07230
C02289	S02884
C02290	S02885
C02290	S06895
C02290	S09355
C02291	S02886
C02292	S02887
C02293	S02889
C02293	S03960
C02294	S02890
C02295	S02894
C02296	S02900
C02297	S02902
C02298	S02904
C02299	S02905
C02300	S02906
C02301	S02907
C02301	S05154
C02302	S02909
C02303	S02910
C02303	S04230
C02304	S02911
C02305	S02913
C02306	S02914
C02307	S02915
C02307	S03555
C02307	S04657
C02307	S06470
C02307	S07500
C02307	S08348
C02307	S08602
C02308	S02916
C02308	S06564
C02308	S08720
C02309	S02917
C02310	S02918
C02310	S04649
C02311	S02919
C02312	S02920
C02312	S03580
C02312	S07002
C02312	S07846
C02312	S08740
C02313	S02921
C02314	S02922
C02315	S02925
C02316	S02926
C02316	S08256
C02316	S09284
C02317	S02929
C02318	S02930
C02319	S02931
C02320	S02932
C02321	S02933
C02322	S02934
C02323	S02941
C02324	S02943
C02324	S06912
C02325	S02944
C02326	S02949
C02326	S04809
C02327	S02950
C02328	S02951
C02329	S02952
C02329	S04383
C02329	S05752
C02330	S02953
C02331	S02954
C02331	S04568
C02331	S05910
C02331	S07242
C02332	S02956
C02333	S02957
C02333	S03860
C02333	S07866
C02334	S02958
C02335	S02959
C02335	S07214
C02336	S02962
C02337	S02963
C02338	S02965
C02339	S02967
C02339	S05700
C02340	S02968
C02341	S02969
C02342	S02971
C02343	S02973
C02344	S02976
C02345	S02977
C02346	S02978
C02347	S02979
C02347	S06792
C02348	S02980
C02349	S02981
C02349	S04532
C02350	S02982
C02351	S02983
C02352	S02984
C02353	S02988
C02353	S08284
C02353	S09615
C02354	S02989
C02354	S07097
C02354	S07355
C02355	S02990
C02356	S02991
C02356	S09064
C02357	S02992
C02358	S02993
C02359	S02994
C02360	S02995
C02360	S04030
C02361	S02996
C02362	S02997
C02363	S03000
C02363	S03101
C02363	S04507
C02363	S04551
C02363	S05097
C02363	S08158
C02363	S09201
C02363	S09474
C02364	S03001
C02364	S08851
C02365	S03002
C02366	S03003
C02367	S03006
C02367	S07078
C02367	S07370
C02368	S03008
C02369	S03009
C02370	S03010
C02371	S03012
C02371	S06084
C02371	S07362
C02372	S03013
C02373	S03015
C02374	S03017
C02375	S03018
C02375	S09449
C02376	S03020
C02376	S03599
C02376	S03789
C02376	S05687
C02376	S07021
C02376	S08164
C02377	S03021
C02377	S03959
C02377	S09194
C02378	S03022
C02379	S03023
C02379	S04231
C02380	S03024
C02381	S03029
C02382	S03030
C02383	S03031
C02384	S03032
C02385	S03033
C02386	S03034
C02386	S07874
C02387	S03035
C02388	S03036
C02389	S03037
C02390	S03038
C02390	S07612
C02391	S03041
C02391	S03501
C02391	S05733
C02392	S03043
C02393	S03045
C02394	S03047
C02394	S03132
C02394	S04240
C02394	S06770
C02395	S03048
C02395	S07460
C02396	S03049
C02397	S03050
C02398	S03053
C02399	S03054
C02399	S07909
C02400	S03055
C02401	S03056
C02402	S03058
C02403	S03059
C02404	S03061
C02405	S03062
C02406	S03063
C02407	S03064
C02407	S04216
C02408	S03066
C02409	S03067
C02410	S03068
C02410	S05905
C02410	S06130
C02410	S06233
C02410	S06492
C02410	S07466
C02410	S07508
C02410	S07674
C02410	S08920
C02411	S03069
C02411	S03526
C02412	S03070
C02413	S03075
C02414	S03077
C02415	S03078
C02416	S03079
C02417	S03080
C02417	S03924
C02417	S08876
C02418	S03081
C02419	S03084
C02419	S05666
C02419	S08998
C02419	S09155
C02420	S03086
C02421	S03087
C02422	S03088
C02423	S03089
C02424	S03090
C02424	S08609
C02425	S03091
C02426	S03094
C02427	S03095
C02427	S08276
C02428	S03097
C02429	S03098
C02429	S04329
C02429	S09718
C02430	S03099
C02431	S03102
C02432	S03103
C02433	S03104
C02434	S03106
C02435	S03107
C02436	S03108
C02437	S03109
C02438	S03110
C02439	S03111
C02440	S03112
C02440	S07977
C02440	S09519
C02441	S03113
C02441	S03818
C02442	S03115
C02442	S07053
C02442	S07732
C02443	S03118
C02444	S03119
C02444	S05309
C02445	S03121
C02446	S03122
C02447	S03123
C02448	S03126
C02448	S08252
C02449	S03127
C02450	S03128
C02450	S06336
C02451	S03129
C02451	S04598
C02451	S07756
C02452	S03133
C02453	S03134
C02454	S03137
C02455	S03140
C02456	S03141
C02457	S03144
C02458	S03145
C02459	S03147
C02460	S03148
C02460	S04316
C02460	S06926
C02461	S03150
C02462	S03153
C02463	S03154
C02463	S05966
C02464	S03155
C02465	S03156
C02466	S03157
C02467	S03158
C02467	S09715
C02468	S03159
C02469	S03160
C02470	S03163
C02470	S04354
C02471	S03164
C02472	S03166
C02473	S03167
C02474	S03168
C02474	S03367
C02474	S03756
C02475	S03169
C02475	S06390
C02475	S09336
C02476	S03170
C02477	S03171
C02477	S08159
C02478	S03172
C02479	S03173
C02480	S03174
C02480	S05889
C02480	S06666
C02480	S07187
C02480	S08705
C02481	S03176
C02482	S03177
C02482	S09427
C02483	S03178
C02483	S04038
C02483	S06935
C02483	S08728
C02484	S03179
C02485	S03180
C02486	S03183
C02487	S03185
C02488	S03188
C02489	S03189
C02490	S03190
C02491	S03192
C02492	S03197
C02492	S09707
C02493	S03198
C02494	S03199
C02495	S03201
C02496	S03202
C02497	S03203
C02498	S03204
C02499	S03207
C02500	S03208
C02500	S03614
C02501	S03209
C02502	S03210
C02503	S03212
C02503	S06552
C02503	S08541
C02504	S03213
C02505	S03214
C02506	S03215
C02507	S03217
C02507	S05188
C02508	S03219
C02509	S03221
C02510	S03222
C02511	S03224
C02512	S03225
C02513	S03226
C02514	S03227
C02515	S03229
C02516	S03230
C02517	S03231
C02518	S03232
C02519	S03234
C02519	S03601
C02519	S06209
C02519	S06966
C02520	S03236
C02521	S03237
C02522	S03238
C02523	S03240
C02524	S03241
C02525	S03243
C02526	S03244
C02527	S03245
C02528	S03246
C02528	S03927
C02529	S03248
C02529	S06703
C02530	S03250
C02531	S03251
C02531	S03266
C02531	S04053
C02531	S04629
C02531	S05286
C02531	S06404
C02531	S06810
C02531	S07320
C02531	S07669
C02531	S08822
C02532	S03252
C02532	S04213
C02532	S09527
C02533	S03254
C02534	S03255
C02534	S05166
C02534	S07360
C02534	S08847
C02535	S03256
C02536	S03258
C02537	S03260
C02538	S03261
C02539	S03263
C02540	S03267
C02541	S03270
C02542	S03271
C02543	S03272
C02544	S03273
C02545	S03274
C02546	S03275
C02547	S03277
C02548	S03278
C02548	S04154
C02548	S04966
C02548	S05861
C02549	S03280
C02549	S03390
C02550	S03281
C02551	S03282
C02552	S03284
C02553	S03285
C02553	S07071
C02554	S03286
C02555	S03287
C02556	S03288
C02557	S03289
C02557	S06031
C02558	S03290
C02559	S03293
C02560	S03294
C02561	S03295
C02562	S03296
C02563	S03297
C02564	S03298
C02565	S03299
C02566	S03303
C02567	S03304
C02567	S04678
C02567	S05524
C02568	S03305
C02569	S03306
C02569	S08566
C02570	S03307
C02570	S07890
C02570	S09152
C02571	S03309
C02572	S03311
C02572	S08431
C02572	S09421
C02573	S03313
C02573	S06726
C02574	S03315
C02575	S03316
C02576	S03318
C02577	S03319
C02578	S03320
C02578	S04344
C02579	S03321
C02579	S04845
C02580	S03322
C02580	S04049
C02580	S05202
C02580	S06397
C02580	S09536
C02580	S09603
C02581	S03324
C02582	S03325
C02583	S03326
C02584	S03328
C02585	S03331
C02585	S04080
C02585	S08716
C02586	S03332
C02587	S03333
C02588	S03335
C02589	S03337
C02590	S03338
C02591	S03340
C02591	S03558
C02592	S03341
C02593	S03344
C02594	S03347
C02595	S03348
C02596	S03350
C02597	S03351
C02597	S04783
C02597	S06689
C02597	S09627
C02598	S03353
C02598	S04930
C02599	S03354
C02600	S03357
C02600	S04429
C02601	S03359
C02601	S05022
C02602	S03360
C02603	S03361
C02604	S03363
C02605	S03364
C02605	S05495
C02605	S09058
C02606	S03369
C02607	S03373
C02607	S03396
C02608	S03374
C02609	S03376
C02610	S03377
C02611	S03378
C02612	S03379
C02613	S03380
C02614	S03382
C02615	S03383
C02616	S03384
C02617	S03386
C02618	S03388
C02619	S03389
C02619	S05992
C02620	S03391
C02621	S03394
C02621	S07111
C02622	S03398
C02622	S04094
C02623	S03399
C02624	S03400
C02625	S03402
C02626	S03405
C02626	S04318
C02626	S07364
C02627	S03406
C02628	S03408
C02629	S03410
C02630	S03411
C02630	S07896
C02631	S03414
C02632	S03415
C02633	S03416
C02634	S03417
C02634	S07610
C02634	S08985
C02635	S03418
C02635	S07046
C02636	S03419
C02637	S03421
C02637	S06235
C02638	S03423
C02639	S03424
C02640	S03425
C02641	S03426
C02642	S03427
C02643	S03428
C02644	S03432
C02645	S03433
C02646	S03434
C02647	S03440
C02648	S03441
C02648	S09650
C02649	S03442
C02650	S03443
C02651	S03444
C02652	S03445
C02653	S03446
C02653	S05337
C02653	S06149
C02653	S06464
C02654	S03447
C02655	S03448
C02656	S03450
C02656	S03632
C02656	S09448
C02657	S03452
C02658	S03453
C02659	S03454
C02660	S03455
C02661	S03456
C02661	S04364
C02662	S03457
C02663	S03458
C02664	S03459
C02665	S03460
C02665	S06923
C02666	S03461
C02667	S03462
C02668	S03463
C02668	S04878
C02669	S03464
C02670	S03465
C02670	S08350
C02671	S03466
C02671	S08244
C02672	S03467
C02673	S03468
C02673	S08710
C02674	S03470
C02675	S03471
C02676	S03472
C02676	S07858
C02677	S03473
C02678	S03474
C02679	S03476
C02679	S06995
C02680	S03477
C02681	S03480
C02682	S03481
C02683	S03482
C02684	S03484
C02684	S07130
C02685	S03485
C02685	S05016
C02685	S07628
C02686	S03486
C02686	S05778
C02687	S03487
C02688	S03488
C02689	S03492
C02690	S03494
C02691	S03495
C02692	S03496
C02693	S03498
C02694	S03499
C02694	S04331
C02694	S05786
C02694	S06591
C02695	S03502
C02696	S03503
C02697	S03504
C02698	S03505
C02699	S03506
C02700	S03508
C02701	S03509
C02702	S03510
C02703	S03514
C02704	S03515
C02705	S03516
C02706	S03517
C02706	S07676
C02707	S03518
C02708	S03519
C02709	S03520
C02709	S06668
C02710	S03521
C02711	S03523
C02711	S05105
C02712	S03525
C02712	S08206
C02713	S03528
C02714	S03530
C02715	S03531
C02716	S03533
C02717	S03535
C02718	S03537
C02719	S03538
C02719	S05429
C02720	S03539
C02720	S07191
C02721	S03542
C02721	S05368
C02722	S03543
C02723	S03544
C02724	S03546
C02725	S03547
C02726	S03548
C02727	S03549
C02728	S03550
C02728	S09731
C02729	S03551
C02730	S03552
C02731	S03553
C02732	S03554
C02733	S03557
C02734	S03559
C02735	S03563
C02736	S03564
C02737	S03567
C02738	S03568
C02739	S03569
C02740	S03570
C02740	S08914
C02741	S03571
C02741	S08958
C02742	S03573
C02743	S03574
C02743	S06754
C02744	S03575
C02745	S03576
C02746	S03578
C02746	S08905
C02747	S03582
C02748	S03583
C02749	S03584
C02749	S05333
C02749	S09144
C02750	S03585
C02751	S03586
C02752	S03589
C02752	S04333
C02752	S06612
C02752	S07115
C02753	S03590
C02754	S03591
C02755	S03592
C02755	S06005
C02756	S03595
C02757	S03597
C02757	S06495
C02757	S09134
C02758	S03598
C02759	S03600
C02759	S08887
C02759	S09332
C02760	S03603
C02761	S03605
C02762	S03606
C02763	S03608
C02763	S05220
C02763	S05392
C02763	S06367
C02764	S03610
C02764	S05780
C02765	S03611
C02766	S03613
C02767	S03616
C02768	S03618
C02768	S07367
C02769	S03619
C02770	S03621
C02771	S03622
C02772	S03626
C02773	S03627
C02773	S04036
C02773	S04248
C02774	S03628
C02774	S04569
C02774	S08635
C02774	S09290
C02775	S03629
C02776	S03631
C02777	S03633
C02778	S03634
C02779	S03635
C02780	S03636
C02781	S03637
C02782	S03638
C02783	S03639
C02784	S03640
C02785	S03641
C02786	S03642
C02787	S03643
C02788	S03644
C02789	S03645
C02790	S03646
C02791	S03648
C02791	S04631
C02791	S05005
C02791	S07325
C02792	S03649
C02793	S03650
C02794	S03652
C02794	S05109
C02794	S06251
C02794	S06765
C02795	S03653
C02796	S03654
C02797	S03656
C02798	S03657
C02799	S03658
C02800	S03663
C02801	S03664
C02802	S03665
C02803	S03668
C02804	S03669
C02805	S03670
C02805	S07051
C02806	S03672
C02807	S03673
C02808	S03675
C02808	S09379
C02809	S03676
C02809	S03762
C02809	S04218
C02809	S04313
C02809	S05859
C02809	S06115
C02809	S08032
C02809	S09222
C02810	S03677
C02811	S03678
C02812	S03681
C02813	S03683
C02814	S03684
C02815	S03685
C02816	S03687
C02817	S03688
C02818	S03689
C02819	S03690
C02820	S03693
C02821	S03694
C02822	S03695
C02823	S03696
C02824	S03697
C02825	S03698
C02826	S03699
C02826	S09175
C02827	S03701
C02828	S03702
C02829	S03703
C02830	S03705
C02830	S04358
C02830	S07914
C02831	S03706
C02831	S07322
C02832	S03709
C02833	S03712
C02833	S06548
C02834	S03714
C02834	S07144
C02835	S03716
C02836	S03717
C02837	S03718
C02838	S03719
C02839	S03720
C02840	S03721
C02840	S04759
C02840	S06743
C02840	S06974
C02840	S09347
C02840	S09535
C02841	S03722
C02842	S03724
C02843	S03725
C02844	S03726
C02845	S03727
C02845	S07019
C02846	S03728
C02846	S06604
C02847	S03730
C02848	S03731
C02849	S03733
C02849	S08565
C02849	S08919
C02849	S09067
C02850	S03735
C02851	S03736
C02852	S03737
C02853	S03738
C02854	S03740
C02855	S03742
C02856	S03743
C02857	S03745
C02858	S03747
C02859	S03749
C02860	S03751
C02861	S03752
C02862	S03754
C02863	S03755
C02864	S03758
C02864	S03998
C02864	S04946
C02864	S07607
C02864	S08429
C02864	S08912
C02864	S09140
C02865	S03759
C02865	S05234
C02866	S03760
C02866	S06386
C02867	S03761
C02868	S03764
C02869	S03766
C02870	S03768
C02871	S03770
C02872	S03771
C02872	S06101
C02872	S06730
C02873	S03772
C02874	S03773
C02875	S03774
C02876	S03776
C02877	S03777
C02878	S03781
C02879	S03782
C02880	S03784
C02881	S03785
C02881	S08114
C02882	S03786
C02883	S03792
C02884	S03795
C02885	S03796
C02886	S03797
C02886	S04194
C02886	S04931
C02886	S08345
C02887	S03799
C02888	S03801
C02889	S03802
C02890	S03803
C02891	S03804
C02891	S08262
C02892	S03805
C02893	S03806
C02894	S03807
C02895	S03808
C02896	S03809
C02897	S03810
C02898	S03812
C02899	S03814
C02899	S06474
C02899	S08930
C02899	S09305
C02900	S03815
C02901	S03816
C02902	S03819
C02903	S03820
C02904	S03821
C02905	S03822
C02906	S03823
C02907	S03826
C02907	S04996
C02907	S06062
C02907	S09315
C02908	S03828
C02909	S03829
C02909	S08682
C02910	S03831
C02911	S03832
C02911	S03966
C02911	S04166
C02911	S04471
C02911	S07390
C02911	S08390
C02912	S03833
C02913	S03835
C02913	S07556
C02913	S08014
C02914	S03836
C02914	S09454
C02915	S03837
C02915	S06937
C02916	S03838
C02917	S03839
C02918	S03843
C02919	S03844
C02919	S06694
C02920	S03847
C02921	S03848
C02921	S08062
C02922	S03849
C02923	S03850
C02924	S03853
C02924	S07252
C02925	S03854
C02925	S05121
C02926	S03855
C02927	S03856
C02927	S07471
C02928	S03861
C02929	S03863
C02930	S03864
C02931	S03865
C02931	S05106
C02932	S03866
C02933	S03867
C02933	S06900
C02934	S03868
C02935	S03869
C02935	S08706
C02935	S09361
C02936	S03871
C02937	S03872
C02938	S03874
C02939	S03875
C02939	S07550
C02940	S03878
C02941	S03879
C02941	S08917
C02942	S03880
C02942	S06950
C02942	S06968
C02943	S03881
C02943	S06183
C02944	S03882
C02945	S03883
C02946	S03887
C02946	S04531
C02947	S03889
C02948	S03890
C02949	S03891
C02950	S03892
C02951	S03893
C02952	S03894
C02952	S06120
C02953	S03895
C02953	S04725
C02954	S03897
C02955	S03898
C02955	S07589
C02955	S09643
C02956	S03900
C02957	S03901
C02957	S06026
C02958	S03903
C02959	S03905
C02960	S03906
C02960	S07429
C02960	S07531
C02961	S03909
C02962	S03912
C02963	S03913
C02963	S06975
C02964	S03914
C02964	S05838
C02965	S03916
C02965	S05811
C02966	S03918
C02967	S03920
C02968	S03921
C02968	S04968
C02968	S05856
C02969	S03923
C02970	S03926
C02971	S03929
C02971	S05801
C02971	S06461
C02972	S03930
C02973	S03933
C02974	S03934
C02975	S03935
C02976	S03936
C02977	S03938
C02978	S03939
C02979	S03940
C02980	S03941
C02980	S04405
C02981	S03942
C02982	S03943
C02983	S03944
C02984	S03947
C02985	S03948
C02985	S07269
C02986	S03951
C02987	S03952
C02987	S07232
C02987	S07863
C02988	S03954
C02989	S03956
C02990	S03957
C02991	S03962
C02992	S03963
C02993	S03964
C02994	S03967
C02995	S03969
C02996	S03970
C02997	S03971
C02998	S03972
C02999	S03974
C03000	S03975
C03000	S06002
C03001	S03976
C03002	S03977
C03002	S07351
C03003	S03978
C03004	S03979
C03005	S03980
C03006	S03981
C03007	S03983
C03008	S03985
C03008	S05610
C03009	S03987
C03009	S04588
C03009	S05746
C03010	S03988
C03010	S07599
C03011	S03989
C03012	S03990
C03013	S03992
C03013	S04153
C03014	S03993
C03015	S03995
C03016	S03996
C03017	S03997
C03018	S04000
C03019	S04002
C03020	S04004
C03021	S04006
C03022	S04007
C03023	S04008
C03024	S04009
C03024	S06023
C03024	S08538
C03025	S04011
C03026	S04012
C03027	S04013
C03028	S04014
C03028	S06107
C03028	S07630
C03029	S04015
C03029	S04705
C03030	S04016
C03030	S06735
C03031	S04017
C03032	S04018
C03032	S05602
C03033	S04019
C03034	S04020
C03035	S04021
C03036	S04022
C03037	S04023
C03037	S08161
C03038	S04024
C03039	S04026
C03039	S08981
C03040	S04027
C03040	S07223
C03041	S04029
C03042	S04031
C03043	S04033
C03043	S05847
C03044	S04034
C03045	S04035
C03046	S04037
C03046	S04840
C03046	S04941
C03047	S04045
C03048	S04046
C03048	S08103
C03049	S04048
C03049	S05381
C03049	S06177
C03050	S04050
C03051	S04051
C03052	S04054
C03052	S08361
C03053	S04055
C03054	S04056
C03054	S05372
C03055	S04057
C03056	S04059
C03057	S04060
C03058	S04062
C03059	S04063
C03059	S08263
C03060	S04064
C03061	S04066
C03062	S04067
C03062	S04660
C03062	S05176
C03063	S04068
C03063	S08839
C03064	S04070
C03065	S04071
C03065	S08469
C03066	S04074
C03067	S04075
C03068	S04076
C03069	S04077
C03070	S04078
C03071	S04079
C03072	S04082
C03073	S04083
C03074	S04084
C03075	S04085
C03076	S04088
C03077	S04090
C03078	S04092
C03079	S04093
C03080	S04095
C03081	S04096
C03081	S04763
C03081	S05912
C03081	S06014
C03081	S07902
C03081	S08493
C03082	S04097
C03082	S06861
C03083	S04098
C03084	S04103
C03085	S04105
C03086	S04107
C03087	S04110
C03088	S04112
C03088	S04954
C03088	S09418
C03089	S04114
C03090	S04117
C03091	S04118
C03092	S04120
C03093	S04121
C03094	S04122
C03094	S07423
C03095	S04123
C03096	S04124
C03097	S04125
C03098	S04126
C03099	S04127
C03100	S04131
C03101	S04133
C03102	S04135
C03103	S04136
C03104	S04137
C03105	S04138
C03106	S04139
C03107	S04140
C03108	S04141
C03108	S06469
C03108	S07091
C03109	S04142
C03110	S04144
C03111	S04145
C03112	S04148
C03113	S04149
C03114	S04150
C03115	S04151
C03116	S04152
C03117	S04155
C03118	S04157
C03119	S04158
C03120	S04159
C03120	S05407
C03121	S04160
C03122	S04161
C03122	S07694
C03123	S04162
C03124	S04163
C03125	S04164
C03125	S06762
C03126	S04165
C03127	S04168
C03127	S04585
C03128	S04169
C03129	S04170
C03130	S04171
C03130	S07894
C03131	S04174
C03132	S04176
C03132	S06044
C03133	S04178
C03134	S04180
C03135	S04181
C03135	S06402
C03135	S08891
C03136	S04182
C03137	S04185
C03138	S04188
C03139	S04189
C03140	S04190
C03141	S04191
C03142	S04193
C03143	S04195
C03143	S04702
C03144	S04197
C03145	S04199
C03146	S04200
C03147	S04201
C03148	S04202
C03149	S04203
C03150	S04204
C03151	S04205
C03152	S04209
C03153	S04211
C03154	S04215
C03155	S04217
C03156	S04221
C03157	S04222
C03158	S04225
C03159	S04226
C03160	S04227
C03160	S05818
C03161	S04228
C03162	S04232
C03163	S04233
C03164	S04234
C03164	S05901
C03165	S04235
C03165	S06631
C03165	S09065
C03166	S04236
C03166	S09534
C03167	S04237
C03168	S04238
C03169	S04241
C03170	S04243
C03171	S04245
C03172	S04246
C03172	S05341
C03173	S04247
C03174	S04249
C03174	S04736
C03175	S04251
C03176	S04252
C03177	S04253
C03178	S04255
C03179	S04256
C03180	S04257
C03181	S04258
C03182	S04259
C03183	S04260
C03184	S04261
C03185	S04262
C03186	S04263
C03187	S04264
C03188	S04265
C03189	S04266
C03190	S04269
C03191	S04270
C03192	S04272
C03192	S09204
C03193	S04273
C03193	S05378
C03193	S07632
C03194	S04275
C03195	S04276
C03196	S04277
C03197	S04278
C03198	S04279
C03199	S04280
C03199	S04516
C03200	S04283
C03200	S08213
C03201	S04284
C03202	S04285
C03203	S04286
C03203	S08192
C03204	S04287
C03205	S04288
C03205	S04576
C03206	S04289
C03207	S04290
C03208	S04291
C03209	S04292
C03210	S04294
C03211	S04295
C03212	S04297
C03213	S04299
C03214	S04300
C03214	S05273
C03215	S04301
C03216	S04304
C03217	S04305
C03217	S06605
C03217	S06627
C03217	S08051
C03217	S08583
C03218	S04306
C03218	S09604
C03219	S04307
C03219	S05203
C03219	S06344
C03219	S07340
C03220	S04308
C03220	S09287
C03221	S04311
C03222	S04312
C03222	S05029
C03223	S04315
C03223	S04380
C03224	S04317
C03224	S05764
C03225	S04320
C03226	S04321
C03227	S04322
C03228	S04323
C03229	S04324
C03230	S04328
C03230	S05163
C03231	S04330
C03232	S04332
C03233	S04334
C03233	S04829
C03234	S04335
C03235	S04336
C03236	S04339
C03236	S08754
C03237	S04340
C03238	S04341
C03239	S04342
C03239	S06213
C03239	S06327
C03239	S09390
C03240	S04343
C03241	S04345
C03242	S04346
C03242	S08519
C03243	S04348
C03243	S09244
C03244	S04349
C03245	S04351
C03246	S04352
C03247	S04355
C03248	S04356
C03248	S04595
C03249	S04357
C03250	S04360
C03251	S04361
C03252	S04365
C03253	S04366
C03254	S04367
C03255	S04369
C03256	S04370
C03257	S04372
C03258	S04374
C03259	S04376
C03260	S04377
C03260	S06624
C03261	S04378
C03261	S05408
C03261	S08964
C03262	S04381
C03263	S04384
C03263	S04765
C03263	S09339
C03263	S09445
C03264	S04385
C03265	S04387
C03266	S04390
C03267	S04391
C03268	S04393
C03269	S04394
C03270	S04395
C03271	S04396
C03272	S04398
C03273	S04399
C03274	S04400
C03275	S04401
C03276	S04402
C03277	S04408
C03278	S04409
C03279	S04410
C03280	S04412
C03281	S04413
C03282	S04414
C03283	S04416
C03284	S04417
C03285	S04418
C03285	S09074
C03285	S09121
C03286	S04420
C03286	S04658
C03287	S04424
C03288	S04425
C03288	S04627
C03288	S07643
C03289	S04427
C03290	S04428
C03291	S04431
C03292	S04433
C03293	S04434
C03294	S04435
C03294	S08009
C03295	S04436
C03296	S04437
C03297	S04438
C03298	S04440
C03299	S04443
C03300	S04444
C03301	S04445
C03302	S04446
C03303	S04449
C03304	S04450
C03305	S04451
C03306	S04452
C03307	S04453
C03307	S06450
C03307	S09566
C03308	S04457
C03309	S04458
C03310	S04460
C03311	S04461
C03312	S04463
C03313	S04464
C03314	S04467
C03315	S04469
C03316	S04472
C03317	S04473
C03318	S04474
C03319	S04476
C03320	S04477
C03321	S04479
C03322	S04480
C03323	S04481
C03324	S04485
C03325	S04486
C03326	S04488
C03327	S04489
C03328	S04494
C03329	S04495
C03330	S04496
C03330	S07117
C03331	S04497
C03332	S04499
C03333	S04500
C03334	S04501
C03335	S04503
C03336	S04505
C03336	S06863
C03337	S04508
C03338	S04509
C03339	S04510
C03339	S08615
C03339	S09276
C03340	S04511
C03341	S04517
C03342	S04518
C03342	S05591
C03343	S04520
C03344	S04522
C03345	S04523
C03345	S06483
C03346	S04524
C03346	S08268
C03347	S04526
C03348	S04528
C03348	S06855
C03349	S04529
C03350	S04530
C03351	S04533
C03351	S06982
C03351	S07548
C03352	S04534
C03353	S04535
C03354	S04538
C03354	S09369
C03355	S04541
C03356	S04543
C03357	S04544
C03358	S04545
C03359	S04546
C03359	S09024
C03359	S09621
C03360	S04547
C03361	S04548
C03362	S04550
C03363	S04555
C03364	S04557
C03365	S04559
C03366	S04560
C03367	S04562
C03367	S07220
C03368	S04564
C03368	S08150
C03369	S04565
C03370	S04566
C03371	S04567
C03372	S04572
C03373	S04573
C03374	S04575
C03375	S04577
C03376	S04579
C03376	S06040
C03376	S06333
C03377	S04582
C03378	S04584
C03378	S05165
C03379	S04586
C03380	S04587
C03381	S04589
C03382	S04590
C03383	S04591
C03384	S04592
C03384	S05569
C03384	S08411
C03384	S08555
C03385	S04593
C03386	S04597
C03387	S04599
C03388	S04600
C03389	S04602
C03389	S07192
C03390	S04603
C03391	S04604
C03391	S09496
C03392	S04605
C03393	S04606
C03394	S04609
C03395	S04611
C03396	S04612
C03397	S04615
C03398	S04616
C03399	S04618
C03400	S04619
C03401	S04620
C03402	S04622
C03403	S04623
C03404	S04624
C03405	S04625
C03406	S04630
C03406	S06129
C03407	S04632
C03408	S04633
C03408	S04801
C03408	S04824
C03409	S04634
C03410	S04635
C03410	S09129
C03411	S04638
C03412	S04639
C03413	S04640
C03414	S04641
C03415	S04644
C03416	S04646
C03417	S04647
C03418	S04648
C03419	S04650
C03420	S04651
C03420	S05545
C03421	S04652
C03422	S04653
C03423	S04659
C03424	S04661
C03425	S04662
C03426	S04665
C03427	S04666
C03428	S04667
C03428	S05554
C03429	S04669
C03429	S08127
C03430	S04670
C03431	S04671
C03432	S04672
C03433	S04673
C03433	S08966
C03434	S04674
C03435	S04675
C03435	S05839
C03435	S06164
C03435	S07149
C03435	S08119
C03436	S04677
C03437	S04679
C03438	S04681
C03439	S04682
C03440	S04683
C03441	S04685
C03442	S04687
C03443	S04688
C03443	S09628
C03444	S04689
C03445	S04690
C03445	S05206
C03446	S04691
C03447	S04692
C03448	S04693
C03448	S07236
C03449	S04694
C03450	S04695
C03450	S05472
C03451	S04697
C03451	S06037
C03451	S07199
C03451	S08067
C03451	S09156
C03452	S04698
C03453	S04701
C03454	S04703
C03454	S05287
C03454	S07467
C03455	S04704
C03456	S04708
C03457	S04709
C03458	S04710
C03459	S04711
C03460	S04712
C03461	S04713
C03461	S08141
C03462	S04715
C03462	S04864
C03463	S04716
C03464	S04720
C03465	S04721
C03466	S04722
C03466	S05238
C03466	S07003
C03466	S07113
C03467	S04723
C03468	S04727
C03469	S04728
C03469	S08531
C03470	S04730
C03471	S04731
C03472	S04732
C03473	S04734
C03474	S04735
C03475	S04737
C03476	S04739
C03476	S06791
C03477	S04740
C03478	S04742
C03479	S04743
C03480	S04744
C03481	S04745
C03482	S04746
C03483	S04748
C03484	S04749
C03485	S04750
C03486	S04753
C03487	S04754
C03487	S09338
C03488	S04755
C03489	S04756
C03490	S04757
C03490	S08956
C03491	S04758
C03492	S04760
C03492	S07120
C03492	S08748
C03492	S09512
C03493	S04761
C03494	S04764
C03495	S04766
C03496	S04767
C03497	S04768
C03498	S04769
C03499	S04771
C03500	S04772
C03501	S04773
C03502	S04774
C03503	S04776
C03504	S04777
C03505	S04778
C03506	S04780
C03507	S04781
C03508	S04782
C03509	S04786
C03510	S04787
C03511	S04788
C03512	S04789
C03513	S04790
C03514	S04792
C03515	S04794
C03515	S07671
C03515	S08081
C03516	S04796
C03517	S04797
C03518	S04798
C03518	S05211
C03518	S09452
C03519	S04800
C03520	S04802
C03521	S04803
C03521	S08254
C03521	S08664
C03522	S04804
C03523	S04805
C03524	S04806
C03525	S04807
C03526	S04808
C03527	S04810
C03528	S04812
C03528	S08949
C03529	S04814
C03530	S04815
C03531	S04818
C03532	S04819
C03533	S04820
C03534	S04821
C03535	S04823
C03536	S04825
C03537	S04826
C03537	S05938
C03537	S08864
C03538	S04828
C03539	S04832
C03540	S04833
C03540	S05705
C03540	S08476
C03541	S04834
C03542	S04835
C03543	S04836
C03543	S05310
C03543	S06081
C03544	S04837
C03545	S04838
C03546	S04839
C03547	S04843
C03548	S04844
C03549	S04847
C03550	S04849
C03551	S04850
C03552	S04852
C03553	S04853
C03554	S04854
C03555	S04857
C03556	S04859
C03557	S04860
C03558	S04861
C03559	S04863
C03560	S04869
C03561	S04870
C03562	S04872
C03563	S04873
C03564	S04874
C03565	S04875
C03566	S04876
C03567	S04877
C03568	S04880
C03569	S04882
C03570	S04883
C03570	S05694
C03570	S09438
C03571	S04885
C03571	S06767
C03571	S09294
C03572	S04886
C03573	S04887
C03574	S04888
C03575	S04895
C03576	S04896
C03577	S04897
C03578	S04898
C03579	S04899
C03579	S08844
C03580	S04901
C03581	S04902
C03582	S04903
C03582	S08313
C03582	S08568
C03583	S04904
C03584	S04905
C03585	S04907
C03586	S04908
C03587	S04909
C03588	S04911
C03589	S04912
C03590	S04914
C03591	S04915
C03592	S04916
C03592	S08632
C03593	S04917
C03594	S04918
C03595	S04919
C03596	S04920
C03596	S06750
C03596	S08383
C03597	S04921
C03598	S04922
C03599	S04926
C03600	S04927
C03601	S04928
C03602	S04932
C03603	S04936
C03604	S04937
C03605	S04938
C03605	S08722
C03605	S09080
C03606	S04939
C03607	S04940
C03608	S04942
C03609	S04944
C03610	S04945
C03610	S06542
C03610	S07850
C03611	S04947
C03612	S04949
C03612	S06001
C03613	S04950
C03613	S05457
C03614	S04952
C03615	S04955
C03616	S04956
C03616	S08126
C03617	S04958
C03618	S04962
C03619	S04963
C03620	S04964
C03621	S04965
C03622	S04969
C03623	S04970
C03624	S04971
C03625	S04972
C03625	S08741
C03626	S04975
C03627	S04976
C03628	S04978
C03629	S04979
C03630	S04980
C03631	S04981
C03632	S04987
C03633	S04988
C03633	S06514
C03633	S08780
C03634	S04992
C03635	S04993
C03636	S04995
C03637	S04998
C03638	S05002
C03639	S05006
C03640	S05007
C03641	S05008
C03642	S05009
C03643	S05010
C03644	S05012
C03644	S05741
C03644	S08039
C03644	S08373
C03644	S09602
C03645	S05013
C03646	S05015
C03647	S05017
C03648	S05018
C03649	S05019
C03650	S05020
C03650	S05197
C03651	S05021
C03652	S05026
C03653	S05027
C03654	S05030
C03655	S05031
C03656	S05033
C03657	S05034
C03658	S05035
C03658	S06376
C03659	S05036
C03660	S05039
C03661	S05042
C03662	S05044
C03663	S05045
C03664	S05046
C03665	S05050
C03665	S08702
C03666	S05051
C03666	S06899
C03667	S05052
C03668	S05055
C03669	S05057
C03670	S05059
C03671	S05060
C03672	S05061
C03673	S05063
C03674	S05065
C03675	S05066
C03676	S05067
C03677	S05068
C03678	S05069
C03679	S05070
C03679	S05627
C03680	S05071
C03681	S05074
C03681	S05104
C03681	S05315
C03682	S05076
C03683	S05080
C03684	S05082
C03685	S05083
C03686	S05084
C03687	S05085
C03687	S07583
C03687	S09517
C03688	S05087
C03689	S05088
C03690	S05089
C03691	S05090
C03692	S05091
C03693	S05094
C03694	S05095
C03695	S05096
C03696	S05098
C03696	S06885
C03696	S07512
C03697	S05099
C03698	S05100
C03699	S05101
C03700	S05102
C03700	S08542
C03701	S05103
C03702	S05107
C03702	S07897
C03703	S05108
C03704	S05110
C03705	S05111
C03706	S05112
C03707	S05114
C03708	S05115
C03709	S05117
C03710	S05120
C03710	S06077
C03710	S08753
C03711	S05122
C03712	S05123
C03713	S05124
C03714	S05126
C03715	S05127
C03715	S09522
C03716	S05128
C03717	S05129
C03718	S05131
C03719	S05132
C03720	S05133
C03721	S05134
C03722	S05136
C03723	S05137
C03724	S05138
C03725	S05139
C03725	S07648
C03726	S05142
C03727	S05143
C03728	S05146
C03729	S05148
C03729	S07177
C03730	S05149
C03731	S05150
C03731	S06294
C03732	S05151
C03733	S05152
C03734	S05153
C03734	S06927
C03734	S07100
C03735	S05155
C03736	S05156
C03737	S05157
C03737	S06171
C03738	S05158
C03739	S05159
C03740	S05160
C03741	S05161
C03742	S05162
C03743	S05167
C03743	S06721
C03743	S07978
C03743	S08881
C03743	S08908
C03744	S05168
C03745	S05169
C03746	S05171
C03747	S05173
C03748	S05174
C03749	S05177
C03749	S05759
C03750	S05179
C03751	S05180
C03752	S05181
C03753	S05182
C03753	S05774
C03753	S08246
C03754	S05184
C03755	S05185
C03756	S05187
C03757	S05189
C03758	S05190
C03759	S05193
C03760	S05196
C03761	S05198
C03762	S05200
C03763	S05201
C03764	S05204
C03765	S05207
C03766	S05208
C03767	S05209
C03768	S05210
C03769	S05213
C03770	S05214
C03771	S05216
C03772	S05219
C03773	S05222
C03774	S05223
C03775	S05224
C03776	S05225
C03777	S05226
C03778	S05227
C03779	S05228
C03780	S05230
C03781	S05232
C03782	S05233
C03783	S05235
C03784	S05236
C03785	S05237
C03786	S05241
C03787	S05243
C03787	S08980
C03788	S05244
C03789	S05245
C03790	S05246
C03791	S05252
C03792	S05253
C03792	S07614
C03793	S05254
C03794	S05255
C03794	S08470
C03794	S08477
C03795	S05256
C03796	S05258
C03797	S05259
C03798	S05260
C03799	S05261
C03800	S05268
C03800	S08086
C03801	S05269
C03802	S05270
C03803	S05271
C03804	S05272
C03804	S09266
C03805	S05274
C03806	S05275
C03807	S05280
C03807	S06829
C03808	S05281
C03809	S05284
C03810	S05285
C03811	S05288
C03811	S09702
C03812	S05290
C03813	S05292
C03814	S05295
C03814	S06000
C03815	S05296
C03816	S05297
C03817	S05300
C03818	S05305
C03819	S05306
C03820	S05308
C03820	S05387
C03821	S05312
C03822	S05314
C03823	S05318
C03824	S05321
C03825	S05323
C03826	S05325
C03827	S05326
C03828	S05327
C03828	S06970
C03828	S09183
C03828	S09569
C03829	S05331
C03830	S05332
C03831	S05334
C03831	S08973
C03831	S09292
C03832	S05335
C03833	S05339
C03834	S05340
C03835	S05342
C03836	S05343
C03837	S05344
C03838	S05346
C03839	S05348
C03840	S05349
C03841	S05351
C03842	S05353
C03843	S05354
C03844	S05355
C03845	S05357
C03846	S05358
C03847	S05360
C03848	S05361
C03849	S05363
C03850	S05365
C03851	S05367
C03852	S05369
C03852	S06553
C03853	S05370
C03854	S05371
C03855	S05373
C03856	S05375
C03857	S05377
C03858	S05379
C03859	S05380
C03860	S05382
C03860	S06196
C03860	S08931
C03860	S09553
C03861	S05384
C03861	S05900
C03862	S05385
C03863	S05388
C03864	S05389
C03865	S05390
C03865	S09167
C03866	S05391
C03867	S05393
C03868	S05394
C03869	S05395
C03870	S05396
C03871	S05397
C03872	S05398
C03873	S05399
C03874	S05402
C03875	S05403
C03876	S05404
C03877	S05406
C03878	S05414
C03879	S05415
C03880	S05416
C03881	S05418
C03882	S05421
C03883	S05423
C03883	S06366
C03884	S05424
C03885	S05425
C03886	S05426
C03887	S05428
C03888	S05430
C03889	S05431
C03890	S05433
C03890	S06090
C03891	S05435
C03892	S05436
C03893	S05437
C03894	S05438
C03895	S05440
C03895	S07945
C03896	S05441
C03897	S05443
C03898	S05445
C03899	S05446
C03900	S05447
C03901	S05450
C03902	S05451
C03903	S05452
C03904	S05453
C03905	S05454
C03906	S05456
C03907	S05458
C03908	S05462
C03909	S05463
C03910	S05464
C03911	S05465
C03912	S05466
C03913	S05469
C03914	S05473
C03915	S05474
C03915	S05674
C03915	S07494
C03916	S05477
C03917	S05478
C03918	S05480
C03919	S05482
C03920	S05484
C03921	S05486
C03922	S05488
C03923	S05489
C03924	S05490
C03925	S05491
C03926	S05492
C03927	S05493
C03928	S05494
C03929	S05497
C03930	S05499
C03930	S06613
C03931	S05501
C03931	S07933
C03932	S05504
C03933	S05509
C03934	S05511
C03935	S05512
C03936	S05513
C03937	S05515
C03938	S05516
C03939	S05517
C03940	S05519
C03941	S05520
C03942	S05521
C03943	S05523
C03944	S05525
C03945	S05526
C03946	S05527
C03947	S05529
C03948	S05530
C03949	S05531
C03949	S09146
C03950	S05532
C03951	S05533
C03952	S05534
C03953	S05535
C03954	S05536
C03955	S05538
C03956	S05539
C03957	S05541
C03958	S05542
C03959	S05543
C03960	S05544
C03961	S05546
C03962	S05548
C03963	S05549
C03964	S05552
C03964	S07285
C03965	S05557
C03966	S05558
C03967	S05559
C03968	S05560
C03969	S05561
C03970	S05562
C03971	S05563
C03971	S05639
C03971	S05956
C03971	S06958
C03971	S09263
C03972	S05565
C03973	S05566
C03974	S05572
C03975	S05574
C03976	S05575
C03977	S05577
C03977	S07047
C03978	S05578
C03979	S05581
C03980	S05583
C03980	S05844
C03980	S07484
C03981	S05587
C03982	S05588
C03983	S05589
C03984	S05592
C03985	S05593
C03986	S05594
C03986	S09441
C03987	S05595
C03988	S05597
C03989	S05598
C03990	S05599
C03991	S05603
C03992	S05604
C03993	S05605
C03993	S06147
C03993	S06949
C03994	S05606
C03995	S05607
C03996	S05608
C03997	S05609
C03998	S05611
C03999	S05613
C04000	S05615
C04001	S05616
C04002	S05618
C04003	S05619
C04004	S05620
C04005	S05621
C04006	S05623
C04007	S05624
C04008	S05625
C04009	S05626
C04009	S06180
C04009	S07905
C04010	S05628
C04010	S05718
C04011	S05629
C04012	S05630
C04013	S05631
C04014	S05632
C04014	S08208
C04014	S09466
C04015	S05636
C04016	S05638
C04017	S05642
C04017	S07626
C04018	S05643
C04019	S05648
C04019	S06582
C04019	S07582
C04020	S05649
C04021	S05650
C04022	S05652
C04023	S05653
C04024	S05654
C04025	S05655
C04026	S05656
C04027	S05658
C04027	S06709
C04028	S05660
C04029	S05661
C04029	S05682
C04030	S05662
C04030	S07067
C04031	S05665
C04032	S05668
C04033	S05670
C04034	S05672
C04035	S05673
C04035	S07307
C04036	S05675
C04037	S05677
C04038	S05680
C04039	S05681
C04039	S08859
C04040	S05683
C04041	S05684
C04042	S05686
C04043	S05689
C04043	S07297
C04044	S05691
C04044	S06359
C04045	S05692
C04046	S05693
C04047	S05698
C04048	S05701
C04049	S05703
C04050	S05704
C04050	S07665
C04051	S05708
C04052	S05709
C04053	S05710
C04054	S05712
C04055	S05713
C04056	S05715
C04057	S05716
C04058	S05717
C04059	S05719
C04059	S05975
C04059	S06857
C04060	S05720
C04061	S05722
C04062	S05723
C04063	S05725
C04064	S05727
C04065	S05728
C04066	S05729
C04067	S05734
C04068	S05736
C04069	S05737
C04070	S05738
C04071	S05739
C04072	S05742
C04073	S05743
C04074	S05745
C04075	S05747
C04076	S05749
C04077	S05753
C04078	S05754
C04079	S05755
C04080	S05756
C04081	S05757
C04081	S08248
C04082	S05758
C04082	S06353
C04083	S05762
C04084	S05763
C04085	S05766
C04085	S08121
C04086	S05768
C04087	S05769
C04088	S05770
C04088	S09116
C04089	S05772
C04090	S05773
C04091	S05776
C04092	S05779
C04093	S05781
C04094	S05782
C04094	S07356
C04095	S05783
C04096	S05784
C04097	S05787
C04098	S05788
C04098	S07037
C04099	S05790
C04100	S05792
C04101	S05793
C04102	S05794
C04103	S05796
C04104	S05798
C04105	S05799
C04106	S05800
C04107	S05803
C04108	S05809
C04108	S07800
C04109	S05810
C04110	S05812
C04111	S05813
C04112	S05814
C04112	S09471
C04113	S05816
C04114	S05819
C04115	S05820
C04115	S07689
C04116	S05821
C04117	S05822
C04118	S05823
C04118	S07547
C04119	S05824
C04120	S05825
C04121	S05828
C04122	S05829
C04122	S09326
C04123	S05831
C04124	S05833
C04125	S05834
C04126	S05836
C04127	S05840
C04128	S05841
C04129	S05843
C04130	S05848
C04131	S05850
C04132	S05851
C04133	S05854
C04134	S05858
C04135	S05864
C04136	S05865
C04136	S08481
C04137	S05866
C04138	S05867
C04139	S05868
C04139	S08281
C04140	S05870
C04141	S05872
C04142	S05873
C04143	S05874
C04143	S06350
C04144	S05875
C04145	S05877
C04146	S05878
C04147	S05880
C04148	S05882
C04149	S05883
C04150	S05884
C04151	S05885
C04152	S05886
C04153	S05888
C04154	S05890
C04154	S07210
C04154	S08938
C04155	S05892
C04156	S05893
C04157	S05894
C04158	S05895
C04159	S05896
C04159	S08001
C04160	S05897
C04161	S05898
C04162	S05899
C04163	S05903
C04164	S05904
C04165	S05906
C04166	S05907
C04167	S05908
C04168	S05911
C04169	S05913
C04170	S05914
C04170	S09386
C04170	S09720
C04171	S05916
C04172	S05917
C04173	S05918
C04174	S05921
C04175	S05924
C04176	S05925
C04177	S05926
C04178	S05927
C04179	S05928
C04180	S05932
C04181	S05934
C04182	S05935
C04183	S05937
C04184	S05939
C04185	S05940
C04186	S05943
C04187	S05945
C04188	S05946
C04189	S05947
C04190	S05949
C04191	S05950
C04192	S05951
C04193	S05953
C04194	S05954
C04195	S05958
C04196	S05960
C04197	S05961
C04198	S05962
C04199	S05964
C04200	S05965
C04201	S05969
C04202	S05970
C04203	S05973
C04204	S05974
C04205	S05976
C04206	S05977
C04206	S06457
C04207	S05979
C04207	S08544
C04208	S05980
C04208	S07911
C04208	S09293
C04209	S05983
C04210	S05985
C04211	S05986
C04212	S05987
C04212	S06302
C04213	S05990
C04214	S05991
C04215	S05993
C04216	S05994
C04217	S05995
C04217	S07459
C04218	S05997
C04219	S05998
C04219	S06560
C04220	S06004
C04221	S06006
C04222	S06009
C04223	S06010
C04224	S06012
C04225	S06013
C04226	S06015
C04227	S06016
C04228	S06018
C04229	S06019
C04230	S06020
C04231	S06022
C04232	S06027
C04233	S06032
C04234	S06033
C04234	S06742
C04235	S06034
C04236	S06035
C04237	S06036
C04238	S06039
C04239	S06041
C04240	S06042
C04241	S06043
C04242	S06045
C04243	S06047
C04244	S06048
C04245	S06049
C04246	S06050
C04247	S06051
C04248	S06052
C04249	S06053
C04250	S06054
C04251	S06055
C04252	S06056
C04253	S06058
C04253	S07215
C04253	S07853
C04254	S06059
C04255	S06063
C04255	S06983
C04255	S07104
C04256	S06064
C04257	S06067
C04258	S06068
C04258	S07553
C04259	S06069
C04260	S06072
C04261	S06073
C04261	S06986
C04262	S06074
C04263	S06075
C04264	S06076
C04265	S06078
C04265	S06600
C04265	S08207
C04266	S06080
C04267	S06082
C04268	S06083
C04269	S06085
C04270	S06088
C04271	S06089
C04271	S07247
C04271	S08225
C04271	S08801
C04272	S06091
C04273	S06092
C04274	S06093
C04274	S06507
C04275	S06094
C04276	S06096
C04277	S06097
C04278	S06098
C04279	S06100
C04280	S06102
C04281	S06103
C04282	S06104
C04283	S06105
C04284	S06106
C04285	S06109
C04286	S06110
C04287	S06116
C04288	S06117
C04288	S07666
C04289	S06118
C04290	S06119
C04291	S06122
C04292	S06123
C04293	S06125
C04294	S06126
C04294	S09135
C04295	S06127
C04295	S07968
C04295	S08459
C04296	S06131
C04297	S06132
C04298	S06133
C04298	S07621
C04299	S06135
C04300	S06137
C04301	S06138
C04302	S06139
C04303	S06140
C04303	S09721
C04304	S06141
C04305	S06143
C04306	S06145
C04307	S06146
C04308	S06150
C04309	S06152
C04310	S06157
C04311	S06159
C04311	S07543
C04312	S06160
C04313	S06162
C04314	S06163
C04314	S06732
C04315	S06165
C04315	S07998
C04316	S06168
C04317	S06169
C04318	S06170
C04318	S08333
C04319	S06172
C04319	S06527
C04320	S06173
C04321	S06176
C04321	S08013
C04321	S08983
C04322	S06181
C04323	S06184
C04324	S06185
C04325	S06186
C04326	S06187
C04327	S06189
C04327	S06606
C04328	S06191
C04329	S06192
C04330	S06193
C04331	S06194
C04332	S06195
C04333	S06197
C04334	S06199
C04334	S07453
C04335	S06201
C04336	S06202
C04336	S06498
C04337	S06204
C04338	S06205
C04339	S06206
C04340	S06207
C04341	S06208
C04342	S06210
C04343	S06211
C04344	S06212
C04345	S06214
C04346	S06215
C04347	S06219
C04348	S06220
C04349	S06222
C04350	S06223
C04351	S06224
C04351	S08145
C04352	S06225
C04353	S06226
C04354	S06227
C04355	S06229
C04356	S06231
C04357	S06236
C04358	S06237
C04359	S06240
C04360	S06241
C04361	S06242
C04362	S06244
C04363	S06246
C04364	S06247
C04365	S06248
C04366	S06252
C04367	S06253
C04368	S06254
C04369	S06255
C04370	S06257
C04371	S06258
C04372	S06260
C04373	S06261
C04374	S06263
C04375	S06264
C04376	S06265
C04376	S09640
C04377	S06266
C04377	S06340
C04377	S06871
C04378	S06267
C04379	S06269
C04380	S06271
C04381	S06272
C04382	S06273
C04383	S06275
C04384	S06276
C04385	S06277
C04386	S06278
C04387	S06279
C04388	S06280
C04389	S06281
C04390	S06282
C04391	S06285
C04392	S06286
C04393	S06288
C04394	S06289
C04395	S06290
C04395	S09114
C04396	S06291
C04397	S06293
C04398	S06295
C04399	S06297
C04400	S06298
C04401	S06300
C04401	S06320
C04401	S07279
C04402	S06301
C04403	S06303
C04404	S06304
C04405	S06305
C04406	S06306
C04407	S06307
C04408	S06309
C04409	S06312
C04410	S06313
C04411	S06314
C04412	S06316
C04413	S06317
C04414	S06318
C04415	S06319
C04416	S06321
C04417	S06326
C04418	S06330
C04419	S06331
C04420	S06332
C04421	S06334
C04422	S06337
C04423	S06341
C04424	S06342
C04425	S06343
C04425	S09523
C04426	S06345
C04427	S06346
C04428	S06347
C04429	S06352
C04430	S06354
C04431	S06356
C04432	S06358
C04433	S06361
C04434	S06362
C04435	S06363
C04436	S06365
C04437	S06368
C04438	S06370
C04439	S06372
C04440	S06373
C04441	S06374
C04442	S06378
C04443	S06379
C04444	S06380
C04444	S07713
C04445	S06381
C04446	S06382
C04446	S09625
C04447	S06387
C04448	S06388
C04449	S06391
C04450	S06392
C04450	S09047
C04451	S06394
C04452	S06395
C04453	S06399
C04454	S06406
C04455	S06407
C04456	S06408
C04457	S06409
C04458	S06411
C04459	S06413
C04460	S06414
C04461	S06415
C04462	S06416
C04463	S06417
C04464	S06418
C04465	S06419
C04466	S06420
C04467	S06421
C04468	S06423
C04469	S06424
C04469	S07770
C04470	S06425
C04470	S07428
C04471	S06427
C04472	S06429
C04473	S06430
C04474	S06432
C04475	S06436
C04476	S06437
C04477	S06439
C04478	S06441
C04479	S06442
C04480	S06443
C04481	S06445
C04482	S06447
C04482	S07054
C04483	S06448
C04484	S06449
C04485	S06453
C04486	S06459
C04487	S06463
C04488	S06466
C04489	S06478
C04489	S07208
C04489	S08858
C04490	S06479
C04491	S06481
C04492	S06482
C04493	S06485
C04494	S06486
C04495	S06487
C04496	S06488
C04497	S06489
C04498	S06490
C04499	S06493
C04499	S09333
C04500	S06496
C04501	S06497
C04502	S06500
C04503	S06501
C04504	S06504
C04505	S06505
C04506	S06506
C04507	S06508
C04508	S06509
C04508	S07931
C04509	S06510
C04510	S06511
C04511	S06512
C04512	S06515
C04513	S06518
C04514	S06521
C04514	S07982
C04515	S06523
C04516	S06524
C04517	S06525
C04518	S06526
C04519	S06529
C04520	S06530
C04521	S06531
C04522	S06532
C04523	S06537
C04523	S07918
C04523	S08731
C04524	S06538
C04525	S06539
C04526	S06540
C04527	S06543
C04528	S06544
C04529	S06545
C04530	S06547
C04531	S06549
C04532	S06551
C04533	S06555
C04534	S06556
C04535	S06557
C04536	S06558
C04537	S06559
C04538	S06561
C04539	S06563
C04540	S06565
C04541	S06566
C04542	S06567
C04542	S09498
C04543	S06569
C04544	S06570
C04545	S06571
C04546	S06573
C04547	S06574
C04548	S06576
C04549	S06577
C04549	S06667
C04550	S06578
C04551	S06581
C04552	S06584
C04553	S06586
C04554	S06588
C04555	S06589
C04556	S06590
C04557	S06592
C04558	S06594
C04559	S06596
C04559	S08857
C04560	S06598
C04561	S06599
C04562	S06603
C04563	S06607
C04564	S06608
C04565	S06609
C04566	S06610
C04567	S06614
C04568	S06617
C04568	S06716
C04569	S06620
C04570	S06621
C04571	S06622
C04572	S06623
C04572	S06798
C04573	S06626
C04574	S06630
C04575	S06632
C04576	S06636
C04577	S06637
C04578	S06638
C04579	S06639
C04580	S06640
C04581	S06641
C04582	S06642
C04583	S06644
C04584	S06646
C04585	S06647
C04586	S06650
C04587	S06651
C04588	S06652
C04589	S06654
C04590	S06655
C04591	S06656
C04591	S07917
C04592	S06657
C04592	S09407
C04593	S06658
C04593	S08273
C04594	S06659
C04595	S06661
C04596	S06662
C04597	S06664
C04598	S06665
C04599	S06669
C04599	S07925
C04600	S06670
C04601	S06672
C04602	S06673
C04603	S06678
C04604	S06679
C04605	S06681
C04606	S06683
C04606	S07245
C04607	S06684
C04608	S06685
C04609	S06686
C04610	S06688
C04611	S06690
C04612	S06691
C04613	S06692
C04614	S06693
C04614	S08395
C04615	S06695
C04615	S07151
C04616	S06696
C04617	S06698
C04618	S06699
C04619	S06700
C04620	S06702
C04620	S07541
C04621	S06704
C04622	S06706
C04623	S06707
C04623	S07492
C04624	S06708
C04625	S06712
C04626	S06714
C04627	S06720
C04628	S06724
C04629	S06727
C04630	S06728
C04631	S06733
C04632	S06734
C04633	S06737
C04634	S06738
C04635	S06739
C04636	S06740
C04637	S06741
C04638	S06744
C04639	S06752
C04640	S06753
C04640	S07198
C04641	S06758
C04642	S06759
C04642	S07295
C04643	S06761
C04643	S08221
C04643	S08423
C04644	S06763
C04645	S06764
C04646	S06771
C04647	S06773
C04648	S06774
C04649	S06776
C04650	S06777
C04650	S08044
C04650	S08272
C04651	S06778
C04652	S06781
C04653	S06783
C04654	S06785
C04655	S06786
C04655	S07884
C04656	S06787
C04657	S06789
C04658	S06790
C04658	S07820
C04659	S06793
C04660	S06794
C04661	S06795
C04662	S06796
C04663	S06799
C04664	S06800
C04665	S06801
C04666	S06803
C04667	S06806
C04668	S06808
C04669	S06809
C04670	S06815
C04671	S06816
C04672	S06817
C04673	S06818
C04674	S06819
C04675	S06820
C04676	S06821
C04677	S06822
C04678	S06823
C04679	S06824
C04680	S06826
C04681	S06830
C04682	S06831
C04683	S06834
C04684	S06836
C04685	S06837
C04686	S06838
C04687	S06839
C04688	S06840
C04689	S06841
C04689	S07441
C04690	S06843
C04691	S06844
C04692	S06845
C04693	S06846
C04694	S06848
C04695	S06849
C04696	S06850
C04697	S06851
C04698	S06852
C04699	S06853
C04700	S06854
C04701	S06856
C04702	S06858
C04703	S06860
C04704	S06862
C04705	S06864
C04706	S06866
C04707	S06867
C04708	S06870
C04709	S06872
C04710	S06873
C04711	S06874
C04712	S06875
C04713	S06876
C04714	S06877
C04715	S06878
C04716	S06879
C04717	S06880
C04718	S06881
C04719	S06882
C04720	S06884
C04721	S06886
C04722	S06889
C04723	S06892
C04723	S08913
C04724	S06893
C04724	S07819
C04725	S06894
C04726	S06897
C04727	S06898
C04728	S06902
C04729	S06905
C04730	S06906
C04731	S06907
C04732	S06908
C04733	S06910
C04734	S06913
C04734	S07374
C04735	S06914
C04736	S06915
C04737	S06916
C04738	S06917
C04739	S06918
C04740	S06919
C04741	S06920
C04742	S06921
C04743	S06922
C04743	S07768
C04743	S08432
C04743	S09021
C04744	S06930
C04745	S06932
C04746	S06933
C04746	S08814
C04747	S06936
C04748	S06938
C04749	S06942
C04750	S06943
C04751	S06944
C04752	S06947
C04753	S06948
C04754	S06952
C04755	S06954
C04755	S06991
C04756	S06955
C04757	S06956
C04758	S06957
C04759	S06959
C04760	S06960
C04761	S06961
C04762	S06962
C04763	S06964
C04764	S06972
C04765	S06973
C04766	S06976
C04767	S06977
C04768	S06978
C04769	S06979
C04770	S06980
C04771	S06984
C04772	S06985
C04773	S06987
C04773	S09543
C04774	S06988
C04774	S08534
C04775	S06992
C04776	S06993
C04777	S06994
C04778	S06996
C04779	S06998
C04780	S07000
C04781	S07001
C04782	S07004
C04783	S07005
C04784	S07006
C04784	S07398
C04785	S07007
C04786	S07008
C04787	S07009
C04788	S07012
C04789	S07014
C04789	S09157
C04790	S07015
C04791	S07017
C04792	S07020
C04792	S07803
C04793	S07022
C04794	S07026
C04795	S07028
C04796	S07032
C04797	S07033
C04798	S07034
C04799	S07035
C04800	S07039
C04801	S07040
C04802	S07041
C04803	S07042
C04804	S07045
C04805	S07048
C04806	S07055
C04807	S07056
C04808	S07057
C04809	S07059
C04810	S07060
C04811	S07061
C04812	S07062
C04813	S07064
C04814	S07065
C04815	S07066
C04816	S07068
C04817	S07069
C04818	S07075
C04819	S07076
C04820	S07079
C04821	S07080
C04822	S07081
C04823	S07086
C04824	S07087
C04825	S07088
C04826	S07089
C04827	S07092
C04828	S07094
C04829	S07095
C04830	S07096
C04831	S07099
C04832	S07103
C04833	S07106
C04834	S07107
C04834	S08360
C04835	S07108
C04836	S07110
C04837	S07112
C04838	S07114
C04839	S07116
C04840	S07118
C04841	S07121
C04842	S07123
C04843	S07124
C04844	S07126
C04845	S07128
C04846	S07129
C04847	S07131
C04848	S07135
C04849	S07136
C04850	S07137
C04851	S07138
C04852	S07139
C04853	S07140
C04854	S07141
C04855	S07143
C04856	S07145
C04857	S07146
C04858	S07147
C04859	S07148
C04860	S07150
C04861	S07152
C04861	S08559
C04862	S07153
C04863	S07154
C04864	S07156
C04865	S07159
C04866	S07161
C04867	S07165
C04868	S07166
C04869	S07167
C04870	S07168
C04871	S07170
C04872	S07171
C04873	S07172
C04874	S07173
C04875	S07174
C04876	S07175
C04877	S07176
C04878	S07178
C04879	S07179
C04880	S07180
C04881	S07181
C04882	S07182
C04883	S07183
C04883	S09677
C04884	S07184
C04885	S07185
C04886	S07188
C04887	S07190
C04888	S07193
C04889	S07195
C04890	S07197
C04891	S07200
C04892	S07201
C04893	S07202
C04894	S07203
C04895	S07204
C04896	S07206
C04897	S07207
C04897	S07936
C04898	S07209
C04899	S07212
C04899	S07395
C04900	S07213
C04901	S07216
C04902	S07217
C04903	S07218
C04904	S07219
C04905	S07222
C04906	S07225
C04907	S07226
C04908	S07228
C04909	S07234
C04910	S07235
C04910	S09272
C04910	S09654
C04911	S07237
C04912	S07238
C04913	S07240
C04914	S07243
C04915	S07246
C04916	S07248
C04917	S07249
C04918	S07250
C04919	S07251
C04920	S07253
C04921	S07255
C04922	S07256
C04923	S07257
C04924	S07258
C04924	S07760
C04925	S07259
C04926	S07260
C04927	S07263
C04928	S07264
C04929	S07266
C04930	S07272
C04931	S07273
C04932	S07274
C04933	S07275
C04934	S07276
C04935	S07278
C04936	S07280
C04937	S07283
C04938	S07288
C04939	S07289
C04940	S07290
C04941	S07291
C04942	S07292
C04943	S07294
C04944	S07296
C04945	S07298
C04946	S07299
C04947	S07301
C04948	S07303
C04949	S07304
C04950	S07305
C04951	S07306
C04952	S07308
C04953	S07309
C04954	S07312
C04955	S07313
C04956	S07314
C04956	S08176
C04956	S09298
C04957	S07315
C04957	S08694
C04958	S07316
C04959	S07317
C04960	S07318
C04961	S07321
C04962	S07324
C04963	S07326
C04964	S07327
C04965	S07329
C04966	S07332
C04967	S07333
C04968	S07334
C04969	S07335
C04970	S07336
C04971	S07338
C04972	S07341
C04973	S07342
C04974	S07343
C04975	S07344
C04976	S07347
C04977	S07350
C04978	S07352
C04979	S07353
C04980	S07361
C04981	S07365
C04982	S07366
C04982	S08174
C04982	S08202
C04982	S08721
C04983	S07368
C04983	S07662
C04983	S07668
C04984	S07371
C04985	S07372
C04986	S07375
C04986	S08727
C04987	S07377
C04988	S07379
C04989	S07380
C04990	S07383
C04991	S07384
C04992	S07385
C04993	S07387
C04994	S07388
C04995	S07389
C04996	S07391
C04997	S07392
C04998	S07396
C04999	S07397
C05000	S07399
C05001	S07400
C05002	S07401
C05003	S07402
C05004	S07404
C05004	S09033
C05005	S07405
C05006	S07407
C05007	S07408
C05008	S07410
C05009	S07411
C05010	S07413
C05011	S07414
C05012	S07415
C05013	S07417
C05014	S07418
C05015	S07421
C05016	S07422
C05017	S07425
C05018	S07427
C05019	S07430
C05020	S07432
C05020	S08033
C05021	S07433
C05022	S07435
C05023	S07438
C05024	S07439
C05025	S07440
C05026	S07442
C05027	S07443
C05028	S07450
C05029	S07451
C05030	S07452
C05031	S07454
C05032	S07455
C05033	S07458
C05034	S07461
C05035	S07465
C05036	S07468
C05037	S07474
C05038	S07476
C05039	S07478
C05039	S08063
C05039	S08387
C05040	S07479
C05041	S07482
C05042	S07483
C05043	S07486
C05044	S07487
C05045	S07488
C05046	S07489
C05047	S07491
C05048	S07497
C05049	S07498
C05050	S07499
C05051	S07507
C05052	S07509
C05053	S07510
C05054	S07513
C05055	S07514
C05056	S07515
C05057	S07518
C05058	S07521
C05059	S07522
C05060	S07524
C05061	S07527
C05062	S07529
C05063	S07530
C05063	S09070
C05064	S07532
C05065	S07533
C05066	S07534
C05067	S07537
C05068	S07539
C05069	S07542
C05070	S07544
C05071	S07545
C05072	S07546
C05073	S07549
C05074	S07551
C05075	S07552
C05076	S07555
C05077	S07559
C05078	S07560
C05079	S07561
C05080	S07563
C05081	S07564
C05082	S07565
C05083	S07566
C05084	S07567
C05085	S07568
C05086	S07569
C05087	S07570
C05088	S07572
C05089	S07575
C05090	S07577
C05091	S07578
C05091	S09238
C05092	S07585
C05093	S07586
C05094	S07587
C05095	S07588
C05096	S07590
C05097	S07592
C05098	S07593
C05099	S07594
C05100	S07595
C05101	S07596
C05102	S07598
C05103	S07602
C05104	S07603
C05105	S07604
C05106	S07608
C05106	S08050
C05107	S07611
C05108	S07615
C05109	S07616
C05110	S07618
C05111	S07619
C05112	S07622
C05113	S07624
C05114	S07629
C05114	S09391
C05115	S07633
C05116	S07637
C05117	S07640
C05118	S07642
C05119	S07644
C05120	S07645
C05121	S07646
C05122	S07647
C05123	S07649
C05124	S07650
C05125	S07651
C05126	S07653
C05127	S07654
C05128	S07655
C05129	S07656
C05130	S07657
C05131	S07658
C05132	S07661
C05133	S07663
C05134	S07664
C05135	S07667
C05136	S07672
C05137	S07673
C05138	S07675
C05139	S07677
C05140	S07679
C05141	S07680
C05142	S07683
C05143	S07684
C05144	S07690
C05145	S07696
C05146	S07697
C05147	S07698
C05148	S07700
C05149	S07702
C05150	S07703
C05151	S07704
C05152	S07705
C05153	S07706
C05154	S07707
C05155	S07709
C05156	S07710
C05157	S07711
C05158	S07712
C05159	S07716
C05160	S07718
C05160	S07812
C05161	S07719
C05162	S07723
C05163	S07724
C05164	S07726
C05165	S07727
C05166	S07729
C05167	S07730
C05168	S07731
C05169	S07733
C05170	S07736
C05171	S07737
C05172	S07739
C05173	S07741
C05174	S07742
C05175	S07743
C05176	S07744
C05177	S07745
C05178	S07746
C05179	S07747
C05180	S07752
C05181	S07753
C05182	S07754
C05183	S07755
C05184	S07758
C05184	S08911
C05184	S09489
C05185	S07761
C05186	S07762
C05187	S07763
C05188	S07764
C05189	S07767
C05190	S07769
C05191	S07771
C05191	S08480
C05192	S07772
C05193	S07773
C05194	S07774
C05195	S07775
C05196	S07776
C05197	S07778
C05198	S07780
C05199	S07781
C05200	S07783
C05201	S07785
C05202	S07786
C05202	S07842
C05203	S07787
C05204	S07788
C05205	S07793
C05206	S07795
C05207	S07801
C05208	S07802
C05209	S07805
C05210	S07806
C05211	S07808
C05212	S07809
C05213	S07813
C05214	S07814
C05215	S07815
C05216	S07816
C05217	S07821
C05218	S07824
C05219	S07825
C05220	S07827
C05221	S07828
C05222	S07829
C05223	S07830
C05224	S07831
C05224	S09719
C05225	S07832
C05226	S07833
C05227	S07834
C05228	S07835
C05229	S07836
C05230	S07837
C05231	S07838
C05232	S07839
C05233	S07841
C05234	S07843
C05235	S07844
C05236	S07845
C05237	S07847
C05238	S07849
C05239	S07851
C05240	S07852
C05241	S07854
C05242	S07855
C05242	S09656
C05243	S07856
C05244	S07857
C05245	S07860
C05246	S07861
C05247	S07864
C05248	S07865
C05248	S07883
C05249	S07867
C05250	S07868
C05251	S07869
C05251	S07892
C05252	S07871
C05253	S07872
C05254	S07873
C05255	S07879
C05256	S07882
C05257	S07885
C05258	S07887
C05259	S07888
C05260	S07889
C05261	S07898
C05262	S07899
C05263	S07900
C05264	S07901
C05265	S07904
C05266	S07906
C05267	S07907
C05268	S07908
C05269	S07913
C05270	S07915
C05271	S07916
C05272	S07919
C05273	S07920
C05274	S07923
C05275	S07924
C05276	S07926
C05277	S07927
C05278	S07928
C05279	S07929
C05280	S07930
C05280	S08869
C05281	S07932
C05282	S07934
C05283	S07937
C05284	S07938
C05285	S07940
C05286	S07941
C05287	S07942
C05288	S07943
C05289	S07944
C05290	S07948
C05291	S07949
C05292	S07950
C05293	S07951
C05294	S07953
C05295	S07954
C05296	S07955
C05297	S07956
C05298	S07957
C05299	S07961
C05300	S07962
C05301	S07963
C05302	S07966
C05302	S08238
C05303	S07969
C05304	S07970
C05305	S07971
C05306	S07972
C05307	S07973
C05308	S07974
C05309	S07976
C05310	S07979
C05311	S07980
C05312	S07981
C05313	S07984
C05314	S07986
C05315	S07987
C05316	S07988
C05317	S07990
C05318	S07995
C05319	S07996
C05320	S07997
C05321	S07999
C05322	S08004
C05323	S08005
C05324	S08006
C05325	S08007
C05326	S08008
C05327	S08011
C05328	S08012
C05329	S08015
C05330	S08017
C05331	S08018
C05332	S08019
C05333	S08023
C05334	S08025
C05335	S08027
C05335	S08951
C05336	S08028
C05337	S08030
C05338	S08034
C05339	S08035
C05340	S08036
C05340	S08060
C05340	S08098
C05341	S08038
C05342	S08042
C05343	S08043
C05344	S08045
C05345	S08046
C05346	S08048
C05347	S08049
C05348	S08052
C05349	S08053
C05349	S09231
C05350	S08054
C05351	S08056
C05351	S08990
C05352	S08057
C05353	S08061
C05354	S08069
C05355	S08071
C05355	S09091
C05356	S08074
C05357	S08079
C05357	S09504
C05358	S08080
C05359	S08082
C05360	S08084
C05361	S08085
C05362	S08088
C05363	S08089
C05364	S08090
C05364	S08599
C05365	S08091
C05366	S08092
C05367	S08093
C05368	S08095
C05368	S09056
C05369	S08097
C05370	S08100
C05371	S08101
C05372	S08105
C05373	S08106
C05374	S08107
C05375	S08108
C05376	S08109
C05377	S08110
C05378	S08111
C05379	S08112
C05379	S08274
C05380	S08113
C05381	S08117
C05382	S08118
C05383	S08120
C05384	S08123
C05385	S08124
C05386	S08125
C05387	S08128
C05388	S08129
C05389	S08132
C05390	S08133
C05391	S08136
C05392	S08137
C05393	S08138
C05394	S08140
C05395	S08142
C05396	S08143
C05397	S08146
C05398	S08147
C05399	S08149
C05400	S08154
C05401	S08155
C05402	S08156
C05403	S08157
C05404	S08160
C05405	S08163
C05406	S08165
C05407	S08167
C05408	S08169
C05409	S08170
C05410	S08171
C05411	S08172
C05412	S08173
C05413	S08177
C05414	S08178
C05414	S08403
C05414	S09564
C05415	S08179
C05416	S08180
C05417	S08181
C05418	S08182
C05419	S08183
C05420	S08186
C05420	S08516
C05421	S08187
C05422	S08188
C05423	S08189
C05424	S08190
C05424	S08886
C05425	S08193
C05426	S08194
C05426	S08233
C05427	S08195
C05428	S08196
C05429	S08197
C05430	S08198
C05431	S08199
C05432	S08203
C05433	S08204
C05434	S08209
C05435	S08210
C05436	S08211
C05437	S08212
C05438	S08214
C05439	S08215
C05440	S08217
C05441	S08219
C05442	S08222
C05443	S08223
C05444	S08227
C05445	S08231
C05446	S08232
C05446	S08257
C05447	S08234
C05448	S08237
C05449	S08239
C05450	S08241
C05451	S08242
C05452	S08247
C05453	S08249
C05454	S08250
C05455	S08255
C05456	S08258
C05456	S09341
C05457	S08261
C05458	S08266
C05459	S08267
C05460	S08269
C05461	S08270
C05462	S08271
C05463	S08275
C05464	S08277
C05465	S08278
C05466	S08279
C05467	S08280
C05468	S08285
C05469	S08287
C05470	S08289
C05471	S08291
C05472	S08292
C05472	S08597
C05472	S09256
C05473	S08294
C05474	S08296
C05475	S08298
C05476	S08300
C05477	S08301
C05478	S08302
C05479	S08305
C05480	S08306
C05481	S08309
C05482	S08312
C05483	S08315
C05484	S08317
C05485	S08319
C05486	S08320
C05487	S08321
C05488	S08322
C05489	S08323
C05490	S08324
C05491	S08325
C05492	S08328
C05493	S08332
C05494	S08334
C05495	S08336
C05496	S08337
C05497	S08339
C05498	S08340
C05499	S08341
C05499	S09283
C05500	S08342
C05501	S08343
C05502	S08344
C05503	S08346
C05504	S08347
C05505	S08349
C05506	S08351
C05507	S08352
C05508	S08353
C05509	S08356
C05510	S08357
C05511	S08365
C05512	S08366
C05513	S08367
C05514	S08368
C05515	S08372
C05516	S08374
C05517	S08375
C05518	S08376
C05519	S08379
C05520	S08382
C05521	S08385
C05522	S08389
C05523	S08391
C05524	S08393
C05525	S08394
C05526	S08397
C05527	S08404
C05528	S08407
C05529	S08410
C05530	S08414
C05531	S08415
C05532	S08416
C05532	S09218
C05533	S08417
C05534	S08420
C05535	S08422
C05536	S08426
C05537	S08427
C05538	S08430
C05539	S08434
C05540	S08437
C05541	S08438
C05542	S08440
C05543	S08441
C05544	S08444
C05545	S08446
C05546	S08451
C05547	S08452
C05548	S08453
C05549	S08456
C05550	S08458
C05551	S08460
C05552	S08462
C05553	S08463
C05554	S08464
C05555	S08465
C05556	S08466
C05557	S08468
C05558	S08471
C05559	S08472
C05560	S08473
C05561	S08474
C05562	S08475
C05562	S08593
C05563	S08478
C05564	S08482
C05565	S08484
C05566	S08485
C05567	S08486
C05568	S08491
C05569	S08495
C05570	S08497
C05571	S08498
C05572	S08499
C05573	S08500
C05574	S08502
C05575	S08505
C05576	S08508
C05577	S08511
C05578	S08513
C05579	S08517
C05580	S08520
C05581	S08522
C05582	S08525
C05583	S08526
C05584	S08528
C05585	S08529
C05586	S08530
C05587	S08532
C05588	S08533
C05589	S08535
C05589	S08619
C05589	S09401
C05590	S08536
C05591	S08539
C05592	S08540
C05593	S08543
C05594	S08545
C05595	S08546
C05595	S08974
C05596	S08547
C05597	S08550
C05598	S08551
C05599	S08553
C05600	S08554
C05601	S08556
C05602	S08557
C05603	S08560
C05604	S08572
C05605	S08574
C05606	S08575
C05607	S08579
C05608	S08581
C05609	S08582
C05610	S08585
C05611	S08588
C05612	S08589
C05613	S08591
C05614	S08592
C05615	S08594
C05616	S08595
C05617	S08598
C05618	S08601
C05619	S08603
C05620	S08606
C05621	S08608
C05622	S08612
C05623	S08614
C05624	S08616
C05624	S08650
C05625	S08620
C05625	S09725
C05626	S08622
C05627	S08623
C05628	S08624
C05629	S08625
C05630	S08626
C05631	S08627
C05632	S08628
C05633	S08629
C05634	S08631
C05635	S08633
C05636	S08634
C05637	S08637
C05638	S08638
C05639	S08639
C05639	S08758
C05640	S08643
C05641	S08644
C05642	S08645
C05643	S08646
C05644	S08647
C05645	S08648
C05646	S08649
C05647	S08651
C05647	S09143
C05648	S08652
C05648	S09100
C05649	S08653
C05650	S08654
C05651	S08655
C05652	S08656
C05653	S08657
C05654	S08659
C05655	S08662
C05656	S08663
C05657	S08665
C05658	S08666
C05659	S08673
C05660	S08675
C05661	S08676
C05662	S08677
C05663	S08679
C05664	S08680
C05665	S08681
C05666	S08683
C05666	S08936
C05667	S08684
C05668	S08685
C05669	S08687
C05670	S08688
C05671	S08690
C05672	S08691
C05673	S08692
C05674	S08693
C05675	S08698
C05676	S08699
C05677	S08701
C05678	S08703
C05679	S08708
C05680	S08709
C05681	S08714
C05682	S08715
C05683	S08718
C05684	S08725
C05685	S08726
C05686	S08729
C05687	S08730
C05688	S08732
C05689	S08733
C05690	S08735
C05691	S08736
C05692	S08737
C05693	S08738
C05694	S08739
C05695	S08742
C05696	S08743
C05697	S08745
C05698	S08746
C05698	S08829
C05699	S08747
C05700	S08751
C05700	S09395
C05701	S08752
C05702	S08757
C05703	S08759
C05704	S08761
C05705	S08763
C05706	S08764
C05707	S08765
C05708	S08766
C05709	S08767
C05710	S08768
C05711	S08769
C05712	S08773
C05713	S08774
C05714	S08776
C05715	S08777
C05716	S08781
C05717	S08785
C05717	S08909
C05718	S08787
C05718	S09393
C05719	S08788
C05720	S08789
C05721	S08790
C05722	S08791
C05723	S08793
C05723	S09180
C05724	S08794
C05725	S08796
C05726	S08799
C05727	S08800
C05728	S08802
C05729	S08803
C05730	S08804
C05731	S08806
C05732	S08807
C05733	S08809
C05734	S08810
C05735	S08812
C05735	S09382
C05736	S08817
C05737	S08818
C05738	S08819
C05739	S08820
C05739	S09057
C05739	S09126
C05740	S08823
C05741	S08825
C05742	S08826
C05743	S08827
C05744	S08828
C05745	S08831
C05746	S08834
C05747	S08835
C05748	S08837
C05749	S08838
C05750	S08840
C05751	S08841
C05752	S08843
C05753	S08845
C05753	S09210
C05754	S08846
C05755	S08849
C05756	S08850
C05757	S08852
C05758	S08854
C05759	S08855
C05760	S08863
C05761	S08865
C05762	S08867
C05763	S08868
C05764	S08872
C05765	S08873
C05766	S08874
C05767	S08875
C05768	S08878
C05769	S08882
C05770	S08885
C05771	S08888
C05772	S08890
C05773	S08893
C05774	S08894
C05775	S08895
C05776	S08896
C05777	S08897
C05778	S08898
C05779	S08899
C05780	S08901
C05781	S08902
C05782	S08910
C05782	S08937
C05783	S08915
C05784	S08918
C05785	S08923
C05786	S08924
C05787	S08925
C05788	S08926
C05789	S08927
C05790	S08932
C05791	S08933
C05792	S08934
C05793	S08935
C05794	S08940
C05795	S08943
C05796	S08944
C05797	S08946
C05798	S08948
C05799	S08950
C05799	S09662
C05800	S08953
C05801	S08957
C05802	S08960
C05803	S08965
C05804	S08968
C05805	S08969
C05806	S08971
C05807	S08976
C05808	S08982
C05809	S08984
C05810	S08986
C05811	S08987
C05812	S08988
C05813	S08989
C05814	S08992
C05815	S08996
C05816	S08999
C05817	S09001
C05818	S09002
C05819	S09004
C05820	S09006
C05821	S09010
C05822	S09012
C05823	S09013
C05824	S09015
C05825	S09016
C05826	S09017
C05827	S09022
C05828	S09025
C05829	S09028
C05830	S09029
C05831	S09031
C05832	S09034
C05833	S09036
C05834	S09037
C05835	S09038
C05836	S09039
C05837	S09043
C05838	S09046
C05839	S09048
C05840	S09049
C05841	S09050
C05842	S09051
C05843	S09052
C05844	S09055
C05845	S09059
C05846	S09061
C05847	S09066
C05848	S09073
C05849	S09075
C05850	S09076
C05851	S09079
C05852	S09082
C05853	S09083
C05854	S09085
C05855	S09088
C05856	S09089
C05857	S09090
C05858	S09092
C05859	S09095
C05860	S09097
C05861	S09098
C05862	S09099
C05863	S09101
C05864	S09102
C05865	S09103
C05865	S09475
C05866	S09104
C05867	S09105
C05868	S09107
C05869	S09108
C05870	S09109
C05871	S09110
C05872	S09112
C05873	S09113
C05874	S09117
C05875	S09119
C05876	S09120
C05877	S09123
C05878	S09124
C05879	S09125
C05880	S09131
C05880	S09562
C05881	S09132
C05882	S09133
C05883	S09136
C05884	S09137
C05885	S09141
C05886	S09145
C05887	S09147
C05888	S09148
C05889	S09149
C05890	S09150
C05891	S09154
C05892	S09160
C05893	S09161
C05894	S09162
C05895	S09164
C05896	S09165
C05897	S09168
C05898	S09169
C05899	S09170
C05900	S09171
C05901	S09172
C05902	S09173
C05903	S09174
C05904	S09176
C05905	S09177
C05906	S09178
C05907	S09179
C05908	S09181
C05909	S09184
C05910	S09186
C05911	S09187
C05912	S09189
C05913	S09190
C05914	S09192
C05915	S09195
C05916	S09196
C05917	S09197
C05918	S09200
C05919	S09202
C05920	S09205
C05921	S09206
C05922	S09207
C05923	S09208
C05924	S09209
C05925	S09211
C05926	S09213
C05927	S09215
C05928	S09217
C05929	S09219
C05930	S09220
C05931	S09221
C05932	S09224
C05933	S09225
C05934	S09226
C05935	S09232
C05936	S09235
C05937	S09236
C05938	S09240
C05939	S09242
C05940	S09245
C05941	S09247
C05942	S09249
C05943	S09250
C05944	S09251
C05945	S09252
C05946	S09255
C05947	S09257
C05948	S09259
C05949	S09261
C05950	S09262
C05951	S09269
C05952	S09271
C05953	S09273
C05954	S09274
C05955	S09277
C05956	S09278
C05957	S09281
C05958	S09285
C05958	S09354
C05959	S09286
C05960	S09288
C05961	S09291
C05961	S09460
C05962	S09295
C05963	S09297
C05964	S09300
C05965	S09304
C05966	S09306
C05967	S09308
C05968	S09311
C05969	S09312
C05970	S09313
C05971	S09317
C05972	S09321
C05973	S09323
C05974	S09324
C05975	S09325
C05976	S09328
C05977	S09329
C05978	S09330
C05979	S09331
C05980	S09334
C05981	S09337
C05982	S09340
C05983	S09343
C05984	S09344
C05985	S09349
C05986	S09350
C05987	S09351
C05988	S09352
C05989	S09356
C05990	S09357
C05991	S09359
C05992	S09362
C05993	S09364
C05994	S09365
C05995	S09366
C05996	S09370
C05997	S09372
C05998	S09373
C05999	S09374
C06000	S09375
C06001	S09376
C06002	S09377
C06003	S09378
C06004	S09381
C06005	S09383
C06006	S09384
C06007	S09387
C06008	S09388
C06009	S09389
C06010	S09392
C06011	S09396
C06012	S09397
C06013	S09399
C06014	S09400
C06015	S09402
C06016	S09405
C06017	S09406
C06018	S09408
C06019	S09409
C06020	S09410
C06021	S09411
C06022	S09413
C06023	S09414
C06024	S09415
C06025	S09416
C06026	S09417
C06027	S09419
C06028	S09420
C06029	S09424
C06030	S09425
C06031	S09428
C06032	S09429
C06033	S09431
C06034	S09432
C06035	S09433
C06036	S09437
C06037	S09439
C06038	S09442
C06039	S09443
C06040	S09444
C06041	S09446
C06042	S09447
C06043	S09453
C06044	S09456
C06045	S09457
C06046	S09458
C06046	S09689
C06047	S09461
C06048	S09462
C06049	S09465
C06050	S09467
C06051	S09468
C06052	S09469
C06053	S09470
C06054	S09477
C06055	S09480
C06056	S09481
C06057	S09482
C06058	S09484
C06059	S09485
C06060	S09486
C06061	S09487
C06062	S09488
C06063	S09490
C06064	S09492
C06065	S09495
C06066	S09497
C06067	S09500
C06068	S09503
C06069	S09505
C06070	S09506
C06071	S09508
C06072	S09510
C06073	S09511
C06074	S09515
C06075	S09516
C06076	S09518
C06077	S09520
C06078	S09521
C06079	S09524
C06080	S09528
C06081	S09529
C06082	S09530
C06083	S09531
C06084	S09532
C06085	S09533
C06086	S09537
C06087	S09539
C06088	S09540
C06089	S09542
C06090	S09546
C06091	S09548
C06092	S09549
C06093	S09550
C06094	S09551
C06095	S09552
C06096	S09557
C06097	S09558
C06098	S09559
C06099	S09563
C06100	S09567
C06101	S09568
C06102	S09570
C06103	S09572
C06104	S09573
C06105	S09575
C06106	S09577
C06107	S09579
C06108	S09580
C06109	S09581
C06110	S09582
C06111	S09583
C06112	S09584
C06113	S09585
C06114	S09586
C06115	S09591
C06116	S09592
C06117	S09593
C06118	S09596
C06119	S09598
C06120	S09599
C06121	S09601
C06122	S09607
C06123	S09613
C06124	S09618
C06125	S09619
C06126	S09624
C06127	S09629
C06128	S09631
C06129	S09632
C06130	S09634
C06131	S09635
C06132	S09636
C06133	S09638
C06134	S09641
C06135	S09642
C06136	S09646
C06137	S09647
C06138	S09652
C06139	S09655
C06140	S09657
C06141	S09659
C06142	S09660
C06143	S09661
C06144	S09663
C06145	S09664
C06146	S09666
C06147	S09668
C06148	S09669
C06149	S09670
C06150	S09671
C06151	S09672
C06152	S09674
C06153	S09675
C06154	S09678
C06155	S09679
C06156	S09683
C06157	S09685
C06158	S09686
C06159	S09687
C06160	S09688
C06161	S09690
C06162	S09691
C06163	S09692
C06164	S09693
C06165	S09694
C06166	S09696
C06167	S09699
C06168	S09700
C06169	S09701
C06170	S09703
C06171	S09705
C06172	S09708
C06173	S09709
C06174	S09710
C06175	S09711
C06176	S09712
C06177	S09717
C06178	S09724
C06179	S09726
C06180	S09732
