cluster_id	sequence_id
C00000	S00000
C00001	S00001
C00001	S03565
C00002	S00002
C00003	S00003
C00004	S00004
C00004	S02566
C00004	S06602
C00004	S07073
C00004	S07975
C00004	S09153
C00005	S00005
C00005	S00171
C00005	S02202
C00005	S02463
C00005	S04498
C00005	S06268
C00005	S06329
C00005	S07348
C00006	S00006
C00007	S00007
C00007	S01287
C00008	S00008
C00009	S00009
C00009	S04637
C00010	S00010
C00011	S00011
C00012	S00012
C00013	S00013
C00013	S04948
C00013	S05967
C00014	S00014
C00014	S04187
C00015	S00015
C00015	S02298
C00016	S00016
C00017	S00017
C00017	S00547
C00017	S00691
C00017	S04795
C00017	S05876
C00018	S00018
C00019	S00019
C00020	S00020
C00021	S00021
C00022	S00022
C00022	S00034
C00022	S08099
C00022	S09254
C00023	S00023
C00023	S03541
C00024	S00024
C00025	S00025
C00026	S00026
C00027	S00027
C00027	S01119
C00027	S01169
C00027	S02780
C00027	S07358
C00027	S08641
C00028	S00028
C00029	S00029
C00030	S00030
C00031	S00031
C00032	S00032
C00033	S00033
C00033	S03973
C00033	S04816
C00034	S00035
C00035	S00036
C00035	S02787
C00035	S07132
C00036	S00037
C00037	S00038
C00038	S00039
C00038	S03366
C00038	S03841
C00039	S00040
C00039	S01203
C00039	S03787
C00039	S05726
C00039	S06153
C00039	S08786
C00039	S09727
C00040	S00041
C00041	S00042
C00042	S00043
C00043	S00044
C00044	S00045
C00045	S00046
C00045	S04502
C00045	S08072
C00046	S00047
C00046	S02878
C00047	S00048
C00048	S00049
C00049	S00050
C00050	S00051
C00051	S00052
C00052	S00053
C00053	S00054
C00054	S00055
C00055	S00056
C00056	S00057
C00057	S00058
C00058	S00059
C00059	S00060
C00060	S00061
C00060	S01443
C00061	S00062
C00062	S00063
C00063	S00064
C00064	S00065
C00064	S01322
C00064	S01352
C00064	S03372
C00064	S06503
C00064	S09229
C00065	S00066
C00066	S00067
C00067	S00068
C00068	S00069
C00069	S00070
C00069	S08457
C00070	S00071
C00071	S00072
C00072	S00073
C00073	S00074
C00074	S00075
C00075	S00076
C00075	S03748
C00075	S06325
C00075	S07797
C00076	S00077
C00076	S04484
C00077	S00078
C00078	S00079
C00079	S00080
C00080	S00081
C00081	S00082
C00082	S00083
C00083	S00084
C00084	S00085
C00084	S00886
C00085	S00086
C00085	S04842
C00086	S00087
C00086	S00965
C00086	S06245
C00086	S06719
C00086	S08506
C00087	S00088
C00087	S00113
C00087	S00432
C00087	S02740
C00087	S02817
C00087	S03493
C00087	S03507
C00087	S04073
C00087	S04475
C00087	S05093
C00087	S06161
C00087	S06784
C00087	S07765
C00087	S08413
C00087	S08775
C00087	S08979
C00087	S09653
C00088	S00089
C00089	S00090
C00090	S00091
C00091	S00092
C00091	S02531
C00092	S00093
C00093	S00094
C00093	S04296
C00094	S00095
C00094	S00764
C00095	S00096
C00095	S02539
C00095	S04512
C00095	S05971
C00095	S08436
C00096	S00097
C00096	S00313
C00096	S00553
C00096	S01200
C00096	S06324
C00096	S07127
C00096	S09630
C00097	S00098
C00097	S06134
C00098	S00099
C00099	S00100
C00100	S00101
C00101	S00102
C00102	S00103
C00103	S00104
C00103	S00442
C00103	S00733
C00103	S00958
C00103	S02756
C00103	S03072
C00103	S03381
C00103	S04025
C00103	S04718
C00103	S04892
C00103	S06811
C00103	S07447
C00103	S07631
C00103	S08029
C00103	S08906
C00104	S00105
C00104	S04173
C00104	S08879
C00105	S00106
C00106	S00107
C00107	S00108
C00108	S00109
C00109	S00110
C00110	S00111
C00111	S00112
C00112	S00114
C00113	S00115
C00114	S00116
C00114	S08669
C00115	S00117
C00115	S00146
C00115	S01307
C00115	S01503
C00115	S01799
C00115	S02135
C00115	S02315
C00115	S03027
C00115	S03607
C00115	S04198
C00115	S05922
C00115	S07084
C00115	S07101
C00115	S07473
C00115	S08166
C00115	S08175
C00115	S08409
C00115	S09713
C00116	S00118
C00117	S00119
C00118	S00120
C00119	S00121
C00120	S00122
C00121	S00123
C00122	S00124
C00123	S00125
C00124	S00126
C00124	S09096
C00125	S00127
C00126	S00128
C00127	S00129
C00128	S00130
C00129	S00131
C00129	S03851
C00129	S05860
C00129	S07074
C00130	S00132
C00131	S00133
C00131	S02243
C00131	S09649
C00132	S00134
C00133	S00135
C00134	S00136
C00135	S00137
C00136	S00138
C00136	S01252
C00136	S08425
C00137	S00139
C00138	S00140
C00139	S00141
C00140	S00142
C00140	S09609
C00141	S00143
C00142	S00144
C00142	S03615
C00143	S00145
C00144	S00147
C00145	S00148
C00146	S00149
C00147	S00150
C00147	S04219
C00147	S07910
C00148	S00151
C00149	S00152
C00150	S00153
C00150	S02699
C00150	S02946
C00150	S02970
C00150	S03143
C00150	S04106
C00150	S04822
C00150	S05448
C00150	S05564
C00150	S06903
C00150	S08813
C00151	S00154
C00152	S00155
C00153	S00156
C00154	S00157
C00155	S00158
C00156	S00159
C00157	S00160
C00158	S00161
C00159	S00162
C00160	S00163
C00161	S00164
C00161	S00577
C00161	S09587
C00162	S00165
C00163	S00166
C00164	S00167
C00165	S00168
C00166	S00169
C00167	S00170
C00168	S00172
C00169	S00173
C00169	S00238
C00169	S01094
C00169	S02046
C00169	S02260
C00169	S03365
C00169	S03429
C00169	S04817
C00169	S04900
C00169	S05303
C00169	S05328
C00169	S05612
C00169	S05645
C00169	S06462
C00169	S09576
C00170	S00174
C00170	S02341
C00171	S00175
C00171	S00952
C00171	S03529
C00171	S08330
C00172	S00176
C00173	S00177
C00174	S00178
C00175	S00179
C00176	S00180
C00176	S01036
C00176	S01701
C00176	S02903
C00176	S03005
C00176	S03811
C00176	S04212
C00176	S04571
C00176	S07591
C00176	S07708
C00177	S00181
C00178	S00182
C00179	S00183
C00180	S00184
C00181	S00185
C00182	S00186
C00183	S00187
C00184	S00188
C00185	S00189
C00185	S06629
C00186	S00190
C00186	S00595
C00187	S00191
C00188	S00192
C00189	S00193
C00189	S00218
C00189	S02020
C00189	S02213
C00189	S02799
C00189	S03896
C00189	S05635
C00189	S06338
C00189	S07029
C00189	S09483
C00190	S00194
C00191	S00195
C00192	S00196
C00193	S00197
C00193	S00935
C00193	S01953
C00193	S02008
C00193	S02268
C00193	S03449
C00193	S04099
C00193	S05732
C00193	S06190
C00193	S06396
C00193	S06963
C00193	S08026
C00194	S00198
C00195	S00199
C00196	S00200
C00197	S00201
C00198	S00202
C00199	S00203
C00200	S00204
C00201	S00205
C00202	S00206
C00203	S00207
C00204	S00208
C00204	S00824
C00204	S06384
C00205	S00209
C00206	S00210
C00207	S00211
C00207	S08892
C00207	S09158
C00207	S09237
C00208	S00212
C00209	S00213
C00210	S00214
C00211	S00215
C00212	S00216
C00212	S09128
C00213	S00217
C00214	S00219
C00215	S00220
C00215	S00426
C00216	S00221
C00217	S00222
C00218	S00223
C00219	S00224
C00220	S00225
C00221	S00226
C00221	S00913
C00221	S01096
C00221	S01258
C00221	S01863
C00221	S02284
C00221	S03044
C00221	S04101
C00221	S05417
C00221	S05855
C00221	S06697
C00222	S00227
C00223	S00228
C00223	S03004
C00224	S00229
C00224	S05582
C00225	S00230
C00225	S08590
C00226	S00231
C00227	S00232
C00228	S00233
C00229	S00234
C00229	S09044
C00230	S00235
C00231	S00236
C00232	S00237
C00233	S00239
C00234	S00240
C00235	S00241
C00236	S00242
C00237	S00243
C00237	S03919
C00238	S00244
C00239	S00245
C00239	S01269
C00240	S00246
C00240	S01095
C00240	S02908
C00241	S00247
C00242	S00248
C00243	S00249
C00244	S00250
C00245	S00251
C00246	S00252
C00247	S00253
C00248	S00254
C00248	S02940
C00248	S07239
C00249	S00255
C00250	S00256
C00251	S00257
C00252	S00258
C00253	S00259
C00254	S00260
C00255	S00261
C00255	S03131
C00255	S08880
C00256	S00262
C00257	S00263
C00258	S00264
C00259	S00265
C00260	S00266
C00261	S00267
C00262	S00268
C00263	S00269
C00264	S00270
C00265	S00271
C00266	S00272
C00267	S00273
C00268	S00274
C00268	S03051
C00269	S00275
C00270	S00276
C00270	S06625
C00270	S08970
C00271	S00277
C00271	S02972
C00271	S08003
C00272	S00278
C00272	S03739
C00273	S00279
C00273	S00395
C00273	S01362
C00273	S03950
C00273	S04858
C00274	S00280
C00275	S00281
C00276	S00282
C00277	S00283
C00278	S00284
C00279	S00285
C00279	S00636
C00279	S01083
C00279	S03083
C00279	S04466
C00279	S04733
C00279	S07224
C00280	S00286
C00280	S03491
C00281	S00287
C00282	S00288
C00283	S00289
C00283	S09151
C00284	S00290
C00285	S00291
C00286	S00292
C00287	S00293
C00288	S00294
C00288	S07840
C00289	S00295
C00290	S00296
C00291	S00297
C00292	S00298
C00293	S00299
C00294	S00300
C00295	S00301
C00296	S00302
C00296	S02310
C00296	S04924
C00296	S05846
C00297	S00303
C00297	S04504
C00297	S07470
C00297	S08922
C00298	S00304
C00299	S00305
C00300	S00306
C00301	S00307
C00302	S00308
C00302	S08997
C00303	S00309
C00303	S02935
C00303	S07895
C00304	S00310
C00305	S00311
C00306	S00312
C00307	S00314
C00308	S00315
C00308	S01120
C00308	S06405
C00309	S00316
C00310	S00317
C00311	S00318
C00312	S00319
C00313	S00320
C00314	S00321
C00315	S00322
C00315	S07686
C00316	S00323
C00317	S00324
C00317	S08695
C00318	S00325
C00319	S00326
C00319	S02022
C00319	S06403
C00319	S08811
C00319	S08833
C00319	S09086
C00320	S00327
C00321	S00328
C00321	S01409
C00322	S00329
C00323	S00330
C00324	S00331
C00325	S00332
C00325	S00668
C00325	S01235
C00325	S02523
C00325	S02850
C00325	S03991
C00325	S09680
C00326	S00333
C00327	S00334
C00327	S01337
C00327	S05959
C00327	S09348
C00328	S00335
C00329	S00336
C00330	S00337
C00330	S08240
C00331	S00338
C00332	S00339
C00333	S00340
C00333	S02543
C00334	S00341
C00335	S00342
C00336	S00343
C00337	S00344
C00337	S09166
C00338	S00345
C00338	S02355
C00338	S02636
C00338	S04129
C00338	S04514
C00338	S04986
C00338	S07639
C00339	S00346
C00339	S03193
C00339	S03961
C00339	S05047
C00339	S06238
C00339	S06456
C00339	S06671
C00339	S07462
C00339	S08866
C00339	S09404
C00339	S09614
C00340	S00347
C00341	S00348
C00342	S00349
C00343	S00350
C00343	S07796
C00344	S00351
C00344	S06230
C00344	S06375
C00345	S00352
C00346	S00353
C00347	S00354
C00348	S00355
C00349	S00356
C00350	S00357
C00351	S00358
C00351	S08131
C00352	S00359
C00353	S00360
C00354	S00361
C00354	S07717
C00355	S00362
C00356	S00363
C00357	S00364
C00358	S00365
C00359	S00366
C00359	S00983
C00359	S08617
C00360	S00367
C00361	S00368
C00362	S00369
C00363	S00370
C00364	S00371
C00365	S00372
C00366	S00373
C00367	S00374
C00368	S00375
C00369	S00376
C00370	S00377
C00371	S00378
C00371	S00972
C00371	S06468
C00372	S00379
C00373	S00380
C00373	S01197
C00373	S02079
C00373	S02232
C00373	S04985
C00373	S09455
C00374	S00381
C00374	S01980
C00374	S04419
C00374	S07038
C00374	S08184
C00375	S00382
C00376	S00383
C00377	S00384
C00378	S00385
C00378	S07597
C00379	S00386
C00380	S00387
C00380	S02032
C00380	S06428
C00380	S07485
C00380	S09491
C00381	S00388
C00382	S00389
C00382	S02684
C00383	S00390
C00384	S00391
C00384	S09248
C00385	S00392
C00386	S00393
C00387	S00394
C00388	S00396
C00388	S06842
C00388	S09041
C00389	S00397
C00389	S03228
C00389	S07601
C00390	S00398
C00390	S02444
C00390	S07682
C00391	S00399
C00392	S00400
C00392	S05078
C00392	S06546
C00393	S00401
C00394	S00402
C00395	S00403
C00396	S00404
C00397	S00405
C00397	S09502
C00398	S00406
C00399	S00407
C00400	S00408
C00400	S04362
C00400	S07277
C00401	S00409
C00402	S00410
C00402	S02272
C00403	S00411
C00403	S00834
C00404	S00412
C00405	S00413
C00406	S00414
C00406	S08842
C00407	S00415
C00407	S00925
C00408	S00416
C00409	S00417
C00410	S00418
C00411	S00419
C00412	S00420
C00413	S00421
C00414	S00422
C00415	S00423
C00415	S01137
C00415	S06616
C00416	S00424
C00417	S00425
C00417	S01884
C00417	S09436
C00418	S00427
C00419	S00428
C00420	S00429
C00420	S09310
C00421	S00430
C00422	S00431
C00422	S01631
C00422	S05359
C00423	S00433
C00424	S00434
C00425	S00435
C00426	S00436
C00427	S00437
C00428	S00438
C00428	S01178
C00428	S02487
C00428	S06562
C00429	S00439
C00429	S02171
C00429	S09697
C00430	S00440
C00431	S00441
C00432	S00443
C00433	S00444
C00434	S00445
C00435	S00446
C00435	S03852
C00435	S09514
C00436	S00447
C00437	S00448
C00438	S00449
C00439	S00450
C00440	S00451
C00440	S08507
C00441	S00452
C00442	S00453
C00443	S00454
C00444	S00455
C00445	S00456
C00446	S00457
C00447	S00458
C00447	S06114
C00448	S00459
C00449	S00460
C00449	S00807
C00449	S01289
C00450	S00461
C00450	S03562
C00450	S04664
C00451	S00462
C00451	S00535
C00451	S00715
C00451	S01918
C00451	S01924
C00451	S05048
C00451	S07049
C00451	S08424
C00452	S00463
C00452	S02128
C00452	S02258
C00452	S08134
C00453	S00464
C00454	S00465
C00455	S00466
C00455	S05239
C00455	S06814
C00455	S09264
C00456	S00467
C00456	S05411
C00456	S05751
C00456	S06746
C00456	S06835
C00456	S07446
C00456	S08010
C00456	S09544
C00457	S00468
C00458	S00469
C00458	S01680
C00458	S08401
C00458	S08439
C00459	S00470
C00460	S00471
C00461	S00472
C00462	S00473
C00462	S04411
C00463	S00474
C00464	S00475
C00464	S09040
C00465	S00476
C00465	S04866
C00465	S08396
C00466	S00477
C00467	S00478
C00468	S00479
C00468	S02086
C00468	S05125
C00469	S00480
C00470	S00481
C00470	S01357
C00470	S02048
C00470	S02810
C00470	S03040
C00470	S03945
C00470	S05978
C00470	S07519
C00470	S08564
C00471	S00482
C00472	S00483
C00473	S00484
C00473	S04729
C00473	S06154
C00473	S07382
C00473	S09106
C00474	S00485
C00475	S00486
C00476	S00487
C00476	S00571
C00476	S02891
C00476	S08418
C00476	S09368
C00477	S00488
C00478	S00489
C00479	S00490
C00480	S00491
C00481	S00492
C00482	S00493
C00483	S00494
C00484	S00495
C00484	S01472
C00484	S02580
C00484	S03594
C00484	S05140
C00484	S05199
C00484	S06965
C00485	S00496
C00486	S00497
C00486	S04028
C00487	S00498
C00487	S06711
C00488	S00499
C00489	S00500
C00490	S00501
C00491	S00502
C00491	S01914
C00491	S02961
C00491	S07211
C00491	S07349
C00491	S08297
C00492	S00503
C00493	S00504
C00493	S01447
C00494	S00505
C00494	S05218
C00494	S09716
C00495	S00506
C00496	S00507
C00497	S00508
C00498	S00509
C00499	S00510
C00500	S00511
C00501	S00512
C00501	S01225
C00502	S00513
C00503	S00514
C00504	S00515
C00505	S00516
C00506	S00517
C00507	S00518
C00508	S00519
C00509	S00520
C00510	S00521
C00511	S00522
C00511	S04490
C00512	S00523
C00513	S00524
C00514	S00525
C00515	S00526
C00515	S01334
C00515	S02206
C00516	S00527
C00517	S00528
C00517	S02052
C00517	S02350
C00517	S07186
C00517	S07625
C00518	S00529
C00519	S00530
C00520	S00531
C00520	S07281
C00521	S00532
C00521	S00799
C00521	S02238
C00521	S06071
C00521	S07284
C00521	S08549
C00521	S08771
C00522	S00533
C00522	S05413
C00523	S00534
C00524	S00536
C00524	S07715
C00525	S00537
C00526	S00538
C00526	S05455
C00526	S07229
C00526	S07262
C00526	S07784
C00526	S09588
C00527	S00539
C00527	S00554
C00527	S01073
C00527	S06676
C00528	S00540
C00529	S00541
C00529	S01379
C00529	S01754
C00529	S02377
C00529	S04210
C00529	S04281
C00529	S04851
C00529	S04943
C00529	S07641
C00529	S09118
C00529	S09322
C00530	S00542
C00530	S01338
C00530	S05291
C00530	S07921
C00531	S00543
C00531	S02827
C00532	S00544
C00533	S00545
C00533	S00659
C00534	S00546
C00535	S00548
C00535	S03746
C00535	S05735
C00535	S08087
C00536	S00549
C00537	S00550
C00537	S05481
C00538	S00551
C00539	S00552
C00539	S01961
C00539	S09611
C00540	S00555
C00541	S00556
C00541	S05761
C00542	S00557
C00543	S00558
C00543	S01145
C00543	S05432
C00543	S06455
C00544	S00559
C00545	S00560
C00546	S00561
C00547	S00562
C00548	S00563
C00549	S00564
C00549	S03483
C00549	S04811
C00549	S05183
C00549	S06748
C00550	S00565
C00550	S02999
C00550	S06471
C00550	S06628
C00550	S08977
C00551	S00566
C00552	S00567
C00553	S00568
C00554	S00569
C00555	S00570
C00556	S00572
C00557	S00573
C00558	S00574
C00559	S00575
C00559	S03511
C00559	S09561
C00560	S00576
C00561	S00578
C00562	S00579
C00563	S00580
C00564	S00581
C00564	S01983
C00565	S00582
C00566	S00583
C00567	S00584
C00568	S00585
C00569	S00586
C00570	S00587
C00571	S00588
C00572	S00589
C00573	S00590
C00574	S00591
C00575	S00592
C00575	S00810
C00575	S00878
C00575	S01300
C00575	S03513
C00575	S04072
C00575	S05697
C00575	S06364
C00575	S07558
C00575	S07749
C00576	S00593
C00576	S07777
C00577	S00594
C00578	S00596
C00578	S00975
C00578	S04779
C00579	S00597
C00580	S00598
C00581	S00599
C00582	S00600
C00583	S00601
C00584	S00602
C00585	S00603
C00586	S00604
C00587	S00605
C00588	S00606
C00589	S00607
C00589	S01183
C00589	S08621
C00590	S00608
C00591	S00609
C00592	S00610
C00592	S03659
C00592	S08630
C00593	S00611
C00594	S00612
C00595	S00613
C00596	S00614
C00596	S09243
C00597	S00615
C00598	S00616
C00599	S00617
C00600	S00618
C00601	S00619
C00602	S00620
C00603	S00621
C00604	S00622
C00605	S00623
C00605	S01090
C00605	S02746
C00605	S07958
C00606	S00624
C00606	S03655
C00607	S00625
C00608	S00626
C00608	S03165
C00608	S03370
C00608	S03715
C00608	S04831
C00608	S05514
C00608	S06747
C00608	S08135
C00608	S09507
C00609	S00627
C00610	S00628
C00611	S00629
C00611	S01048
C00612	S00630
C00613	S00631
C00614	S00632
C00615	S00633
C00616	S00634
C00617	S00635
C00618	S00637
C00619	S00638
C00620	S00639
C00621	S00640
C00622	S00641
C00622	S05302
C00623	S00642
C00624	S00643
C00624	S03302
C00624	S09499
C00625	S00644
C00626	S00645
C00627	S00646
C00627	S01000
C00627	S05444
C00628	S00647
C00629	S00648
C00630	S00649
C00631	S00650
C00631	S01099
C00632	S00651
C00633	S00652
C00633	S01152
C00633	S02986
C00633	S06174
C00633	S08515
C00633	S09426
C00634	S00653
C00635	S00654
C00635	S02928
C00636	S00655
C00637	S00656
C00638	S00657
C00639	S00658
C00640	S00660
C00641	S00661
C00642	S00662
C00643	S00663
C00644	S00664
C00644	S00725
C00644	S04207
C00645	S00665
C00646	S00666
C00647	S00667
C00648	S00669
C00649	S00670
C00650	S00671
C00651	S00672
C00652	S00673
C00653	S00674
C00654	S00675
C00655	S00676
C00656	S00677
C00657	S00678
C00657	S04700
C00658	S00679
C00659	S00680
C00660	S00681
C00661	S00682
C00661	S09246
C00662	S00683
C00663	S00684
C00664	S00685
C00664	S00964
C00664	S01378
C00664	S01489
C00664	S01687
C00664	S01791
C00664	S02074
C00664	S02276
C00664	S03907
C00664	S04043
C00664	S05283
C00664	S05944
C00664	S06723
C00664	S07093
C00664	S07302
C00664	S09014
C00665	S00686
C00665	S02467
C00665	S08959
C00666	S00687
C00667	S00688
C00668	S00689
C00669	S00690
C00670	S00692
C00671	S00693
C00671	S02367
C00672	S00694
C00673	S00695
C00674	S00696
C00675	S00697
C00675	S01508
C00675	S08022
C00675	S08338
C00675	S09600
C00676	S00698
C00676	S05023
C00676	S05730
C00677	S00699
C00677	S06519
C00678	S00700
C00679	S00701
C00680	S00702
C00680	S07623
C00681	S00703
C00682	S00704
C00683	S00705
C00684	S00706
C00685	S00707
C00686	S00708
C00687	S00709
C00688	S00710
C00689	S00711
C00690	S00712
C00691	S00713
C00691	S01468
C00691	S04455
C00691	S04552
C00691	S04717
C00691	S04890
C00691	S05862
C00691	S07293
C00691	S07506
C00691	S07952
C00691	S08236
C00692	S00714
C00692	S02372
C00692	S08972
C00693	S00716
C00694	S00717
C00694	S06520
C00694	S09538
C00695	S00718
C00696	S00719
C00697	S00720
C00697	S07922
C00698	S00721
C00699	S00722
C00700	S00723
C00700	S01103
C00700	S02775
C00700	S07109
C00701	S00724
C00702	S00726
C00703	S00727
C00703	S02364
C00703	S05807
C00703	S09479
C00704	S00728
C00704	S03778
C00704	S04791
C00705	S00729
C00706	S00730
C00707	S00731
C00708	S00732
C00709	S00734
C00710	S00735
C00711	S00736
C00712	S00737
C00713	S00738
C00714	S00739
C00715	S00740
C00715	S00747
C00716	S00741
C00717	S00742
C00718	S00743
C00718	S05054
C00718	S08031
C00718	S08377
C00718	S08381
C00719	S00744
C00720	S00745
C00721	S00746
C00721	S05507
C00721	S07692
C00722	S00748
C00723	S00749
C00724	S00750
C00725	S00751
C00725	S02556
C00725	S09403
C00725	S09493
C00725	S09639
C00726	S00752
C00727	S00753
C00728	S00754
C00728	S07581
C00729	S00755
C00730	S00756
C00731	S00757
C00732	S00758
C00733	S00759
C00734	S00760
C00735	S00761
C00736	S00762
C00737	S00763
C00737	S00981
C00737	S01529
C00738	S00765
C00739	S00766
C00740	S00767
C00740	S01719
C00740	S04403
C00741	S00768
C00742	S00769
C00743	S00770
C00743	S01837
C00744	S00771
C00745	S00772
C00746	S00773
C00747	S00774
C00747	S01534
C00748	S00775
C00749	S00776
C00750	S00777
C00751	S00778
C00752	S00779
C00753	S00780
C00754	S00781
C00754	S06585
C00755	S00782
C00756	S00783
C00757	S00784
C00758	S00785
C00759	S00786
C00760	S00787
C00761	S00788
C00762	S00789
C00762	S07431
C00763	S00790
C00763	S02395
C00763	S02416
C00763	S02438
C00763	S04881
C00763	S06883
C00764	S00791
C00764	S03858
C00764	S04846
C00764	S07720
C00765	S00792
C00766	S00793
C00766	S02515
C00767	S00794
C00767	S03723
C00768	S00795
C00769	S00796
C00770	S00797
C00770	S08600
C00770	S09307
C00771	S00798
C00772	S00800
C00773	S00801
C00774	S00802
C00775	S00803
C00776	S00804
C00777	S00805
C00778	S00806
C00779	S00808
C00780	S00809
C00781	S00811
C00782	S00812
C00783	S00813
C00784	S00814
C00785	S00815
C00786	S00816
C00787	S00817
C00787	S00936
C00788	S00818
C00789	S00819
C00789	S06460
C00790	S00820
C00790	S01484
C00790	S02605
C00790	S04183
C00790	S06802
C00791	S00821
C00792	S00822
C00793	S00823
C00794	S00825
C00795	S00826
C00795	S03060
C00796	S00827
C00797	S00828
C00797	S07992
C00798	S00829
C00799	S00830
C00800	S00831
C00801	S00832
C00802	S00833
C00802	S00922
C00802	S03191
C00802	S04935
C00802	S05079
C00802	S07605
C00802	S09565
C00803	S00835
C00804	S00836
C00805	S00837
C00805	S02744
C00806	S00838
C00807	S00839
C00808	S00840
C00809	S00841
C00810	S00842
C00811	S00843
C00812	S00844
C00813	S00845
C00814	S00846
C00815	S00847
C00815	S02287
C00816	S00848
C00816	S01684
C00816	S02872
C00816	S03666
C00816	S06270
C00817	S00849
C00817	S02677
C00818	S00850
C00819	S00851
C00819	S06086
C00820	S00852
C00821	S00853
C00822	S00854
C00823	S00855
C00824	S00856
C00825	S00857
C00825	S03195
C00826	S00858
C00827	S00859
C00828	S00860
C00829	S00861
C00830	S00862
C00831	S00863
C00832	S00864
C00833	S00865
C00834	S00866
C00835	S00867
C00836	S00868
C00837	S00869
C00838	S00870
C00839	S00871
C00840	S00872
C00841	S00873
C00842	S00874
C00843	S00875
C00844	S00876
C00845	S00877
C00845	S01977
C00845	S02482
C00845	S02795
C00845	S03422
C00845	S03708
C00845	S03994
C00845	S05366
C00845	S06971
C00845	S07660
C00845	S08327
C00845	S08419
C00845	S08784
C00846	S00879
C00847	S00880
C00848	S00881
C00849	S00882
C00850	S00883
C00851	S00884
C00852	S00885
C00852	S01910
C00852	S02804
C00852	S03026
C00852	S03451
C00852	S04040
C00852	S04293
C00852	S04389
C00852	S04707
C00852	S05004
C00852	S05081
C00852	S05145
C00852	S05471
C00852	S06232
C00852	S06981
C00852	S07119
C00852	S07403
C00852	S07991
C00852	S08094
C00852	S08856
C00852	S09081
C00852	S09163
C00853	S00887
C00854	S00888
C00855	S00889
C00856	S00890
C00857	S00891
C00858	S00892
C00859	S00893
C00860	S00894
C00861	S00895
C00861	S09320
C00862	S00896
C00863	S00897
C00863	S09722
C00864	S00898
C00865	S00899
C00866	S00900
C00867	S00901
C00867	S08660
C00867	S09594
C00868	S00902
C00868	S08363
C00869	S00903
C00870	S00904
C00871	S00905
C00872	S00906
C00873	S00907
C00874	S00908
C00875	S00909
C00876	S00910
C00877	S00911
C00878	S00912
C00878	S02525
C00878	S04146
C00878	S04373
C00878	S05299
C00878	S05496
C00878	S09623
C00879	S00914
C00880	S00915
C00880	S05316
C00880	S05982
C00881	S00916
C00882	S00917
C00883	S00918
C00884	S00919
C00885	S00920
C00886	S00921
C00887	S00923
C00888	S00924
C00889	S00926
C00889	S03813
C00889	S04973
C00889	S04994
C00889	S05837
C00889	S06256
C00889	S08618
C00889	S09054
C00890	S00927
C00891	S00928
C00892	S00929
C00892	S07935
C00893	S00930
C00894	S00931
C00895	S00932
C00896	S00933
C00897	S00934
C00897	S01350
C00898	S00937
C00899	S00938
C00900	S00939
C00901	S00940
C00901	S09093
C00902	S00941
C00903	S00942
C00904	S00943
C00905	S00944
C00906	S00945
C00907	S00946
C00907	S01006
C00908	S00947
C00909	S00948
C00910	S00949
C00911	S00950
C00911	S05573
C00912	S00951
C00913	S00953
C00913	S08836
C00914	S00954
C00915	S00955
C00916	S00956
C00916	S07345
C00917	S00957
C00917	S01419
C00917	S01823
C00917	S01919
C00917	S02785
C00917	S03135
C00917	S03556
C00917	S04244
C00917	S05409
C00917	S06228
C00917	S09730
C00918	S00959
C00919	S00960
C00920	S00961
C00921	S00962
C00922	S00963
C00923	S00966
C00923	S07043
C00923	S09451
C00924	S00967
C00925	S00968
C00925	S02354
C00925	S06167
C00925	S09193
C00925	S09212
C00926	S00969
C00927	S00970
C00927	S08570
C00928	S00971
C00928	S01170
C00928	S04841
C00928	S08661
C00929	S00973
C00930	S00974
C00931	S00976
C00932	S00977
C00933	S00978
C00934	S00979
C00934	S08772
C00935	S00980
C00936	S00982
C00937	S00984
C00938	S00985
C00938	S03707
C00938	S04268
C00938	S05313
C00938	S07221
C00938	S08406
C00939	S00986
C00939	S01960
C00940	S00987
C00941	S00988
C00942	S00989
C00943	S00990
C00944	S00991
C00945	S00992
C00946	S00993
C00947	S00994
C00948	S00995
C00949	S00996
C00950	S00997
C00951	S00998
C00952	S00999
C00953	S01001
C00954	S01002
C00955	S01003
C00956	S01004
C00957	S01005
C00957	S07457
C00958	S01007
C00959	S01008
C00959	S06017
C00960	S01009
C00961	S01010
C00962	S01011
C00963	S01012
C00964	S01013
C00965	S01014
C00966	S01015
C00967	S01016
C00968	S01017
C00969	S01018
C00970	S01019
C00970	S03235
C00970	S07310
C00971	S01020
C00972	S01021
C00973	S01022
C00974	S01023
C00975	S01024
C00975	S02196
C00975	S05116
C00975	S07463
C00975	S07480
C00975	S08362
C00976	S01025
C00977	S01026
C00978	S01027
C00978	S01966
C00978	S02066
C00978	S04719
C00978	S04793
C00978	S06008
C00978	S07870
C00978	S09030
C00979	S01028
C00980	S01029
C00981	S01030
C00982	S01031
C00983	S01032
C00983	S08848
C00984	S01033
C00984	S03630
C00985	S01034
C00986	S01035
C00987	S01037
C00987	S07881
C00988	S01038
C00988	S07540
C00989	S01039
C00990	S01040
C00991	S01041
C00991	S06572
C00992	S01042
C00993	S01043
C00994	S01044
C00995	S01045
C00996	S01046
C00997	S01047
C00998	S01049
C00999	S01050
C01000	S01051
C01001	S01052
C01002	S01053
C01002	S01528
C01002	S02075
C01003	S01054
C01004	S01055
C01005	S01056
C01006	S01057
C01007	S01058
C01008	S01059
C01009	S01060
C01010	S01061
C01010	S03750
C01011	S01062
C01012	S01063
C01013	S01064
C01014	S01065
C01015	S01066
C01015	S02506
C01015	S06412
C01015	S06467
C01016	S01067
C01017	S01068
C01018	S01069
C01019	S01070
C01019	S06901
C01019	S08116
C01020	S01071
C01020	S03327
C01021	S01072
C01022	S01074
C01023	S01075
C01023	S04314
C01023	S08260
C01024	S01076
C01024	S08295
C01025	S01077
C01025	S03387
C01026	S01078
C01027	S01079
C01028	S01080
C01028	S08509
C01029	S01081
C01030	S01082
C01030	S07376
C01031	S01084
C01032	S01085
C01033	S01086
C01034	S01087
C01035	S01088
C01035	S04052
C01036	S01089
C01037	S01091
C01038	S01092
C01039	S01093
C01039	S03780
C01039	S04047
C01039	S05376
C01039	S05941
C01039	S08697
C01039	S08871
C01039	S09380
C01040	S01097
C01041	S01098
C01042	S01100
C01043	S01101
C01044	S01102
C01044	S03876
C01045	S01104
C01046	S01105
C01047	S01106
C01048	S01107
C01049	S01108
C01050	S01109
C01051	S01110
C01052	S01111
C01053	S01112
C01053	S03346
C01053	S04091
C01054	S01113
C01054	S05651
C01055	S01114
C01056	S01115
C01057	S01116
C01058	S01117
C01058	S04102
C01059	S01118
C01060	S01121
C01060	S07818
C01061	S01122
C01061	S04041
C01062	S01123
C01063	S01124
C01064	S01125
C01065	S01126
C01066	S01127
C01067	S01128
C01067	S06274
C01068	S01129
C01069	S01130
C01069	S03114
C01069	S03136
C01069	S04001
C01069	S04392
C01069	S07160
C01069	S07323
C01069	S07444
C01069	S08455
C01070	S01131
C01071	S01132
C01072	S01133
C01073	S01134
C01074	S01135
C01075	S01136
C01076	S01138
C01076	S01159
C01076	S06722
C01077	S01139
C01078	S01140
C01079	S01141
C01080	S01142
C01081	S01143
C01081	S01895
C01082	S01144
C01083	S01146
C01084	S01147
C01085	S01148
C01086	S01149
C01087	S01150
C01088	S01151
C01089	S01153
C01090	S01154
C01090	S04893
C01091	S01155
C01091	S01820
C01091	S07728
C01091	S08040
C01092	S01156
C01093	S01157
C01094	S01158
C01095	S01160
C01096	S01161
C01097	S01162
C01097	S01510
C01097	S02076
C01098	S01163
C01099	S01164
C01100	S01165
C01100	S02114
C01100	S02250
C01100	S02892
C01100	S02966
C01100	S05617
C01100	S06782
C01100	S06825
C01100	S07030
C01100	S07946
C01100	S08492
C01100	S09610
C01101	S01166
C01102	S01167
C01103	S01168
C01103	S04910
C01103	S05845
C01103	S07286
C01104	S01171
C01104	S02124
C01104	S03800
C01104	S04929
C01105	S01172
C01106	S01173
C01106	S02123
C01107	S01174
C01108	S01175
C01109	S01176
C01110	S01177
C01111	S01179
C01111	S06757
C01111	S07538
C01112	S01180
C01113	S01181
C01114	S01182
C01114	S03413
C01114	S06401
C01114	S08815
C01115	S01184
C01115	S03842
C01116	S01185
C01117	S01186
C01117	S09459
C01117	S09728
C01118	S01187
C01119	S01188
C01119	S03074
C01119	S07456
C01120	S01189
C01120	S04134
C01121	S01190
C01122	S01191
C01122	S09612
C01123	S01192
C01124	S01193
C01125	S01194
C01126	S01195
C01127	S01196
C01128	S01198
C01129	S01199
C01130	S01201
C01131	S01202
C01132	S01204
C01133	S01205
C01134	S01206
C01135	S01207
C01136	S01208
C01137	S01209
C01138	S01210
C01138	S04775
C01139	S01211
C01140	S01212
C01140	S03765
C01140	S05852
C01141	S01213
C01142	S01214
C01143	S01215
C01144	S01216
C01145	S01217
C01146	S01218
C01147	S01219
C01148	S01220
C01148	S01420
C01148	S02305
C01148	S06745
C01148	S09000
C01149	S01221
C01150	S01222
C01150	S01313
C01151	S01223
C01152	S01224
C01153	S01226
C01154	S01227
C01155	S01228
C01155	S07354
C01156	S01229
C01157	S01230
C01158	S01231
C01158	S03566
C01158	S06452
C01159	S01232
C01160	S01233
C01161	S01234
C01161	S05419
C01162	S01236
C01163	S01237
C01163	S02060
C01163	S02536
C01163	S02942
C01163	S03877
C01163	S04167
C01163	S04655
C01163	S06113
C01163	S06888
C01163	S07205
C01163	S07750
C01163	S08251
C01164	S01238
C01164	S07635
C01165	S01239
C01166	S01240
C01167	S01241
C01168	S01242
C01169	S01243
C01170	S01244
C01171	S01245
C01172	S01246
C01173	S01247
C01174	S01248
C01175	S01249
C01176	S01250
C01177	S01251
C01178	S01253
C01179	S01254
C01179	S06847
C01180	S01255
C01180	S02216
C01180	S06925
C01181	S01256
C01181	S06259
C01182	S01257
C01182	S02455
C01183	S01259
C01184	S01260
C01185	S01261
C01186	S01262
C01187	S01263
C01188	S01264
C01189	S01265
C01190	S01266
C01191	S01267
C01192	S01268
C01193	S01270
C01193	S06292
C01194	S01271
C01195	S01272
C01196	S01273
C01197	S01274
C01198	S01275
C01198	S07554
C01199	S01276
C01200	S01277
C01200	S02302
C01201	S01278
C01202	S01279
C01202	S04990
C01202	S08139
C01203	S01280
C01204	S01281
C01205	S01282
C01205	S02800
C01206	S01283
C01207	S01284
C01208	S01285
C01209	S01286
C01209	S03577
C01210	S01288
C01211	S01290
C01212	S01291
C01212	S02423
C01213	S01292
C01214	S01293
C01215	S01294
C01215	S01553
C01216	S01295
C01217	S01296
C01218	S01297
C01218	S01650
C01218	S02912
C01219	S01298
C01220	S01299
C01221	S01301
C01222	S01302
C01222	S01646
C01222	S01781
C01222	S06218
C01222	S07504
C01223	S01303
C01224	S01304
C01224	S01988
C01224	S02955
C01224	S04274
C01224	S06635
C01224	S06804
C01224	S07722
C01224	S07766
C01224	S08889
C01224	S09622
C01225	S01305
C01226	S01306
C01227	S01308
C01227	S07695
C01228	S01309
C01229	S01310
C01230	S01311
C01231	S01312
C01232	S01314
C01233	S01315
C01234	S01316
C01235	S01317
C01236	S01318
C01237	S01319
C01238	S01320
C01239	S01321
C01240	S01323
C01241	S01324
C01242	S01325
C01242	S04042
C01242	S09363
C01243	S01326
C01244	S01327
C01245	S01328
C01246	S01329
C01247	S01330
C01248	S01331
C01248	S05449
C01249	S01332
C01250	S01333
C01251	S01335
C01252	S01336
C01253	S01339
C01253	S05247
C01254	S01340
C01255	S01341
C01256	S01342
C01257	S01343
C01258	S01344
C01258	S04302
C01259	S01345
C01260	S01346
C01261	S01347
C01262	S01348
C01262	S03218
C01263	S01349
C01264	S01351
C01265	S01353
C01265	S05714
C01266	S01354
C01267	S01355
C01268	S01356
C01268	S06674
C01269	S01358
C01269	S04554
C01270	S01359
C01271	S01360
C01272	S01361
C01273	S01363
C01274	S01364
C01274	S08704
C01275	S01365
C01276	S01366
C01277	S01367
C01277	S03536
C01278	S01368
C01279	S01369
C01280	S01370
C01280	S03314
C01280	S04465
C01280	S08148
C01281	S01371
C01282	S01372
C01283	S01373
C01284	S01374
C01285	S01375
C01285	S05468
C01286	S01376
C01287	S01377
C01288	S01380
C01288	S07886
C01289	S01381
C01290	S01382
C01290	S05690
C01291	S01383
C01291	S04933
C01292	S01384
C01293	S01385
C01294	S01386
C01295	S01387
C01295	S02331
C01295	S06859
C01295	S06946
C01296	S01388
C01296	S03560
C01297	S01389
C01298	S01390
C01298	S04119
C01299	S01391
C01299	S01395
C01300	S01392
C01301	S01393
C01301	S06112
C01301	S08571
C01302	S01394
C01303	S01396
C01303	S03149
C01304	S01397
C01305	S01398
C01305	S07472
C01306	S01399
C01307	S01400
C01307	S02247
C01307	S07027
C01307	S08479
C01308	S01401
C01308	S06087
C01309	S01402
C01309	S08578
C01310	S01403
C01311	S01404
C01312	S01405
C01312	S05427
C01313	S01406
C01313	S09605
C01314	S01407
C01314	S05936
C01315	S01408
C01315	S04421
C01315	S05041
C01315	S05568
C01316	S01410
C01317	S01411
C01317	S06940
C01318	S01412
C01318	S01767
C01318	S01978
C01318	S02283
C01318	S02555
C01318	S02602
C01318	S05077
C01318	S05229
C01318	S05483
C01318	S06813
C01318	S07613
C01318	S08408
C01319	S01413
C01320	S01414
C01321	S01415
C01322	S01416
C01323	S01417
C01324	S01418
C01325	S01421
C01326	S01422
C01327	S01423
C01328	S01424
C01329	S01425
C01329	S03830
C01330	S01426
C01331	S01427
C01332	S01428
C01333	S01429
C01333	S08993
C01334	S01430
C01335	S01431
C01336	S01432
C01336	S03475
C01337	S01433
C01338	S01434
C01338	S02535
C01338	S08096
C01339	S01435
C01340	S01436
C01341	S01437
C01341	S05988
C01341	S07798
C01342	S01438
C01343	S01439
C01343	S07523
C01344	S01440
C01345	S01441
C01346	S01442
C01347	S01444
C01348	S01445
C01349	S01446
C01349	S03349
C01349	S05144
C01349	S07502
C01349	S07609
C01350	S01448
C01351	S01449
C01352	S01450
C01352	S08152
C01352	S08331
C01353	S01451
C01354	S01452
C01354	S04172
C01355	S01453
C01355	S02457
C01355	S06715
C01355	S07525
C01356	S01454
C01356	S06828
C01357	S01455
C01358	S01456
C01359	S01457
C01360	S01458
C01361	S01459
C01361	S08576
C01362	S01460
C01363	S01461
C01364	S01462
C01365	S01463
C01366	S01464
C01366	S04407
C01366	S04448
C01367	S01465
C01368	S01466
C01368	S01945
C01369	S01467
C01369	S07434
C01370	S01469
C01371	S01470
C01372	S01471
C01373	S01473
C01374	S01474
C01375	S01475
C01376	S01476
C01377	S01477
C01378	S01478
C01378	S03082
C01378	S03371
C01378	S03527
C01378	S06634
C01379	S01479
C01380	S01480
C01381	S01481
C01382	S01482
C01383	S01483
C01384	S01485
C01384	S05676
C01384	S08265
C01385	S01486
C01386	S01487
C01386	S09590
C01387	S01488
C01388	S01490
C01388	S01675
C01388	S04515
C01388	S08077
C01389	S01491
C01390	S01492
C01390	S04087
C01390	S06593
C01391	S01493
C01392	S01494
C01393	S01495
C01394	S01496
C01394	S08371
C01395	S01497
C01395	S04536
C01396	S01498
C01397	S01499
C01398	S01500
C01399	S01501
C01400	S01502
C01401	S01504
C01402	S01505
C01403	S01506
C01404	S01507
C01405	S01509
C01406	S01511
C01407	S01512
C01408	S01513
C01409	S01514
C01409	S02157
C01409	S02349
C01409	S03085
C01409	S04862
C01409	S05510
C01409	S06756
C01409	S07691
C01409	S07876
C01410	S01515
C01411	S01516
C01412	S01517
C01412	S04179
C01412	S07085
C01413	S01518
C01414	S01519
C01415	S01520
C01415	S01822
C01416	S01521
C01416	S06601
C01417	S01522
C01418	S01523
C01418	S04999
C01419	S01524
C01420	S01525
C01421	S01526
C01422	S01527
C01423	S01530
C01424	S01531
C01425	S01532
C01425	S06155
C01426	S01533
C01427	S01535
C01428	S01536
C01428	S03352
C01429	S01537
C01429	S07496
C01430	S01538
C01431	S01539
C01431	S01734
C01432	S01540
C01433	S01541
C01433	S06643
C01434	S01542
C01435	S01543
C01436	S01544
C01437	S01545
C01438	S01546
C01439	S01547
C01440	S01548
C01441	S01549
C01442	S01550
C01443	S01551
C01443	S02413
C01443	S09571
C01444	S01552
C01445	S01554
C01445	S03602
C01445	S05500
C01445	S06451
C01446	S01555
C01447	S01556
C01447	S02000
C01448	S01557
C01449	S01558
C01450	S01559
C01451	S01560
C01451	S07063
C01452	S01561
C01453	S01562
C01454	S01563
C01454	S03431
C01454	S05817
C01455	S01564
C01456	S01565
C01457	S01566
C01458	S01567
C01459	S01568
C01460	S01569
C01461	S01570
C01462	S01571
C01462	S07799
C01463	S01572
C01463	S05748
C01463	S07516
C01463	S08326
C01464	S01573
C01465	S01574
C01466	S01575
C01467	S01576
C01468	S01577
C01469	S01578
C01470	S01579
C01470	S01875
C01471	S01580
C01472	S01581
C01472	S05175
C01473	S01582
C01473	S01676
C01473	S05400
C01474	S01583
C01475	S01584
C01476	S01585
C01477	S01586
C01477	S03704
C01478	S01587
C01479	S01588
C01480	S01589
C01481	S01590
C01482	S01591
C01483	S01592
C01484	S01593
C01485	S01594
C01485	S02627
C01486	S01595
C01486	S03910
C01487	S01596
C01488	S01597
C01489	S01598
C01490	S01599
C01491	S01600
C01492	S01601
C01493	S01602
C01494	S01603
C01494	S07939
C01495	S01604
C01496	S01605
C01497	S01606
C01498	S01607
C01499	S01608
C01500	S01609
C01500	S09275
C01501	S01610
C01502	S01611
C01503	S01612
C01504	S01613
C01504	S05249
C01504	S05294
C01505	S01614
C01506	S01615
C01506	S05671
C01507	S01616
C01508	S01617
C01508	S02037
C01508	S02815
C01508	S06718
C01509	S01618
C01510	S01619
C01511	S01620
C01512	S01621
C01513	S01622
C01514	S01623
C01515	S01624
C01516	S01625
C01517	S01626
C01518	S01627
C01519	S01628
C01520	S01629
C01520	S06663
C01520	S07330
C01521	S01630
C01522	S01632
C01522	S05808
C01523	S01633
C01524	S01634
C01525	S01635
C01525	S08299
C01526	S01636
C01527	S01637
C01528	S01638
C01529	S01639
C01530	S01640
C01530	S01911
C01530	S05374
C01531	S01641
C01532	S01642
C01533	S01643
C01534	S01644
C01535	S01645
C01536	S01647
C01537	S01648
C01538	S01649
C01539	S01651
C01540	S01652
C01541	S01653
C01542	S01654
C01542	S02662
C01542	S03300
C01542	S04338
C01542	S06200
C01543	S01655
C01543	S03791
C01543	S04327
C01544	S01656
C01545	S01657
C01545	S06587
C01545	S07363
C01546	S01658
C01547	S01659
C01548	S01660
C01549	S01661
C01550	S01662
C01551	S01663
C01551	S05324
C01552	S01664
C01553	S01665
C01554	S01666
C01555	S01667
C01555	S06438
C01556	S01668
C01557	S01669
C01558	S01670
C01559	S01671
C01560	S01672
C01561	S01673
C01562	S01674
C01563	S01677
C01564	S01678
C01565	S01679
C01566	S01681
C01566	S07163
C01567	S01682
C01567	S08370
C01568	S01683
C01569	S01685
C01570	S01686
C01571	S01688
C01572	S01689
C01573	S01690
C01574	S01691
C01574	S02177
C01575	S01692
C01576	S01693
C01577	S01694
C01578	S01695
C01579	S01696
C01580	S01697
C01581	S01698
C01581	S03356
C01582	S01699
C01583	S01700
C01583	S05250
C01584	S01702
C01585	S01703
C01586	S01704
C01587	S01705
C01588	S01706
C01589	S01707
C01590	S01708
C01591	S01709
C01592	S01710
C01592	S02433
C01592	S07013
C01593	S01711
C01594	S01712
C01594	S02436
C01595	S01713
C01596	S01714
C01597	S01715
C01598	S01716
C01599	S01717
C01600	S01718
C01601	S01720
C01602	S01721
C01603	S01722
C01604	S01723
C01605	S01724
C01606	S01725
C01607	S01726
C01608	S01727
C01609	S01728
C01610	S01729
C01611	S01730
C01612	S01731
C01613	S01732
C01614	S01733
C01615	S01735
C01616	S01736
C01616	S04487
C01617	S01737
C01618	S01738
C01619	S01739
C01620	S01740
C01620	S08921
C01621	S01741
C01622	S01742
C01623	S01743
C01624	S01744
C01625	S01745
C01626	S01746
C01627	S01747
C01628	S01748
C01628	S09270
C01629	S01749
C01630	S01750
C01630	S07740
C01631	S01751
C01632	S01752
C01633	S01753
C01634	S01755
C01635	S01756
C01635	S06476
C01636	S01757
C01637	S01758
C01638	S01759
C01639	S01760
C01640	S01761
C01641	S01762
C01641	S02204
C01641	S04468
C01642	S01763
C01643	S01764
C01644	S01765
C01644	S06028
C01644	S07481
C01645	S01766
C01646	S01768
C01646	S02475
C01647	S01769
C01647	S05119
C01648	S01770
C01649	S01771
C01650	S01772
C01651	S01773
C01652	S01774
C01653	S01775
C01654	S01776
C01655	S01777
C01655	S02975
C01656	S01778
C01657	S01779
C01658	S01780
C01659	S01782
C01660	S01783
C01661	S01784
C01662	S01785
C01662	S02715
C01663	S01786
C01664	S01787
C01664	S04879
C01665	S01788
C01665	S04974
C01666	S01789
C01666	S02064
C01667	S01790
C01668	S01792
C01669	S01793
C01670	S01794
C01670	S02856
C01671	S01795
C01672	S01796
C01672	S07681
C01673	S01797
C01673	S07082
C01674	S01798
C01675	S01800
C01676	S01801
C01677	S01802
C01678	S01803
C01679	S01804
C01680	S01805
C01680	S08310
C01681	S01806
C01682	S01807
C01683	S01808
C01684	S01809
C01684	S05038
C01685	S01810
C01685	S02338
C01686	S01811
C01687	S01812
C01688	S01813
C01689	S01814
C01690	S01815
C01691	S01816
C01692	S01817
C01692	S05278
C01693	S01818
C01694	S01819
C01695	S01821
C01696	S01824
C01697	S01825
C01698	S01826
C01699	S01827
C01700	S01828
C01700	S06731
C01701	S01829
C01702	S01830
C01702	S07721
C01703	S01831
C01703	S05412
C01703	S05647
C01703	S06328
C01704	S01832
C01704	S03323
C01704	S04578
C01704	S05460
C01704	S06805
C01705	S01833
C01706	S01834
C01707	S01835
C01708	S01836
C01709	S01838
C01710	S01839
C01711	S01840
C01712	S01841
C01712	S06653
C01713	S01842
C01714	S01843
C01715	S01844
C01716	S01845
C01717	S01846
C01718	S01847
C01718	S09723
C01719	S01848
C01720	S01849
C01721	S01850
C01721	S03667
C01721	S07157
C01722	S01851
C01723	S01852
C01723	S02244
C01724	S01853
C01725	S01854
C01726	S01855
C01727	S01856
C01728	S01857
C01729	S01858
C01730	S01859
C01730	S02561
C01730	S03403
C01731	S01860
C01731	S07759
C01732	S01861
C01733	S01862
C01734	S01864
C01735	S01865
C01736	S01866
C01737	S01867
C01738	S01868
C01739	S01869
C01740	S01870
C01741	S01871
C01742	S01872
C01743	S01873
C01744	S01874
C01745	S01876
C01746	S01877
C01747	S01878
C01747	S07394
C01748	S01879
C01749	S01880
C01750	S01881
C01751	S01882
C01752	S01883
C01753	S01885
C01754	S01886
C01754	S03734
C01755	S01887
C01756	S01888
C01756	S07634
C01757	S01889
C01758	S01890
C01758	S09185
C01759	S01891
C01760	S01892
C01760	S04116
C01760	S04614
C01760	S06284
C01761	S01893
C01762	S01894
C01763	S01896
C01763	S06025
C01764	S01897
C01765	S01898
C01765	S03162
C01766	S01899
C01767	S01900
C01767	S04039
C01768	S01901
C01769	S01902
C01770	S01903
C01771	S01904
C01772	S01905
C01773	S01906
C01774	S01907
C01775	S01908
C01775	S08797
C01776	S01909
C01777	S01912
C01778	S01913
C01779	S01915
C01779	S07331
C01779	S08494
C01780	S01916
C01781	S01917
C01781	S02807
C01782	S01920
C01782	S04379
C01783	S01921
C01784	S01922
C01785	S01923
C01786	S01925
C01787	S01926
C01788	S01927
C01789	S01928
C01789	S05506
C01790	S01929
C01791	S01930
C01791	S02278
C01791	S07960
C01792	S01931
C01793	S01932
C01794	S01933
C01795	S01934
C01796	S01935
C01796	S03253
C01797	S01936
C01798	S01937
C01799	S01938
C01800	S01939
C01801	S01940
C01802	S01941
C01803	S01942
C01804	S01943
C01805	S01944
C01806	S01946
C01806	S07233
C01807	S01947
C01808	S01948
C01808	S09595
C01809	S01949
C01810	S01950
C01810	S04206
C01810	S08524
C01811	S01951
C01811	S06357
C01812	S01952
C01813	S01954
C01814	S01955
C01815	S01956
C01816	S01957
C01817	S01958
C01818	S01959
C01819	S01962
C01820	S01963
C01821	S01964
C01822	S01965
C01823	S01967
C01823	S02208
C01823	S04309
C01823	S05147
C01823	S09115
C01824	S01968
C01825	S01969
C01826	S01970
C01826	S03767
C01827	S01971
C01828	S01972
C01828	S07584
C01829	S01973
C01830	S01974
C01831	S01975
C01832	S01976
C01833	S01979
C01833	S06095
C01834	S01981
C01834	S07098
C01835	S01982
C01836	S01984
C01837	S01985
C01838	S01986
C01838	S03763
C01838	S06473
C01838	S08883
C01839	S01987
C01840	S01989
C01841	S01990
C01842	S01991
C01843	S01992
C01844	S01993
C01845	S01994
C01846	S01995
C01846	S04229
C01847	S01996
C01848	S01997
C01849	S01998
C01850	S01999
C01851	S02001
C01852	S02002
C01853	S02003
C01853	S02175
C01854	S02004
C01854	S02898
C01854	S06011
C01854	S07449
C01855	S02005
C01856	S02006
C01857	S02007
C01857	S03105
C01857	S04493
C01858	S02009
C01858	S02761
C01858	S03242
C01858	S05282
C01858	S06760
C01858	S08002
C01859	S02010
C01860	S02011
C01861	S02012
C01861	S05118
C01862	S02013
C01863	S02014
C01864	S02015
C01865	S02016
C01866	S02017
C01866	S02111
C01867	S02018
C01868	S02019
C01869	S02021
C01870	S02023
C01871	S02024
C01871	S06431
C01871	S08640
C01871	S09084
C01872	S02025
C01872	S08055
C01873	S02026
C01873	S06967
C01874	S02027
C01874	S03385
C01875	S02028
C01876	S02029
C01877	S02030
C01878	S02031
C01879	S02033
C01880	S02034
C01880	S05251
C01881	S02035
C01882	S02036
C01883	S02038
C01883	S02248
C01884	S02039
C01884	S02373
C01884	S02998
C01884	S03276
C01884	S03561
C01884	S06619
C01884	S08205
C01885	S02040
C01886	S02041
C01887	S02042
C01888	S02043
C01889	S02044
C01890	S02045
C01890	S09071
C01891	S02047
C01891	S05476
C01891	S08510
C01891	S08778
C01892	S02049
C01893	S02050
C01894	S02051
C01895	S02053
C01896	S02054
C01897	S02055
C01898	S02056
C01898	S07142
C01898	S09346
C01899	S02057
C01900	S02058
C01901	S02059
C01902	S02061
C01903	S02062
C01904	S02063
C01905	S02065
C01906	S02067
C01907	S02068
C01907	S02564
C01907	S03042
C01907	S03915
C01907	S07424
C01907	S09316
C01908	S02069
C01909	S02070
C01910	S02071
C01910	S03651
C01911	S02072
C01911	S05056
C01911	S07393
C01911	S09360
C01912	S02073
C01913	S02077
C01913	S03130
C01913	S03259
C01913	S04442
C01913	S04951
C01913	S06335
C01913	S08700
C01913	S09608
C01913	S09704
C01914	S02078
C01915	S02080
C01916	S02081
C01916	S02384
C01916	S03587
C01917	S02082
C01917	S04871
C01917	S06029
C01918	S02083
C01919	S02084
C01919	S08216
C01920	S02085
C01921	S02087
C01922	S02088
C01922	S03283
C01923	S02089
C01924	S02090
C01925	S02091
C01926	S02092
C01927	S02093
C01928	S02094
C01929	S02095
C01930	S02096
C01931	S02097
C01931	S04147
C01932	S02098
C01933	S02099
C01934	S02100
C01935	S02101
C01936	S02102
C01937	S02103
C01938	S02104
C01939	S02105
C01940	S02106
C01940	S06351
C01941	S02107
C01942	S02108
C01943	S02109
C01944	S02110
C01945	S02112
C01946	S02113
C01947	S02115
C01948	S02116
C01948	S02937
C01949	S02117
C01950	S02118
C01950	S05989
C01951	S02119
C01952	S02120
C01953	S02121
C01954	S02122
C01955	S02125
C01956	S02126
C01956	S07102
C01957	S02127
C01958	S02129
C01958	S02666
C01959	S02130
C01959	S04282
C01960	S02131
C01961	S02132
C01962	S02133
C01962	S03401
C01962	S04762
C01962	S06262
C01963	S02134
C01963	S03011
C01963	S05221
C01964	S02136
C01965	S02137
C01966	S02138
C01967	S02139
C01967	S09020
C01968	S02140
C01969	S02141
C01970	S02142
C01971	S02143
C01972	S02144
C01972	S06339
C01973	S02145
C01974	S02146
C01975	S02147
C01976	S02148
C01977	S02149
C01977	S04525
C01977	S04610
C01978	S02150
C01979	S02151
C01980	S02152
C01980	S09501
C01981	S02153
C01982	S02154
C01983	S02155
C01984	S02156
C01985	S02158
C01986	S02159
C01987	S02160
C01988	S02161
C01989	S02162
C01990	S02163
C01991	S02164
C01991	S03007
C01992	S02165
C01993	S02166
C01994	S02167
C01995	S02168
C01996	S02169
C01997	S02170
C01998	S02172
C01999	S02173
C02000	S02174
C02001	S02176
C02002	S02178
C02002	S03862
C02003	S02179
C02004	S02180
C02005	S02181
C02006	S02182
C02007	S02183
C02008	S02184
C02008	S04934
C02008	S06151
C02009	S02185
C02010	S02186
C02011	S02187
C02012	S02188
C02013	S02189
C02013	S04991
C02014	S02190
C02015	S02191
C02016	S02192
C02017	S02193
C02017	S03794
C02018	S02194
C02018	S02630
C02019	S02195
C02020	S02197
C02020	S03793
C02021	S02198
C02022	S02199
C02022	S05789
C02023	S02200
C02024	S02201
C02025	S02203
C02026	S02205
C02027	S02207
C02027	S03194
C02028	S02209
C02029	S02210
C02030	S02211
C02031	S02212
C02032	S02214
C02033	S02215
C02033	S03175
C02033	S06517
C02034	S02217
C02035	S02218
C02036	S02219
C02037	S02220
C02037	S05217
C02038	S02221
C02039	S02222
C02040	S02223
C02041	S02224
C02041	S03392
C02041	S04953
C02042	S02225
C02043	S02226
C02044	S02227
C02045	S02228
C02046	S02229
C02047	S02230
C02048	S02231
C02049	S02233
C02050	S02234
C02051	S02235
C02052	S02236
C02053	S02237
C02054	S02239
C02055	S02240
C02056	S02241
C02057	S02242
C02058	S02245
C02058	S05242
C02059	S02246
C02060	S02249
C02060	S02794
C02060	S04542
C02060	S09035
C02061	S02251
C02061	S07416
C02061	S07959
C02061	S09078
C02062	S02252
C02062	S04456
C02063	S02253
C02064	S02254
C02065	S02255
C02066	S02256
C02067	S02257
C02068	S02259
C02069	S02261
C02070	S02262
C02071	S02263
C02072	S02264
C02073	S02265
C02074	S02266
C02075	S02267
C02075	S06502
C02076	S02269
C02077	S02270
C02078	S02271
C02078	S03671
C02079	S02273
C02080	S02274
C02081	S02275
C02082	S02277
C02083	S02279
C02084	S02280
C02085	S02281
C02086	S02282
C02087	S02285
C02088	S02286
C02089	S02288
C02090	S02289
C02091	S02290
C02092	S02291
C02093	S02292
C02093	S07044
C02094	S02293
C02095	S02294
C02096	S02295
C02097	S02296
C02098	S02297
C02099	S02299
C02100	S02300
C02101	S02301
C02102	S02303
C02103	S02304
C02104	S02306
C02105	S02307
C02106	S02308
C02107	S02309
C02107	S06891
C02108	S02311
C02108	S05857
C02108	S06583
C02108	S08939
C02109	S02312
C02110	S02313
C02111	S02314
C02112	S02316
C02112	S08994
C02113	S02317
C02114	S02318
C02114	S05555
C02114	S05972
C02114	S09645
C02115	S02319
C02116	S02320
C02117	S02321
C02118	S02322
C02119	S02323
C02120	S02324
C02121	S02325
C02122	S02326
C02123	S02327
C02124	S02328
C02125	S02329
C02126	S02330
C02127	S02332
C02128	S02333
C02129	S02334
C02130	S02335
C02131	S02336
C02132	S02337
C02133	S02339
C02134	S02340
C02134	S02345
C02134	S03522
C02135	S02342
C02136	S02343
C02137	S02344
C02138	S02346
C02139	S02347
C02140	S02348
C02141	S02351
C02142	S02352
C02143	S02353
C02144	S02356
C02145	S02357
C02146	S02358
C02147	S02359
C02148	S02360
C02149	S02361
C02150	S02362
C02151	S02363
C02152	S02365
C02153	S02366
C02153	S04426
C02153	S05298
C02153	S06705
C02154	S02368
C02155	S02369
C02156	S02370
C02157	S02371
C02158	S02374
C02159	S02375
C02160	S02376
C02161	S02378
C02162	S02379
C02163	S02380
C02164	S02381
C02165	S02382
C02166	S02383
C02167	S02385
C02168	S02386
C02169	S02387
C02169	S07875
C02170	S02388
C02171	S02389
C02172	S02390
C02173	S02391
C02174	S02392
C02174	S04350
C02174	S07811
C02174	S09617
C02175	S02393
C02176	S02394
C02177	S02396
C02178	S02397
C02179	S02398
C02179	S04224
C02179	S05842
C02180	S02399
C02181	S02400
C02182	S02401
C02183	S02402
C02184	S02403
C02185	S02404
C02186	S02405
C02186	S09228
C02187	S02406
C02188	S02407
C02189	S02408
C02189	S09345
C02190	S02409
C02191	S02410
C02192	S02411
C02192	S04115
C02192	S05401
C02193	S02412
C02194	S02414
C02194	S05835
C02195	S02415
C02195	S04643
C02196	S02417
C02197	S02418
C02198	S02419
C02199	S02420
C02200	S02421
C02200	S02755
C02201	S02422
C02202	S02424
C02203	S02425
C02204	S02426
C02204	S05919
C02205	S02427
C02206	S02428
C02207	S02429
C02207	S06007
C02207	S06188
C02207	S07083
C02208	S02430
C02209	S02431
C02210	S02432
C02211	S02434
C02212	S02435
C02213	S02437
C02214	S02439
C02215	S02440
C02216	S02441
C02217	S02442
C02218	S02443
C02218	S04724
C02219	S02445
C02219	S08689
C02219	S09574
C02220	S02446
C02220	S06111
C02220	S08433
C02220	S09279
C02221	S02447
C02222	S02448
C02223	S02449
C02224	S02450
C02225	S02451
C02225	S03545
C02225	S03579
C02225	S04613
C02225	S05584
C02225	S06182
C02226	S02452
C02226	S06136
C02227	S02453
C02228	S02454
C02229	S02456
C02230	S02458
C02230	S06422
C02231	S02459
C02232	S02460
C02233	S02461
C02233	S05688
C02234	S02462
C02234	S05075
C02235	S02464
C02236	S02465
C02237	S02466
C02238	S02468
C02239	S02469
C02240	S02470
C02241	S02471
C02242	S02472
C02243	S02473
C02244	S02474
C02245	S02476
C02246	S02477
C02247	S02478
C02248	S02479
C02248	S06323
C02249	S02480
C02250	S02481
C02251	S02483
C02252	S02484
C02253	S02485
C02254	S02486
C02255	S02488
C02256	S02489
C02257	S02490
C02258	S02491
C02258	S08400
C02259	S02492
C02260	S02493
C02260	S03039
C02260	S04459
C02260	S04913
C02260	S07579
C02261	S02494
C02262	S02495
C02263	S02496
C02264	S02497
C02265	S02498
C02266	S02499
C02267	S02500
C02268	S02501
C02269	S02502
C02270	S02503
C02271	S02504
C02272	S02505
C02273	S02507
C02274	S02508
C02275	S02509
C02275	S03682
C02275	S04130
C02275	S08405
C02275	S09422
C02275	S09555
C02276	S02510
C02276	S02608
C02276	S04813
C02276	S07162
C02277	S02511
C02278	S02512
C02279	S02513
C02280	S02514
C02280	S03092
C02280	S09191
C02281	S02516
C02281	S03308
C02282	S02517
C02283	S02518
C02284	S02519
C02285	S02520
C02286	S02521
C02287	S02522
C02288	S02524
C02289	S02526
C02290	S02527
C02291	S02528
C02292	S02529
C02293	S02530
C02294	S02532
C02295	S02533
C02296	S02534
C02297	S02537
C02298	S02538
C02299	S02540
C02299	S03965
C02299	S08518
C02300	S02541
C02301	S02542
C02302	S02544
C02302	S02637
C02302	S04785
C02302	S07725
C02303	S02545
C02303	S04113
C02304	S02546
C02305	S02547
C02306	S02548
C02306	S05130
C02307	S02549
C02308	S02550
C02309	S02551
C02310	S02552
C02311	S02553
C02312	S02554
C02312	S04415
C02313	S02557
C02314	S02558
C02315	S02559
C02315	S05999
C02316	S02560
C02317	S02562
C02318	S02563
C02319	S02565
C02320	S02567
C02320	S07606
C02320	S08942
C02321	S02568
C02322	S02569
C02323	S02570
C02323	S02616
C02324	S02571
C02325	S02572
C02326	S02573
C02327	S02574
C02328	S02575
C02329	S02576
C02330	S02577
C02331	S02578
C02332	S02579
C02333	S02581
C02334	S02582
C02335	S02583
C02336	S02584
C02337	S02585
C02338	S02586
C02339	S02587
C02340	S02588
C02341	S02589
C02342	S02590
C02343	S02591
C02344	S02592
C02345	S02593
C02346	S02594
C02347	S02595
C02348	S02596
C02349	S02597
C02350	S02598
C02351	S02599
C02352	S02600
C02353	S02601
C02354	S02603
C02354	S04957
C02354	S05915
C02355	S02604
C02356	S02606
C02357	S02607
C02357	S04654
C02358	S02609
C02359	S02610
C02360	S02611
C02361	S02612
C02362	S02613
C02363	S02614
C02364	S02615
C02364	S03845
C02365	S02617
C02365	S07270
C02366	S02618
C02367	S02619
C02367	S05601
C02368	S02620
C02368	S08386
C02368	S09282
C02369	S02621
C02369	S02960
C02370	S02622
C02371	S02623
C02372	S02624
C02373	S02625
C02374	S02626
C02375	S02628
C02376	S02629
C02377	S02631
C02378	S02632
C02379	S02633
C02380	S02634
C02381	S02635
C02382	S02638
C02382	S08770
C02383	S02639
C02384	S02640
C02384	S03982
C02384	S08442
C02385	S02641
C02386	S02642
C02387	S02643
C02387	S03187
C02388	S02644
C02389	S02645
C02389	S03412
C02389	S03691
C02390	S02646
C02391	S02647
C02392	S02648
C02393	S02649
C02393	S03211
C02393	S07267
C02393	S07381
C02394	S02650
C02395	S02651
C02395	S03775
C02395	S05485
C02396	S02652
C02397	S02653
C02398	S02654
C02399	S02655
C02400	S02656
C02401	S02657
C02401	S08567
C02402	S02658
C02402	S03744
C02403	S02659
C02404	S02660
C02405	S02661
C02406	S02663
C02407	S02664
C02408	S02665
C02409	S02667
C02410	S02668
C02411	S02669
C02412	S02670
C02413	S02671
C02414	S02672
C02414	S07511
C02415	S02673
C02416	S02674
C02417	S02675
C02418	S02676
C02419	S02678
C02420	S02679
C02421	S02680
C02422	S02681
C02423	S02682
C02424	S02683
C02425	S02685
C02426	S02686
C02427	S02687
C02428	S02688
C02428	S02786
C02428	S02924
C02429	S02689
C02430	S02690
C02431	S02691
C02432	S02692
C02433	S02693
C02433	S07985
C02434	S02694
C02435	S02695
C02435	S05319
C02435	S06203
C02435	S07779
C02435	S08670
C02436	S02696
C02437	S02697
C02438	S02698
C02439	S02700
C02439	S09494
C02440	S02701
C02441	S02702
C02442	S02703
C02442	S05731
C02443	S02704
C02444	S02705
C02445	S02706
C02446	S02707
C02447	S02708
C02448	S02709
C02449	S02710
C02450	S02711
C02451	S02712
C02452	S02713
C02452	S04594
C02452	S06865
C02452	S08467
C02453	S02714
C02454	S02716
C02455	S02717
C02456	S02718
C02456	S07319
C02457	S02719
C02458	S02720
C02458	S03783
C02459	S02721
C02460	S02722
C02461	S02723
C02461	S02729
C02461	S03873
C02461	S04636
C02461	S05699
C02461	S06030
C02461	S06533
C02461	S06550
C02461	S08672
C02462	S02724
C02463	S02725
C02464	S02726
C02464	S07031
C02465	S02727
C02466	S02728
C02467	S02730
C02468	S02731
C02469	S02732
C02470	S02733
C02471	S02734
C02472	S02735
C02473	S02736
C02474	S02737
C02475	S02738
C02476	S02739
C02477	S02741
C02478	S02742
C02479	S02743
C02479	S03124
C02480	S02745
C02481	S02747
C02482	S02748
C02483	S02749
C02484	S02750
C02485	S02751
C02486	S02752
C02487	S02753
C02488	S02754
C02489	S02757
C02490	S02758
C02491	S02759
C02492	S02760
C02492	S07359
C02493	S02762
C02494	S02763
C02495	S02764
C02496	S02765
C02497	S02766
C02498	S02767
C02499	S02768
C02500	S02769
C02501	S02770
C02502	S02771
C02502	S03711
C02502	S04326
C02503	S02772
C02504	S02773
C02505	S02774
C02506	S02776
C02507	S02777
C02508	S02778
C02508	S08068
C02509	S02779
C02510	S02781
C02511	S02782
C02512	S02783
C02513	S02784
C02513	S06832
C02514	S02788
C02515	S02789
C02515	S05740
C02516	S02790
C02517	S02791
C02518	S02792
C02519	S02793
C02520	S02796
C02521	S02797
C02522	S02798
C02523	S02801
C02524	S02802
C02525	S02803
C02525	S03572
C02526	S02805
C02527	S02806
C02527	S09216
C02528	S02808
C02529	S02809
C02529	S02835
C02529	S02974
C02529	S05025
C02529	S06516
C02530	S02811
C02531	S02812
C02531	S03958
C02532	S02813
C02533	S02814
C02534	S02816
C02534	S03437
C02534	S03984
C02535	S02818
C02536	S02819
C02537	S02820
C02538	S02821
C02539	S02822
C02540	S02823
C02541	S02824
C02541	S04128
C02542	S02825
C02543	S02826
C02544	S02828
C02545	S02829
C02546	S02830
C02547	S02831
C02548	S02832
C02549	S02833
C02550	S02834
C02551	S02836
C02552	S02837
C02552	S03647
C02552	S07947
C02553	S02838
C02554	S02839
C02555	S02840
C02556	S02841
C02557	S02842
C02558	S02843
C02559	S02844
C02560	S02845
C02561	S02846
C02562	S02847
C02563	S02848
C02564	S02849
C02565	S02851
C02566	S02852
C02566	S04556
C02566	S06216
C02567	S02853
C02567	S07155
C02568	S02854
C02569	S02855
C02569	S05467
C02569	S07072
C02570	S02857
C02571	S02858
C02572	S02859
C02573	S02860
C02574	S02861
C02574	S07520
C02575	S02862
C02576	S02863
C02577	S02864
C02578	S02865
C02579	S02866
C02580	S02867
C02580	S08952
C02581	S02868
C02582	S02869
C02583	S02870
C02584	S02871
C02585	S02873
C02586	S02874
C02587	S02875
C02588	S02876
C02588	S03368
C02588	S06618
C02589	S02877
C02590	S02879
C02590	S06713
C02591	S02880
C02592	S02881
C02593	S02882
C02594	S02883
C02594	S03407
C02595	S02884
C02596	S02885
C02596	S06895
C02596	S09355
C02597	S02886
C02598	S02887
C02599	S02888
C02599	S03588
C02600	S02889
C02601	S02890
C02602	S02893
C02603	S02894
C02604	S02895
C02604	S05279
C02605	S02896
C02606	S02897
C02607	S02899
C02608	S02900
C02609	S02901
C02609	S05551
C02610	S02902
C02611	S02904
C02612	S02905
C02613	S02906
C02614	S02907
C02615	S02909
C02616	S02910
C02616	S04230
C02617	S02911
C02618	S02913
C02619	S02914
C02620	S02915
C02620	S06470
C02621	S02916
C02621	S06564
C02621	S08720
C02622	S02917
C02623	S02918
C02623	S04649
C02624	S02919
C02625	S02920
C02625	S07002
C02625	S08740
C02626	S02921
C02627	S02922
C02628	S02923
C02629	S02925
C02630	S02926
C02630	S08256
C02630	S09284
C02631	S02927
C02632	S02929
C02633	S02930
C02634	S02931
C02635	S02932
C02636	S02933
C02637	S02934
C02638	S02936
C02639	S02938
C02639	S08904
C02640	S02939
C02641	S02941
C02642	S02943
C02643	S02944
C02644	S02945
C02645	S02947
C02646	S02948
C02647	S02949
C02648	S02950
C02649	S02951
C02650	S02952
C02650	S04383
C02650	S05752
C02651	S02953
C02652	S02954
C02652	S04568
C02652	S05910
C02652	S07242
C02653	S02956
C02654	S02957
C02655	S02958
C02656	S02959
C02656	S07214
C02657	S02962
C02658	S02963
C02659	S02964
C02660	S02965
C02661	S02967
C02661	S05700
C02662	S02968
C02663	S02969
C02664	S02971
C02665	S02973
C02666	S02976
C02667	S02977
C02668	S02978
C02669	S02979
C02670	S02980
C02671	S02981
C02671	S04532
C02672	S02982
C02673	S02983
C02674	S02984
C02675	S02985
C02676	S02987
C02677	S02988
C02677	S08284
C02678	S02989
C02679	S02990
C02680	S02991
C02680	S09064
C02681	S02992
C02682	S02993
C02683	S02994
C02684	S02995
C02685	S02996
C02686	S02997
C02687	S03000
C02687	S03101
C02687	S04507
C02687	S05097
C02687	S08158
C02687	S09201
C02687	S09474
C02688	S03001
C02688	S08851
C02689	S03002
C02690	S03003
C02691	S03006
C02691	S07078
C02691	S07370
C02692	S03008
C02693	S03009
C02694	S03010
C02695	S03012
C02695	S06084
C02695	S07362
C02696	S03013
C02697	S03014
C02698	S03015
C02699	S03016
C02700	S03017
C02701	S03018
C02702	S03019
C02703	S03020
C02704	S03021
C02704	S03959
C02704	S09194
C02705	S03022
C02706	S03023
C02707	S03024
C02708	S03025
C02709	S03028
C02710	S03029
C02711	S03030
C02712	S03031
C02713	S03032
C02714	S03033
C02715	S03034
C02715	S07874
C02716	S03035
C02717	S03036
C02718	S03037
C02719	S03038
C02719	S07612
C02720	S03041
C02720	S03501
C02721	S03043
C02722	S03045
C02723	S03046
C02724	S03047
C02724	S03132
C02725	S03048
C02725	S07460
C02726	S03049
C02727	S03050
C02728	S03052
C02729	S03053
C02730	S03054
C02730	S07909
C02731	S03055
C02732	S03056
C02733	S03057
C02734	S03058
C02735	S03059
C02736	S03061
C02737	S03062
C02738	S03063
C02739	S03064
C02740	S03065
C02741	S03066
C02742	S03067
C02743	S03068
C02743	S05905
C02743	S06233
C02744	S03069
C02744	S03526
C02745	S03070
C02746	S03071
C02746	S06928
C02747	S03073
C02748	S03075
C02749	S03076
C02750	S03077
C02751	S03078
C02752	S03079
C02753	S03080
C02754	S03081
C02755	S03084
C02755	S05666
C02755	S08998
C02755	S09155
C02756	S03086
C02757	S03087
C02758	S03088
C02759	S03089
C02760	S03090
C02760	S08609
C02761	S03091
C02762	S03093
C02762	S04894
C02762	S07562
C02762	S09681
C02763	S03094
C02764	S03095
C02764	S08276
C02765	S03096
C02766	S03097
C02767	S03098
C02768	S03099
C02769	S03100
C02769	S08384
C02770	S03102
C02771	S03103
C02772	S03104
C02773	S03106
C02774	S03107
C02775	S03108
C02776	S03109
C02777	S03110
C02778	S03111
C02779	S03112
C02780	S03113
C02781	S03115
C02781	S07053
C02781	S07732
C02782	S03116
C02783	S03117
C02784	S03118
C02785	S03119
C02786	S03120
C02787	S03121
C02788	S03122
C02789	S03123
C02790	S03125
C02790	S03430
C02790	S04570
C02790	S06003
C02791	S03126
C02792	S03127
C02793	S03128
C02794	S03129
C02795	S03133
C02796	S03134
C02797	S03137
C02798	S03138
C02799	S03139
C02800	S03140
C02801	S03141
C02802	S03142
C02802	S09319
C02803	S03144
C02804	S03145
C02805	S03146
C02806	S03147
C02807	S03148
C02808	S03150
C02809	S03151
C02810	S03152
C02810	S06541
C02810	S07016
C02811	S03153
C02812	S03154
C02813	S03155
C02814	S03156
C02815	S03157
C02816	S03158
C02817	S03159
C02818	S03160
C02819	S03161
C02820	S03163
C02820	S04354
C02821	S03164
C02822	S03166
C02823	S03167
C02824	S03168
C02824	S03367
C02824	S03756
C02825	S03169
C02825	S06390
C02825	S09336
C02826	S03170
C02827	S03171
C02827	S08159
C02828	S03172
C02829	S03173
C02830	S03174
C02830	S05889
C02830	S06666
C02830	S07187
C02830	S08705
C02831	S03176
C02832	S03177
C02833	S03178
C02834	S03179
C02835	S03180
C02836	S03181
C02837	S03182
C02838	S03183
C02839	S03184
C02839	S08450
C02840	S03185
C02841	S03186
C02842	S03188
C02843	S03189
C02844	S03190
C02845	S03192
C02846	S03196
C02846	S09045
C02847	S03197
C02847	S09707
C02848	S03198
C02849	S03199
C02850	S03200
C02850	S05724
C02851	S03201
C02852	S03202
C02853	S03203
C02854	S03204
C02855	S03205
C02856	S03206
C02857	S03207
C02858	S03208
C02858	S03614
C02859	S03209
C02860	S03210
C02861	S03212
C02861	S06552
C02861	S08541
C02862	S03213
C02863	S03214
C02864	S03215
C02865	S03216
C02865	S03532
C02866	S03217
C02867	S03219
C02868	S03220
C02868	S08329
C02868	S08756
C02869	S03221
C02870	S03222
C02871	S03223
C02871	S06780
C02871	S08636
C02872	S03224
C02873	S03225
C02874	S03226
C02875	S03227
C02876	S03229
C02877	S03230
C02878	S03231
C02879	S03232
C02880	S03233
C02881	S03234
C02881	S06209
C02882	S03236
C02883	S03237
C02884	S03238
C02885	S03239
C02886	S03240
C02887	S03241
C02888	S03243
C02889	S03244
C02890	S03245
C02891	S03246
C02891	S03927
C02892	S03247
C02893	S03248
C02894	S03249
C02895	S03250
C02896	S03251
C02896	S03266
C02896	S04053
C02896	S04629
C02896	S05286
C02896	S06404
C02896	S06810
C02896	S07320
C02896	S07669
C02896	S08822
C02897	S03252
C02898	S03254
C02899	S03255
C02900	S03256
C02901	S03257
C02902	S03258
C02903	S03260
C02904	S03261
C02905	S03262
C02906	S03263
C02907	S03264
C02908	S03265
C02909	S03267
C02910	S03268
C02911	S03269
C02912	S03270
C02913	S03271
C02914	S03272
C02915	S03273
C02916	S03274
C02917	S03275
C02918	S03277
C02919	S03278
C02919	S04154
C02920	S03279
C02921	S03280
C02921	S03390
C02922	S03281
C02923	S03282
C02924	S03284
C02925	S03285
C02925	S07071
C02926	S03286
C02927	S03287
C02928	S03288
C02929	S03289
C02929	S06031
C02930	S03290
C02931	S03291
C02932	S03292
C02933	S03293
C02934	S03294
C02935	S03295
C02936	S03296
C02937	S03297
C02938	S03298
C02939	S03299
C02940	S03301
C02941	S03303
C02942	S03304
C02942	S04678
C02942	S05524
C02943	S03305
C02944	S03306
C02945	S03307
C02946	S03309
C02947	S03310
C02948	S03311
C02948	S08431
C02948	S09421
C02949	S03312
C02950	S03313
C02950	S06726
C02951	S03315
C02952	S03316
C02953	S03317
C02953	S08392
C02954	S03318
C02955	S03319
C02956	S03320
C02957	S03321
C02957	S04845
C02958	S03322
C02959	S03324
C02960	S03325
C02961	S03326
C02962	S03328
C02963	S03329
C02964	S03330
C02965	S03331
C02966	S03332
C02967	S03333
C02968	S03334
C02968	S06038
C02969	S03335
C02970	S03336
C02971	S03337
C02972	S03338
C02973	S03339
C02974	S03340
C02975	S03341
C02976	S03342
C02977	S03343
C02978	S03344
C02979	S03345
C02980	S03347
C02981	S03348
C02982	S03350
C02983	S03351
C02984	S03353
C02985	S03354
C02986	S03355
C02987	S03357
C02988	S03358
C02988	S04959
C02989	S03359
C02990	S03360
C02991	S03361
C02992	S03362
C02993	S03363
C02994	S03364
C02995	S03369
C02996	S03373
C02997	S03374
C02998	S03375
C02999	S03376
C03000	S03377
C03001	S03378
C03002	S03379
C03003	S03380
C03004	S03382
C03005	S03383
C03006	S03384
C03007	S03386
C03008	S03388
C03009	S03389
C03009	S05992
C03010	S03391
C03011	S03393
C03012	S03394
C03012	S07111
C03013	S03395
C03014	S03396
C03015	S03397
C03016	S03398
C03016	S04094
C03017	S03399
C03018	S03400
C03019	S03402
C03020	S03404
C03021	S03405
C03022	S03406
C03023	S03408
C03024	S03409
C03025	S03410
C03026	S03411
C03027	S03414
C03028	S03415
C03029	S03416
C03030	S03417
C03031	S03418
C03032	S03419
C03033	S03420
C03034	S03421
C03035	S03423
C03036	S03424
C03037	S03425
C03038	S03426
C03039	S03427
C03040	S03428
C03041	S03432
C03042	S03433
C03043	S03434
C03044	S03435
C03045	S03436
C03045	S06611
C03046	S03438
C03046	S07169
C03047	S03439
C03048	S03440
C03049	S03441
C03050	S03442
C03051	S03443
C03052	S03444
C03053	S03445
C03054	S03446
C03054	S05337
C03054	S06464
C03055	S03447
C03056	S03448
C03057	S03450
C03057	S03632
C03057	S09448
C03058	S03452
C03059	S03453
C03060	S03454
C03061	S03455
C03062	S03456
C03062	S04364
C03063	S03457
C03064	S03458
C03065	S03459
C03066	S03460
C03066	S06923
C03067	S03461
C03068	S03462
C03069	S03463
C03069	S04878
C03070	S03464
C03071	S03465
C03071	S08350
C03072	S03466
C03073	S03467
C03074	S03468
C03075	S03469
C03075	S06310
C03076	S03470
C03077	S03471
C03078	S03472
C03079	S03473
C03080	S03474
C03081	S03476
C03082	S03477
C03083	S03478
C03084	S03479
C03085	S03480
C03086	S03481
C03087	S03482
C03088	S03484
C03089	S03485
C03089	S05016
C03089	S07628
C03090	S03486
C03091	S03487
C03092	S03488
C03093	S03489
C03094	S03490
C03095	S03492
C03096	S03494
C03097	S03495
C03098	S03496
C03099	S03497
C03100	S03498
C03101	S03499
C03101	S04331
C03102	S03500
C03103	S03502
C03104	S03503
C03105	S03504
C03106	S03505
C03107	S03506
C03108	S03508
C03109	S03509
C03110	S03510
C03111	S03512
C03111	S03617
C03112	S03514
C03113	S03515
C03114	S03516
C03115	S03517
C03116	S03518
C03117	S03519
C03118	S03520
C03118	S06668
C03119	S03521
C03120	S03523
C03120	S05105
C03121	S03524
C03122	S03525
C03123	S03528
C03124	S03530
C03125	S03531
C03126	S03533
C03127	S03534
C03128	S03535
C03129	S03537
C03130	S03538
C03130	S05429
C03131	S03539
C03132	S03540
C03132	S05679
C03133	S03542
C03133	S05368
C03134	S03543
C03135	S03544
C03136	S03546
C03137	S03547
C03138	S03548
C03139	S03549
C03140	S03550
C03140	S09731
C03141	S03551
C03142	S03552
C03143	S03553
C03144	S03554
C03145	S03555
C03146	S03557
C03147	S03558
C03148	S03559
C03149	S03563
C03150	S03564
C03151	S03567
C03152	S03568
C03153	S03569
C03154	S03570
C03154	S08914
C03155	S03571
C03156	S03573
C03157	S03574
C03157	S06754
C03158	S03575
C03159	S03576
C03160	S03578
C03160	S08905
C03161	S03580
C03162	S03581
C03162	S06360
C03162	S08075
C03163	S03582
C03164	S03583
C03165	S03584
C03166	S03585
C03167	S03586
C03168	S03589
C03168	S04333
C03168	S07115
C03169	S03590
C03170	S03591
C03171	S03592
C03171	S06005
C03172	S03593
C03173	S03595
C03174	S03596
C03175	S03597
C03175	S09134
C03176	S03598
C03177	S03599
C03177	S03789
C03177	S05687
C03177	S08164
C03178	S03600
C03178	S08887
C03179	S03601
C03179	S06966
C03180	S03603
C03181	S03604
C03182	S03605
C03183	S03606
C03184	S03608
C03185	S03609
C03186	S03610
C03187	S03611
C03188	S03612
C03189	S03613
C03190	S03616
C03191	S03618
C03191	S07367
C03192	S03619
C03193	S03620
C03194	S03621
C03195	S03622
C03196	S03623
C03197	S03624
C03198	S03625
C03199	S03626
C03200	S03627
C03200	S04036
C03201	S03628
C03202	S03629
C03203	S03631
C03204	S03633
C03205	S03634
C03206	S03635
C03207	S03636
C03208	S03637
C03209	S03638
C03210	S03639
C03211	S03640
C03212	S03641
C03213	S03642
C03214	S03643
C03215	S03644
C03216	S03645
C03217	S03646
C03218	S03648
C03218	S04631
C03218	S07325
C03219	S03649
C03220	S03650
C03221	S03652
C03221	S06765
C03222	S03653
C03223	S03654
C03224	S03656
C03225	S03657
C03226	S03658
C03227	S03660
C03227	S09003
C03228	S03661
C03229	S03662
C03230	S03663
C03231	S03664
C03232	S03665
C03233	S03668
C03234	S03669
C03235	S03670
C03236	S03672
C03237	S03673
C03238	S03674
C03239	S03675
C03240	S03676
C03241	S03677
C03242	S03678
C03243	S03679
C03244	S03680
C03244	S09203
C03245	S03681
C03246	S03683
C03247	S03684
C03248	S03685
C03249	S03686
C03250	S03687
C03251	S03688
C03252	S03689
C03253	S03690
C03254	S03692
C03255	S03693
C03256	S03694
C03257	S03695
C03258	S03696
C03259	S03697
C03260	S03698
C03261	S03699
C03261	S09175
C03262	S03700
C03263	S03701
C03264	S03702
C03265	S03703
C03266	S03705
C03267	S03706
C03267	S07322
C03268	S03709
C03269	S03710
C03270	S03712
C03271	S03713
C03272	S03714
C03272	S07144
C03273	S03716
C03274	S03717
C03275	S03718
C03276	S03719
C03277	S03720
C03278	S03721
C03278	S06743
C03278	S09347
C03279	S03722
C03280	S03724
C03281	S03725
C03282	S03726
C03283	S03727
C03283	S07019
C03284	S03728
C03285	S03729
C03285	S04347
C03285	S06969
C03286	S03730
C03287	S03731
C03288	S03732
C03289	S03733
C03290	S03735
C03291	S03736
C03292	S03737
C03293	S03738
C03294	S03740
C03295	S03741
C03296	S03742
C03297	S03743
C03298	S03745
C03299	S03747
C03300	S03749
C03301	S03751
C03302	S03752
C03303	S03753
C03304	S03754
C03305	S03755
C03306	S03757
C03306	S06066
C03307	S03758
C03307	S03998
C03307	S04946
C03307	S07607
C03307	S08429
C03307	S08912
C03307	S09140
C03308	S03759
C03309	S03760
C03309	S06386
C03310	S03761
C03311	S03762
C03311	S05859
C03312	S03764
C03313	S03766
C03314	S03768
C03315	S03769
C03316	S03770
C03317	S03771
C03317	S06101
C03318	S03772
C03319	S03773
C03320	S03774
C03321	S03776
C03322	S03777
C03323	S03779
C03324	S03781
C03325	S03782
C03326	S03784
C03327	S03785
C03328	S03786
C03329	S03788
C03330	S03790
C03330	S06389
C03330	S07817
C03330	S08719
C03331	S03792
C03332	S03795
C03333	S03796
C03334	S03797
C03335	S03798
C03336	S03799
C03337	S03801
C03338	S03802
C03339	S03803
C03340	S03804
C03340	S08262
C03341	S03805
C03342	S03806
C03343	S03807
C03344	S03808
C03345	S03809
C03346	S03810
C03347	S03812
C03348	S03814
C03349	S03815
C03350	S03816
C03351	S03817
C03351	S09009
C03352	S03818
C03353	S03819
C03354	S03820
C03355	S03821
C03356	S03822
C03357	S03823
C03358	S03824
C03359	S03825
C03360	S03826
C03360	S06062
C03360	S09315
C03361	S03827
C03361	S05815
C03361	S08963
C03362	S03828
C03363	S03829
C03364	S03831
C03365	S03832
C03365	S04166
C03366	S03833
C03367	S03834
C03368	S03835
C03368	S08014
C03369	S03836
C03370	S03837
C03371	S03838
C03372	S03839
C03373	S03840
C03374	S03843
C03375	S03844
C03376	S03846
C03377	S03847
C03378	S03848
C03379	S03849
C03380	S03850
C03381	S03853
C03382	S03854
C03383	S03855
C03384	S03856
C03384	S07471
C03385	S03857
C03386	S03859
C03387	S03860
C03388	S03861
C03389	S03863
C03390	S03864
C03391	S03865
C03392	S03866
C03393	S03867
C03394	S03868
C03395	S03869
C03395	S08706
C03396	S03870
C03397	S03871
C03398	S03872
C03399	S03874
C03400	S03875
C03400	S07550
C03401	S03878
C03402	S03879
C03402	S08917
C03403	S03880
C03403	S06950
C03404	S03881
C03404	S06183
C03405	S03882
C03406	S03883
C03407	S03884
C03408	S03885
C03409	S03886
C03410	S03887
C03411	S03888
C03412	S03889
C03413	S03890
C03414	S03891
C03415	S03892
C03416	S03893
C03417	S03894
C03417	S06120
C03418	S03895
C03419	S03897
C03420	S03898
C03421	S03899
C03422	S03900
C03423	S03901
C03424	S03902
C03425	S03903
C03426	S03904
C03427	S03905
C03428	S03906
C03429	S03908
C03430	S03909
C03431	S03911
C03432	S03912
C03433	S03913
C03433	S06975
C03434	S03914
C03435	S03916
C03436	S03917
C03436	S03955
C03437	S03918
C03438	S03920
C03439	S03921
C03439	S05856
C03440	S03922
C03441	S03923
C03442	S03924
C03443	S03925
C03444	S03926
C03445	S03928
C03446	S03929
C03446	S05801
C03446	S06461
C03447	S03930
C03448	S03931
C03449	S03932
C03450	S03933
C03451	S03934
C03452	S03935
C03453	S03936
C03454	S03937
C03455	S03938
C03456	S03939
C03457	S03940
C03458	S03941
C03459	S03942
C03460	S03943
C03461	S03944
C03462	S03946
C03462	S07105
C03463	S03947
C03464	S03948
C03465	S03949
C03465	S05669
C03465	S08916
C03466	S03951
C03467	S03952
C03468	S03953
C03469	S03954
C03470	S03956
C03471	S03957
C03472	S03960
C03473	S03962
C03474	S03963
C03475	S03964
C03476	S03966
C03477	S03967
C03478	S03968
C03479	S03969
C03480	S03970
C03481	S03971
C03482	S03972
C03483	S03974
C03484	S03975
C03485	S03976
C03486	S03977
C03487	S03978
C03488	S03979
C03489	S03980
C03490	S03981
C03491	S03983
C03492	S03985
C03493	S03986
C03494	S03987
C03494	S04588
C03495	S03988
C03496	S03989
C03497	S03990
C03498	S03992
C03498	S04153
C03499	S03993
C03500	S03995
C03501	S03996
C03502	S03997
C03503	S03999
C03504	S04000
C03505	S04002
C03506	S04003
C03506	S04492
C03506	S06250
C03507	S04004
C03508	S04005
C03508	S09682
C03509	S04006
C03510	S04007
C03511	S04008
C03512	S04009
C03512	S06023
C03513	S04010
C03514	S04011
C03515	S04012
C03516	S04013
C03517	S04014
C03518	S04015
C03518	S04705
C03519	S04016
C03519	S06735
C03520	S04017
C03521	S04018
C03522	S04019
C03523	S04020
C03524	S04021
C03525	S04022
C03526	S04023
C03526	S08161
C03527	S04024
C03528	S04026
C03529	S04027
C03529	S07223
C03530	S04029
C03531	S04030
C03532	S04031
C03533	S04032
C03534	S04033
C03534	S05847
C03535	S04034
C03536	S04035
C03537	S04037
C03537	S04840
C03537	S04941
C03538	S04038
C03539	S04044
C03539	S04553
C03539	S09398
C03540	S04045
C03541	S04046
C03541	S08103
C03542	S04048
C03542	S06177
C03543	S04049
C03544	S04050
C03545	S04051
C03546	S04054
C03547	S04055
C03548	S04056
C03548	S05372
C03549	S04057
C03550	S04058
C03551	S04059
C03552	S04060
C03553	S04061
C03554	S04062
C03555	S04063
C03556	S04064
C03557	S04065
C03557	S05470
C03557	S08945
C03558	S04066
C03559	S04067
C03559	S04660
C03560	S04068
C03560	S08839
C03561	S04069
C03562	S04070
C03563	S04071
C03563	S08469
C03564	S04074
C03565	S04075
C03566	S04076
C03567	S04077
C03568	S04078
C03569	S04079
C03570	S04080
C03571	S04081
C03571	S04856
C03572	S04082
C03573	S04083
C03574	S04084
C03575	S04085
C03576	S04086
C03577	S04088
C03578	S04089
C03579	S04090
C03580	S04092
C03581	S04093
C03582	S04095
C03583	S04096
C03583	S04763
C03584	S04097
C03584	S06861
C03585	S04098
C03586	S04100
C03587	S04103
C03588	S04104
C03589	S04105
C03590	S04107
C03591	S04108
C03592	S04109
C03593	S04110
C03594	S04111
C03595	S04112
C03595	S04954
C03595	S09418
C03596	S04114
C03597	S04117
C03598	S04118
C03599	S04120
C03600	S04121
C03601	S04122
C03601	S07423
C03602	S04123
C03603	S04124
C03604	S04125
C03605	S04126
C03606	S04127
C03607	S04131
C03608	S04132
C03608	S07227
C03609	S04133
C03610	S04135
C03611	S04136
C03612	S04137
C03613	S04138
C03614	S04139
C03615	S04140
C03616	S04141
C03616	S07091
C03617	S04142
C03618	S04143
C03619	S04144
C03620	S04145
C03621	S04148
C03622	S04149
C03623	S04150
C03624	S04151
C03625	S04152
C03626	S04155
C03627	S04156
C03628	S04157
C03629	S04158
C03630	S04159
C03631	S04160
C03632	S04161
C03633	S04162
C03634	S04163
C03635	S04164
C03636	S04165
C03637	S04168
C03638	S04169
C03639	S04170
C03640	S04171
C03641	S04174
C03642	S04175
C03643	S04176
C03644	S04177
C03645	S04178
C03646	S04180
C03647	S04181
C03648	S04182
C03649	S04184
C03650	S04185
C03651	S04186
C03652	S04188
C03653	S04189
C03654	S04190
C03655	S04191
C03656	S04192
C03657	S04193
C03658	S04194
C03658	S08345
C03659	S04195
C03660	S04196
C03661	S04197
C03662	S04199
C03663	S04200
C03664	S04201
C03665	S04202
C03666	S04203
C03667	S04204
C03668	S04205
C03669	S04208
C03670	S04209
C03671	S04211
C03672	S04213
C03673	S04214
C03674	S04215
C03675	S04216
C03676	S04217
C03677	S04218
C03678	S04220
C03678	S05062
C03679	S04221
C03680	S04222
C03681	S04223
C03682	S04225
C03683	S04226
C03684	S04227
C03685	S04228
C03686	S04231
C03687	S04232
C03688	S04233
C03689	S04234
C03689	S05901
C03690	S04235
C03690	S09065
C03691	S04236
C03692	S04237
C03693	S04238
C03694	S04239
C03695	S04240
C03695	S06770
C03696	S04241
C03697	S04242
C03697	S06158
C03698	S04243
C03699	S04245
C03700	S04246
C03700	S05341
C03701	S04247
C03702	S04248
C03703	S04249
C03703	S04736
C03704	S04250
C03704	S08954
C03705	S04251
C03706	S04252
C03707	S04253
C03708	S04254
C03709	S04255
C03710	S04256
C03711	S04257
C03712	S04258
C03713	S04259
C03714	S04260
C03715	S04261
C03716	S04262
C03717	S04263
C03718	S04264
C03719	S04265
C03720	S04266
C03721	S04267
C03722	S04269
C03723	S04270
C03724	S04271
C03725	S04272
C03725	S09204
C03726	S04273
C03726	S05378
C03726	S07632
C03727	S04275
C03728	S04276
C03729	S04277
C03730	S04278
C03731	S04279
C03732	S04280
C03732	S04516
C03733	S04283
C03733	S08213
C03734	S04284
C03735	S04285
C03736	S04286
C03737	S04287
C03738	S04288
C03739	S04289
C03740	S04290
C03741	S04291
C03742	S04292
C03743	S04294
C03744	S04295
C03745	S04297
C03746	S04298
C03747	S04299
C03748	S04300
C03748	S05273
C03749	S04301
C03750	S04303
C03750	S09729
C03751	S04304
C03752	S04305
C03753	S04306
C03753	S09604
C03754	S04307
C03755	S04308
C03756	S04310
C03757	S04311
C03758	S04312
C03758	S05029
C03759	S04313
C03760	S04315
C03761	S04316
C03762	S04317
C03763	S04318
C03764	S04319
C03765	S04320
C03766	S04321
C03767	S04322
C03768	S04323
C03769	S04324
C03770	S04325
C03771	S04328
C03771	S05163
C03772	S04329
C03773	S04330
C03774	S04332
C03775	S04334
C03775	S04829
C03776	S04335
C03777	S04336
C03778	S04337
C03779	S04339
C03779	S08754
C03780	S04340
C03781	S04341
C03782	S04342
C03782	S06213
C03782	S09390
C03783	S04343
C03784	S04344
C03785	S04345
C03786	S04346
C03787	S04348
C03788	S04349
C03789	S04351
C03790	S04352
C03791	S04353
C03791	S06749
C03792	S04355
C03793	S04356
C03793	S04595
C03794	S04357
C03795	S04358
C03795	S07914
C03796	S04359
C03797	S04360
C03798	S04361
C03799	S04363
C03800	S04365
C03801	S04366
C03802	S04367
C03803	S04368
C03804	S04369
C03805	S04370
C03806	S04371
C03806	S04699
C03807	S04372
C03808	S04374
C03809	S04375
C03810	S04376
C03811	S04377
C03812	S04378
C03812	S05408
C03812	S08964
C03813	S04380
C03814	S04381
C03815	S04382
C03816	S04384
C03817	S04385
C03818	S04386
C03818	S07659
C03818	S09069
C03819	S04387
C03820	S04388
C03821	S04390
C03822	S04391
C03823	S04393
C03824	S04394
C03825	S04395
C03826	S04396
C03827	S04397
C03828	S04398
C03829	S04399
C03830	S04400
C03831	S04401
C03832	S04402
C03833	S04404
C03834	S04405
C03835	S04406
C03836	S04408
C03837	S04409
C03838	S04410
C03839	S04412
C03840	S04413
C03841	S04414
C03842	S04416
C03843	S04417
C03844	S04418
C03845	S04420
C03846	S04422
C03846	S04656
C03847	S04423
C03848	S04424
C03849	S04425
C03849	S04627
C03849	S07643
C03850	S04427
C03851	S04428
C03852	S04429
C03853	S04430
C03854	S04431
C03855	S04432
C03855	S05014
C03856	S04433
C03857	S04434
C03858	S04435
C03859	S04436
C03860	S04437
C03861	S04438
C03862	S04439
C03863	S04440
C03864	S04441
C03864	S06775
C03865	S04443
C03866	S04444
C03867	S04445
C03868	S04446
C03869	S04447
C03870	S04449
C03871	S04450
C03872	S04451
C03873	S04452
C03874	S04453
C03874	S06450
C03874	S09566
C03875	S04454
C03875	S05695
C03875	S05785
C03876	S04457
C03877	S04458
C03878	S04460
C03879	S04461
C03880	S04462
C03881	S04463
C03882	S04464
C03883	S04467
C03884	S04469
C03885	S04470
C03886	S04471
C03887	S04472
C03888	S04473
C03889	S04474
C03890	S04476
C03891	S04477
C03892	S04478
C03892	S04558
C03893	S04479
C03894	S04480
C03895	S04481
C03896	S04482
C03896	S07369
C03896	S08587
C03897	S04483
C03898	S04485
C03899	S04486
C03900	S04488
C03901	S04489
C03902	S04491
C03903	S04494
C03904	S04495
C03905	S04496
C03906	S04497
C03907	S04499
C03908	S04500
C03909	S04501
C03910	S04503
C03911	S04505
C03912	S04506
C03913	S04508
C03914	S04509
C03915	S04510
C03915	S08615
C03916	S04511
C03917	S04513
C03918	S04517
C03919	S04518
C03919	S05591
C03920	S04519
C03921	S04520
C03922	S04521
C03923	S04522
C03924	S04523
C03925	S04524
C03925	S08268
C03926	S04526
C03927	S04527
C03928	S04528
C03929	S04529
C03930	S04530
C03931	S04531
C03932	S04533
C03933	S04534
C03934	S04535
C03935	S04537
C03936	S04538
C03936	S09369
C03937	S04539
C03938	S04540
C03938	S07877
C03938	S09665
C03939	S04541
C03940	S04543
C03941	S04544
C03942	S04545
C03943	S04546
C03943	S09024
C03943	S09621
C03944	S04547
C03945	S04548
C03946	S04549
C03947	S04550
C03948	S04551
C03949	S04555
C03950	S04557
C03951	S04559
C03952	S04560
C03953	S04561
C03954	S04562
C03955	S04563
C03956	S04564
C03956	S08150
C03957	S04565
C03958	S04566
C03959	S04567
C03960	S04569
C03961	S04572
C03962	S04573
C03963	S04574
C03963	S04827
C03964	S04575
C03965	S04576
C03966	S04577
C03967	S04579
C03967	S06040
C03968	S04580
C03968	S08830
C03969	S04581
C03970	S04582
C03971	S04583
C03972	S04584
C03973	S04585
C03974	S04586
C03975	S04587
C03976	S04589
C03977	S04590
C03978	S04591
C03979	S04592
C03979	S08555
C03980	S04593
C03981	S04596
C03982	S04597
C03983	S04598
C03983	S07756
C03984	S04599
C03985	S04600
C03986	S04601
C03987	S04602
C03987	S07192
C03988	S04603
C03989	S04604
C03989	S09496
C03990	S04605
C03991	S04606
C03992	S04607
C03993	S04608
C03994	S04609
C03995	S04611
C03996	S04612
C03997	S04615
C03998	S04616
C03999	S04617
C04000	S04618
C04001	S04619
C04002	S04620
C04003	S04621
C04003	S05195
C04003	S05664
C04004	S04622
C04005	S04623
C04006	S04624
C04007	S04625
C04008	S04626
C04008	S05805
C04008	S07490
C04009	S04628
C04009	S05806
C04010	S04630
C04010	S06129
C04011	S04632
C04012	S04633
C04012	S04801
C04013	S04634
C04014	S04635
C04014	S09129
C04015	S04638
C04016	S04639
C04017	S04640
C04018	S04641
C04019	S04642
C04020	S04644
C04021	S04645
C04021	S05439
C04021	S05930
C04021	S07469
C04022	S04646
C04023	S04647
C04024	S04648
C04025	S04650
C04026	S04651
C04027	S04652
C04028	S04653
C04029	S04657
C04030	S04658
C04031	S04659
C04032	S04661
C04033	S04662
C04034	S04663
C04034	S08884
C04035	S04665
C04036	S04666
C04037	S04667
C04037	S05554
C04038	S04668
C04039	S04669
C04039	S08127
C04040	S04670
C04041	S04671
C04042	S04672
C04043	S04673
C04044	S04674
C04045	S04675
C04045	S05839
C04045	S08119
C04046	S04676
C04047	S04677
C04048	S04679
C04049	S04680
C04050	S04681
C04051	S04682
C04052	S04683
C04053	S04684
C04054	S04685
C04055	S04686
C04055	S05352
C04056	S04687
C04057	S04688
C04058	S04689
C04059	S04690
C04060	S04691
C04061	S04692
C04062	S04693
C04062	S07236
C04063	S04694
C04064	S04695
C04065	S04696
C04065	S09138
C04066	S04697
C04066	S06037
C04066	S08067
C04067	S04698
C04068	S04701
C04069	S04702
C04070	S04703
C04070	S05287
C04070	S07467
C04071	S04704
C04072	S04706
C04073	S04708
C04074	S04709
C04075	S04710
C04076	S04711
C04077	S04712
C04078	S04713
C04079	S04714
C04080	S04715
C04080	S04864
C04081	S04716
C04082	S04720
C04083	S04721
C04084	S04722
C04084	S07113
C04085	S04723
C04086	S04725
C04087	S04726
C04088	S04727
C04089	S04728
C04090	S04730
C04091	S04731
C04092	S04732
C04093	S04734
C04094	S04735
C04095	S04737
C04096	S04738
C04097	S04739
C04098	S04740
C04099	S04741
C04099	S07693
C04099	S09371
C04100	S04742
C04101	S04743
C04102	S04744
C04103	S04745
C04104	S04746
C04105	S04747
C04106	S04748
C04107	S04749
C04108	S04750
C04109	S04751
C04110	S04752
C04111	S04753
C04112	S04754
C04112	S09338
C04113	S04755
C04114	S04756
C04115	S04757
C04115	S08956
C04116	S04758
C04117	S04759
C04117	S06974
C04117	S09535
C04118	S04760
C04118	S07120
C04118	S08748
C04118	S09512
C04119	S04761
C04120	S04764
C04121	S04765
C04122	S04766
C04123	S04767
C04124	S04768
C04125	S04769
C04126	S04770
C04127	S04771
C04128	S04772
C04129	S04773
C04130	S04774
C04131	S04776
C04132	S04777
C04133	S04778
C04134	S04780
C04135	S04781
C04136	S04782
C04137	S04783
C04137	S06689
C04138	S04784
C04139	S04786
C04140	S04787
C04141	S04788
C04142	S04789
C04143	S04790
C04144	S04792
C04145	S04794
C04145	S08081
C04146	S04796
C04147	S04797
C04148	S04798
C04148	S05211
C04148	S09452
C04149	S04799
C04150	S04800
C04151	S04802
C04152	S04803
C04153	S04804
C04154	S04805
C04155	S04806
C04156	S04807
C04157	S04808
C04158	S04809
C04159	S04810
C04160	S04812
C04161	S04814
C04162	S04815
C04163	S04818
C04164	S04819
C04165	S04820
C04166	S04821
C04167	S04823
C04168	S04824
C04169	S04825
C04170	S04826
C04170	S08864
C04171	S04828
C04172	S04830
C04172	S08229
C04173	S04832
C04174	S04833
C04175	S04834
C04176	S04835
C04177	S04836
C04177	S06081
C04178	S04837
C04179	S04838
C04180	S04839
C04181	S04843
C04182	S04844
C04183	S04847
C04184	S04848
C04185	S04849
C04186	S04850
C04187	S04852
C04188	S04853
C04189	S04854
C04190	S04855
C04190	S05043
C04191	S04857
C04192	S04859
C04193	S04860
C04194	S04861
C04195	S04863
C04196	S04865
C04196	S07678
C04197	S04867
C04198	S04868
C04199	S04869
C04200	S04870
C04201	S04872
C04202	S04873
C04203	S04874
C04204	S04875
C04205	S04876
C04206	S04877
C04207	S04880
C04208	S04882
C04209	S04883
C04209	S05694
C04209	S09438
C04210	S04884
C04211	S04885
C04211	S06767
C04211	S09294
C04212	S04886
C04213	S04887
C04214	S04888
C04215	S04889
C04216	S04891
C04217	S04895
C04218	S04896
C04219	S04897
C04220	S04898
C04221	S04899
C04221	S08844
C04222	S04901
C04223	S04902
C04224	S04903
C04224	S08313
C04224	S08568
C04225	S04904
C04226	S04905
C04227	S04906
C04228	S04907
C04229	S04908
C04230	S04909
C04231	S04911
C04232	S04912
C04233	S04914
C04234	S04915
C04235	S04916
C04235	S08632
C04236	S04917
C04237	S04918
C04238	S04919
C04239	S04920
C04240	S04921
C04241	S04922
C04242	S04923
C04243	S04925
C04244	S04926
C04245	S04927
C04246	S04928
C04247	S04930
C04248	S04931
C04249	S04932
C04250	S04936
C04251	S04937
C04252	S04938
C04252	S08722
C04252	S09080
C04253	S04939
C04254	S04940
C04255	S04942
C04256	S04944
C04257	S04945
C04257	S07850
C04258	S04947
C04259	S04949
C04260	S04950
C04260	S05457
C04261	S04952
C04262	S04955
C04263	S04956
C04263	S08126
C04264	S04958
C04265	S04960
C04266	S04961
C04267	S04962
C04268	S04963
C04269	S04964
C04270	S04965
C04271	S04966
C04272	S04967
C04273	S04968
C04274	S04969
C04275	S04970
C04276	S04971
C04277	S04972
C04277	S08741
C04278	S04975
C04279	S04976
C04280	S04977
C04281	S04978
C04282	S04979
C04283	S04980
C04284	S04981
C04285	S04982
C04285	S07337
C04285	S08201
C04286	S04983
C04287	S04984
C04288	S04987
C04289	S04988
C04289	S06514
C04289	S08780
C04290	S04989
C04291	S04992
C04292	S04993
C04293	S04995
C04294	S04996
C04295	S04997
C04296	S04998
C04297	S05000
C04298	S05001
C04299	S05002
C04300	S05003
C04301	S05005
C04302	S05006
C04303	S05007
C04304	S05008
C04305	S05009
C04306	S05010
C04307	S05011
C04308	S05012
C04308	S05741
C04308	S08039
C04308	S08373
C04309	S05013
C04310	S05015
C04311	S05017
C04312	S05018
C04313	S05019
C04314	S05020
C04315	S05021
C04316	S05022
C04317	S05024
C04318	S05026
C04319	S05027
C04320	S05028
C04321	S05030
C04322	S05031
C04323	S05032
C04324	S05033
C04325	S05034
C04326	S05035
C04327	S05036
C04328	S05037
C04329	S05039
C04330	S05040
C04331	S05042
C04332	S05044
C04333	S05045
C04334	S05046
C04335	S05049
C04335	S07893
C04336	S05050
C04336	S08702
C04337	S05051
C04337	S06899
C04338	S05052
C04339	S05053
C04340	S05055
C04341	S05057
C04342	S05058
C04343	S05059
C04344	S05060
C04345	S05061
C04346	S05063
C04347	S05064
C04348	S05065
C04349	S05066
C04350	S05067
C04351	S05068
C04352	S05069
C04353	S05070
C04353	S05627
C04354	S05071
C04355	S05072
C04356	S05073
C04357	S05074
C04358	S05076
C04359	S05080
C04360	S05082
C04361	S05083
C04362	S05084
C04363	S05085
C04363	S07583
C04364	S05086
C04365	S05087
C04366	S05088
C04367	S05089
C04368	S05090
C04369	S05091
C04370	S05092
C04371	S05094
C04372	S05095
C04373	S05096
C04374	S05098
C04375	S05099
C04376	S05100
C04377	S05101
C04378	S05102
C04378	S08542
C04379	S05103
C04380	S05104
C04380	S05315
C04381	S05106
C04382	S05107
C04382	S07897
C04383	S05108
C04384	S05109
C04385	S05110
C04386	S05111
C04387	S05112
C04388	S05113
C04389	S05114
C04390	S05115
C04391	S05117
C04392	S05120
C04392	S06077
C04393	S05121
C04394	S05122
C04395	S05123
C04396	S05124
C04397	S05126
C04398	S05127
C04398	S09522
C04399	S05128
C04400	S05129
C04401	S05131
C04402	S05132
C04403	S05133
C04404	S05134
C04405	S05135
C04405	S08235
C04406	S05136
C04407	S05137
C04408	S05138
C04409	S05139
C04410	S05141
C04411	S05142
C04412	S05143
C04413	S05146
C04414	S05148
C04415	S05149
C04416	S05150
C04416	S06294
C04417	S05151
C04418	S05152
C04419	S05153
C04419	S06927
C04420	S05154
C04421	S05155
C04422	S05156
C04423	S05157
C04424	S05158
C04425	S05159
C04426	S05160
C04427	S05161
C04428	S05162
C04429	S05164
C04430	S05165
C04431	S05166
C04431	S07360
C04432	S05167
C04432	S08881
C04432	S08908
C04433	S05168
C04434	S05169
C04435	S05170
C04436	S05171
C04437	S05172
C04437	S08991
C04438	S05173
C04439	S05174
C04440	S05176
C04441	S05177
C04442	S05178
C04443	S05179
C04444	S05180
C04445	S05181
C04446	S05182
C04447	S05184
C04448	S05185
C04449	S05186
C04450	S05187
C04451	S05188
C04452	S05189
C04453	S05190
C04454	S05191
C04454	S08724
C04455	S05192
C04456	S05193
C04457	S05194
C04458	S05196
C04459	S05197
C04460	S05198
C04461	S05200
C04462	S05201
C04463	S05202
C04463	S06397
C04464	S05203
C04465	S05204
C04466	S05205
C04467	S05206
C04468	S05207
C04469	S05208
C04470	S05209
C04471	S05210
C04472	S05212
C04473	S05213
C04474	S05214
C04475	S05215
C04476	S05216
C04477	S05219
C04478	S05220
C04478	S06367
C04479	S05222
C04480	S05223
C04481	S05224
C04482	S05225
C04483	S05226
C04484	S05227
C04485	S05228
C04486	S05230
C04487	S05231
C04488	S05232
C04489	S05233
C04490	S05234
C04491	S05235
C04492	S05236
C04493	S05237
C04494	S05238
C04495	S05240
C04496	S05241
C04497	S05243
C04498	S05244
C04499	S05245
C04500	S05246
C04501	S05248
C04502	S05252
C04503	S05253
C04504	S05254
C04505	S05255
C04506	S05256
C04507	S05257
C04508	S05258
C04509	S05259
C04510	S05260
C04511	S05261
C04512	S05262
C04513	S05263
C04514	S05264
C04515	S05265
C04516	S05266
C04517	S05267
C04518	S05268
C04519	S05269
C04520	S05270
C04521	S05271
C04522	S05272
C04523	S05274
C04524	S05275
C04525	S05276
C04526	S05277
C04527	S05280
C04527	S06829
C04528	S05281
C04529	S05284
C04530	S05285
C04531	S05288
C04532	S05289
C04533	S05290
C04534	S05292
C04535	S05293
C04536	S05295
C04536	S06000
C04537	S05296
C04538	S05297
C04539	S05300
C04540	S05301
C04541	S05304
C04542	S05305
C04543	S05306
C04544	S05307
C04545	S05308
C04546	S05309
C04547	S05310
C04548	S05311
C04549	S05312
C04550	S05314
C04551	S05317
C04551	S07535
C04551	S09127
C04552	S05318
C04553	S05320
C04553	S07164
C04554	S05321
C04555	S05322
C04556	S05323
C04557	S05325
C04558	S05326
C04559	S05327
C04560	S05329
C04561	S05330
C04562	S05331
C04563	S05332
C04564	S05333
C04565	S05334
C04566	S05335
C04567	S05336
C04567	S07445
C04568	S05338
C04569	S05339
C04570	S05340
C04571	S05342
C04572	S05343
C04573	S05344
C04574	S05345
C04575	S05346
C04576	S05347
C04577	S05348
C04578	S05349
C04579	S05350
C04580	S05351
C04581	S05353
C04582	S05354
C04583	S05355
C04584	S05356
C04585	S05357
C04586	S05358
C04587	S05360
C04588	S05361
C04589	S05362
C04590	S05363
C04591	S05364
C04591	S07011
C04592	S05365
C04593	S05367
C04594	S05369
C04595	S05370
C04596	S05371
C04597	S05373
C04598	S05375
C04599	S05377
C04600	S05379
C04601	S05380
C04602	S05381
C04603	S05382
C04604	S05383
C04605	S05384
C04605	S05900
C04606	S05385
C04607	S05386
C04608	S05387
C04609	S05388
C04610	S05389
C04611	S05390
C04612	S05391
C04613	S05392
C04614	S05393
C04615	S05394
C04616	S05395
C04617	S05396
C04618	S05397
C04619	S05398
C04620	S05399
C04621	S05402
C04622	S05403
C04623	S05404
C04624	S05405
C04625	S05406
C04626	S05407
C04627	S05410
C04628	S05414
C04629	S05415
C04630	S05416
C04631	S05418
C04632	S05420
C04633	S05421
C04634	S05422
C04634	S08978
C04635	S05423
C04636	S05424
C04637	S05425
C04638	S05426
C04639	S05428
C04640	S05430
C04641	S05431
C04642	S05433
C04643	S05434
C04644	S05435
C04645	S05436
C04646	S05437
C04647	S05438
C04648	S05440
C04648	S07945
C04649	S05441
C04650	S05442
C04650	S06833
C04651	S05443
C04652	S05445
C04653	S05446
C04654	S05447
C04655	S05450
C04656	S05451
C04657	S05452
C04658	S05453
C04659	S05454
C04660	S05456
C04661	S05458
C04662	S05459
C04663	S05461
C04664	S05462
C04665	S05463
C04666	S05464
C04667	S05465
C04668	S05466
C04669	S05469
C04670	S05472
C04671	S05473
C04672	S05474
C04672	S05674
C04672	S07494
C04673	S05475
C04674	S05477
C04675	S05478
C04676	S05479
C04677	S05480
C04678	S05482
C04679	S05484
C04680	S05486
C04681	S05487
C04682	S05488
C04683	S05489
C04684	S05490
C04685	S05491
C04686	S05492
C04687	S05493
C04688	S05494
C04689	S05495
C04690	S05497
C04691	S05498
C04691	S06924
C04692	S05499
C04692	S06613
C04693	S05501
C04693	S07933
C04694	S05502
C04695	S05503
C04696	S05504
C04697	S05505
C04698	S05508
C04699	S05509
C04700	S05511
C04701	S05512
C04702	S05513
C04703	S05515
C04704	S05516
C04705	S05517
C04706	S05518
C04707	S05519
C04708	S05520
C04709	S05521
C04710	S05522
C04711	S05523
C04712	S05525
C04713	S05526
C04714	S05527
C04715	S05528
C04716	S05529
C04717	S05530
C04718	S05531
C04718	S09146
C04719	S05532
C04720	S05533
C04721	S05534
C04722	S05535
C04723	S05536
C04724	S05537
C04725	S05538
C04726	S05539
C04727	S05540
C04728	S05541
C04729	S05542
C04730	S05543
C04731	S05544
C04732	S05545
C04733	S05546
C04734	S05547
C04735	S05548
C04736	S05549
C04737	S05550
C04738	S05552
C04738	S07285
C04739	S05553
C04740	S05556
C04741	S05557
C04742	S05558
C04743	S05559
C04744	S05560
C04745	S05561
C04746	S05562
C04747	S05563
C04747	S05639
C04747	S06958
C04747	S09263
C04748	S05565
C04749	S05566
C04750	S05567
C04751	S05569
C04751	S08411
C04752	S05570
C04753	S05571
C04754	S05572
C04755	S05574
C04756	S05575
C04757	S05576
C04758	S05577
C04759	S05578
C04760	S05579
C04760	S06239
C04761	S05580
C04762	S05581
C04763	S05583
C04763	S05844
C04763	S07484
C04764	S05585
C04765	S05586
C04766	S05587
C04767	S05588
C04768	S05589
C04769	S05590
C04769	S05881
C04769	S06410
C04770	S05592
C04771	S05593
C04772	S05594
C04772	S09441
C04773	S05595
C04774	S05596
C04774	S08779
C04774	S09463
C04775	S05597
C04776	S05598
C04777	S05599
C04778	S05600
C04779	S05602
C04780	S05603
C04781	S05604
C04782	S05605
C04782	S06147
C04782	S06949
C04783	S05606
C04784	S05607
C04785	S05608
C04786	S05609
C04787	S05610
C04788	S05611
C04789	S05613
C04790	S05614
C04791	S05615
C04792	S05616
C04793	S05618
C04794	S05619
C04795	S05620
C04796	S05621
C04797	S05622
C04798	S05623
C04799	S05624
C04800	S05625
C04801	S05626
C04802	S05628
C04802	S05718
C04803	S05629
C04804	S05630
C04805	S05631
C04806	S05632
C04806	S08208
C04806	S09466
C04807	S05633
C04808	S05634
C04809	S05636
C04810	S05637
C04811	S05638
C04812	S05640
C04813	S05641
C04814	S05642
C04815	S05643
C04816	S05644
C04817	S05646
C04817	S08596
C04818	S05648
C04819	S05649
C04820	S05650
C04821	S05652
C04822	S05653
C04823	S05654
C04824	S05655
C04825	S05656
C04826	S05657
C04827	S05658
C04828	S05659
C04829	S05660
C04830	S05661
C04831	S05662
C04831	S07067
C04832	S05663
C04833	S05665
C04834	S05667
C04835	S05668
C04836	S05670
C04837	S05672
C04838	S05673
C04839	S05675
C04840	S05677
C04841	S05678
C04842	S05680
C04843	S05681
C04843	S08859
C04844	S05682
C04845	S05683
C04846	S05684
C04847	S05685
C04847	S08443
C04848	S05686
C04849	S05689
C04849	S07297
C04850	S05691
C04851	S05692
C04852	S05693
C04853	S05696
C04854	S05698
C04855	S05701
C04856	S05702
C04857	S05703
C04858	S05704
C04859	S05705
C04860	S05706
C04861	S05707
C04862	S05708
C04863	S05709
C04864	S05710
C04865	S05711
C04865	S08686
C04866	S05712
C04867	S05713
C04868	S05715
C04869	S05716
C04870	S05717
C04871	S05719
C04871	S06857
C04872	S05720
C04873	S05721
C04874	S05722
C04875	S05723
C04876	S05725
C04877	S05727
C04878	S05728
C04879	S05729
C04880	S05733
C04881	S05734
C04882	S05736
C04883	S05737
C04884	S05738
C04885	S05739
C04886	S05742
C04887	S05743
C04888	S05744
C04889	S05745
C04890	S05746
C04891	S05747
C04892	S05749
C04893	S05750
C04894	S05753
C04895	S05754
C04896	S05755
C04897	S05756
C04898	S05757
C04898	S08248
C04899	S05758
C04899	S06353
C04900	S05759
C04901	S05760
C04902	S05762
C04903	S05763
C04904	S05764
C04905	S05765
C04906	S05766
C04907	S05767
C04908	S05768
C04909	S05769
C04910	S05770
C04911	S05771
C04911	S08402
C04912	S05772
C04913	S05773
C04914	S05774
C04914	S08246
C04915	S05775
C04915	S05955
C04916	S05776
C04917	S05777
C04918	S05778
C04919	S05779
C04920	S05780
C04921	S05781
C04922	S05782
C04922	S07356
C04923	S05783
C04924	S05784
C04925	S05786
C04925	S06591
C04926	S05787
C04927	S05788
C04928	S05790
C04929	S05791
C04930	S05792
C04931	S05793
C04932	S05794
C04933	S05795
C04933	S06788
C04934	S05796
C04935	S05797
C04936	S05798
C04937	S05799
C04938	S05800
C04939	S05802
C04939	S09301
C04940	S05803
C04941	S05804
C04941	S06939
C04942	S05809
C04942	S07800
C04943	S05810
C04944	S05811
C04945	S05812
C04946	S05813
C04947	S05814
C04947	S09471
C04948	S05816
C04949	S05818
C04950	S05819
C04951	S05820
C04952	S05821
C04953	S05822
C04954	S05823
C04954	S07547
C04955	S05824
C04956	S05825
C04957	S05826
C04958	S05827
C04959	S05828
C04960	S05829
C04961	S05830
C04962	S05831
C04963	S05832
C04964	S05833
C04965	S05834
C04966	S05836
C04967	S05838
C04968	S05840
C04969	S05841
C04970	S05843
C04971	S05848
C04972	S05849
C04973	S05850
C04974	S05851
C04975	S05853
C04976	S05854
C04977	S05858
C04978	S05861
C04979	S05863
C04979	S06179
C04979	S06440
C04980	S05864
C04981	S05865
C04981	S08481
C04982	S05866
C04983	S05867
C04984	S05868
C04985	S05869
C04986	S05870
C04987	S05871
C04988	S05872
C04989	S05873
C04990	S05874
C04990	S06350
C04991	S05875
C04992	S05877
C04993	S05878
C04994	S05879
C04995	S05880
C04996	S05882
C04997	S05883
C04998	S05884
C04999	S05885
C05000	S05886
C05001	S05887
C05002	S05888
C05003	S05890
C05004	S05891
C05005	S05892
C05006	S05893
C05007	S05894
C05008	S05895
C05009	S05896
C05009	S08001
C05010	S05897
C05011	S05898
C05012	S05899
C05013	S05902
C05014	S05903
C05015	S05904
C05016	S05906
C05017	S05907
C05018	S05908
C05019	S05909
C05020	S05911
C05021	S05912
C05021	S06014
C05021	S07902
C05022	S05913
C05023	S05914
C05024	S05916
C05025	S05917
C05026	S05918
C05027	S05920
C05028	S05921
C05029	S05923
C05030	S05924
C05031	S05925
C05032	S05926
C05033	S05927
C05034	S05928
C05035	S05929
C05036	S05931
C05037	S05932
C05038	S05933
C05039	S05934
C05040	S05935
C05041	S05937
C05042	S05938
C05043	S05939
C05044	S05940
C05045	S05942
C05045	S09159
C05046	S05943
C05047	S05945
C05048	S05946
C05049	S05947
C05050	S05948
C05051	S05949
C05052	S05950
C05053	S05951
C05054	S05952
C05054	S09556
C05055	S05953
C05056	S05954
C05057	S05956
C05058	S05957
C05059	S05958
C05060	S05960
C05061	S05961
C05062	S05962
C05063	S05963
C05063	S08058
C05064	S05964
C05065	S05965
C05066	S05966
C05067	S05968
C05068	S05969
C05069	S05970
C05070	S05973
C05071	S05974
C05072	S05975
C05073	S05976
C05074	S05977
C05075	S05979
C05075	S08544
C05076	S05980
C05077	S05981
C05078	S05983
C05079	S05984
C05080	S05985
C05081	S05986
C05082	S05987
C05082	S06302
C05083	S05990
C05084	S05991
C05085	S05993
C05086	S05994
C05087	S05995
C05088	S05996
C05089	S05997
C05090	S05998
C05091	S06001
C05092	S06002
C05093	S06004
C05094	S06006
C05095	S06009
C05096	S06010
C05097	S06012
C05098	S06013
C05099	S06015
C05100	S06016
C05101	S06018
C05102	S06019
C05103	S06020
C05104	S06021
C05105	S06022
C05106	S06024
C05107	S06026
C05108	S06027
C05109	S06032
C05110	S06033
C05110	S06742
C05111	S06034
C05112	S06035
C05113	S06036
C05114	S06039
C05115	S06041
C05116	S06042
C05117	S06043
C05118	S06044
C05119	S06045
C05120	S06046
C05121	S06047
C05122	S06048
C05123	S06049
C05124	S06050
C05125	S06051
C05126	S06052
C05127	S06053
C05128	S06054
C05129	S06055
C05130	S06056
C05131	S06057
C05131	S06299
C05132	S06058
C05133	S06059
C05134	S06060
C05135	S06061
C05136	S06063
C05136	S06983
C05136	S07104
C05137	S06064
C05138	S06065
C05139	S06067
C05140	S06068
C05140	S07553
C05141	S06069
C05142	S06070
C05143	S06072
C05144	S06073
C05144	S06986
C05145	S06074
C05146	S06075
C05147	S06076
C05148	S06078
C05148	S06600
C05149	S06079
C05150	S06080
C05151	S06082
C05152	S06083
C05153	S06085
C05154	S06088
C05155	S06089
C05156	S06090
C05157	S06091
C05158	S06092
C05159	S06093
C05160	S06094
C05161	S06096
C05162	S06097
C05163	S06098
C05164	S06099
C05165	S06100
C05166	S06102
C05167	S06103
C05168	S06104
C05169	S06105
C05170	S06106
C05171	S06107
C05172	S06108
C05173	S06109
C05174	S06110
C05175	S06115
C05176	S06116
C05177	S06117
C05178	S06118
C05179	S06119
C05180	S06121
C05181	S06122
C05182	S06123
C05183	S06124
C05184	S06125
C05185	S06126
C05185	S09135
C05186	S06127
C05186	S07968
C05186	S08459
C05187	S06128
C05187	S08537
C05187	S08658
C05187	S08783
C05188	S06130
C05189	S06131
C05190	S06132
C05191	S06133
C05192	S06135
C05193	S06137
C05194	S06138
C05195	S06139
C05196	S06140
C05196	S09721
C05197	S06141
C05198	S06142
C05199	S06143
C05200	S06144
C05200	S08696
C05201	S06145
C05202	S06146
C05203	S06148
C05204	S06149
C05205	S06150
C05206	S06152
C05207	S06156
C05208	S06157
C05209	S06159
C05209	S07543
C05210	S06160
C05211	S06162
C05212	S06163
C05213	S06164
C05213	S07149
C05214	S06165
C05215	S06166
C05216	S06168
C05217	S06169
C05218	S06170
C05218	S08333
C05219	S06171
C05220	S06172
C05221	S06173
C05222	S06175
C05223	S06176
C05223	S08013
C05224	S06178
C05225	S06180
C05226	S06181
C05227	S06184
C05228	S06185
C05229	S06186
C05230	S06187
C05231	S06189
C05231	S06606
C05232	S06191
C05233	S06192
C05234	S06193
C05235	S06194
C05236	S06195
C05237	S06196
C05238	S06197
C05239	S06198
C05240	S06199
C05240	S07453
C05241	S06201
C05242	S06202
C05242	S06498
C05243	S06204
C05244	S06205
C05245	S06206
C05246	S06207
C05247	S06208
C05248	S06210
C05249	S06211
C05250	S06212
C05251	S06214
C05252	S06215
C05253	S06217
C05253	S06807
C05253	S08162
C05253	S08283
C05254	S06219
C05255	S06220
C05256	S06221
C05256	S09265
C05257	S06222
C05258	S06223
C05259	S06224
C05260	S06225
C05261	S06226
C05262	S06227
C05263	S06229
C05264	S06231
C05265	S06234
C05266	S06235
C05267	S06236
C05268	S06237
C05269	S06240
C05270	S06241
C05271	S06242
C05272	S06243
C05273	S06244
C05274	S06246
C05275	S06247
C05276	S06248
C05277	S06249
C05278	S06251
C05279	S06252
C05280	S06253
C05281	S06254
C05282	S06255
C05283	S06257
C05284	S06258
C05285	S06260
C05286	S06261
C05287	S06263
C05288	S06264
C05289	S06265
C05290	S06266
C05291	S06267
C05292	S06269
C05293	S06271
C05294	S06272
C05295	S06273
C05296	S06275
C05297	S06276
C05298	S06277
C05299	S06278
C05300	S06279
C05301	S06280
C05302	S06281
C05303	S06282
C05304	S06283
C05305	S06285
C05306	S06286
C05307	S06287
C05308	S06288
C05309	S06289
C05310	S06290
C05310	S09114
C05311	S06291
C05312	S06293
C05313	S06295
C05314	S06296
C05315	S06297
C05316	S06298
C05317	S06300
C05318	S06301
C05319	S06303
C05320	S06304
C05321	S06305
C05322	S06306
C05323	S06307
C05324	S06308
C05325	S06309
C05326	S06311
C05327	S06312
C05328	S06313
C05329	S06314
C05330	S06315
C05331	S06316
C05332	S06317
C05333	S06318
C05334	S06319
C05335	S06320
C05335	S07279
C05336	S06321
C05337	S06322
C05338	S06326
C05339	S06327
C05340	S06330
C05341	S06331
C05342	S06332
C05343	S06333
C05344	S06334
C05345	S06336
C05346	S06337
C05347	S06340
C05348	S06341
C05349	S06342
C05350	S06343
C05351	S06344
C05351	S07340
C05352	S06345
C05353	S06346
C05354	S06347
C05355	S06348
C05355	S09509
C05356	S06349
C05357	S06352
C05358	S06354
C05359	S06355
C05360	S06356
C05361	S06358
C05362	S06359
C05363	S06361
C05364	S06362
C05365	S06363
C05366	S06365
C05367	S06366
C05368	S06368
C05369	S06369
C05370	S06370
C05371	S06371
C05372	S06372
C05373	S06373
C05374	S06374
C05375	S06376
C05376	S06377
C05377	S06378
C05378	S06379
C05379	S06380
C05380	S06381
C05381	S06382
C05382	S06383
C05383	S06385
C05384	S06387
C05385	S06388
C05386	S06391
C05387	S06392
C05388	S06393
C05389	S06394
C05390	S06395
C05391	S06398
C05392	S06399
C05393	S06400
C05394	S06402
C05395	S06406
C05396	S06407
C05397	S06408
C05398	S06409
C05399	S06411
C05400	S06413
C05401	S06414
C05402	S06415
C05403	S06416
C05404	S06417
C05405	S06418
C05406	S06419
C05407	S06420
C05408	S06421
C05409	S06423
C05410	S06424
C05411	S06425
C05412	S06426
C05412	S08016
C05413	S06427
C05414	S06429
C05415	S06430
C05416	S06432
C05417	S06433
C05418	S06434
C05419	S06435
C05420	S06436
C05421	S06437
C05422	S06439
C05423	S06441
C05424	S06442
C05425	S06443
C05426	S06444
C05427	S06445
C05428	S06446
C05429	S06447
C05429	S07054
C05430	S06448
C05431	S06449
C05432	S06453
C05433	S06454
C05434	S06457
C05435	S06458
C05436	S06459
C05437	S06463
C05438	S06465
C05439	S06466
C05440	S06469
C05441	S06472
C05442	S06474
C05443	S06475
C05444	S06477
C05445	S06478
C05446	S06479
C05447	S06480
C05448	S06481
C05449	S06482
C05450	S06483
C05451	S06484
C05452	S06485
C05453	S06486
C05454	S06487
C05455	S06488
C05456	S06489
C05457	S06490
C05458	S06491
C05459	S06492
C05460	S06493
C05460	S09333
C05461	S06494
C05462	S06495
C05463	S06496
C05464	S06497
C05465	S06499
C05466	S06500
C05467	S06501
C05468	S06504
C05469	S06505
C05470	S06506
C05471	S06507
C05472	S06508
C05473	S06509
C05474	S06510
C05475	S06511
C05476	S06512
C05477	S06513
C05478	S06515
C05479	S06518
C05480	S06521
C05481	S06522
C05482	S06523
C05483	S06524
C05484	S06525
C05485	S06526
C05486	S06527
C05487	S06528
C05487	S09182
C05488	S06529
C05489	S06530
C05490	S06531
C05491	S06532
C05492	S06534
C05493	S06535
C05494	S06536
C05495	S06537
C05496	S06538
C05497	S06539
C05498	S06540
C05499	S06542
C05500	S06543
C05501	S06544
C05502	S06545
C05503	S06547
C05504	S06548
C05505	S06549
C05506	S06551
C05507	S06553
C05508	S06554
C05509	S06555
C05510	S06556
C05511	S06557
C05512	S06558
C05513	S06559
C05514	S06560
C05515	S06561
C05516	S06563
C05517	S06565
C05518	S06566
C05519	S06567
C05520	S06568
C05521	S06569
C05522	S06570
C05523	S06571
C05524	S06573
C05525	S06574
C05526	S06575
C05527	S06576
C05528	S06577
C05528	S06667
C05529	S06578
C05530	S06579
C05531	S06580
C05532	S06581
C05533	S06582
C05534	S06584
C05535	S06586
C05536	S06588
C05537	S06589
C05538	S06590
C05539	S06592
C05540	S06594
C05541	S06595
C05542	S06596
C05542	S08857
C05543	S06597
C05543	S08243
C05544	S06598
C05545	S06599
C05546	S06603
C05547	S06604
C05548	S06605
C05548	S06627
C05548	S08051
C05548	S08583
C05549	S06607
C05550	S06608
C05551	S06609
C05552	S06610
C05553	S06612
C05554	S06614
C05555	S06615
C05556	S06617
C05557	S06620
C05558	S06621
C05559	S06622
C05560	S06623
C05560	S06798
C05561	S06624
C05562	S06626
C05563	S06630
C05564	S06631
C05565	S06632
C05566	S06633
C05567	S06636
C05568	S06637
C05569	S06638
C05570	S06639
C05571	S06640
C05572	S06641
C05573	S06642
C05574	S06644
C05575	S06645
C05576	S06646
C05577	S06647
C05578	S06648
C05579	S06649
C05579	S08282
C05580	S06650
C05581	S06651
C05582	S06652
C05583	S06654
C05584	S06655
C05585	S06656
C05585	S07917
C05586	S06657
C05587	S06658
C05588	S06659
C05589	S06660
C05590	S06661
C05591	S06662
C05592	S06664
C05593	S06665
C05594	S06669
C05594	S07925
C05595	S06670
C05596	S06672
C05597	S06673
C05598	S06675
C05599	S06677
C05600	S06678
C05601	S06679
C05602	S06680
C05603	S06681
C05604	S06682
C05605	S06683
C05606	S06684
C05607	S06685
C05608	S06686
C05609	S06687
C05610	S06688
C05611	S06690
C05612	S06691
C05613	S06692
C05614	S06693
C05615	S06694
C05616	S06695
C05617	S06696
C05618	S06698
C05619	S06699
C05620	S06700
C05621	S06701
C05621	S08335
C05622	S06702
C05623	S06703
C05624	S06704
C05625	S06706
C05626	S06707
C05627	S06708
C05628	S06709
C05629	S06710
C05630	S06712
C05631	S06714
C05632	S06716
C05633	S06717
C05634	S06720
C05635	S06721
C05636	S06724
C05637	S06725
C05638	S06727
C05639	S06728
C05640	S06729
C05641	S06730
C05642	S06732
C05643	S06733
C05644	S06734
C05645	S06736
C05646	S06737
C05647	S06738
C05648	S06739
C05649	S06740
C05650	S06741
C05651	S06744
C05652	S06750
C05653	S06751
C05653	S08130
C05654	S06752
C05655	S06753
C05655	S07198
C05656	S06755
C05657	S06758
C05658	S06759
C05659	S06761
C05659	S08221
C05659	S08423
C05660	S06762
C05661	S06763
C05662	S06764
C05663	S06766
C05664	S06768
C05665	S06769
C05666	S06771
C05667	S06772
C05668	S06773
C05669	S06774
C05670	S06776
C05671	S06777
C05672	S06778
C05673	S06779
C05673	S06990
C05673	S07036
C05673	S08448
C05674	S06781
C05675	S06783
C05676	S06785
C05677	S06786
C05678	S06787
C05679	S06789
C05680	S06790
C05681	S06791
C05682	S06792
C05683	S06793
C05684	S06794
C05685	S06795
C05686	S06796
C05687	S06797
C05688	S06799
C05689	S06800
C05690	S06801
C05691	S06803
C05692	S06806
C05693	S06808
C05694	S06809
C05695	S06812
C05696	S06815
C05697	S06816
C05698	S06817
C05699	S06818
C05700	S06819
C05701	S06820
C05702	S06821
C05703	S06822
C05704	S06823
C05705	S06824
C05706	S06826
C05707	S06827
C05707	S08561
C05708	S06830
C05709	S06831
C05710	S06834
C05711	S06836
C05712	S06837
C05713	S06838
C05714	S06839
C05715	S06840
C05716	S06841
C05716	S07441
C05717	S06843
C05718	S06844
C05719	S06845
C05720	S06846
C05721	S06848
C05722	S06849
C05723	S06850
C05724	S06851
C05725	S06852
C05726	S06853
C05727	S06854
C05728	S06855
C05729	S06856
C05730	S06858
C05731	S06860
C05732	S06862
C05733	S06863
C05734	S06864
C05735	S06866
C05736	S06867
C05737	S06868
C05737	S09267
C05738	S06869
C05739	S06870
C05740	S06871
C05741	S06872
C05742	S06873
C05743	S06874
C05744	S06875
C05745	S06876
C05746	S06877
C05747	S06878
C05748	S06879
C05749	S06880
C05750	S06881
C05751	S06882
C05752	S06884
C05753	S06885
C05754	S06886
C05755	S06887
C05756	S06889
C05757	S06890
C05757	S09060
C05758	S06892
C05759	S06893
C05759	S07819
C05760	S06894
C05761	S06896
C05762	S06897
C05763	S06898
C05764	S06900
C05765	S06902
C05766	S06904
C05766	S08288
C05767	S06905
C05768	S06906
C05769	S06907
C05770	S06908
C05771	S06909
C05772	S06910
C05773	S06911
C05774	S06912
C05775	S06913
C05776	S06914
C05777	S06915
C05778	S06916
C05779	S06917
C05780	S06918
C05781	S06919
C05782	S06920
C05783	S06921
C05784	S06922
C05784	S08432
C05784	S09021
C05785	S06926
C05786	S06929
C05787	S06930
C05788	S06931
C05789	S06932
C05790	S06933
C05791	S06934
C05792	S06935
C05793	S06936
C05794	S06937
C05795	S06938
C05796	S06941
C05797	S06942
C05798	S06943
C05799	S06944
C05800	S06945
C05801	S06947
C05802	S06948
C05803	S06951
C05803	S08514
C05804	S06952
C05805	S06953
C05806	S06954
C05806	S06991
C05807	S06955
C05808	S06956
C05809	S06957
C05810	S06959
C05811	S06960
C05812	S06961
C05813	S06962
C05814	S06964
C05815	S06968
C05816	S06970
C05816	S09183
C05816	S09569
C05817	S06972
C05818	S06973
C05819	S06976
C05820	S06977
C05821	S06978
C05822	S06979
C05823	S06980
C05824	S06982
C05825	S06984
C05826	S06985
C05827	S06987
C05828	S06988
C05828	S08534
C05829	S06989
C05830	S06992
C05831	S06993
C05832	S06994
C05833	S06995
C05834	S06996
C05835	S06997
C05836	S06998
C05837	S06999
C05838	S07000
C05839	S07001
C05840	S07003
C05841	S07004
C05842	S07005
C05843	S07006
C05844	S07007
C05845	S07008
C05846	S07009
C05847	S07010
C05848	S07012
C05849	S07014
C05849	S09157
C05850	S07015
C05851	S07017
C05852	S07018
C05853	S07020
C05854	S07021
C05855	S07022
C05856	S07023
C05857	S07024
C05858	S07025
C05859	S07026
C05860	S07028
C05861	S07032
C05862	S07033
C05863	S07034
C05864	S07035
C05865	S07037
C05866	S07039
C05867	S07040
C05868	S07041
C05869	S07042
C05870	S07045
C05871	S07046
C05872	S07047
C05873	S07048
C05874	S07050
C05875	S07051
C05876	S07052
C05877	S07055
C05878	S07056
C05879	S07057
C05880	S07058
C05881	S07059
C05882	S07060
C05883	S07061
C05884	S07062
C05885	S07064
C05886	S07065
C05887	S07066
C05888	S07068
C05889	S07069
C05890	S07070
C05891	S07075
C05892	S07076
C05893	S07077
C05894	S07079
C05895	S07080
C05896	S07081
C05897	S07086
C05898	S07087
C05899	S07088
C05900	S07089
C05901	S07090
C05902	S07092
C05903	S07094
C05904	S07095
C05905	S07096
C05906	S07097
C05906	S07355
C05907	S07099
C05908	S07100
C05909	S07103
C05910	S07106
C05911	S07107
C05911	S08360
C05912	S07108
C05913	S07110
C05914	S07112
C05915	S07114
C05916	S07116
C05917	S07117
C05918	S07118
C05919	S07121
C05920	S07122
C05921	S07123
C05922	S07124
C05923	S07125
C05924	S07126
C05925	S07128
C05926	S07129
C05927	S07130
C05928	S07131
C05929	S07133
C05930	S07134
C05931	S07135
C05932	S07136
C05933	S07137
C05934	S07138
C05935	S07139
C05936	S07140
C05937	S07141
C05938	S07143
C05939	S07145
C05940	S07146
C05941	S07147
C05942	S07148
C05943	S07150
C05944	S07151
C05945	S07152
C05945	S08559
C05946	S07153
C05947	S07154
C05948	S07156
C05949	S07158
C05950	S07159
C05951	S07161
C05952	S07165
C05953	S07166
C05954	S07167
C05955	S07168
C05956	S07170
C05957	S07171
C05958	S07172
C05959	S07173
C05960	S07174
C05961	S07175
C05962	S07176
C05963	S07177
C05964	S07178
C05965	S07179
C05966	S07180
C05967	S07181
C05968	S07182
C05969	S07183
C05969	S09677
C05970	S07184
C05971	S07185
C05972	S07188
C05973	S07189
C05974	S07190
C05975	S07191
C05976	S07193
C05977	S07194
C05978	S07195
C05979	S07196
C05979	S08487
C05980	S07197
C05981	S07199
C05981	S09156
C05982	S07200
C05983	S07201
C05984	S07202
C05985	S07203
C05986	S07204
C05987	S07206
C05988	S07207
C05988	S07936
C05989	S07208
C05990	S07209
C05991	S07210
C05992	S07212
C05992	S07395
C05993	S07213
C05994	S07215
C05995	S07216
C05996	S07217
C05997	S07218
C05998	S07219
C05999	S07220
C06000	S07222
C06001	S07225
C06002	S07226
C06003	S07228
C06004	S07230
C06005	S07231
C06006	S07232
C06007	S07234
C06008	S07235
C06008	S09272
C06008	S09654
C06009	S07237
C06010	S07238
C06011	S07240
C06012	S07241
C06013	S07243
C06014	S07244
C06015	S07245
C06016	S07246
C06017	S07247
C06017	S08801
C06018	S07248
C06019	S07249
C06020	S07250
C06021	S07251
C06022	S07252
C06023	S07253
C06024	S07254
C06025	S07255
C06026	S07256
C06027	S07257
C06028	S07258
C06028	S07760
C06029	S07259
C06030	S07260
C06031	S07261
C06032	S07263
C06033	S07264
C06034	S07265
C06035	S07266
C06036	S07268
C06036	S07878
C06037	S07269
C06038	S07271
C06039	S07272
C06040	S07273
C06041	S07274
C06042	S07275
C06043	S07276
C06044	S07278
C06045	S07280
C06046	S07282
C06047	S07283
C06048	S07287
C06049	S07288
C06050	S07289
C06051	S07290
C06052	S07291
C06053	S07292
C06054	S07294
C06055	S07295
C06056	S07296
C06057	S07298
C06058	S07299
C06059	S07300
C06060	S07301
C06061	S07303
C06062	S07304
C06063	S07305
C06064	S07306
C06065	S07307
C06066	S07308
C06067	S07309
C06068	S07311
C06069	S07312
C06070	S07313
C06071	S07314
C06072	S07315
C06072	S08694
C06073	S07316
C06074	S07317
C06075	S07318
C06076	S07321
C06077	S07324
C06078	S07326
C06079	S07327
C06080	S07328
C06081	S07329
C06082	S07332
C06083	S07333
C06084	S07334
C06085	S07335
C06086	S07336
C06087	S07338
C06088	S07339
C06089	S07341
C06090	S07342
C06091	S07343
C06092	S07344
C06093	S07346
C06094	S07347
C06095	S07350
C06096	S07351
C06097	S07352
C06098	S07353
C06099	S07357
C06100	S07361
C06101	S07364
C06102	S07365
C06103	S07366
C06103	S08174
C06103	S08202
C06103	S08721
C06104	S07368
C06105	S07371
C06106	S07372
C06107	S07373
C06108	S07374
C06109	S07375
C06110	S07377
C06111	S07378
C06112	S07379
C06113	S07380
C06114	S07383
C06115	S07384
C06116	S07385
C06117	S07386
C06118	S07387
C06119	S07388
C06120	S07389
C06121	S07390
C06122	S07391
C06123	S07392
C06124	S07396
C06125	S07397
C06126	S07398
C06127	S07399
C06128	S07400
C06129	S07401
C06130	S07402
C06131	S07404
C06132	S07405
C06133	S07406
C06134	S07407
C06135	S07408
C06136	S07409
C06137	S07410
C06138	S07411
C06139	S07412
C06140	S07413
C06141	S07414
C06142	S07415
C06143	S07417
C06144	S07418
C06145	S07419
C06146	S07420
C06147	S07421
C06148	S07422
C06149	S07425
C06150	S07426
C06151	S07427
C06152	S07428
C06153	S07429
C06154	S07430
C06155	S07432
C06155	S08033
C06156	S07433
C06157	S07435
C06158	S07436
C06159	S07437
C06160	S07438
C06161	S07439
C06162	S07440
C06163	S07442
C06164	S07443
C06165	S07448
C06165	S07880
C06166	S07450
C06167	S07451
C06168	S07452
C06169	S07454
C06170	S07455
C06171	S07458
C06172	S07459
C06173	S07461
C06174	S07464
C06175	S07465
C06176	S07466
C06177	S07468
C06178	S07474
C06179	S07475
C06180	S07476
C06181	S07477
C06182	S07478
C06183	S07479
C06184	S07482
C06185	S07483
C06186	S07486
C06187	S07487
C06188	S07488
C06189	S07489
C06190	S07491
C06191	S07492
C06192	S07493
C06193	S07495
C06194	S07497
C06195	S07498
C06196	S07499
C06197	S07500
C06197	S08348
C06198	S07501
C06199	S07503
C06200	S07505
C06201	S07507
C06202	S07508
C06203	S07509
C06204	S07510
C06205	S07512
C06206	S07513
C06207	S07514
C06208	S07515
C06209	S07517
C06210	S07518
C06211	S07521
C06212	S07522
C06213	S07524
C06214	S07526
C06215	S07527
C06216	S07528
C06217	S07529
C06218	S07530
C06218	S09070
C06219	S07531
C06220	S07532
C06221	S07533
C06222	S07534
C06223	S07536
C06224	S07537
C06225	S07539
C06226	S07541
C06227	S07542
C06228	S07544
C06229	S07545
C06230	S07546
C06231	S07548
C06232	S07549
C06233	S07551
C06234	S07552
C06235	S07555
C06236	S07556
C06237	S07557
C06238	S07559
C06239	S07560
C06240	S07561
C06241	S07563
C06242	S07564
C06243	S07565
C06244	S07566
C06245	S07567
C06246	S07568
C06247	S07569
C06248	S07570
C06249	S07571
C06250	S07572
C06251	S07573
C06252	S07574
C06253	S07575
C06254	S07576
C06255	S07577
C06256	S07578
C06257	S07580
C06258	S07582
C06259	S07585
C06260	S07586
C06261	S07587
C06262	S07588
C06263	S07589
C06264	S07590
C06265	S07592
C06266	S07593
C06267	S07594
C06268	S07595
C06269	S07596
C06270	S07598
C06271	S07599
C06272	S07600
C06273	S07602
C06274	S07603
C06275	S07604
C06276	S07608
C06276	S08050
C06277	S07610
C06278	S07611
C06279	S07614
C06280	S07615
C06281	S07616
C06282	S07617
C06283	S07618
C06284	S07619
C06285	S07620
C06286	S07621
C06287	S07622
C06288	S07624
C06289	S07626
C06290	S07627
C06291	S07629
C06292	S07630
C06293	S07633
C06294	S07636
C06295	S07637
C06296	S07638
C06297	S07640
C06298	S07642
C06299	S07644
C06300	S07645
C06301	S07646
C06302	S07647
C06303	S07648
C06304	S07649
C06305	S07650
C06306	S07651
C06307	S07652
C06308	S07653
C06309	S07654
C06310	S07655
C06311	S07656
C06312	S07657
C06313	S07658
C06314	S07661
C06315	S07662
C06316	S07663
C06317	S07664
C06318	S07665
C06319	S07666
C06320	S07667
C06321	S07668
C06322	S07670
C06323	S07671
C06324	S07672
C06325	S07673
C06326	S07674
C06327	S07675
C06328	S07676
C06329	S07677
C06330	S07679
C06331	S07680
C06332	S07683
C06333	S07684
C06334	S07685
C06334	S08861
C06335	S07687
C06336	S07688
C06337	S07689
C06338	S07690
C06339	S07694
C06340	S07696
C06341	S07697
C06342	S07698
C06343	S07699
C06344	S07700
C06345	S07701
C06346	S07702
C06347	S07703
C06348	S07704
C06349	S07705
C06350	S07706
C06351	S07707
C06352	S07709
C06353	S07710
C06354	S07711
C06355	S07712
C06356	S07713
C06357	S07714
C06358	S07716
C06359	S07718
C06359	S07812
C06360	S07719
C06361	S07723
C06362	S07724
C06363	S07726
C06364	S07727
C06365	S07729
C06366	S07730
C06367	S07731
C06368	S07733
C06369	S07734
C06370	S07735
C06371	S07736
C06372	S07737
C06373	S07738
C06374	S07739
C06375	S07741
C06376	S07742
C06377	S07743
C06378	S07744
C06379	S07745
C06380	S07746
C06381	S07747
C06382	S07748
C06383	S07751
C06384	S07752
C06385	S07753
C06386	S07754
C06387	S07755
C06388	S07757
C06389	S07758
C06389	S08911
C06389	S09489
C06390	S07761
C06391	S07762
C06392	S07763
C06393	S07764
C06394	S07767
C06395	S07768
C06396	S07769
C06397	S07770
C06398	S07771
C06399	S07772
C06400	S07773
C06401	S07774
C06402	S07775
C06403	S07776
C06404	S07778
C06405	S07780
C06406	S07781
C06407	S07782
C06408	S07783
C06409	S07785
C06410	S07786
C06411	S07787
C06412	S07788
C06413	S07789
C06414	S07790
C06415	S07791
C06416	S07792
C06417	S07793
C06418	S07794
C06419	S07795
C06420	S07801
C06421	S07802
C06422	S07803
C06423	S07804
C06424	S07805
C06425	S07806
C06426	S07807
C06427	S07808
C06428	S07809
C06429	S07810
C06430	S07813
C06431	S07814
C06432	S07815
C06433	S07816
C06434	S07820
C06435	S07821
C06436	S07822
C06437	S07823
C06438	S07824
C06439	S07825
C06440	S07826
C06441	S07827
C06442	S07828
C06443	S07829
C06444	S07830
C06445	S07831
C06446	S07832
C06447	S07833
C06448	S07834
C06449	S07835
C06450	S07836
C06451	S07837
C06452	S07838
C06453	S07839
C06454	S07841
C06455	S07842
C06456	S07843
C06457	S07844
C06458	S07845
C06459	S07846
C06460	S07847
C06461	S07848
C06462	S07849
C06463	S07851
C06464	S07852
C06465	S07853
C06466	S07854
C06467	S07855
C06468	S07856
C06469	S07857
C06470	S07858
C06471	S07859
C06472	S07860
C06473	S07861
C06474	S07862
C06475	S07863
C06476	S07864
C06477	S07865
C06477	S07883
C06478	S07866
C06479	S07867
C06480	S07868
C06481	S07869
C06482	S07871
C06483	S07872
C06484	S07873
C06485	S07879
C06486	S07882
C06487	S07884
C06488	S07885
C06489	S07887
C06490	S07888
C06491	S07889
C06492	S07890
C06493	S07891
C06494	S07892
C06495	S07894
C06496	S07896
C06497	S07898
C06498	S07899
C06499	S07900
C06500	S07901
C06501	S07903
C06502	S07904
C06503	S07905
C06504	S07906
C06505	S07907
C06506	S07908
C06507	S07911
C06507	S09293
C06508	S07912
C06509	S07913
C06510	S07915
C06511	S07916
C06512	S07918
C06513	S07919
C06514	S07920
C06515	S07923
C06516	S07924
C06517	S07926
C06518	S07927
C06519	S07928
C06520	S07929
C06521	S07930
C06522	S07931
C06523	S07932
C06524	S07934
C06525	S07937
C06526	S07938
C06527	S07940
C06528	S07941
C06529	S07942
C06530	S07943
C06531	S07944
C06532	S07948
C06533	S07949
C06534	S07950
C06535	S07951
C06536	S07953
C06537	S07954
C06538	S07955
C06539	S07956
C06540	S07957
C06541	S07961
C06542	S07962
C06543	S07963
C06544	S07964
C06545	S07965
C06546	S07966
C06546	S08238
C06547	S07967
C06548	S07969
C06549	S07970
C06550	S07971
C06551	S07972
C06552	S07973
C06553	S07974
C06554	S07976
C06555	S07977
C06555	S09519
C06556	S07978
C06557	S07979
C06558	S07980
C06559	S07981
C06560	S07982
C06561	S07983
C06562	S07984
C06563	S07986
C06564	S07987
C06565	S07988
C06566	S07989
C06567	S07990
C06568	S07993
C06569	S07994
C06570	S07995
C06571	S07996
C06572	S07997
C06573	S07998
C06574	S07999
C06575	S08000
C06576	S08004
C06577	S08005
C06578	S08006
C06579	S08007
C06580	S08008
C06581	S08009
C06582	S08011
C06583	S08012
C06584	S08015
C06585	S08017
C06586	S08018
C06587	S08019
C06588	S08020
C06589	S08021
C06590	S08023
C06591	S08024
C06592	S08025
C06593	S08027
C06593	S08951
C06594	S08028
C06595	S08030
C06596	S08032
C06597	S08034
C06598	S08035
C06599	S08036
C06600	S08037
C06601	S08038
C06602	S08041
C06603	S08042
C06604	S08043
C06605	S08044
C06605	S08272
C06606	S08045
C06607	S08046
C06608	S08047
C06609	S08048
C06610	S08049
C06611	S08052
C06612	S08053
C06612	S09231
C06613	S08054
C06614	S08056
C06614	S08990
C06615	S08057
C06616	S08059
C06617	S08060
C06618	S08061
C06619	S08062
C06620	S08063
C06621	S08064
C06622	S08065
C06623	S08066
C06624	S08069
C06625	S08070
C06626	S08071
C06626	S09091
C06627	S08073
C06628	S08074
C06629	S08076
C06630	S08078
C06631	S08079
C06632	S08080
C06633	S08082
C06634	S08083
C06635	S08084
C06636	S08085
C06637	S08086
C06638	S08088
C06639	S08089
C06640	S08090
C06640	S08599
C06641	S08091
C06642	S08092
C06643	S08093
C06644	S08095
C06645	S08097
C06646	S08098
C06647	S08100
C06648	S08101
C06649	S08102
C06650	S08104
C06651	S08105
C06652	S08106
C06653	S08107
C06654	S08108
C06655	S08109
C06656	S08110
C06657	S08111
C06658	S08112
C06658	S08274
C06659	S08113
C06660	S08114
C06661	S08115
C06662	S08117
C06663	S08118
C06664	S08120
C06665	S08121
C06666	S08122
C06667	S08123
C06668	S08124
C06669	S08125
C06670	S08128
C06671	S08129
C06672	S08132
C06673	S08133
C06674	S08136
C06675	S08137
C06676	S08138
C06677	S08140
C06678	S08141
C06679	S08142
C06680	S08143
C06681	S08144
C06682	S08145
C06683	S08146
C06684	S08147
C06685	S08149
C06686	S08151
C06687	S08153
C06688	S08154
C06689	S08155
C06690	S08156
C06691	S08157
C06692	S08160
C06693	S08163
C06694	S08165
C06695	S08167
C06696	S08168
C06697	S08169
C06698	S08170
C06699	S08171
C06700	S08172
C06701	S08173
C06702	S08176
C06702	S09298
C06703	S08177
C06704	S08178
C06704	S08403
C06704	S09564
C06705	S08179
C06706	S08180
C06707	S08181
C06708	S08182
C06709	S08183
C06710	S08185
C06711	S08186
C06711	S08516
C06712	S08187
C06713	S08188
C06714	S08189
C06715	S08190
C06716	S08191
C06717	S08192
C06718	S08193
C06719	S08194
C06720	S08195
C06721	S08196
C06722	S08197
C06723	S08198
C06724	S08199
C06725	S08200
C06726	S08203
C06727	S08204
C06728	S08206
C06729	S08207
C06730	S08209
C06731	S08210
C06732	S08211
C06733	S08212
C06734	S08214
C06735	S08215
C06736	S08217
C06737	S08218
C06738	S08219
C06739	S08220
C06740	S08222
C06741	S08223
C06742	S08224
C06743	S08225
C06744	S08226
C06745	S08227
C06746	S08228
C06747	S08230
C06748	S08231
C06749	S08232
C06749	S08257
C06750	S08233
C06751	S08234
C06752	S08237
C06753	S08239
C06754	S08241
C06755	S08242
C06756	S08244
C06757	S08245
C06758	S08247
C06759	S08249
C06760	S08250
C06761	S08252
C06762	S08253
C06763	S08254
C06764	S08255
C06765	S08258
C06766	S08259
C06767	S08261
C06768	S08263
C06769	S08264
C06770	S08266
C06771	S08267
C06772	S08269
C06773	S08270
C06774	S08271
C06775	S08273
C06776	S08275
C06777	S08277
C06778	S08278
C06779	S08279
C06780	S08280
C06781	S08281
C06782	S08285
C06783	S08286
C06784	S08287
C06785	S08289
C06786	S08290
C06787	S08291
C06788	S08292
C06789	S08293
C06790	S08294
C06791	S08296
C06792	S08298
C06793	S08300
C06794	S08301
C06795	S08302
C06796	S08303
C06796	S09122
C06797	S08304
C06798	S08305
C06799	S08306
C06800	S08307
C06801	S08308
C06802	S08309
C06803	S08311
C06804	S08312
C06805	S08314
C06806	S08315
C06807	S08316
C06808	S08317
C06809	S08318
C06810	S08319
C06811	S08320
C06812	S08321
C06813	S08322
C06814	S08323
C06815	S08324
C06816	S08325
C06817	S08328
C06818	S08332
C06819	S08334
C06820	S08336
C06821	S08337
C06822	S08339
C06823	S08340
C06824	S08341
C06824	S09283
C06825	S08342
C06826	S08343
C06827	S08344
C06828	S08346
C06829	S08347
C06830	S08349
C06831	S08351
C06832	S08352
C06833	S08353
C06834	S08354
C06835	S08355
C06836	S08356
C06837	S08357
C06838	S08358
C06839	S08359
C06840	S08361
C06841	S08364
C06842	S08365
C06843	S08366
C06844	S08367
C06845	S08368
C06846	S08369
C06846	S08713
C06847	S08372
C06848	S08374
C06849	S08375
C06850	S08376
C06851	S08378
C06852	S08379
C06853	S08380
C06854	S08382
C06855	S08383
C06856	S08385
C06857	S08387
C06858	S08388
C06859	S08389
C06860	S08390
C06861	S08391
C06862	S08393
C06863	S08394
C06864	S08395
C06865	S08397
C06866	S08398
C06867	S08399
C06868	S08404
C06869	S08407
C06870	S08410
C06871	S08412
C06872	S08414
C06873	S08415
C06874	S08416
C06875	S08417
C06876	S08420
C06877	S08421
C06878	S08422
C06879	S08426
C06880	S08427
C06881	S08428
C06882	S08430
C06883	S08434
C06884	S08435
C06885	S08437
C06886	S08438
C06887	S08440
C06888	S08441
C06889	S08444
C06890	S08445
C06891	S08446
C06892	S08447
C06893	S08449
C06894	S08451
C06895	S08452
C06896	S08453
C06897	S08454
C06898	S08456
C06899	S08458
C06900	S08460
C06901	S08461
C06902	S08462
C06903	S08463
C06904	S08464
C06905	S08465
C06906	S08466
C06907	S08468
C06908	S08470
C06909	S08471
C06910	S08472
C06911	S08473
C06912	S08474
C06913	S08475
C06914	S08476
C06915	S08477
C06916	S08478
C06917	S08480
C06918	S08482
C06919	S08483
C06920	S08484
C06921	S08485
C06922	S08486
C06923	S08488
C06924	S08489
C06925	S08490
C06925	S08717
C06925	S09473
C06926	S08491
C06927	S08493
C06928	S08495
C06929	S08496
C06930	S08497
C06931	S08498
C06932	S08499
C06933	S08500
C06934	S08501
C06935	S08502
C06936	S08503
C06937	S08504
C06938	S08505
C06939	S08508
C06940	S08511
C06941	S08512
C06942	S08513
C06943	S08517
C06944	S08519
C06945	S08520
C06946	S08521
C06947	S08522
C06948	S08523
C06949	S08525
C06950	S08526
C06951	S08527
C06952	S08528
C06953	S08529
C06954	S08530
C06955	S08531
C06956	S08532
C06957	S08533
C06958	S08535
C06959	S08536
C06960	S08538
C06961	S08539
C06962	S08540
C06963	S08543
C06964	S08545
C06965	S08546
C06965	S08974
C06966	S08547
C06967	S08548
C06968	S08550
C06969	S08551
C06970	S08552
C06971	S08553
C06972	S08554
C06973	S08556
C06974	S08557
C06975	S08558
C06976	S08560
C06977	S08562
C06978	S08563
C06979	S08565
C06979	S09067
C06980	S08566
C06981	S08569
C06982	S08572
C06983	S08573
C06984	S08574
C06985	S08575
C06986	S08577
C06987	S08579
C06988	S08580
C06989	S08581
C06990	S08582
C06991	S08584
C06992	S08585
C06993	S08586
C06994	S08588
C06995	S08589
C06996	S08591
C06997	S08592
C06998	S08593
C06999	S08594
C07000	S08595
C07001	S08597
C07002	S08598
C07003	S08601
C07004	S08602
C07005	S08603
C07006	S08604
C07007	S08605
C07008	S08606
C07009	S08607
C07010	S08608
C07011	S08610
C07012	S08611
C07013	S08612
C07014	S08613
C07015	S08614
C07016	S08616
C07016	S08650
C07017	S08619
C07018	S08620
C07018	S09725
C07019	S08622
C07020	S08623
C07021	S08624
C07022	S08625
C07023	S08626
C07024	S08627
C07025	S08628
C07026	S08629
C07027	S08631
C07028	S08633
C07029	S08634
C07030	S08635
C07031	S08637
C07032	S08638
C07033	S08639
C07034	S08642
C07035	S08643
C07036	S08644
C07037	S08645
C07038	S08646
C07039	S08647
C07040	S08648
C07041	S08649
C07042	S08651
C07043	S08652
C07044	S08653
C07045	S08654
C07046	S08655
C07047	S08656
C07048	S08657
C07049	S08659
C07050	S08662
C07051	S08663
C07052	S08664
C07053	S08665
C07054	S08666
C07055	S08667
C07056	S08668
C07057	S08671
C07058	S08673
C07059	S08674
C07060	S08675
C07061	S08676
C07062	S08677
C07063	S08678
C07064	S08679
C07065	S08680
C07066	S08681
C07067	S08682
C07068	S08683
C07068	S08936
C07069	S08684
C07070	S08685
C07071	S08687
C07072	S08688
C07073	S08690
C07074	S08691
C07075	S08692
C07076	S08693
C07077	S08698
C07078	S08699
C07079	S08701
C07080	S08703
C07081	S08707
C07082	S08708
C07083	S08709
C07084	S08710
C07085	S08711
C07086	S08712
C07087	S08714
C07088	S08715
C07089	S08716
C07090	S08718
C07091	S08723
C07092	S08725
C07093	S08726
C07094	S08727
C07095	S08728
C07096	S08729
C07097	S08730
C07098	S08731
C07099	S08732
C07100	S08733
C07101	S08734
C07102	S08735
C07103	S08736
C07104	S08737
C07105	S08738
C07106	S08739
C07107	S08742
C07108	S08743
C07109	S08744
C07110	S08745
C07111	S08746
C07112	S08747
C07113	S08749
C07114	S08750
C07115	S08751
C07116	S08752
C07117	S08753
C07118	S08755
C07119	S08757
C07120	S08758
C07121	S08759
C07122	S08760
C07123	S08761
C07124	S08762
C07125	S08763
C07126	S08764
C07127	S08765
C07128	S08766
C07129	S08767
C07130	S08768
C07131	S08769
C07132	S08773
C07133	S08774
C07134	S08776
C07135	S08777
C07136	S08781
C07137	S08782
C07138	S08785
C07138	S08909
C07139	S08787
C07139	S09393
C07140	S08788
C07141	S08789
C07142	S08790
C07143	S08791
C07144	S08792
C07145	S08793
C07145	S09180
C07146	S08794
C07147	S08795
C07148	S08796
C07149	S08798
C07150	S08799
C07151	S08800
C07152	S08802
C07153	S08803
C07154	S08804
C07155	S08805
C07156	S08806
C07157	S08807
C07158	S08808
C07159	S08809
C07160	S08810
C07161	S08812
C07162	S08814
C07163	S08816
C07164	S08817
C07165	S08818
C07166	S08819
C07167	S08820
C07168	S08821
C07169	S08823
C07170	S08824
C07171	S08825
C07172	S08826
C07173	S08827
C07174	S08828
C07175	S08829
C07176	S08831
C07177	S08832
C07178	S08834
C07179	S08835
C07180	S08837
C07181	S08838
C07182	S08840
C07183	S08841
C07184	S08843
C07185	S08845
C07186	S08846
C07187	S08847
C07188	S08849
C07189	S08850
C07190	S08852
C07191	S08853
C07192	S08854
C07193	S08855
C07194	S08858
C07195	S08860
C07196	S08862
C07197	S08863
C07198	S08865
C07199	S08867
C07200	S08868
C07201	S08869
C07202	S08870
C07203	S08872
C07204	S08873
C07205	S08874
C07206	S08875
C07207	S08876
C07208	S08877
C07209	S08878
C07210	S08882
C07211	S08885
C07212	S08886
C07213	S08888
C07214	S08890
C07215	S08891
C07216	S08893
C07217	S08894
C07218	S08895
C07219	S08896
C07220	S08897
C07221	S08898
C07222	S08899
C07223	S08900
C07224	S08901
C07225	S08902
C07226	S08903
C07227	S08907
C07228	S08910
C07229	S08913
C07230	S08915
C07231	S08918
C07232	S08919
C07233	S08920
C07234	S08923
C07235	S08924
C07236	S08925
C07237	S08926
C07238	S08927
C07239	S08928
C07240	S08929
C07241	S08930
C07242	S08931
C07243	S08932
C07244	S08933
C07245	S08934
C07246	S08935
C07247	S08937
C07248	S08938
C07249	S08940
C07250	S08941
C07251	S08943
C07252	S08944
C07253	S08946
C07254	S08947
C07255	S08948
C07256	S08949
C07257	S08950
C07258	S08953
C07259	S08955
C07260	S08957
C07261	S08958
C07262	S08960
C07263	S08961
C07264	S08962
C07265	S08965
C07266	S08966
C07267	S08967
C07268	S08968
C07269	S08969
C07270	S08971
C07271	S08973
C07271	S09292
C07272	S08975
C07273	S08976
C07274	S08980
C07275	S08981
C07276	S08982
C07277	S08983
C07278	S08984
C07279	S08985
C07280	S08986
C07281	S08987
C07282	S08988
C07283	S08989
C07284	S08992
C07285	S08995
C07286	S08996
C07287	S08999
C07288	S09001
C07289	S09002
C07290	S09004
C07291	S09005
C07292	S09006
C07293	S09007
C07294	S09008
C07295	S09010
C07296	S09011
C07297	S09012
C07298	S09013
C07299	S09015
C07300	S09016
C07301	S09017
C07302	S09018
C07303	S09019
C07304	S09022
C07305	S09023
C07306	S09025
C07307	S09026
C07308	S09027
C07309	S09028
C07310	S09029
C07311	S09031
C07312	S09032
C07313	S09033
C07314	S09034
C07315	S09036
C07316	S09037
C07317	S09038
C07318	S09039
C07319	S09042
C07320	S09043
C07321	S09046
C07322	S09047
C07323	S09048
C07324	S09049
C07325	S09050
C07326	S09051
C07327	S09052
C07328	S09053
C07329	S09055
C07330	S09056
C07331	S09057
C07332	S09058
C07333	S09059
C07334	S09061
C07335	S09062
C07336	S09063
C07337	S09066
C07338	S09068
C07339	S09072
C07340	S09073
C07341	S09074
C07341	S09121
C07342	S09075
C07343	S09076
C07344	S09077
C07345	S09079
C07346	S09082
C07347	S09083
C07348	S09085
C07349	S09087
C07350	S09088
C07351	S09089
C07352	S09090
C07353	S09092
C07354	S09094
C07355	S09095
C07356	S09097
C07357	S09098
C07358	S09099
C07359	S09100
C07360	S09101
C07361	S09102
C07362	S09103
C07362	S09475
C07363	S09104
C07364	S09105
C07365	S09107
C07366	S09108
C07367	S09109
C07368	S09110
C07369	S09111
C07370	S09112
C07371	S09113
C07372	S09116
C07373	S09117
C07374	S09119
C07375	S09120
C07376	S09123
C07377	S09124
C07378	S09125
C07379	S09126
C07380	S09130
C07381	S09131
C07381	S09562
C07382	S09132
C07383	S09133
C07384	S09136
C07385	S09137
C07386	S09139
C07387	S09141
C07388	S09142
C07389	S09143
C07390	S09144
C07391	S09145
C07392	S09147
C07393	S09148
C07394	S09149
C07395	S09150
C07396	S09152
C07397	S09154
C07398	S09160
C07399	S09161
C07400	S09162
C07401	S09164
C07402	S09165
C07403	S09167
C07404	S09168
C07405	S09169
C07406	S09170
C07407	S09171
C07408	S09172
C07409	S09173
C07410	S09174
C07411	S09176
C07412	S09177
C07413	S09178
C07414	S09179
C07415	S09181
C07416	S09184
C07417	S09186
C07418	S09187
C07419	S09188
C07420	S09189
C07421	S09190
C07422	S09192
C07423	S09195
C07424	S09196
C07425	S09197
C07426	S09198
C07427	S09199
C07428	S09200
C07429	S09202
C07430	S09205
C07431	S09206
C07432	S09207
C07433	S09208
C07434	S09209
C07435	S09210
C07436	S09211
C07437	S09213
C07438	S09214
C07439	S09215
C07440	S09217
C07441	S09218
C07442	S09219
C07443	S09220
C07444	S09221
C07445	S09222
C07446	S09223
C07447	S09224
C07448	S09225
C07449	S09226
C07450	S09227
C07451	S09230
C07452	S09232
C07453	S09233
C07454	S09234
C07455	S09235
C07456	S09236
C07457	S09238
C07458	S09239
C07459	S09240
C07460	S09241
C07461	S09242
C07462	S09244
C07463	S09245
C07464	S09247
C07465	S09249
C07466	S09250
C07467	S09251
C07468	S09252
C07469	S09253
C07470	S09255
C07471	S09256
C07472	S09257
C07473	S09258
C07474	S09259
C07475	S09260
C07476	S09261
C07477	S09262
C07478	S09266
C07479	S09268
C07480	S09269
C07481	S09271
C07482	S09273
C07483	S09274
C07484	S09276
C07485	S09277
C07486	S09278
C07487	S09280
C07488	S09281
C07489	S09285
C07489	S09354
C07490	S09286
C07491	S09287
C07492	S09288
C07493	S09289
C07494	S09290
C07495	S09291
C07495	S09460
C07496	S09295
C07497	S09296
C07498	S09297
C07499	S09299
C07500	S09300
C07501	S09302
C07502	S09303
C07503	S09304
C07504	S09305
C07505	S09306
C07506	S09308
C07507	S09309
C07508	S09311
C07509	S09312
C07510	S09313
C07511	S09314
C07512	S09317
C07513	S09318
C07514	S09321
C07515	S09323
C07516	S09324
C07517	S09325
C07518	S09326
C07519	S09327
C07520	S09328
C07521	S09329
C07522	S09330
C07523	S09331
C07524	S09332
C07525	S09334
C07526	S09335
C07527	S09337
C07528	S09339
C07529	S09340
C07530	S09341
C07531	S09342
C07532	S09343
C07533	S09344
C07534	S09349
C07535	S09350
C07536	S09351
C07537	S09352
C07538	S09353
C07539	S09356
C07540	S09357
C07541	S09358
C07542	S09359
C07543	S09361
C07544	S09362
C07545	S09364
C07546	S09365
C07547	S09366
C07548	S09367
C07549	S09370
C07550	S09372
C07551	S09373
C07552	S09374
C07553	S09375
C07554	S09376
C07555	S09377
C07556	S09378
C07557	S09379
C07558	S09381
C07559	S09382
C07560	S09383
C07561	S09384
C07562	S09385
C07563	S09386
C07563	S09720
C07564	S09387
C07565	S09388
C07566	S09389
C07567	S09391
C07568	S09392
C07569	S09394
C07570	S09395
C07571	S09396
C07572	S09397
C07573	S09399
C07574	S09400
C07575	S09401
C07576	S09402
C07577	S09405
C07578	S09406
C07579	S09407
C07580	S09408
C07581	S09409
C07582	S09410
C07583	S09411
C07584	S09412
C07585	S09413
C07586	S09414
C07587	S09415
C07588	S09416
C07589	S09417
C07590	S09419
C07591	S09420
C07592	S09423
C07593	S09424
C07594	S09425
C07595	S09427
C07596	S09428
C07597	S09429
C07598	S09430
C07599	S09431
C07600	S09432
C07601	S09433
C07602	S09434
C07603	S09435
C07604	S09437
C07605	S09439
C07606	S09440
C07607	S09442
C07608	S09443
C07609	S09444
C07610	S09445
C07611	S09446
C07612	S09447
C07613	S09449
C07614	S09450
C07615	S09453
C07616	S09454
C07617	S09456
C07618	S09457
C07619	S09458
C07620	S09461
C07621	S09462
C07622	S09464
C07623	S09465
C07624	S09467
C07625	S09468
C07626	S09469
C07627	S09470
C07628	S09472
C07629	S09476
C07630	S09477
C07631	S09478
C07632	S09480
C07633	S09481
C07634	S09482
C07635	S09484
C07636	S09485
C07637	S09486
C07638	S09487
C07639	S09488
C07640	S09490
C07641	S09492
C07642	S09495
C07643	S09497
C07644	S09498
C07645	S09500
C07646	S09503
C07647	S09504
C07648	S09505
C07649	S09506
C07650	S09508
C07651	S09510
C07652	S09511
C07653	S09513
C07654	S09515
C07655	S09516
C07656	S09517
C07657	S09518
C07658	S09520
C07659	S09521
C07660	S09523
C07661	S09524
C07662	S09525
C07663	S09526
C07664	S09527
C07665	S09528
C07666	S09529
C07667	S09530
C07668	S09531
C07669	S09532
C07670	S09533
C07671	S09534
C07672	S09536
C07673	S09537
C07674	S09539
C07675	S09540
C07676	S09541
C07677	S09542
C07678	S09543
C07679	S09545
C07680	S09546
C07681	S09547
C07682	S09548
C07683	S09549
C07684	S09550
C07685	S09551
C07686	S09552
C07687	S09553
C07688	S09554
C07689	S09557
C07690	S09558
C07691	S09559
C07692	S09560
C07693	S09563
C07694	S09567
C07695	S09568
C07696	S09570
C07697	S09572
C07698	S09573
C07699	S09575
C07700	S09577
C07701	S09578
C07702	S09579
C07703	S09580
C07704	S09581
C07705	S09582
C07706	S09583
C07707	S09584
C07708	S09585
C07709	S09586
C07710	S09589
C07711	S09591
C07712	S09592
C07713	S09593
C07714	S09596
C07715	S09597
C07716	S09598
C07717	S09599
C07718	S09601
C07719	S09602
C07720	S09603
C07721	S09606
C07722	S09607
C07723	S09613
C07724	S09615
C07725	S09616
C07726	S09618
C07727	S09619
C07728	S09620
C07729	S09624
C07730	S09625
C07731	S09626
C07732	S09627
C07733	S09628
C07734	S09629
C07735	S09631
C07736	S09632
C07737	S09633
C07738	S09634
C07739	S09635
C07740	S09636
C07741	S09637
C07742	S09638
C07743	S09640
C07744	S09641
C07745	S09642
C07746	S09643
C07747	S09644
C07748	S09646
C07749	S09647
C07750	S09648
C07751	S09650
C07752	S09651
C07753	S09652
C07754	S09655
C07755	S09656
C07756	S09657
C07757	S09658
C07758	S09659
C07759	S09660
C07760	S09661
C07761	S09662
C07762	S09663
C07763	S09664
C07764	S09666
C07765	S09667
C07766	S09668
C07767	S09669
C07768	S09670
C07769	S09671
C07770	S09672
C07771	S09673
C07772	S09674
C07773	S09675
C07774	S09676
C07775	S09678
C07776	S09679
C07777	S09683
C07778	S09684
C07779	S09685
C07780	S09686
C07781	S09687
C07782	S09688
C07783	S09689
C07784	S09690
C07785	S09691
C07786	S09692
C07787	S09693
C07788	S09694
C07789	S09695
C07790	S09696
C07791	S09698
C07792	S09699
C07793	S09700
C07794	S09701
C07795	S09702
C07796	S09703
C07797	S09705
C07798	S09706
C07799	S09708
C07800	S09709
C07801	S09710
C07802	S09711
C07803	S09712
C07804	S09714
C07805	S09715
C07806	S09717
C07807	S09718
C07808	S09719
C07809	S09724
C07810	S09726
C07811	S09732
