cluster_id	sequence_id
C00000	S00000
C00000	S01848
C00001	S00001
C00001	S03565
C00002	S00002
C00003	S00003
C00003	S00842
C00003	S03559
C00003	S06347
C00004	S00004
C00004	S01384
C00004	S01892
C00004	S02071
C00004	S02566
C00004	S03651
C00004	S04116
C00004	S04614
C00004	S06284
C00004	S06348
C00004	S06602
C00004	S07073
C00004	S07406
C00004	S07826
C00004	S07975
C00004	S09153
C00004	S09509
C00005	S00005
C00005	S00171
C00005	S02202
C00005	S02463
C00005	S04498
C00005	S04524
C00005	S06268
C00005	S06329
C00005	S07348
C00005	S08268
C00006	S00006
C00006	S03080
C00006	S03924
C00006	S05385
C00006	S08876
C00006	S09690
C00007	S00007
C00007	S00115
C00007	S00179
C00007	S00300
C00007	S00382
C00007	S00544
C00007	S01126
C00007	S01287
C00007	S01411
C00007	S01551
C00007	S01581
C00007	S01850
C00007	S02413
C00007	S02693
C00007	S03031
C00007	S03310
C00007	S03667
C00007	S05175
C00007	S05512
C00007	S06053
C00007	S06536
C00007	S06940
C00007	S07157
C00007	S07885
C00007	S07912
C00007	S07985
C00007	S09571
C00008	S00008
C00008	S00074
C00008	S00086
C00008	S00494
C00008	S00649
C00008	S01843
C00008	S02051
C00008	S02833
C00008	S03679
C00008	S03710
C00008	S04842
C00008	S06758
C00008	S06834
C00008	S07404
C00008	S07865
C00008	S07883
C00008	S08182
C00008	S08231
C00008	S09033
C00009	S00009
C00009	S00538
C00009	S00551
C00009	S01125
C00009	S02544
C00009	S02637
C00009	S03034
C00009	S04249
C00009	S04637
C00009	S04736
C00009	S04785
C00009	S05455
C00009	S06378
C00009	S07229
C00009	S07262
C00009	S07725
C00009	S07784
C00009	S07874
C00009	S08918
C00009	S09588
C00010	S00010
C00010	S00369
C00011	S00011
C00011	S00209
C00011	S07401
C00012	S00012
C00012	S00297
C00012	S01769
C00012	S02366
C00012	S03439
C00012	S04045
C00012	S04426
C00012	S05119
C00012	S05298
C00012	S06705
C00012	S08545
C00012	S09671
C00013	S00013
C00013	S00076
C00013	S00664
C00013	S00725
C00013	S00742
C00013	S00763
C00013	S00981
C00013	S01529
C00013	S02215
C00013	S02398
C00013	S02920
C00013	S03175
C00013	S03580
C00013	S03748
C00013	S04207
C00013	S04224
C00013	S04371
C00013	S04699
C00013	S04770
C00013	S04948
C00013	S05012
C00013	S05064
C00013	S05167
C00013	S05479
C00013	S05633
C00013	S05741
C00013	S05842
C00013	S05967
C00013	S06325
C00013	S06517
C00013	S06721
C00013	S07002
C00013	S07271
C00013	S07426
C00013	S07797
C00013	S07846
C00013	S07978
C00013	S08039
C00013	S08373
C00013	S08671
C00013	S08740
C00013	S08881
C00013	S08908
C00013	S09032
C00013	S09602
C00014	S00014
C00014	S00170
C00014	S03604
C00014	S04187
C00014	S04417
C00014	S05204
C00014	S05285
C00014	S08711
C00015	S00015
C00015	S00189
C00015	S02298
C00015	S06629
C00015	S07299
C00015	S07318
C00016	S00016
C00016	S01573
C00016	S02837
C00016	S03525
C00016	S03647
C00016	S05914
C00016	S06831
C00016	S07474
C00016	S07947
C00016	S08206
C00016	S09386
C00016	S09720
C00017	S00017
C00017	S00547
C00017	S00691
C00017	S04795
C00017	S05876
C00018	S00018
C00018	S00950
C00018	S05573
C00018	S06657
C00018	S06685
C00018	S09407
C00019	S00019
C00019	S04339
C00019	S07389
C00019	S08754
C00020	S00020
C00020	S04472
C00021	S00021
C00021	S00024
C00021	S00045
C00021	S00082
C00021	S00400
C00021	S00423
C00021	S00528
C00021	S00802
C00021	S00839
C00021	S00930
C00021	S01137
C00021	S01632
C00021	S01885
C00021	S02052
C00021	S02083
C00021	S02191
C00021	S02346
C00021	S02350
C00021	S02514
C00021	S02542
C00021	S02958
C00021	S03092
C00021	S03344
C00021	S03581
C00021	S04010
C00021	S04021
C00021	S04232
C00021	S04305
C00021	S04337
C00021	S04860
C00021	S05044
C00021	S05057
C00021	S05078
C00021	S05304
C00021	S05354
C00021	S05405
C00021	S05424
C00021	S05445
C00021	S05624
C00021	S05800
C00021	S05808
C00021	S05968
C00021	S06015
C00021	S06247
C00021	S06360
C00021	S06546
C00021	S06589
C00021	S06605
C00021	S06616
C00021	S06627
C00021	S06933
C00021	S07186
C00021	S07226
C00021	S07238
C00021	S07304
C00021	S07625
C00021	S07923
C00021	S08051
C00021	S08075
C00021	S08076
C00021	S08120
C00021	S08366
C00021	S08583
C00021	S08633
C00021	S08814
C00021	S09052
C00021	S09092
C00021	S09123
C00021	S09189
C00021	S09191
C00021	S09202
C00021	S09227
C00021	S09666
C00022	S00022
C00022	S00034
C00022	S04919
C00022	S04965
C00022	S05422
C00022	S06175
C00022	S08099
C00022	S08197
C00022	S08322
C00022	S08978
C00022	S09254
C00022	S09545
C00023	S00023
C00023	S00097
C00023	S00313
C00023	S00378
C00023	S00553
C00023	S00972
C00023	S01039
C00023	S01200
C00023	S01617
C00023	S02037
C00023	S02815
C00023	S03096
C00023	S03541
C00023	S03949
C00023	S04086
C00023	S04607
C00023	S04706
C00023	S05172
C00023	S05311
C00023	S05669
C00023	S05711
C00023	S06324
C00023	S06468
C00023	S06568
C00023	S06718
C00023	S07127
C00023	S08412
C00023	S08686
C00023	S08916
C00023	S08991
C00023	S09630
C00024	S00025
C00025	S00026
C00025	S05659
C00025	S05913
C00026	S00027
C00026	S01029
C00026	S01119
C00026	S01169
C00026	S02780
C00026	S03395
C00026	S06962
C00026	S07133
C00026	S07358
C00026	S08369
C00026	S08512
C00026	S08641
C00026	S08713
C00027	S00028
C00027	S01470
C00027	S01859
C00027	S01889
C00027	S02561
C00027	S03073
C00027	S03403
C00027	S06868
C00027	S09068
C00027	S09267
C00028	S00029
C00029	S00030
C00029	S02184
C00029	S02453
C00029	S04934
C00029	S05834
C00029	S06151
C00030	S00031
C00030	S01762
C00030	S02204
C00030	S04468
C00031	S00032
C00032	S00033
C00032	S03205
C00032	S03973
C00032	S04816
C00032	S06649
C00032	S08282
C00032	S08616
C00032	S08650
C00033	S00035
C00033	S01398
C00033	S02669
C00033	S06046
C00033	S07472
C00033	S08527
C00033	S09651
C00034	S00036
C00034	S00366
C00034	S00983
C00034	S02456
C00034	S02787
C00034	S05367
C00034	S07132
C00034	S08617
C00035	S00037
C00036	S00038
C00037	S00039
C00037	S00320
C00037	S00511
C00037	S01643
C00037	S01912
C00037	S02768
C00037	S03301
C00037	S03366
C00037	S03460
C00037	S03841
C00037	S04519
C00037	S04989
C00037	S06024
C00037	S06645
C00037	S06923
C00037	S07792
C00037	S08293
C00038	S00040
C00038	S00203
C00038	S00281
C00038	S00496
C00038	S00745
C00038	S00780
C00038	S00908
C00038	S00912
C00038	S00924
C00038	S01024
C00038	S01203
C00038	S01244
C00038	S02196
C00038	S02230
C00038	S02454
C00038	S02481
C00038	S02525
C00038	S03087
C00038	S03216
C00038	S03262
C00038	S03532
C00038	S03678
C00038	S03712
C00038	S03787
C00038	S04061
C00038	S04146
C00038	S04196
C00038	S04373
C00038	S04527
C00038	S04714
C00038	S04903
C00038	S05083
C00038	S05116
C00038	S05212
C00038	S05299
C00038	S05462
C00038	S05496
C00038	S05726
C00038	S05957
C00038	S06153
C00038	S06424
C00038	S06442
C00038	S06548
C00038	S06575
C00038	S06680
C00038	S06701
C00038	S06999
C00038	S07050
C00038	S07463
C00038	S07480
C00038	S07770
C00038	S07962
C00038	S08313
C00038	S08335
C00038	S08362
C00038	S08568
C00038	S08734
C00038	S08786
C00038	S08870
C00038	S09109
C00038	S09623
C00038	S09727
C00039	S00041
C00040	S00042
C00040	S01697
C00040	S09424
C00041	S00043
C00041	S06717
C00042	S00044
C00042	S00263
C00042	S00905
C00042	S01291
C00042	S02423
C00042	S02652
C00042	S06243
C00042	S07137
C00042	S07139
C00042	S08380
C00043	S00046
C00043	S00385
C00043	S01212
C00043	S01367
C00043	S01371
C00043	S02401
C00043	S03255
C00043	S03536
C00043	S03765
C00043	S03977
C00043	S04502
C00043	S05166
C00043	S05852
C00043	S07351
C00043	S07360
C00043	S07597
C00043	S08072
C00043	S08315
C00043	S08847
C00043	S09087
C00044	S00047
C00044	S00371
C00044	S00484
C00044	S00523
C00044	S01070
C00044	S01267
C00044	S01369
C00044	S01748
C00044	S02509
C00044	S02849
C00044	S02878
C00044	S03247
C00044	S03682
C00044	S04110
C00044	S04130
C00044	S04698
C00044	S04729
C00044	S05049
C00044	S05771
C00044	S05939
C00044	S06154
C00044	S06217
C00044	S06300
C00044	S06320
C00044	S06807
C00044	S06870
C00044	S06901
C00044	S07276
C00044	S07279
C00044	S07382
C00044	S07893
C00044	S07940
C00044	S08020
C00044	S08100
C00044	S08116
C00044	S08162
C00044	S08283
C00044	S08402
C00044	S08405
C00044	S08648
C00044	S08929
C00044	S09106
C00044	S09270
C00044	S09422
C00044	S09555
C00045	S00048
C00045	S01049
C00045	S01445
C00045	S01975
C00045	S02275
C00045	S04543
C00045	S05615
C00045	S07273
C00045	S09518
C00046	S00049
C00046	S00126
C00046	S09096
C00047	S00050
C00047	S00105
C00047	S00431
C00047	S00470
C00047	S00652
C00047	S00710
C00047	S00970
C00047	S01152
C00047	S01222
C00047	S01286
C00047	S01313
C00047	S01631
C00047	S02127
C00047	S02596
C00047	S02986
C00047	S03068
C00047	S03076
C00047	S03249
C00047	S03404
C00047	S03577
C00047	S03674
C00047	S03846
C00047	S03883
C00047	S04173
C00047	S04359
C00047	S04418
C00047	S04716
C00047	S04983
C00047	S05141
C00047	S05281
C00047	S05359
C00047	S05433
C00047	S05550
C00047	S05905
C00047	S05962
C00047	S06090
C00047	S06117
C00047	S06130
C00047	S06174
C00047	S06233
C00047	S06492
C00047	S06499
C00047	S07052
C00047	S07466
C00047	S07508
C00047	S07666
C00047	S07674
C00047	S07789
C00047	S07810
C00047	S08048
C00047	S08515
C00047	S08560
C00047	S08570
C00047	S08657
C00047	S08879
C00047	S08920
C00047	S08975
C00047	S09074
C00047	S09094
C00047	S09121
C00047	S09426
C00047	S09492
C00048	S00051
C00048	S03913
C00048	S06975
C00049	S00052
C00049	S00145
C00049	S00697
C00049	S00713
C00049	S00722
C00049	S00813
C00049	S00851
C00049	S00939
C00049	S01259
C00049	S01468
C00049	S01508
C00049	S01951
C00049	S01962
C00049	S02132
C00049	S02329
C00049	S02816
C00049	S03293
C00049	S03437
C00049	S03922
C00049	S03941
C00049	S03984
C00049	S04065
C00049	S04375
C00049	S04405
C00049	S04455
C00049	S04552
C00049	S04717
C00049	S04890
C00049	S05002
C00049	S05276
C00049	S05470
C00049	S05662
C00049	S05677
C00049	S05862
C00049	S06086
C00049	S06105
C00049	S06357
C00049	S07067
C00049	S07293
C00049	S07357
C00049	S07506
C00049	S07920
C00049	S07952
C00049	S08022
C00049	S08236
C00049	S08338
C00049	S08798
C00049	S08945
C00049	S09600
C00050	S00053
C00050	S07455
C00051	S00054
C00051	S03215
C00051	S05850
C00051	S07700
C00052	S00055
C00053	S00056
C00053	S00111
C00053	S00134
C00053	S00233
C00053	S00873
C00053	S00890
C00053	S01053
C00053	S01410
C00053	S01412
C00053	S01528
C00053	S01614
C00053	S01672
C00053	S01733
C00053	S01767
C00053	S01978
C00053	S02007
C00053	S02075
C00053	S02283
C00053	S02443
C00053	S02555
C00053	S02602
C00053	S02680
C00053	S03105
C00053	S03373
C00053	S03396
C00053	S03628
C00053	S03951
C00053	S04014
C00053	S04260
C00053	S04493
C00053	S04569
C00053	S04724
C00053	S05077
C00053	S05148
C00053	S05229
C00053	S05483
C00053	S05580
C00053	S06035
C00053	S06107
C00053	S06352
C00053	S06813
C00053	S07177
C00053	S07290
C00053	S07613
C00053	S07620
C00053	S07630
C00053	S07932
C00053	S08179
C00053	S08200
C00053	S08222
C00053	S08408
C00053	S08452
C00053	S08635
C00053	S09059
C00053	S09149
C00053	S09205
C00053	S09290
C00053	S09500
C00054	S00057
C00055	S00058
C00056	S00059
C00056	S02023
C00057	S00060
C00057	S04005
C00057	S04152
C00057	S08466
C00057	S08910
C00057	S08937
C00057	S09682
C00058	S00061
C00058	S01443
C00058	S09413
C00059	S00062
C00060	S00063
C00061	S00064
C00062	S00065
C00062	S00262
C00062	S00812
C00062	S00881
C00062	S01322
C00062	S01352
C00062	S02288
C00062	S02388
C00062	S03372
C00062	S04109
C00062	S06118
C00062	S06503
C00062	S06934
C00062	S08665
C00062	S09229
C00063	S00066
C00063	S04768
C00064	S00067
C00064	S01239
C00064	S03405
C00064	S03821
C00064	S04318
C00064	S04384
C00064	S04765
C00064	S06884
C00064	S07089
C00064	S07364
C00064	S08239
C00064	S09339
C00064	S09389
C00064	S09445
C00064	S09663
C00065	S00068
C00065	S03611
C00066	S00069
C00066	S00324
C00066	S01628
C00066	S02721
C00066	S02956
C00066	S04083
C00066	S04131
C00066	S04445
C00066	S06588
C00066	S06836
C00066	S08695
C00066	S09199
C00066	S09683
C00067	S00070
C00067	S01428
C00067	S08457
C00068	S00071
C00068	S07010
C00069	S00072
C00070	S00073
C00071	S00075
C00072	S00077
C00072	S00226
C00072	S00516
C00072	S00608
C00072	S00866
C00072	S00901
C00072	S00913
C00072	S01096
C00072	S01258
C00072	S01446
C00072	S01474
C00072	S01591
C00072	S01686
C00072	S01863
C00072	S01985
C00072	S02106
C00072	S02110
C00072	S02182
C00072	S02284
C00072	S02522
C00072	S02567
C00072	S02698
C00072	S03028
C00072	S03044
C00072	S03349
C00072	S03355
C00072	S03732
C00072	S03892
C00072	S03957
C00072	S04101
C00072	S04484
C00072	S04884
C00072	S04885
C00072	S05144
C00072	S05194
C00072	S05263
C00072	S05417
C00072	S05487
C00072	S05598
C00072	S05855
C00072	S06351
C00072	S06444
C00072	S06648
C00072	S06697
C00072	S06767
C00072	S06893
C00072	S07141
C00072	S07502
C00072	S07606
C00072	S07609
C00072	S07819
C00072	S08118
C00072	S08637
C00072	S08660
C00072	S08676
C00072	S08878
C00072	S08942
C00072	S09187
C00072	S09294
C00072	S09594
C00073	S00078
C00073	S04956
C00073	S07636
C00073	S07697
C00073	S08126
C00074	S00079
C00074	S00159
C00074	S00704
C00074	S01387
C00074	S01615
C00074	S01775
C00074	S01965
C00074	S02218
C00074	S02331
C00074	S02471
C00074	S02660
C00074	S02813
C00074	S03065
C00074	S03186
C00074	S03198
C00074	S03701
C00074	S03771
C00074	S03797
C00074	S03884
C00074	S03931
C00074	S03995
C00074	S04194
C00074	S04342
C00074	S04460
C00074	S04931
C00074	S05113
C00074	S05579
C00074	S05586
C00074	S05671
C00074	S06060
C00074	S06101
C00074	S06144
C00074	S06166
C00074	S06213
C00074	S06239
C00074	S06327
C00074	S06518
C00074	S06615
C00074	S06730
C00074	S06859
C00074	S06922
C00074	S06946
C00074	S07158
C00074	S07328
C00074	S07768
C00074	S08345
C00074	S08432
C00074	S08586
C00074	S08652
C00074	S08696
C00074	S09021
C00074	S09023
C00074	S09100
C00074	S09390
C00074	S09633
C00074	S09667
C00075	S00080
C00075	S00141
C00076	S00081
C00076	S03260
C00076	S03641
C00076	S03981
C00076	S04404
C00076	S04470
C00076	S06559
C00076	S06682
C00076	S08394
C00077	S00083
C00077	S02865
C00077	S04186
C00077	S05028
C00077	S05589
C00077	S07189
C00078	S00084
C00079	S00085
C00079	S00886
C00079	S02224
C00079	S02486
C00079	S03392
C00079	S04953
C00079	S05775
C00079	S05916
C00079	S05955
C00079	S06249
C00080	S00087
C00080	S00391
C00080	S00848
C00080	S00965
C00080	S01290
C00080	S01549
C00080	S01684
C00080	S01981
C00080	S02872
C00080	S03329
C00080	S03540
C00080	S03666
C00080	S05477
C00080	S05679
C00080	S06245
C00080	S06270
C00080	S06480
C00080	S06719
C00080	S06929
C00080	S07098
C00080	S07388
C00080	S08506
C00080	S08712
C00080	S09230
C00080	S09248
C00080	S09464
C00081	S00088
C00081	S00113
C00081	S00432
C00081	S00790
C00081	S02395
C00081	S02416
C00081	S02438
C00081	S02740
C00081	S02817
C00081	S03493
C00081	S03507
C00081	S04073
C00081	S04475
C00081	S04881
C00081	S05093
C00081	S06161
C00081	S06669
C00081	S06784
C00081	S06883
C00081	S07765
C00081	S07925
C00081	S08413
C00081	S08775
C00081	S08979
C00081	S09653
C00082	S00089
C00082	S00667
C00082	S00721
C00082	S00902
C00082	S01098
C00082	S01450
C00082	S01828
C00082	S02313
C00082	S03022
C00082	S03210
C00082	S03361
C00082	S04032
C00082	S04054
C00082	S04480
C00082	S04823
C00082	S04920
C00082	S05329
C00082	S05611
C00082	S05685
C00082	S05783
C00082	S05869
C00082	S06079
C00082	S06731
C00082	S06750
C00082	S07748
C00082	S08152
C00082	S08290
C00082	S08331
C00082	S08361
C00082	S08363
C00082	S08383
C00082	S08443
C00082	S08552
C00082	S09039
C00082	S09062
C00082	S09161
C00083	S00090
C00083	S00533
C00083	S01242
C00083	S01941
C00083	S02745
C00083	S03146
C00083	S03305
C00083	S05000
C00083	S05413
C00083	S07509
C00083	S08701
C00083	S08900
C00083	S09674
C00084	S00091
C00084	S01824
C00084	S02237
C00084	S03492
C00084	S03656
C00084	S08825
C00084	S09131
C00084	S09562
C00085	S00092
C00085	S02531
C00086	S00093
C00086	S01230
C00086	S02197
C00086	S02592
C00086	S03793
C00086	S04084
C00086	S06714
C00086	S06936
C00086	S08292
C00086	S08597
C00086	S09256
C00087	S00094
C00087	S04296
C00088	S00095
C00088	S00764
C00089	S00096
C00089	S02539
C00089	S04512
C00089	S05971
C00089	S08436
C00090	S00098
C00090	S01005
C00090	S03389
C00090	S04092
C00090	S05992
C00090	S06134
C00090	S06904
C00090	S07457
C00090	S08288
C00091	S00099
C00091	S00567
C00091	S00618
C00091	S02656
C00091	S06221
C00091	S06319
C00091	S09265
C00091	S09642
C00092	S00100
C00093	S00101
C00093	S01306
C00093	S01728
C00093	S03003
C00093	S07557
C00094	S00102
C00095	S00103
C00095	S00521
C00095	S09335
C00096	S00104
C00096	S00153
C00096	S00365
C00096	S00442
C00096	S00733
C00096	S00958
C00096	S02699
C00096	S02730
C00096	S02756
C00096	S02828
C00096	S02946
C00096	S02970
C00096	S03072
C00096	S03143
C00096	S03381
C00096	S04025
C00096	S04106
C00096	S04450
C00096	S04645
C00096	S04718
C00096	S04726
C00096	S04822
C00096	S04892
C00096	S05439
C00096	S05448
C00096	S05564
C00096	S05930
C00096	S06349
C00096	S06811
C00096	S06903
C00096	S07447
C00096	S07469
C00096	S07631
C00096	S08029
C00096	S08484
C00096	S08793
C00096	S08813
C00096	S08906
C00096	S09180
C00097	S00106
C00097	S08755
C00098	S00107
C00098	S01618
C00098	S02714
C00098	S08807
C00098	S09188
C00099	S00108
C00099	S01563
C00099	S02875
C00099	S03431
C00099	S04381
C00099	S04853
C00099	S05817
C00099	S07891
C00100	S00109
C00101	S00110
C00102	S00112
C00102	S00607
C00102	S01183
C00102	S01511
C00102	S08621
C00103	S00114
C00103	S05275
C00103	S07197
C00103	S09409
C00103	S09550
C00104	S00116
C00104	S03866
C00104	S08669
C00105	S00117
C00105	S00146
C00105	S01307
C00105	S01503
C00105	S01799
C00105	S02135
C00105	S02315
C00105	S03027
C00105	S03607
C00105	S04198
C00105	S04668
C00105	S05922
C00105	S07084
C00105	S07101
C00105	S07473
C00105	S08166
C00105	S08175
C00105	S08409
C00105	S08799
C00105	S09583
C00105	S09713
C00106	S00118
C00107	S00119
C00108	S00120
C00109	S00121
C00109	S00311
C00109	S01004
C00109	S01035
C00109	S01206
C00109	S01502
C00109	S01685
C00109	S02162
C00109	S02234
C00109	S03190
C00109	S03654
C00109	S05655
C00109	S06141
C00109	S07018
C00109	S07848
C00109	S08196
C00109	S08303
C00109	S09038
C00109	S09122
C00110	S00122
C00110	S00910
C00110	S02149
C00110	S02166
C00110	S02343
C00110	S02386
C00110	S02625
C00110	S03012
C00110	S03147
C00110	S03188
C00110	S03680
C00110	S04525
C00110	S04610
C00110	S05709
C00110	S06084
C00110	S06446
C00110	S06581
C00110	S07362
C00110	S09203
C00110	S09531
C00111	S00123
C00111	S00356
C00111	S00452
C00111	S01285
C00111	S02351
C00111	S02957
C00111	S03610
C00111	S03860
C00111	S04574
C00111	S04827
C00111	S05494
C00111	S05780
C00111	S06016
C00111	S06178
C00111	S07123
C00111	S07410
C00111	S07866
C00111	S09472
C00111	S09533
C00112	S00124
C00112	S01931
C00113	S00125
C00113	S01876
C00113	S03831
C00113	S04766
C00113	S04998
C00113	S07076
C00113	S07855
C00113	S08234
C00113	S09656
C00114	S00127
C00114	S01272
C00114	S02809
C00114	S02835
C00114	S02907
C00114	S02974
C00114	S03179
C00114	S03182
C00114	S04870
C00114	S05025
C00114	S05154
C00114	S05300
C00114	S05891
C00114	S06322
C00114	S06516
C00115	S00128
C00115	S00211
C00115	S00897
C00115	S03563
C00115	S04075
C00115	S06226
C00115	S06265
C00115	S06957
C00115	S07790
C00115	S08569
C00115	S08631
C00115	S08892
C00115	S08995
C00115	S09158
C00115	S09237
C00115	S09640
C00115	S09722
C00116	S00129
C00116	S01577
C00116	S03971
C00116	S04899
C00116	S08844
C00117	S00130
C00118	S00131
C00118	S01491
C00118	S02188
C00118	S03851
C00118	S05860
C00118	S07074
C00118	S07522
C00118	S07615
C00119	S00132
C00119	S08860
C00120	S00133
C00120	S02243
C00120	S09649
C00121	S00135
C00121	S01246
C00121	S01764
C00121	S03634
C00121	S07070
C00122	S00136
C00122	S00598
C00122	S02151
C00122	S06534
C00122	S09245
C00123	S00137
C00123	S00173
C00123	S00238
C00123	S00244
C00123	S00326
C00123	S00415
C00123	S00820
C00123	S00888
C00123	S00925
C00123	S01094
C00123	S01216
C00123	S01363
C00123	S01399
C00123	S01477
C00123	S01484
C00123	S01504
C00123	S01666
C00123	S01694
C00123	S01957
C00123	S02022
C00123	S02046
C00123	S02229
C00123	S02260
C00123	S02605
C00123	S02724
C00123	S02824
C00123	S03257
C00123	S03289
C00123	S03337
C00123	S03345
C00123	S03365
C00123	S03429
C00123	S03568
C00123	S03591
C00123	S03662
C00123	S03692
C00123	S04128
C00123	S04183
C00123	S04447
C00123	S04453
C00123	S04682
C00123	S04817
C00123	S04900
C00123	S05303
C00123	S05320
C00123	S05328
C00123	S05453
C00123	S05612
C00123	S05645
C00123	S05766
C00123	S05816
C00123	S05820
C00123	S05996
C00123	S06031
C00123	S06354
C00123	S06403
C00123	S06450
C00123	S06462
C00123	S06598
C00123	S06802
C00123	S07129
C00123	S07164
C00123	S07180
C00123	S07263
C00123	S07335
C00123	S07689
C00123	S07751
C00123	S07823
C00123	S08121
C00123	S08178
C00123	S08259
C00123	S08352
C00123	S08403
C00123	S08811
C00123	S08833
C00123	S09086
C00123	S09261
C00123	S09564
C00123	S09566
C00123	S09576
C00123	S09620
C00124	S00138
C00124	S01252
C00124	S08425
C00125	S00139
C00125	S07822
C00126	S00140
C00127	S00142
C00127	S09609
C00128	S00143
C00128	S00276
C00128	S00613
C00128	S00761
C00128	S00806
C00128	S01193
C00128	S01250
C00128	S01485
C00128	S01801
C00128	S01932
C00128	S01947
C00128	S01950
C00128	S04206
C00128	S04271
C00128	S04462
C00128	S04739
C00128	S04909
C00128	S05289
C00128	S05364
C00128	S05410
C00128	S05553
C00128	S05668
C00128	S05676
C00128	S06337
C00128	S06625
C00128	S06791
C00128	S07011
C00128	S07386
C00128	S08065
C00128	S08194
C00128	S08233
C00128	S08265
C00128	S08364
C00128	S08404
C00128	S08524
C00128	S08970
C00128	S09495
C00128	S09695
C00129	S00144
C00129	S03615
C00130	S00147
C00130	S00449
C00130	S01808
C00130	S02131
C00130	S06162
C00130	S07171
C00130	S08623
C00131	S00148
C00132	S00149
C00133	S00150
C00133	S04219
C00133	S05011
C00133	S07910
C00134	S00151
C00134	S02295
C00135	S00152
C00135	S04679
C00135	S05362
C00135	S06638
C00136	S00154
C00136	S01274
C00136	S01496
C00136	S02530
C00136	S04821
C00136	S05596
C00136	S06768
C00136	S08371
C00136	S08461
C00136	S08779
C00136	S08962
C00136	S08986
C00136	S09342
C00136	S09463
C00137	S00155
C00138	S00156
C00139	S00157
C00139	S00887
C00139	S01955
C00140	S00158
C00140	S02099
C00140	S06173
C00140	S06512
C00140	S07793
C00140	S08894
C00141	S00160
C00141	S08577
C00142	S00161
C00143	S00162
C00143	S00413
C00143	S02069
C00143	S02407
C00143	S02899
C00143	S06632
C00143	S08528
C00144	S00163
C00144	S02021
C00145	S00164
C00145	S00577
C00145	S05268
C00145	S07901
C00145	S08086
C00145	S09587
C00146	S00165
C00146	S01113
C00146	S01466
C00146	S01945
C00146	S03317
C00146	S04223
C00146	S04608
C00146	S05651
C00146	S05984
C00146	S06633
C00146	S08392
C00147	S00166
C00147	S03620
C00147	S04261
C00147	S08540
C00148	S00167
C00149	S00168
C00149	S01991
C00149	S03753
C00149	S06393
C00150	S00169
C00151	S00172
C00151	S03268
C00152	S00174
C00152	S02341
C00152	S04117
C00152	S04463
C00152	S05380
C00153	S00175
C00153	S00714
C00153	S00952
C00153	S01432
C00153	S02098
C00153	S02372
C00153	S02720
C00153	S02923
C00153	S02979
C00153	S03475
C00153	S03529
C00153	S03544
C00153	S03783
C00153	S04238
C00153	S04564
C00153	S05186
C00153	S05684
C00153	S06436
C00153	S06792
C00153	S07237
C00153	S07900
C00153	S08150
C00153	S08330
C00153	S08645
C00153	S08972
C00154	S00176
C00154	S00767
C00154	S00787
C00154	S01719
C00154	S02281
C00154	S02479
C00154	S02750
C00154	S03660
C00154	S03899
C00154	S04108
C00154	S04403
C00154	S04850
C00154	S06323
C00154	S06491
C00154	S07570
C00154	S07983
C00154	S08810
C00154	S09003
C00154	S09634
C00155	S00177
C00155	S01429
C00155	S02879
C00155	S03181
C00155	S03312
C00155	S03362
C00155	S03718
C00155	S04044
C00155	S04553
C00155	S05086
C00155	S06377
C00155	S06434
C00155	S06713
C00155	S07261
C00155	S08318
C00155	S08955
C00155	S08993
C00155	S09063
C00155	S09289
C00155	S09398
C00156	S00178
C00157	S00180
C00157	S01036
C00157	S01701
C00157	S02903
C00157	S03005
C00157	S03377
C00157	S03811
C00157	S04212
C00157	S04571
C00157	S06948
C00157	S07591
C00157	S07708
C00158	S00181
C00159	S00182
C00160	S00183
C00160	S01607
C00160	S04583
C00161	S00184
C00162	S00185
C00162	S02615
C00162	S03845
C00162	S06298
C00162	S08553
C00163	S00186
C00163	S04093
C00163	S05696
C00164	S00187
C00165	S00188
C00165	S00333
C00165	S00746
C00165	S01515
C00165	S02107
C00165	S02420
C00165	S02901
C00165	S02988
C00165	S03709
C00165	S03857
C00165	S04712
C00165	S04923
C00165	S05127
C00165	S05507
C00165	S05551
C00165	S05797
C00165	S06960
C00165	S07042
C00165	S07692
C00165	S07746
C00165	S08284
C00165	S08453
C00165	S08828
C00165	S09299
C00165	S09522
C00165	S09615
C00165	S09673
C00166	S00190
C00166	S00595
C00167	S00191
C00167	S00505
C00167	S05218
C00167	S08324
C00167	S09716
C00168	S00192
C00169	S00193
C00169	S00218
C00169	S01092
C00169	S02020
C00169	S02148
C00169	S02213
C00169	S02799
C00169	S03870
C00169	S03896
C00169	S05635
C00169	S06338
C00169	S06641
C00169	S07029
C00169	S08832
C00169	S09483
C00170	S00194
C00171	S00195
C00171	S00306
C00171	S04324
C00171	S08181
C00171	S08761
C00172	S00196
C00172	S08967
C00173	S00197
C00173	S00482
C00173	S00935
C00173	S01953
C00173	S02008
C00173	S02268
C00173	S02440
C00173	S03449
C00173	S04099
C00173	S04288
C00173	S04576
C00173	S05732
C00173	S05744
C00173	S06190
C00173	S06396
C00173	S06454
C00173	S06951
C00173	S06963
C00173	S08026
C00173	S08230
C00173	S08514
C00173	S09692
C00174	S00198
C00174	S00308
C00174	S00425
C00174	S00809
C00174	S01884
C00174	S02358
C00174	S02513
C00174	S05037
C00174	S05567
C00174	S05640
C00174	S05863
C00174	S06021
C00174	S06179
C00174	S06371
C00174	S06440
C00174	S08388
C00174	S08997
C00174	S09412
C00174	S09436
C00175	S00199
C00175	S00561
C00175	S01066
C00175	S01789
C00175	S02058
C00175	S02064
C00175	S02506
C00175	S02704
C00175	S02880
C00175	S03170
C00175	S04906
C00175	S05886
C00175	S06287
C00175	S06412
C00175	S06467
C00175	S06595
C00175	S06759
C00175	S07295
C00175	S08944
C00175	S08969
C00176	S00200
C00176	S02546
C00176	S04246
C00176	S05341
C00177	S00201
C00177	S05648
C00177	S06582
C00177	S07582
C00178	S00202
C00178	S08501
C00179	S00204
C00179	S00956
C00179	S06051
C00179	S07345
C00179	S08760
C00180	S00205
C00180	S01061
C00180	S01335
C00180	S01920
C00180	S03750
C00180	S04029
C00180	S04100
C00180	S04379
C00180	S05946
C00180	S09616
C00181	S00206
C00181	S08111
C00181	S08803
C00182	S00207
C00183	S00208
C00183	S00824
C00183	S06384
C00184	S00210
C00184	S03166
C00185	S00212
C00186	S00213
C00187	S00214
C00188	S00215
C00189	S00216
C00189	S01661
C00189	S09128
C00190	S00217
C00190	S00351
C00190	S00486
C00190	S00585
C00190	S04889
C00190	S06230
C00190	S06375
C00190	S09233
C00191	S00219
C00192	S00220
C00192	S00426
C00192	S00473
C00192	S00576
C00192	S00592
C00192	S00810
C00192	S00878
C00192	S01260
C00192	S01300
C00192	S03513
C00192	S04046
C00192	S04072
C00192	S04283
C00192	S04411
C00192	S04432
C00192	S04626
C00192	S05014
C00192	S05697
C00192	S05805
C00192	S06364
C00192	S07490
C00192	S07558
C00192	S07749
C00192	S08103
C00192	S08213
C00193	S00221
C00193	S03936
C00193	S07602
C00194	S00222
C00194	S02374
C00194	S02742
C00194	S03090
C00194	S03095
C00194	S04688
C00194	S05063
C00194	S05906
C00194	S07254
C00194	S07385
C00194	S08276
C00194	S08609
C00194	S09340
C00194	S09581
C00194	S09628
C00195	S00223
C00195	S01391
C00195	S01395
C00196	S00224
C00196	S03645
C00197	S00225
C00197	S03303
C00198	S00227
C00198	S08218
C00199	S00228
C00199	S00526
C00199	S01334
C00199	S01583
C00199	S02206
C00199	S02451
C00199	S03004
C00199	S03545
C00199	S03579
C00199	S04613
C00199	S05584
C00199	S05802
C00199	S06182
C00199	S09301
C00200	S00229
C00200	S00514
C00200	S00527
C00200	S03686
C00200	S05582
C00201	S00230
C00201	S08590
C00202	S00231
C00203	S00232
C00203	S09008
C00204	S00234
C00204	S04264
C00204	S09044
C00204	S09258
C00204	S09513
C00205	S00235
C00206	S00236
C00207	S00237
C00208	S00239
C00208	S00979
C00208	S01273
C00208	S02370
C00208	S08638
C00208	S08772
C00209	S00240
C00209	S07767
C00209	S07869
C00209	S07892
C00210	S00241
C00210	S04096
C00210	S04763
C00210	S05192
C00210	S05912
C00210	S06014
C00210	S07902
C00210	S08493
C00211	S00242
C00211	S05053
C00212	S00243
C00212	S00971
C00212	S01170
C00212	S03919
C00212	S04807
C00212	S04841
C00212	S07555
C00212	S08661
C00213	S00245
C00213	S01269
C00213	S09541
C00214	S00246
C00214	S01095
C00214	S02908
C00215	S00247
C00216	S00248
C00217	S00249
C00218	S00250
C00219	S00251
C00219	S05509
C00219	S06211
C00220	S00252
C00221	S00253
C00222	S00254
C00222	S02940
C00222	S07239
C00223	S00255
C00223	S07183
C00223	S09343
C00223	S09677
C00224	S00256
C00224	S03019
C00225	S00257
C00225	S05139
C00225	S07648
C00226	S00258
C00226	S02959
C00226	S05583
C00226	S05844
C00226	S07214
C00226	S07484
C00226	S08269
C00227	S00259
C00228	S00260
C00229	S00261
C00229	S03131
C00229	S08880
C00230	S00264
C00230	S02985
C00231	S00265
C00231	S01238
C00231	S01293
C00231	S01587
C00231	S01842
C00231	S02422
C00231	S03509
C00231	S05773
C00231	S07477
C00231	S07635
C00231	S07888
C00231	S08107
C00231	S08499
C00232	S00266
C00233	S00267
C00233	S00548
C00233	S01442
C00233	S02222
C00233	S03174
C00233	S03746
C00233	S05388
C00233	S05735
C00233	S05889
C00233	S06666
C00233	S07181
C00233	S07187
C00233	S08087
C00233	S08705
C00234	S00268
C00234	S08462
C00235	S00269
C00236	S00270
C00237	S00271
C00238	S00272
C00238	S04803
C00238	S06009
C00238	S07244
C00238	S07268
C00238	S07878
C00238	S08254
C00238	S08664
C00239	S00273
C00239	S02446
C00239	S06111
C00239	S08433
C00239	S09279
C00240	S00274
C00240	S03051
C00241	S00275
C00242	S00277
C00242	S02803
C00242	S02972
C00242	S03572
C00242	S08003
C00243	S00278
C00243	S01080
C00243	S03269
C00243	S03739
C00243	S08509
C00244	S00279
C00244	S00395
C00244	S01362
C00244	S03950
C00244	S04858
C00244	S08316
C00245	S00280
C00246	S00282
C00247	S00283
C00248	S00284
C00248	S03954
C00248	S04849
C00249	S00285
C00249	S00636
C00249	S01083
C00249	S03083
C00249	S04466
C00249	S04697
C00249	S04733
C00249	S06037
C00249	S07199
C00249	S07224
C00249	S08067
C00249	S09156
C00250	S00286
C00250	S03491
C00250	S04262
C00250	S07437
C00250	S07464
C00250	S07965
C00250	S08043
C00250	S08853
C00250	S09142
C00251	S00287
C00251	S00507
C00251	S02003
C00251	S02175
C00251	S03669
C00251	S08199
C00251	S09017
C00252	S00288
C00252	S00347
C00252	S00743
C00252	S03435
C00252	S04056
C00252	S05054
C00252	S05372
C00252	S08031
C00252	S08377
C00252	S08381
C00253	S00289
C00253	S09151
C00254	S00290
C00254	S01670
C00254	S02713
C00254	S04594
C00254	S05592
C00254	S06865
C00254	S07735
C00254	S08332
C00254	S08463
C00254	S08467
C00254	S09378
C00255	S00291
C00255	S01606
C00255	S01735
C00255	S01877
C00255	S02041
C00255	S02271
C00255	S02832
C00255	S03671
C00255	S03854
C00255	S03908
C00255	S05121
C00255	S05356
C00255	S08228
C00255	S09318
C00255	S09648
C00256	S00292
C00256	S00428
C00256	S00635
C00256	S01703
C00256	S01878
C00256	S03001
C00256	S03020
C00256	S03599
C00256	S03789
C00256	S04136
C00256	S05322
C00256	S05687
C00256	S07021
C00256	S07394
C00256	S07994
C00256	S08164
C00256	S08851
C00257	S00293
C00258	S00294
C00258	S01416
C00258	S03049
C00258	S03118
C00258	S03384
C00258	S04135
C00258	S05710
C00258	S06381
C00258	S07207
C00258	S07840
C00258	S07936
C00258	S09437
C00259	S00295
C00260	S00296
C00260	S00345
C00260	S01490
C00260	S01675
C00260	S01810
C00260	S02338
C00260	S02355
C00260	S02636
C00260	S03497
C00260	S04129
C00260	S04514
C00260	S04515
C00260	S04986
C00260	S06909
C00260	S07639
C00260	S08077
C00260	S08490
C00260	S08717
C00260	S09473
C00261	S00298
C00261	S00465
C00261	S01368
C00261	S04269
C00261	S05616
C00261	S06306
C00261	S06413
C00261	S09632
C00262	S00299
C00263	S00301
C00264	S00302
C00264	S00844
C00264	S02310
C00264	S04924
C00264	S05846
C00265	S00303
C00265	S04504
C00265	S07470
C00265	S08922
C00266	S00304
C00267	S00305
C00267	S02825
C00268	S00307
C00268	S03009
C00268	S03126
C00268	S05466
C00268	S07491
C00268	S08252
C00269	S00309
C00269	S01155
C00269	S01493
C00269	S01820
C00269	S02600
C00269	S02935
C00269	S04581
C00269	S05849
C00269	S07728
C00269	S07895
C00269	S08040
C00269	S09253
C00270	S00310
C00271	S00312
C00271	S00402
C00271	S00754
C00271	S02774
C00271	S04540
C00271	S06626
C00271	S06830
C00271	S07134
C00271	S07231
C00271	S07283
C00271	S07581
C00271	S07872
C00271	S07877
C00271	S09288
C00271	S09665
C00272	S00314
C00272	S00455
C00272	S01526
C00272	S02159
C00272	S02485
C00272	S03014
C00272	S03968
C00272	S04686
C00272	S05352
C00272	S07228
C00272	S07292
C00272	S08468
C00272	S09090
C00273	S00315
C00273	S01120
C00273	S06405
C00273	S08603
C00274	S00316
C00274	S04819
C00275	S00317
C00276	S00318
C00276	S04348
C00276	S05214
C00276	S09244
C00277	S00319
C00278	S00321
C00278	S08024
C00279	S00322
C00279	S07686
C00279	S08639
C00279	S08758
C00280	S00323
C00281	S00325
C00281	S00389
C00281	S00435
C00281	S00718
C00281	S01134
C00281	S01296
C00281	S01629
C00281	S01940
C00281	S01967
C00281	S02208
C00281	S02397
C00281	S02483
C00281	S02629
C00281	S02684
C00281	S02722
C00281	S02951
C00281	S02995
C00281	S03207
C00281	S03334
C00281	S03466
C00281	S03631
C00281	S03639
C00281	S03772
C00281	S04030
C00281	S04309
C00281	S04604
C00281	S05147
C00281	S05480
C00281	S05770
C00281	S06038
C00281	S06414
C00281	S06663
C00281	S06779
C00281	S06952
C00281	S06977
C00281	S06990
C00281	S07036
C00281	S07330
C00281	S07696
C00281	S07701
C00281	S07719
C00281	S08215
C00281	S08244
C00281	S08337
C00281	S08448
C00281	S08902
C00281	S09115
C00281	S09116
C00281	S09353
C00281	S09496
C00282	S00327
C00282	S05170
C00283	S00328
C00283	S01409
C00284	S00329
C00284	S08104
C00285	S00330
C00285	S00336
C00285	S00430
C00285	S00669
C00285	S00926
C00285	S00931
C00285	S01121
C00285	S01182
C00285	S01627
C00285	S01662
C00285	S02152
C00285	S02286
C00285	S02340
C00285	S02345
C00285	S02477
C00285	S02528
C00285	S02922
C00285	S03279
C00285	S03413
C00285	S03522
C00285	S03813
C00285	S03829
C00285	S04057
C00285	S04118
C00285	S04192
C00285	S04457
C00285	S04973
C00285	S04994
C00285	S05459
C00285	S05837
C00285	S05875
C00285	S06132
C00285	S06256
C00285	S06401
C00285	S06435
C00285	S06472
C00285	S06497
C00285	S06710
C00285	S06751
C00285	S06869
C00285	S06879
C00285	S07600
C00285	S07818
C00285	S08130
C00285	S08618
C00285	S08682
C00285	S08815
C00285	S09002
C00285	S09054
C00285	S09434
C00285	S09501
C00285	S09684
C00286	S00331
C00286	S02659
C00286	S03840
C00287	S00332
C00287	S00513
C00287	S00569
C00287	S00668
C00287	S00786
C00287	S00817
C00287	S00936
C00287	S00985
C00287	S01235
C00287	S01532
C00287	S01543
C00287	S01714
C00287	S01731
C00287	S02193
C00287	S02347
C00287	S02427
C00287	S02523
C00287	S02850
C00287	S02897
C00287	S03490
C00287	S03707
C00287	S03794
C00287	S03991
C00287	S04156
C00287	S04268
C00287	S04784
C00287	S04799
C00287	S04848
C00287	S05313
C00287	S05964
C00287	S05980
C00287	S06155
C00287	S06465
C00287	S06485
C00287	S06736
C00287	S06849
C00287	S06890
C00287	S07221
C00287	S07911
C00287	S08190
C00287	S08406
C00287	S08886
C00287	S09060
C00287	S09169
C00287	S09239
C00287	S09293
C00287	S09680
C00288	S00334
C00288	S01337
C00288	S02080
C00288	S03223
C00288	S05959
C00288	S06780
C00288	S08636
C00288	S09348
C00288	S09414
C00289	S00335
C00289	S04239
C00290	S00337
C00290	S07928
C00290	S08240
C00291	S00338
C00291	S06433
C00292	S00339
C00293	S00340
C00293	S00350
C00293	S01732
C00293	S02543
C00293	S02649
C00293	S03211
C00293	S05929
C00293	S06242
C00293	S06827
C00293	S07267
C00293	S07381
C00293	S07796
C00293	S08449
C00293	S08561
C00293	S09198
C00294	S00341
C00295	S00342
C00295	S05191
C00295	S08724
C00296	S00343
C00296	S04752
C00296	S05836
C00297	S00344
C00297	S02620
C00297	S02888
C00297	S03588
C00297	S05307
C00297	S05590
C00297	S05881
C00297	S06410
C00297	S07265
C00297	S08386
C00297	S09166
C00297	S09282
C00298	S00346
C00298	S03193
C00298	S03961
C00298	S05047
C00298	S06238
C00298	S06456
C00298	S06671
C00298	S07462
C00298	S07949
C00298	S08866
C00298	S09404
C00298	S09614
C00299	S00348
C00299	S03178
C00299	S04038
C00299	S06935
C00299	S08728
C00300	S00349
C00300	S01817
C00300	S02598
C00300	S02906
C00300	S05215
C00300	S05278
C00301	S00352
C00301	S04830
C00301	S08229
C00302	S00353
C00302	S01130
C00302	S03114
C00302	S03136
C00302	S04001
C00302	S04392
C00302	S05493
C00302	S06255
C00302	S06513
C00302	S06597
C00302	S07160
C00302	S07323
C00302	S07444
C00302	S07517
C00302	S08243
C00302	S08455
C00302	S08562
C00302	S09637
C00303	S00354
C00303	S01699
C00303	S01908
C00303	S02840
C00303	S03123
C00303	S03458
C00303	S03687
C00303	S03717
C00303	S04797
C00303	S05552
C00303	S06511
C00303	S07285
C00303	S08797
C00303	S09099
C00304	S00355
C00304	S00499
C00304	S00885
C00304	S00917
C00304	S01026
C00304	S01237
C00304	S01727
C00304	S01910
C00304	S02060
C00304	S02337
C00304	S02452
C00304	S02536
C00304	S02709
C00304	S02804
C00304	S02942
C00304	S03023
C00304	S03026
C00304	S03451
C00304	S03627
C00304	S03702
C00304	S03877
C00304	S04036
C00304	S04040
C00304	S04167
C00304	S04231
C00304	S04248
C00304	S04293
C00304	S04389
C00304	S04655
C00304	S04707
C00304	S05004
C00304	S05034
C00304	S05081
C00304	S05145
C00304	S05431
C00304	S05471
C00304	S06113
C00304	S06136
C00304	S06148
C00304	S06232
C00304	S06706
C00304	S06888
C00304	S06981
C00304	S07119
C00304	S07173
C00304	S07205
C00304	S07403
C00304	S07524
C00304	S07537
C00304	S07629
C00304	S07750
C00304	S07991
C00304	S08094
C00304	S08251
C00304	S08486
C00304	S08856
C00304	S09081
C00304	S09163
C00304	S09391
C00305	S00357
C00306	S00358
C00306	S00441
C00306	S01554
C00306	S02737
C00306	S03220
C00306	S03524
C00306	S03602
C00306	S05500
C00306	S06156
C00306	S06202
C00306	S06451
C00306	S06498
C00306	S07832
C00306	S08131
C00306	S08329
C00306	S08756
C00307	S00359
C00308	S00360
C00309	S00361
C00309	S02116
C00309	S02937
C00309	S07194
C00309	S07717
C00310	S00362
C00310	S08678
C00311	S00363
C00312	S00364
C00312	S06931
C00313	S00367
C00314	S00368
C00315	S00370
C00315	S00960
C00315	S01509
C00315	S03652
C00315	S05109
C00315	S05446
C00315	S06251
C00315	S06547
C00315	S06765
C00315	S06812
C00316	S00372
C00317	S00373
C00318	S00374
C00319	S00375
C00319	S00679
C00319	S07498
C00320	S00376
C00321	S00377
C00322	S00379
C00322	S09506
C00323	S00380
C00323	S01197
C00323	S01538
C00323	S01833
C00323	S02079
C00323	S02155
C00323	S02232
C00323	S03376
C00323	S04095
C00323	S04214
C00323	S04985
C00323	S07688
C00323	S08996
C00323	S09455
C00324	S00381
C00324	S01980
C00324	S03476
C00324	S04419
C00324	S06995
C00324	S07038
C00324	S08184
C00324	S09082
C00325	S00383
C00326	S00384
C00326	S01923
C00326	S02225
C00326	S02371
C00326	S04886
C00326	S08687
C00326	S09019
C00327	S00386
C00328	S00387
C00328	S02032
C00328	S05317
C00328	S06428
C00328	S07485
C00328	S07535
C00328	S09127
C00328	S09491
C00329	S00388
C00330	S00390
C00330	S00706
C00330	S01154
C00330	S01726
C00330	S02011
C00330	S03299
C00330	S04893
C00331	S00392
C00331	S00855
C00331	S01309
C00331	S01507
C00331	S01539
C00331	S01734
C00331	S02381
C00331	S02760
C00331	S02776
C00331	S03886
C00331	S05745
C00331	S05904
C00331	S06774
C00331	S07020
C00331	S07023
C00331	S07359
C00331	S07566
C00331	S07737
C00331	S07803
C00331	S08357
C00332	S00393
C00332	S03342
C00333	S00394
C00333	S04880
C00334	S00396
C00334	S06842
C00334	S09041
C00335	S00397
C00335	S00461
C00335	S01282
C00335	S01513
C00335	S01645
C00335	S02800
C00335	S03228
C00335	S03450
C00335	S03562
C00335	S03632
C00335	S04664
C00335	S04939
C00335	S05646
C00335	S07601
C00335	S08596
C00335	S08950
C00335	S09448
C00335	S09662
C00336	S00398
C00336	S02444
C00336	S04078
C00336	S07682
C00337	S00399
C00337	S01431
C00337	S03086
C00337	S03088
C00337	S03332
C00337	S04027
C00337	S07223
C00337	S07316
C00337	S07333
C00337	S07439
C00337	S07714
C00337	S08304
C00337	S08359
C00337	S08580
C00338	S00401
C00338	S02927
C00338	S03375
C00338	S04177
C00338	S04430
C00338	S06458
C00338	S08398
C00338	S09450
C00339	S00403
C00340	S00404
C00341	S00405
C00341	S00440
C00341	S01478
C00341	S01499
C00341	S01595
C00341	S01622
C00341	S02318
C00341	S02594
C00341	S03082
C00341	S03371
C00341	S03527
C00341	S03910
C00341	S05555
C00341	S05605
C00341	S05972
C00341	S06147
C00341	S06296
C00341	S06634
C00341	S06949
C00341	S08454
C00341	S09502
C00341	S09645
C00342	S00406
C00343	S00407
C00343	S04684
C00343	S08253
C00344	S00408
C00344	S04362
C00344	S07277
C00345	S00409
C00345	S04509
C00346	S00410
C00346	S02272
C00347	S00411
C00347	S00834
C00347	S03168
C00347	S03367
C00347	S03756
C00347	S08896
C00348	S00412
C00348	S07859
C00349	S00414
C00349	S04222
C00349	S08842
C00350	S00416
C00350	S02583
C00351	S00417
C00351	S01963
C00352	S00418
C00353	S00419
C00354	S00420
C00355	S00421
C00356	S00422
C00356	S00788
C00356	S08064
C00356	S08314
C00356	S08744
C00357	S00424
C00358	S00427
C00358	S00634
C00358	S01873
C00358	S02103
C00358	S02130
C00358	S03463
C00358	S03481
C00358	S04282
C00358	S04317
C00358	S04878
C00358	S04958
C00358	S05072
C00358	S05756
C00358	S05764
C00358	S05782
C00358	S05866
C00358	S06109
C00358	S07356
C00358	S07372
C00358	S08025
C00359	S00429
C00359	S00612
C00359	S02163
C00359	S02644
C00359	S05305
C00359	S08489
C00359	S08613
C00359	S09310
C00360	S00433
C00361	S00434
C00362	S00436
C00363	S00437
C00364	S00438
C00364	S01178
C00364	S02487
C00364	S06562
C00365	S00439
C00365	S02171
C00365	S04428
C00365	S08546
C00365	S08974
C00365	S09697
C00366	S00443
C00367	S00444
C00367	S00481
C00367	S00726
C00367	S01268
C00367	S01357
C00367	S01361
C00367	S01626
C00367	S01832
C00367	S02048
C00367	S02336
C00367	S02590
C00367	S02643
C00367	S02810
C00367	S02941
C00367	S02973
C00367	S03040
C00367	S03187
C00367	S03323
C00367	S03945
C00367	S04388
C00367	S04395
C00367	S04578
C00367	S05231
C00367	S05314
C00367	S05460
C00367	S05503
C00367	S05978
C00367	S06805
C00367	S07107
C00367	S07249
C00367	S07519
C00367	S07530
C00367	S07785
C00367	S08041
C00367	S08360
C00367	S08374
C00367	S08564
C00367	S09070
C00367	S09137
C00367	S09242
C00368	S00445
C00368	S05003
C00369	S00446
C00369	S03852
C00369	S06236
C00369	S09514
C00370	S00447
C00370	S03139
C00370	S04436
C00371	S00448
C00372	S00450
C00373	S00451
C00373	S01530
C00373	S03969
C00373	S08507
C00374	S00453
C00375	S00454
C00376	S00456
C00376	S04723
C00376	S07828
C00376	S08456
C00376	S09668
C00376	S09686
C00377	S00457
C00378	S00458
C00378	S00883
C00378	S01040
C00378	S01542
C00378	S02072
C00378	S02383
C00378	S03117
C00378	S03455
C00378	S04378
C00378	S05056
C00378	S05408
C00378	S06114
C00378	S07393
C00378	S07568
C00378	S08964
C00378	S09360
C00379	S00459
C00379	S04112
C00379	S04954
C00379	S09418
C00380	S00460
C00380	S00807
C00380	S01289
C00380	S02160
C00380	S03751
C00380	S07534
C00381	S00462
C00381	S00535
C00381	S00715
C00381	S01918
C00381	S01924
C00381	S02179
C00381	S02994
C00381	S03925
C00381	S04265
C00381	S04505
C00381	S05048
C00381	S05065
C00381	S06863
C00381	S07049
C00381	S07757
C00381	S08424
C00381	S09417
C00382	S00463
C00382	S01596
C00382	S02128
C00382	S02258
C00382	S03292
C00382	S04319
C00382	S04676
C00382	S05502
C00382	S05570
C00382	S07196
C00382	S08134
C00382	S08487
C00382	S08604
C00383	S00464
C00384	S00466
C00384	S00966
C00384	S00968
C00384	S01251
C00384	S01297
C00384	S01650
C00384	S01753
C00384	S02354
C00384	S02912
C00384	S04653
C00384	S05239
C00384	S05948
C00384	S06160
C00384	S06167
C00384	S06814
C00384	S07043
C00384	S09193
C00384	S09212
C00384	S09264
C00384	S09451
C00384	S09487
C00385	S00467
C00385	S02024
C00385	S03520
C00385	S04201
C00385	S05411
C00385	S05751
C00385	S06431
C00385	S06668
C00385	S06746
C00385	S06835
C00385	S07446
C00385	S07501
C00385	S08010
C00385	S08640
C00385	S09084
C00385	S09544
C00386	S00468
C00386	S01218
C00386	S01730
C00386	S04977
C00387	S00469
C00387	S01680
C00387	S08401
C00387	S08439
C00388	S00471
C00389	S00472
C00389	S00702
C00389	S07623
C00390	S00474
C00391	S00475
C00391	S02622
C00391	S09040
C00392	S00476
C00392	S01085
C00392	S02195
C00392	S02277
C00392	S03729
C00392	S04347
C00392	S04866
C00392	S06969
C00392	S08396
C00393	S00477
C00394	S00478
C00395	S00479
C00395	S02086
C00395	S03623
C00395	S04961
C00395	S05125
C00395	S05474
C00395	S05674
C00395	S06099
C00395	S06429
C00395	S06892
C00395	S07494
C00395	S08913
C00396	S00480
C00396	S02464
C00396	S03848
C00396	S08062
C00396	S09717
C00397	S00483
C00398	S00485
C00398	S01046
C00399	S00487
C00399	S00571
C00399	S02891
C00399	S03252
C00399	S04213
C00399	S04639
C00399	S05262
C00399	S08418
C00399	S08605
C00399	S09368
C00399	S09527
C00400	S00488
C00400	S03442
C00400	S04693
C00400	S07236
C00401	S00489
C00401	S00498
C00401	S03138
C00401	S06711
C00402	S00490
C00403	S00491
C00403	S08475
C00403	S08593
C00404	S00492
C00405	S00493
C00405	S05608
C00405	S06326
C00405	S07045
C00406	S00495
C00406	S01331
C00406	S01472
C00406	S02580
C00406	S03594
C00406	S03703
C00406	S05140
C00406	S05199
C00406	S05449
C00406	S05508
C00406	S06535
C00406	S06965
C00407	S00497
C00407	S00927
C00407	S01348
C00407	S03218
C00407	S04028
C00407	S05092
C00407	S08037
C00408	S00500
C00408	S07280
C00409	S00501
C00409	S09028
C00410	S00502
C00410	S01914
C00410	S02961
C00410	S07211
C00410	S07349
C00410	S08297
C00411	S00503
C00411	S00819
C00411	S01151
C00411	S04267
C00411	S05518
C00411	S06460
C00411	S06844
C00411	S07967
C00411	S08808
C00412	S00504
C00412	S01447
C00412	S01494
C00412	S04016
C00412	S04528
C00412	S04937
C00412	S06075
C00412	S06735
C00412	S06855
C00412	S07795
C00412	S08818
C00413	S00506
C00413	S02702
C00414	S00508
C00414	S00841
C00415	S00509
C00415	S02030
C00415	S08750
C00416	S00510
C00416	S01089
C00416	S05728
C00417	S00512
C00417	S01225
C00418	S00515
C00418	S00543
C00418	S01146
C00418	S01175
C00418	S01437
C00418	S01849
C00418	S02150
C00418	S02363
C00418	S02827
C00418	S04242
C00418	S04334
C00418	S04829
C00418	S05347
C00418	S05988
C00418	S06158
C00418	S06677
C00418	S07798
C00418	S09416
C00419	S00517
C00420	S00518
C00420	S00760
C00420	S03452
C00420	S04393
C00420	S04960
C00420	S09647
C00421	S00519
C00421	S06394
C00422	S00520
C00422	S00741
C00422	S05765
C00422	S09104
C00423	S00522
C00423	S04490
C00424	S00524
C00424	S03320
C00424	S04344
C00425	S00525
C00426	S00529
C00426	S00736
C00427	S00530
C00427	S00599
C00427	S02939
C00427	S09241
C00427	S09547
C00428	S00531
C00428	S07281
C00429	S00532
C00429	S00799
C00429	S02238
C00429	S04220
C00429	S05062
C00429	S06071
C00429	S07284
C00429	S08549
C00429	S08771
C00430	S00534
C00431	S00536
C00431	S02330
C00431	S02412
C00431	S05420
C00431	S07715
C00431	S08279
C00432	S00537
C00432	S02327
C00432	S07266
C00432	S07465
C00433	S00539
C00433	S00554
C00433	S01073
C00433	S02460
C00433	S06676
C00433	S08027
C00433	S08407
C00433	S08951
C00434	S00540
C00434	S03489
C00435	S00541
C00435	S01379
C00435	S01754
C00435	S02004
C00435	S02377
C00435	S02898
C00435	S04210
C00435	S04281
C00435	S04851
C00435	S04943
C00435	S06011
C00435	S07449
C00435	S07641
C00435	S09118
C00435	S09322
C00436	S00542
C00436	S00955
C00436	S01002
C00436	S01338
C00436	S01413
C00436	S02300
C00436	S04506
C00436	S05291
C00436	S07921
C00437	S00545
C00437	S00659
C00437	S00682
C00437	S00919
C00437	S01168
C00437	S01171
C00437	S01854
C00437	S02124
C00437	S02317
C00437	S02895
C00437	S03071
C00437	S03757
C00437	S03800
C00437	S04910
C00437	S04929
C00437	S05279
C00437	S05442
C00437	S05777
C00437	S05845
C00437	S06066
C00437	S06277
C00437	S06419
C00437	S06797
C00437	S06833
C00437	S06874
C00437	S06928
C00437	S07225
C00437	S07286
C00437	S08083
C00437	S08193
C00437	S08294
C00437	S08548
C00437	S09246
C00438	S00546
C00438	S01948
C00438	S06945
C00438	S09595
C00439	S00549
C00440	S00550
C00440	S05481
C00440	S06823
C00441	S00552
C00441	S01788
C00441	S01961
C00441	S02926
C00441	S04615
C00441	S04974
C00441	S05729
C00441	S06225
C00441	S06539
C00441	S08256
C00441	S08746
C00441	S08829
C00441	S09284
C00441	S09611
C00442	S00555
C00443	S00556
C00443	S00686
C00443	S00717
C00443	S01288
C00443	S01792
C00443	S01996
C00443	S02006
C00443	S02467
C00443	S03125
C00443	S03324
C00443	S03430
C00443	S03684
C00443	S03826
C00443	S04570
C00443	S04646
C00443	S04713
C00443	S04751
C00443	S04996
C00443	S05504
C00443	S05760
C00443	S05761
C00443	S05970
C00443	S06003
C00443	S06062
C00443	S06142
C00443	S06520
C00443	S06772
C00443	S06989
C00443	S07087
C00443	S08141
C00443	S08959
C00443	S09018
C00443	S09315
C00443	S09327
C00443	S09538
C00444	S00557
C00445	S00558
C00445	S01145
C00445	S04715
C00445	S04864
C00445	S05432
C00445	S06455
C00446	S00559
C00446	S03928
C00446	S08151
C00446	S09260
C00447	S00560
C00447	S09337
C00448	S00562
C00449	S00563
C00449	S01370
C00449	S03314
C00449	S04465
C00449	S07202
C00449	S08148
C00450	S00564
C00450	S03483
C00450	S04811
C00450	S05183
C00450	S05702
C00450	S06748
C00450	S07409
C00451	S00565
C00451	S01318
C00451	S02045
C00451	S02999
C00451	S05712
C00451	S06471
C00451	S06628
C00451	S07015
C00451	S08399
C00451	S08977
C00451	S09071
C00452	S00566
C00452	S01426
C00452	S01459
C00452	S05102
C00452	S07152
C00452	S08447
C00452	S08542
C00452	S08559
C00452	S08576
C00452	S08776
C00453	S00568
C00453	S01560
C00453	S05585
C00453	S07063
C00454	S00570
C00455	S00572
C00455	S09484
C00456	S00573
C00456	S01138
C00456	S01159
C00456	S01710
C00456	S02433
C00456	S02950
C00456	S03446
C00456	S03665
C00456	S04916
C00456	S05070
C00456	S05091
C00456	S05337
C00456	S05627
C00456	S06149
C00456	S06464
C00456	S06722
C00456	S07013
C00456	S07258
C00456	S07760
C00456	S08632
C00457	S00574
C00457	S01569
C00457	S08845
C00457	S09210
C00458	S00575
C00458	S03469
C00458	S03511
C00458	S06310
C00458	S09561
C00459	S00578
C00460	S00579
C00461	S00580
C00461	S00593
C00461	S01381
C00461	S07373
C00461	S07777
C00462	S00581
C00462	S01813
C00462	S01983
C00462	S02169
C00462	S02392
C00462	S04350
C00462	S04372
C00462	S07794
C00462	S07811
C00462	S09617
C00463	S00582
C00464	S00583
C00464	S01469
C00464	S01777
C00464	S01938
C00464	S01998
C00464	S02441
C00464	S02975
C00464	S05873
C00464	S08325
C00464	S09247
C00465	S00584
C00465	S01207
C00466	S00586
C00467	S00587
C00467	S01905
C00468	S00588
C00468	S09130
C00469	S00589
C00470	S00590
C00471	S00591
C00471	S06198
C00471	S06522
C00471	S06660
C00472	S00594
C00472	S06064
C00473	S00596
C00473	S00975
C00473	S01441
C00473	S01943
C00473	S02696
C00473	S02731
C00473	S04033
C00473	S04779
C00473	S05847
C00474	S00597
C00474	S05461
C00475	S00600
C00475	S01294
C00475	S01553
C00475	S01654
C00475	S02461
C00475	S02662
C00475	S03200
C00475	S03300
C00475	S03512
C00475	S03617
C00475	S04003
C00475	S04338
C00475	S04492
C00475	S04628
C00475	S04648
C00475	S05649
C00475	S05688
C00475	S05724
C00475	S05743
C00475	S05806
C00475	S06200
C00475	S06250
C00475	S06316
C00475	S06916
C00475	S07116
C00475	S07571
C00475	S07984
C00476	S00601
C00476	S04838
C00476	S08321
C00477	S00602
C00478	S00603
C00479	S00604
C00479	S06056
C00480	S00605
C00481	S00606
C00482	S00609
C00483	S00610
C00483	S01750
C00483	S02876
C00483	S03368
C00483	S03659
C00483	S04482
C00483	S06618
C00483	S07369
C00483	S07740
C00483	S08587
C00483	S08630
C00484	S00611
C00484	S06355
C00485	S00614
C00485	S07499
C00485	S09243
C00486	S00615
C00486	S01312
C00486	S02299
C00486	S04473
C00486	S04495
C00486	S06875
C00487	S00616
C00488	S00617
C00488	S01231
C00488	S03566
C00488	S04103
C00488	S04425
C00488	S04627
C00488	S05277
C00488	S06452
C00488	S07643
C00489	S00619
C00490	S00620
C00491	S00621
C00491	S02560
C00491	S03013
C00491	S03646
C00492	S00622
C00492	S01019
C00492	S03235
C00492	S07310
C00493	S00623
C00493	S00707
C00493	S01090
C00493	S02746
C00493	S03393
C00493	S04579
C00493	S05155
C00493	S05371
C00493	S05614
C00493	S06040
C00493	S06333
C00493	S07056
C00493	S07813
C00493	S07958
C00494	S00624
C00494	S03655
C00494	S03661
C00494	S03697
C00494	S05267
C00494	S05295
C00494	S05879
C00494	S06000
C00494	S07532
C00494	S08057
C00494	S09411
C00495	S00625
C00496	S00626
C00496	S03165
C00496	S03370
C00496	S03713
C00496	S03715
C00496	S04831
C00496	S05514
C00496	S05804
C00496	S05902
C00496	S06311
C00496	S06747
C00496	S06939
C00496	S07807
C00496	S08135
C00496	S08354
C00496	S09367
C00496	S09507
C00496	S09560
C00496	S09658
C00497	S00627
C00498	S00628
C00499	S00629
C00499	S01048
C00499	S09280
C00500	S00630
C00500	S06932
C00501	S00631
C00501	S02921
C00502	S00632
C00503	S00633
C00503	S01107
C00503	S04511
C00503	S07309
C00503	S07652
C00504	S00637
C00504	S00642
C00504	S00660
C00504	S05513
C00504	S06073
C00504	S06152
C00504	S06986
C00504	S07970
C00505	S00638
C00505	S01717
C00505	S02770
C00505	S04252
C00505	S06887
C00506	S00639
C00506	S01303
C00506	S03350
C00506	S06275
C00506	S07400
C00506	S08718
C00507	S00640
C00508	S00641
C00508	S02866
C00508	S05302
C00509	S00643
C00509	S03302
C00509	S09499
C00510	S00644
C00511	S00645
C00512	S00646
C00512	S00723
C00512	S01000
C00512	S01103
C00512	S02775
C00512	S05444
C00512	S05706
C00512	S07109
C00512	S08488
C00513	S00647
C00514	S00648
C00515	S00650
C00515	S01099
C00516	S00651
C00517	S00653
C00517	S07845
C00518	S00654
C00518	S00770
C00518	S01027
C00518	S01837
C00518	S01966
C00518	S02066
C00518	S02928
C00518	S03152
C00518	S04719
C00518	S04793
C00518	S06008
C00518	S06541
C00518	S06729
C00518	S06997
C00518	S07016
C00518	S07870
C00518	S09030
C00519	S00655
C00520	S00656
C00521	S00657
C00522	S00658
C00523	S00661
C00523	S02259
C00523	S08144
C00524	S00662
C00524	S01072
C00524	S01342
C00524	S06500
C00525	S00663
C00525	S03425
C00526	S00665
C00527	S00666
C00527	S00826
C00527	S03060
C00527	S03067
C00527	S05981
C00527	S07638
C00528	S00670
C00528	S09036
C00529	S00671
C00529	S01198
C00530	S00672
C00530	S01570
C00530	S02027
C00530	S03385
C00530	S09303
C00531	S00673
C00531	S02688
C00531	S02786
C00531	S02924
C00531	S04662
C00531	S05463
C00531	S05947
C00532	S00674
C00532	S02694
C00533	S00675
C00533	S00861
C00533	S02252
C00533	S03505
C00533	S04456
C00533	S05641
C00533	S07300
C00533	S08183
C00534	S00676
C00534	S01069
C00534	S01184
C00534	S01336
C00534	S01512
C00534	S01797
C00534	S01804
C00534	S02039
C00534	S02373
C00534	S02534
C00534	S02998
C00534	S03276
C00534	S03343
C00534	S03561
C00534	S03842
C00534	S04549
C00534	S06494
C00534	S06619
C00534	S07082
C00534	S07419
C00534	S08205
C00534	S08302
C00534	S08358
C00534	S08421
C00535	S00677
C00535	S06953
C00536	S00678
C00536	S00904
C00536	S04700
C00536	S04769
C00536	S05434
C00536	S06176
C00536	S08013
C00536	S08983
C00536	S09083
C00537	S00680
C00538	S00681
C00539	S00683
C00540	S00684
C00541	S00685
C00541	S00964
C00541	S01378
C00541	S01489
C00541	S01687
C00541	S01791
C00541	S02074
C00541	S02276
C00541	S03291
C00541	S03907
C00541	S04043
C00541	S04251
C00541	S05283
C00541	S05944
C00541	S06723
C00541	S07093
C00541	S07302
C00541	S09014
C00542	S00687
C00542	S05365
C00543	S00688
C00543	S02705
C00543	S03321
C00543	S04845
C00543	S05327
C00543	S05428
C00543	S06970
C00543	S09183
C00543	S09569
C00543	S09580
C00544	S00689
C00544	S04111
C00545	S00690
C00545	S08674
C00546	S00692
C00546	S00937
C00547	S00693
C00547	S01479
C00547	S02367
C00547	S07989
C00548	S00694
C00548	S01639
C00549	S00695
C00550	S00696
C00550	S04104
C00551	S00698
C00551	S01582
C00551	S01676
C00551	S05023
C00551	S05400
C00551	S05730
C00551	S07495
C00552	S00699
C00552	S06519
C00553	S00700
C00553	S03448
C00554	S00701
C00555	S00703
C00555	S09385
C00556	S00705
C00556	S00731
C00556	S01162
C00556	S01394
C00556	S01510
C00556	S01655
C00556	S01723
C00556	S02076
C00556	S02168
C00556	S02186
C00556	S02239
C00556	S02414
C00556	S02614
C00556	S02623
C00556	S02732
C00556	S02887
C00556	S02964
C00556	S03788
C00556	S03791
C00556	S04171
C00556	S04327
C00556	S04397
C00556	S05382
C00556	S05835
C00556	S05840
C00556	S06196
C00556	S06361
C00556	S06769
C00556	S06850
C00556	S07308
C00556	S07894
C00556	S07993
C00556	S08070
C00556	S08073
C00556	S08271
C00556	S08931
C00556	S08988
C00556	S09478
C00556	S09553
C00557	S00708
C00558	S00709
C00558	S02495
C00558	S05032
C00558	S06521
C00558	S07982
C00559	S00711
C00559	S00789
C00559	S02631
C00559	S03790
C00559	S06389
C00559	S07431
C00559	S07817
C00559	S08719
C00559	S09042
C00560	S00712
C00561	S00716
C00561	S08378
C00562	S00719
C00563	S00720
C00563	S06594
C00563	S07922
C00564	S00724
C00564	S06675
C00565	S00727
C00565	S02316
C00565	S02364
C00565	S03016
C00565	S05807
C00565	S07617
C00565	S08115
C00565	S08994
C00565	S09394
C00565	S09479
C00566	S00728
C00566	S03778
C00566	S04791
C00566	S09097
C00567	S00729
C00567	S02266
C00567	S02679
C00567	S03827
C00567	S03911
C00567	S05815
C00567	S08523
C00567	S08963
C00568	S00730
C00569	S00732
C00569	S02450
C00570	S00734
C00571	S00735
C00571	S06143
C00572	S00737
C00572	S01058
C00572	S02587
C00572	S04633
C00572	S04801
C00572	S04824
C00572	S05350
C00572	S08102
C00573	S00738
C00574	S00739
C00575	S00740
C00575	S00747
C00575	S02209
C00576	S00744
C00577	S00748
C00577	S01456
C00578	S00749
C00578	S01013
C00578	S01179
C00578	S02192
C00578	S02498
C00578	S02893
C00578	S04234
C00578	S04855
C00578	S04895
C00578	S05043
C00578	S05264
C00578	S05901
C00578	S06640
C00578	S06757
C00578	S07538
C00578	S08046
C00579	S00750
C00579	S01275
C00579	S02306
C00579	S05803
C00579	S07554
C00580	S00751
C00580	S01408
C00580	S01520
C00580	S01696
C00580	S01822
C00580	S02109
C00580	S02552
C00580	S02556
C00580	S02651
C00580	S03110
C00580	S03354
C00580	S03775
C00580	S03897
C00580	S04421
C00580	S05041
C00580	S05485
C00580	S05568
C00580	S05667
C00580	S06380
C00580	S06400
C00580	S07503
C00580	S07627
C00580	S07713
C00580	S09403
C00580	S09493
C00580	S09639
C00581	S00752
C00582	S00753
C00582	S04409
C00583	S00755
C00584	S00756
C00584	S03336
C00585	S00757
C00585	S02140
C00585	S08472
C00586	S00758
C00586	S03934
C00586	S07592
C00586	S08505
C00587	S00759
C00587	S01811
C00587	S06094
C00588	S00762
C00588	S08659
C00588	S08785
C00588	S08795
C00588	S08909
C00589	S00765
C00589	S05377
C00589	S06477
C00590	S00766
C00591	S00768
C00591	S01638
C00591	S02472
C00592	S00769
C00593	S00771
C00593	S01082
C00593	S01104
C00593	S01926
C00593	S01927
C00593	S02282
C00593	S04225
C00593	S06566
C00593	S06700
C00593	S07376
C00593	S09220
C00594	S00772
C00594	S01077
C00594	S01382
C00594	S02767
C00594	S03387
C00594	S03699
C00594	S04081
C00594	S04856
C00594	S04982
C00594	S05383
C00594	S05600
C00594	S05690
C00594	S07337
C00594	S07420
C00594	S07903
C00594	S08201
C00594	S09175
C00595	S00773
C00596	S00774
C00596	S01534
C00596	S03113
C00596	S03818
C00597	S00775
C00598	S00776
C00598	S01433
C00598	S01982
C00599	S00777
C00599	S01088
C00599	S04052
C00599	S08738
C00599	S09525
C00600	S00778
C00600	S01830
C00600	S05750
C00600	S06398
C00600	S06484
C00600	S07721
C00601	S00779
C00601	S03624
C00601	S06820
C00602	S00781
C00602	S02741
C00602	S03196
C00602	S03888
C00602	S06585
C00602	S09045
C00603	S00782
C00604	S00783
C00604	S03500
C00605	S00784
C00606	S00785
C00607	S00791
C00607	S03858
C00607	S04846
C00607	S05521
C00607	S07720
C00607	S09197
C00608	S00792
C00609	S00793
C00609	S02515
C00609	S05189
C00609	S06052
C00609	S06395
C00609	S07528
C00610	S00794
C00610	S03079
C00610	S03723
C00610	S09226
C00611	S00795
C00611	S01074
C00612	S00796
C00613	S00797
C00613	S08600
C00613	S09307
C00614	S00798
C00614	S05138
C00615	S00800
C00616	S00801
C00617	S00803
C00617	S01679
C00617	S01968
C00618	S00804
C00618	S05637
C00618	S06385
C00619	S00805
C00619	S03270
C00619	S04925
C00619	S07879
C00619	S08699
C00619	S08765
C00620	S00808
C00621	S00811
C00621	S07438
C00622	S00814
C00622	S01079
C00622	S02156
C00622	S02936
C00622	S07264
C00622	S08862
C00622	S09026
C00623	S00815
C00624	S00816
C00624	S03052
C00625	S00818
C00625	S03459
C00625	S05389
C00625	S08932
C00626	S00821
C00627	S00822
C00628	S00823
C00629	S00825
C00630	S00827
C00631	S00828
C00631	S07992
C00632	S00829
C00633	S00830
C00634	S00831
C00634	S03731
C00635	S00832
C00636	S00833
C00636	S00922
C00636	S01266
C00636	S03191
C00636	S04935
C00636	S05079
C00636	S07059
C00636	S07605
C00636	S09565
C00637	S00835
C00637	S07257
C00638	S00836
C00638	S01720
C00638	S03534
C00638	S04601
C00639	S00837
C00639	S02744
C00639	S05338
C00640	S00838
C00640	S05052
C00640	S07060
C00641	S00840
C00641	S02691
C00641	S03683
C00641	S05636
C00641	S08047
C00642	S00843
C00642	S05415
C00642	S05884
C00643	S00845
C00644	S00846
C00644	S01759
C00645	S00847
C00645	S01028
C00645	S02287
C00645	S03239
C00645	S04767
C00645	S06524
C00646	S00849
C00646	S02063
C00646	S02677
C00646	S06790
C00646	S07820
C00647	S00850
C00648	S00852
C00649	S00853
C00649	S02342
C00649	S06172
C00649	S06527
C00649	S06786
C00649	S07884
C00649	S08841
C00650	S00854
C00650	S04454
C00650	S05695
C00650	S05785
C00650	S06065
C00651	S00856
C00652	S00857
C00652	S03195
C00653	S00858
C00653	S02025
C00653	S06911
C00653	S08055
C00654	S00859
C00655	S00860
C00655	S01590
C00655	S03360
C00656	S00862
C00656	S05386
C00656	S06131
C00656	S07734
C00657	S00863
C00657	S05663
C00658	S00864
C00659	S00865
C00659	S02078
C00660	S00867
C00661	S00868
C00662	S00869
C00662	S01586
C00662	S01886
C00662	S02055
C00662	S02703
C00662	S03184
C00662	S03307
C00662	S03704
C00662	S03734
C00662	S04292
C00662	S04672
C00662	S04984
C00662	S05451
C00662	S05731
C00662	S05827
C00662	S06013
C00662	S06486
C00662	S07699
C00662	S07890
C00662	S08328
C00662	S08450
C00662	S08607
C00662	S08792
C00662	S09152
C00662	S09554
C00663	S00870
C00663	S05475
C00664	S00871
C00664	S02520
C00664	S05935
C00665	S00872
C00666	S00874
C00666	S05240
C00667	S00875
C00668	S00876
C00669	S00877
C00669	S01020
C00669	S01075
C00669	S01165
C00669	S01210
C00669	S01415
C00669	S01977
C00669	S01979
C00669	S02093
C00669	S02114
C00669	S02137
C00669	S02250
C00669	S02482
C00669	S02795
C00669	S02892
C00669	S02966
C00669	S03069
C00669	S03397
C00669	S03422
C00669	S03526
C00669	S03708
C00669	S03994
C00669	S04314
C00669	S04775
C00669	S05366
C00669	S05617
C00669	S05933
C00669	S06095
C00669	S06580
C00669	S06782
C00669	S06825
C00669	S06971
C00669	S07030
C00669	S07339
C00669	S07660
C00669	S07946
C00669	S08059
C00669	S08122
C00669	S08260
C00669	S08327
C00669	S08419
C00669	S08492
C00669	S08784
C00669	S09610
C00669	S09714
C00670	S00879
C00671	S00880
C00671	S01091
C00672	S00882
C00673	S00884
C00674	S00889
C00674	S03943
C00674	S05560
C00675	S00891
C00676	S00892
C00677	S00893
C00678	S00894
C00678	S01400
C00678	S02247
C00678	S02253
C00678	S02667
C00678	S03151
C00678	S03832
C00678	S03966
C00678	S04166
C00678	S04217
C00678	S04471
C00678	S04744
C00678	S05255
C00678	S05963
C00678	S07027
C00678	S07390
C00678	S08058
C00678	S08168
C00678	S08390
C00678	S08470
C00678	S08477
C00678	S08479
C00678	S09311
C00679	S00895
C00679	S09320
C00680	S00896
C00680	S05021
C00680	S06332
C00681	S00898
C00681	S04060
C00682	S00899
C00683	S00900
C00683	S01973
C00684	S00903
C00685	S00906
C00685	S04150
C00686	S00907
C00687	S00909
C00688	S00911
C00688	S02394
C00688	S02773
C00688	S05351
C00688	S05528
C00689	S00914
C00690	S00915
C00690	S01879
C00690	S04967
C00690	S05316
C00690	S05982
C00690	S08220
C00690	S08311
C00690	S08563
C00691	S00916
C00692	S00918
C00692	S02557
C00692	S03741
C00693	S00920
C00694	S00921
C00694	S02843
C00694	S05257
C00694	S08581
C00695	S00923
C00696	S00928
C00696	S01256
C00696	S06259
C00697	S00929
C00697	S07935
C00698	S00932
C00698	S01571
C00698	S07799
C00699	S00933
C00699	S01427
C00700	S00934
C00700	S01350
C00700	S08496
C00701	S00938
C00702	S00940
C00702	S09093
C00703	S00941
C00704	S00942
C00705	S00943
C00706	S00944
C00706	S01056
C00707	S00945
C00708	S00946
C00708	S01006
C00708	S03233
C00708	S03339
C00708	S04132
C00708	S05871
C00708	S05931
C00708	S06766
C00708	S07227
C00708	S07241
C00708	S07475
C00708	S08021
C00708	S09027
C00709	S00947
C00710	S00948
C00711	S00949
C00712	S00951
C00712	S01010
C00712	S01721
C00712	S01933
C00712	S02091
C00712	S02537
C00712	S02690
C00712	S04617
C00712	S05397
C00712	S05670
C00712	S05698
C00712	S06309
C00712	S08036
C00712	S08060
C00712	S08098
C00712	S08267
C00712	S09646
C00713	S00953
C00713	S08078
C00713	S08836
C00714	S00954
C00715	S00957
C00715	S01419
C00715	S01452
C00715	S01640
C00715	S01809
C00715	S01823
C00715	S01911
C00715	S01919
C00715	S02785
C00715	S03135
C00715	S03331
C00715	S03556
C00715	S04080
C00715	S04172
C00715	S04244
C00715	S05038
C00715	S05374
C00715	S05409
C00715	S05522
C00715	S06169
C00715	S06228
C00715	S08435
C00715	S08716
C00715	S09730
C00716	S00959
C00716	S01550
C00716	S01835
C00716	S02231
C00716	S03834
C00716	S03932
C00716	S06191
C00716	S06528
C00716	S07954
C00716	S08355
C00716	S09182
C00716	S09274
C00717	S00961
C00718	S00962
C00718	S01904
C00718	S02172
C00718	S02402
C00718	S02545
C00718	S03265
C00718	S03593
C00718	S03986
C00718	S04088
C00718	S04113
C00718	S04439
C00718	S05001
C00718	S05040
C00718	S05853
C00718	S07493
C00718	S08105
C00718	S08643
C00718	S08805
C00718	S08824
C00718	S09077
C00719	S00963
C00719	S05575
C00720	S00967
C00720	S03880
C00720	S06368
C00720	S06950
C00720	S06968
C00721	S00969
C00721	S01867
C00722	S00973
C00722	S01771
C00722	S02009
C00722	S02761
C00722	S03242
C00722	S04325
C00722	S04513
C00722	S05282
C00722	S05301
C00722	S06760
C00722	S08002
C00723	S00974
C00723	S04181
C00723	S06402
C00723	S08891
C00724	S00976
C00725	S00977
C00726	S00978
C00727	S00980
C00728	S00982
C00728	S06189
C00728	S06606
C00729	S00984
C00730	S00986
C00730	S01042
C00730	S01960
C00730	S03964
C00730	S09088
C00731	S00987
C00731	S05418
C00731	S07000
C00732	S00988
C00732	S01014
C00732	S01593
C00732	S03517
C00732	S04600
C00732	S05625
C00732	S05986
C00732	S07676
C00732	S09430
C00733	S00989
C00733	S02801
C00734	S00990
C00734	S07930
C00734	S08869
C00735	S00991
C00735	S07418
C00736	S00992
C00736	S04143
C00737	S00993
C00737	S01557
C00737	S06019
C00737	S06755
C00737	S06920
C00738	S00994
C00738	S03456
C00738	S03603
C00738	S04364
C00738	S09688
C00739	S00995
C00740	S00996
C00740	S01038
C00740	S03890
C00740	S04573
C00740	S07540
C00740	S09636
C00741	S00997
C00741	S01559
C00742	S00998
C00742	S06724
C00743	S00999
C00744	S01001
C00744	S01997
C00744	S04696
C00744	S09138
C00745	S01003
C00746	S01007
C00746	S02874
C00747	S01008
C00747	S02540
C00747	S03965
C00747	S06017
C00747	S08518
C00747	S09053
C00748	S01009
C00749	S01011
C00750	S01012
C00751	S01015
C00752	S01016
C00753	S01017
C00753	S05288
C00753	S05942
C00753	S07427
C00753	S09159
C00753	S09702
C00754	S01018
C00754	S03100
C00754	S07536
C00754	S08384
C00755	S01021
C00755	S01373
C00755	S01514
C00755	S02157
C00755	S02280
C00755	S02349
C00755	S03085
C00755	S03420
C00755	S03596
C00755	S03933
C00755	S04423
C00755	S04738
C00755	S04862
C00755	S05510
C00755	S05721
C00755	S05940
C00755	S06756
C00755	S07691
C00755	S07876
C00755	S08017
C00755	S09139
C00755	S09251
C00756	S01022
C00757	S01023
C00758	S01025
C00758	S05540
C00758	S05707
C00759	S01030
C00760	S01031
C00760	S09584
C00761	S01032
C00761	S01782
C00761	S08848
C00762	S01033
C00762	S03630
C00763	S01034
C00764	S01037
C00764	S05920
C00764	S07881
C00764	S09124
C00765	S01041
C00765	S06572
C00766	S01043
C00766	S02642
C00767	S01044
C00767	S02551
C00767	S03172
C00767	S09309
C00768	S01045
C00769	S01047
C00770	S01050
C00771	S01051
C00771	S02763
C00771	S02798
C00771	S06787
C00771	S07077
C00771	S09145
C00771	S09302
C00771	S09373
C00771	S09652
C00772	S01052
C00773	S01054
C00774	S01055
C00774	S03570
C00774	S07919
C00774	S08914
C00775	S01057
C00776	S01059
C00776	S05979
C00776	S08544
C00777	S01060
C00778	S01062
C00779	S01063
C00780	S01064
C00781	S01065
C00782	S01067
C00783	S01068
C00783	S01224
C00783	S01659
C00784	S01071
C00784	S03327
C00785	S01076
C00785	S06159
C00785	S07543
C00785	S08295
C00786	S01078
C00786	S01547
C00786	S09578
C00787	S01081
C00787	S01743
C00787	S05058
C00788	S01084
C00788	S02081
C00788	S02384
C00788	S02733
C00788	S03587
C00788	S05330
C00788	S06199
C00788	S06941
C00788	S07282
C00788	S07417
C00788	S07453
C00788	S08941
C00789	S01086
C00790	S01087
C00791	S01093
C00791	S01888
C00791	S02136
C00791	S03472
C00791	S03780
C00791	S04047
C00791	S05376
C00791	S05941
C00791	S07634
C00791	S07858
C00791	S08697
C00791	S08871
C00791	S09380
C00792	S01097
C00792	S03996
C00793	S01100
C00794	S01101
C00794	S02368
C00795	S01102
C00795	S03876
C00796	S01105
C00797	S01106
C00797	S05826
C00798	S01108
C00799	S01109
C00800	S01110
C00801	S01111
C00802	S01112
C00802	S03046
C00802	S03346
C00802	S04091
C00802	S05549
C00803	S01114
C00804	S01115
C00804	S01261
C00804	S02385
C00804	S05781
C00804	S06204
C00804	S06530
C00804	S07212
C00804	S07395
C00804	S07906
C00804	S09406
C00805	S01116
C00805	S01572
C00805	S05748
C00805	S07516
C00805	S08326
C00805	S08927
C00806	S01117
C00806	S01674
C00806	S01816
C00806	S02474
C00806	S04102
C00806	S04368
C00806	S05228
C00806	S05909
C00806	S08153
C00806	S09214
C00807	S01118
C00808	S01122
C00808	S02113
C00808	S04041
C00809	S01123
C00809	S02948
C00810	S01124
C00810	S02362
C00810	S03206
C00810	S08307
C00811	S01127
C00812	S01128
C00812	S06274
C00812	S08816
C00813	S01129
C00813	S01841
C00813	S02240
C00813	S02573
C00813	S04175
C00813	S05253
C00813	S06295
C00813	S06653
C00813	S07346
C00813	S07614
C00814	S01131
C00815	S01132
C00816	S01133
C00817	S01135
C00817	S04367
C00817	S08940
C00818	S01136
C00819	S01139
C00820	S01140
C00821	S01141
C00821	S02504
C00822	S01142
C00822	S06801
C00822	S09215
C00823	S01143
C00823	S01895
C00823	S02657
C00823	S05292
C00823	S08567
C00824	S01144
C00825	S01147
C00825	S02360
C00825	S02378
C00825	S03902
C00825	S04208
C00825	S04915
C00826	S01148
C00826	S03479
C00826	S03769
C00826	S05068
C00826	S05205
C00826	S05384
C00826	S05650
C00826	S05900
C00826	S05928
C00826	S08584
C00826	S09111
C00827	S01149
C00828	S01150
C00829	S01153
C00830	S01156
C00831	S01157
C00832	S01158
C00833	S01160
C00834	S01161
C00835	S01163
C00835	S01546
C00836	S01164
C00837	S01166
C00838	S01167
C00839	S01172
C00839	S01364
C00839	S04312
C00839	S04478
C00839	S04558
C00839	S05029
C00839	S06617
C00839	S06716
C00839	S06739
C00839	S08704
C00840	S01173
C00840	S02123
C00841	S01174
C00841	S01625
C00841	S03109
C00841	S05888
C00841	S06108
C00841	S06725
C00842	S01176
C00843	S01177
C00844	S01180
C00845	S01181
C00846	S01185
C00847	S01186
C00847	S09459
C00847	S09728
C00848	S01187
C00849	S01188
C00849	S03074
C00849	S07456
C00850	S01189
C00850	S04134
C00851	S01190
C00852	S01191
C00852	S09612
C00853	S01192
C00853	S05799
C00853	S05812
C00853	S06678
C00853	S08007
C00854	S01194
C00855	S01195
C00855	S03533
C00855	S07507
C00855	S09257
C00856	S01196
C00857	S01199
C00857	S03093
C00857	S04894
C00857	S07562
C00857	S09681
C00858	S01201
C00859	S01202
C00859	S04802
C00860	S01204
C00861	S01205
C00862	S01208
C00863	S01209
C00864	S01211
C00865	S01213
C00865	S06185
C00866	S01214
C00866	S02665
C00867	S01215
C00867	S06369
C00868	S01217
C00869	S01219
C00870	S01220
C00870	S01420
C00870	S02305
C00870	S03742
C00870	S05423
C00870	S06366
C00870	S06745
C00870	S09000
C00871	S01221
C00871	S07576
C00872	S01223
C00872	S05345
C00872	S07580
C00873	S01226
C00874	S01227
C00875	S01228
C00875	S07354
C00876	S01229
C00877	S01232
C00878	S01233
C00879	S01234
C00879	S05419
C00880	S01236
C00881	S01240
C00882	S01241
C00883	S01243
C00883	S04491
C00883	S09593
C00884	S01245
C00885	S01247
C00885	S04810
C00886	S01248
C00887	S01249
C00888	S01253
C00888	S03946
C00888	S07105
C00889	S01254
C00889	S06847
C00890	S01255
C00890	S02216
C00890	S06925
C00891	S01257
C00891	S02455
C00892	S01262
C00892	S02517
C00892	S02672
C00892	S03000
C00892	S03101
C00892	S04019
C00892	S04507
C00892	S04551
C00892	S05097
C00892	S06596
C00892	S07511
C00892	S08158
C00892	S08857
C00892	S09201
C00892	S09474
C00893	S01263
C00894	S01264
C00895	S01265
C00896	S01270
C00896	S02296
C00896	S06292
C00897	S01271
C00898	S01276
C00898	S06610
C00898	S09165
C00898	S09428
C00899	S01277
C00899	S01952
C00899	S02302
C00899	S02462
C00899	S05075
C00900	S01278
C00901	S01279
C00901	S04990
C00901	S06579
C00901	S08139
C00902	S01280
C00903	S01281
C00903	S09575
C00904	S01283
C00905	S01284
C00905	S08185
C00906	S01292
C00907	S01295
C00908	S01298
C00909	S01299
C00910	S01301
C00910	S04184
C00910	S09007
C00911	S01302
C00911	S01646
C00911	S01781
C00911	S06218
C00911	S06851
C00911	S07504
C00912	S01304
C00912	S01988
C00912	S02955
C00912	S04274
C00912	S06635
C00912	S06804
C00912	S07722
C00912	S07766
C00912	S08889
C00912	S09622
C00913	S01305
C00913	S01868
C00913	S06124
C00914	S01308
C00914	S03546
C00914	S03777
C00914	S06544
C00914	S07593
C00914	S07695
C00915	S01310
C00916	S01311
C00916	S01353
C00916	S03612
C00916	S05714
C00916	S06383
C00916	S08903
C00917	S01314
C00917	S03282
C00917	S04365
C00917	S06374
C00917	S06917
C00917	S08177
C00917	S09660
C00918	S01315
C00919	S01316
C00920	S01317
C00921	S01319
C00922	S01320
C00922	S08266
C00922	S09706
C00923	S01321
C00924	S01323
C00924	S04406
C00924	S04483
C00925	S01324
C00926	S01325
C00926	S04042
C00926	S09363
C00927	S01326
C00928	S01327
C00928	S07383
C00928	S09711
C00929	S01328
C00929	S05248
C00930	S01329
C00931	S01330
C00931	S01682
C00931	S05336
C00931	S05339
C00931	S07445
C00931	S08370
C00931	S08854
C00931	S08924
C00931	S08957
C00932	S01332
C00933	S01333
C00933	S01915
C00933	S01917
C00933	S02490
C00933	S02807
C00933	S03817
C00933	S04303
C00933	S04926
C00933	S05498
C00933	S06157
C00933	S06924
C00933	S07331
C00933	S07412
C00933	S07791
C00933	S08494
C00933	S08611
C00933	S08762
C00933	S09009
C00933	S09729
C00934	S01339
C00934	S05247
C00935	S01340
C00935	S07782
C00936	S01341
C00937	S01343
C00937	S03078
C00938	S01344
C00938	S04302
C00938	S07378
C00939	S01345
C00939	S02914
C00940	S01346
C00940	S03953
C00941	S01347
C00941	S01890
C00941	S04343
C00941	S09185
C00942	S01349
C00942	S03539
C00942	S07191
C00943	S01351
C00943	S06197
C00943	S08417
C00944	S01354
C00944	S01729
C00944	S03657
C00944	S09072
C00945	S01355
C00946	S01356
C00946	S02134
C00946	S03011
C00946	S05221
C00946	S06674
C00947	S01358
C00947	S04554
C00947	S08133
C00948	S01359
C00949	S01360
C00950	S01365
C00950	S04867
C00950	S05266
C00951	S01366
C00951	S01796
C00951	S07681
C00952	S01372
C00952	S02597
C00952	S03887
C00952	S04531
C00952	S04773
C00952	S05108
C00952	S05689
C00952	S05791
C00952	S06061
C00952	S06388
C00952	S07297
C00952	S07342
C00953	S01374
C00953	S05529
C00954	S01375
C00954	S05468
C00954	S09235
C00955	S01376
C00956	S01377
C00956	S03288
C00956	S09004
C00957	S01380
C00957	S07886
C00958	S01383
C00958	S02676
C00958	S03025
C00958	S03142
C00958	S03613
C00958	S03895
C00958	S04725
C00958	S04933
C00958	S06308
C00958	S09319
C00958	S09526
C00959	S01385
C00960	S01386
C00961	S01388
C00961	S03560
C00961	S07913
C00962	S01389
C00963	S01390
C00963	S04119
C00964	S01392
C00965	S01393
C00965	S06112
C00965	S08571
C00966	S01396
C00966	S03149
C00967	S01397
C00968	S01401
C00968	S06087
C00969	S01402
C00969	S08578
C00970	S01403
C00971	S01404
C00971	S01861
C00971	S02601
C00971	S04107
C00971	S05074
C00971	S05104
C00971	S05315
C00971	S05848
C00971	S09672
C00972	S01405
C00972	S02189
C00972	S04896
C00972	S04991
C00972	S05427
C00972	S05809
C00972	S07800
C00972	S09206
C00973	S01406
C00973	S09605
C00974	S01407
C00974	S05936
C00974	S07489
C00975	S01414
C00976	S01417
C00976	S09329
C00977	S01418
C00978	S01421
C00978	S03116
C00979	S01422
C00980	S01423
C00981	S01424
C00982	S01425
C00982	S03830
C00983	S01430
C00984	S01434
C00984	S02535
C00984	S08096
C00985	S01435
C00986	S01436
C00987	S01438
C00987	S01847
C00987	S02165
C00987	S02270
C00987	S02796
C00987	S03176
C00987	S03474
C00987	S03578
C00987	S04370
C00987	S05024
C00987	S05390
C00987	S05704
C00987	S07665
C00987	S07868
C00987	S08095
C00987	S08280
C00987	S08905
C00987	S09056
C00987	S09119
C00987	S09167
C00987	S09703
C00987	S09723
C00988	S01439
C00988	S02084
C00988	S07523
C00988	S08216
C00988	S08589
C00988	S09223
C00989	S01440
C00990	S01444
C00991	S01448
C00992	S01449
C00992	S02757
C00992	S04537
C00992	S05517
C00992	S06636
C00992	S07574
C00992	S09001
C00993	S01451
C00994	S01453
C00994	S02457
C00994	S06715
C00994	S07525
C00995	S01454
C00995	S01871
C00995	S02097
C00995	S02581
C00995	S02641
C00995	S02736
C00995	S04147
C00995	S06828
C00995	S08707
C00996	S01455
C00996	S08835
C00997	S01457
C00998	S01458
C00998	S04521
C00998	S05335
C00998	S05657
C00998	S07311
C00998	S07862
C00998	S09511
C00999	S01460
C01000	S01461
C01000	S06426
C01000	S08016
C01001	S01462
C01001	S07287
C01001	S08774
C01002	S01463
C01003	S01464
C01003	S04407
C01003	S04448
C01004	S01465
C01005	S01467
C01005	S07434
C01006	S01471
C01007	S01473
C01007	S02981
C01007	S03169
C01007	S03584
C01007	S04275
C01007	S04532
C01007	S05333
C01007	S05537
C01007	S06390
C01007	S07125
C01007	S09144
C01007	S09336
C01008	S01475
C01009	S01476
C01010	S01480
C01011	S01481
C01011	S02759
C01011	S04386
C01011	S07659
C01011	S09069
C01012	S01482
C01013	S01483
C01014	S01486
C01014	S03937
C01014	S07371
C01015	S01487
C01015	S03819
C01015	S07703
C01015	S08344
C01015	S09590
C01016	S01488
C01017	S01492
C01017	S04087
C01017	S06128
C01017	S06593
C01017	S08537
C01017	S08658
C01017	S08783
C01018	S01495
C01019	S01497
C01019	S04536
C01020	S01498
C01020	S01608
C01020	S02586
C01020	S04121
C01020	S04720
C01020	S07586
C01020	S08483
C01021	S01500
C01022	S01501
C01023	S01505
C01024	S01506
C01025	S01516
C01026	S01517
C01026	S02117
C01026	S04179
C01026	S07085
C01027	S01518
C01028	S01519
C01029	S01521
C01029	S06601
C01029	S07603
C01029	S07685
C01029	S08861
C01030	S01522
C01031	S01523
C01031	S02304
C01031	S04999
C01031	S07121
C01031	S08511
C01031	S08834
C01032	S01524
C01033	S01525
C01033	S05556
C01034	S01527
C01034	S04063
C01034	S07849
C01034	S08263
C01035	S01531
C01036	S01533
C01037	S01535
C01037	S02646
C01037	S07966
C01037	S08238
C01038	S01536
C01038	S03352
C01039	S01537
C01039	S07496
C01040	S01540
C01040	S02607
C01040	S04654
C01041	S01541
C01041	S02925
C01041	S05159
C01041	S06643
C01042	S01544
C01042	S03409
C01043	S01545
C01044	S01548
C01045	S01552
C01046	S01555
C01047	S01556
C01047	S02000
C01048	S01558
C01048	S03418
C01048	S05369
C01048	S06423
C01048	S06553
C01048	S07046
C01048	S08434
C01049	S01561
C01050	S01562
C01050	S03609
C01051	S01564
C01052	S01565
C01052	S03208
C01052	S03614
C01052	S03837
C01052	S06937
C01052	S08787
C01052	S09393
C01053	S01566
C01053	S05628
C01053	S05642
C01053	S05718
C01053	S05903
C01053	S07626
C01053	S09048
C01054	S01567
C01055	S01568
C01055	S03548
C01055	S03802
C01055	S05908
C01055	S09659
C01056	S01574
C01056	S02133
C01056	S02376
C01056	S03401
C01056	S04651
C01056	S04762
C01056	S05545
C01056	S06262
C01056	S07997
C01056	S08999
C01056	S09136
C01056	S09698
C01057	S01575
C01058	S01576
C01059	S01578
C01060	S01579
C01060	S01875
C01061	S01580
C01061	S02584
C01062	S01584
C01063	S01585
C01064	S01588
C01064	S08872
C01065	S01589
C01066	S01592
C01066	S04561
C01067	S01594
C01067	S02627
C01068	S01597
C01068	S04747
C01069	S01598
C01070	S01599
C01071	S01600
C01071	S05182
C01071	S05774
C01071	S08246
C01072	S01601
C01073	S01602
C01074	S01603
C01074	S07939
C01075	S01604
C01076	S01605
C01076	S03576
C01076	S07988
C01077	S01609
C01077	S01812
C01077	S07128
C01077	S08907
C01077	S09275
C01078	S01610
C01079	S01611
C01080	S01612
C01080	S02228
C01081	S01613
C01081	S05249
C01081	S05294
C01082	S01616
C01082	S05917
C01083	S01619
C01083	S04778
C01083	S06658
C01083	S08273
C01084	S01620
C01084	S09005
C01085	S01621
C01086	S01623
C01086	S07143
C01087	S01624
C01088	S01630
C01088	S02610
C01088	S08343
C01089	S01633
C01090	S01634
C01091	S01635
C01091	S08299
C01092	S01636
C01092	S08503
C01093	S01637
C01094	S01641
C01094	S03478
C01094	S03904
C01094	S06708
C01094	S08440
C01094	S09259
C01095	S01642
C01096	S01644
C01097	S01647
C01097	S04593
C01097	S07217
C01097	S08888
C01098	S01648
C01099	S01649
C01100	S01651
C01100	S07204
C01101	S01652
C01102	S01653
C01102	S05965
C01103	S01656
C01103	S08668
C01104	S01657
C01104	S06587
C01104	S07363
C01105	S01658
C01105	S03917
C01105	S03955
C01106	S01660
C01107	S01663
C01107	S04741
C01107	S05324
C01107	S07693
C01107	S09371
C01108	S01664
C01109	S01665
C01109	S05443
C01110	S01667
C01110	S04580
C01110	S06438
C01110	S08830
C01111	S01668
C01111	S03792
C01112	S01669
C01113	S01671
C01114	S01673
C01114	S08777
C01115	S01677
C01116	S01678
C01117	S01681
C01117	S07163
C01118	S01683
C01118	S03879
C01118	S08347
C01118	S08917
C01119	S01688
C01120	S01689
C01121	S01690
C01121	S07468
C01122	S01691
C01122	S02177
C01122	S02858
C01122	S03358
C01122	S04959
C01122	S08245
C01123	S01692
C01124	S01693
C01124	S09644
C01125	S01695
C01126	S01698
C01126	S03356
C01127	S01700
C01127	S02088
C01127	S03283
C01127	S04621
C01127	S05195
C01127	S05250
C01127	S05664
C01128	S01702
C01129	S01704
C01130	S01705
C01130	S07926
C01131	S01706
C01131	S02766
C01131	S03942
C01132	S01707
C01133	S01708
C01134	S01709
C01135	S01711
C01136	S01712
C01136	S02226
C01136	S02436
C01136	S08298
C01137	S01713
C01138	S01715
C01138	S03571
C01138	S05828
C01138	S06091
C01138	S08958
C01139	S01716
C01140	S01718
C01141	S01722
C01141	S07058
C01142	S01724
C01143	S01725
C01144	S01736
C01144	S04487
C01145	S01737
C01146	S01738
C01146	S09676
C01147	S01739
C01148	S01740
C01148	S04071
C01148	S08469
C01148	S08598
C01148	S08921
C01149	S01741
C01149	S07942
C01149	S08573
C01150	S01742
C01151	S01744
C01151	S07515
C01152	S01745
C01153	S01746
C01153	S09285
C01153	S09354
C01154	S01747
C01154	S06097
C01154	S06532
C01154	S08342
C01154	S08935
C01155	S01749
C01155	S01969
C01155	S02426
C01155	S04330
C01155	S04353
C01155	S05919
C01155	S06749
C01156	S01751
C01157	S01752
C01157	S05622
C01157	S06234
C01157	S07670
C01158	S01755
C01158	S05576
C01159	S01756
C01159	S06476
C01160	S01757
C01161	S01758
C01161	S02357
C01161	S08877
C01162	S01760
C01162	S02500
C01162	S06839
C01162	S09597
C01163	S01761
C01163	S04301
C01164	S01763
C01164	S06614
C01165	S01765
C01165	S02987
C01165	S06028
C01165	S07481
C01165	S09358
C01166	S01766
C01166	S04161
C01166	S07694
C01167	S01768
C01167	S02475
C01167	S04435
C01167	S08009
C01168	S01770
C01169	S01772
C01170	S01773
C01171	S01774
C01172	S01776
C01172	S02014
C01173	S01778
C01174	S01779
C01175	S01780
C01176	S01783
C01177	S01784
C01177	S04955
C01178	S01785
C01178	S02715
C01178	S08882
C01179	S01786
C01180	S01787
C01180	S04538
C01180	S04879
C01180	S05653
C01180	S06623
C01180	S06798
C01180	S06803
C01180	S09369
C01181	S01790
C01182	S01793
C01182	S04703
C01182	S05287
C01182	S07467
C01182	S08365
C01183	S01794
C01183	S02856
C01184	S01795
C01184	S02262
C01184	S02670
C01184	S02905
C01184	S03264
C01184	S03313
C01184	S03779
C01184	S06475
C01184	S06726
C01185	S01798
C01186	S01800
C01186	S06880
C01187	S01802
C01188	S01803
C01189	S01805
C01189	S08310
C01190	S01806
C01191	S01807
C01192	S01814
C01192	S07805
C01193	S01815
C01193	S09410
C01194	S01818
C01195	S01819
C01196	S01821
C01196	S02054
C01196	S02459
C01196	S05293
C01196	S06554
C01197	S01825
C01197	S03798
C01197	S09691
C01198	S01826
C01199	S01827
C01199	S07235
C01199	S07801
C01199	S08258
C01199	S08961
C01199	S09272
C01199	S09341
C01199	S09654
C01200	S01829
C01201	S01831
C01201	S05412
C01201	S05647
C01201	S06057
C01201	S06299
C01201	S06328
C01202	S01834
C01203	S01836
C01204	S01838
C01205	S01839
C01205	S03434
C01205	S08843
C01206	S01840
C01206	S02748
C01207	S01844
C01208	S01845
C01209	S01846
C01209	S07384
C01210	S01851
C01210	S05036
C01210	S05490
C01211	S01852
C01211	S02244
C01211	S09476
C01212	S01853
C01212	S05833
C01213	S01855
C01214	S01856
C01215	S01857
C01215	S04254
C01216	S01858
C01217	S01860
C01217	S07759
C01218	S01862
C01219	S01864
C01219	S06687
C01220	S01865
C01220	S02035
C01220	S04402
C01220	S09376
C01221	S01866
C01221	S02307
C01221	S06106
C01222	S01869
C01222	S04837
C01222	S09108
C01223	S01870
C01224	S01872
C01224	S02569
C01224	S05887
C01224	S09073
C01225	S01874
C01226	S01880
C01226	S02499
C01226	S09200
C01227	S01881
C01228	S01882
C01229	S01883
C01230	S01887
C01231	S01891
C01231	S03275
C01232	S01893
C01233	S01894
C01233	S03330
C01234	S01896
C01234	S06025
C01235	S01897
C01235	S07288
C01235	S08790
C01236	S01898
C01236	S03162
C01236	S05073
C01237	S01899
C01237	S04970
C01237	S05019
C01238	S01900
C01238	S04039
C01238	S04599
C01238	S09013
C01238	S09217
C01239	S01901
C01240	S01902
C01241	S01903
C01242	S01906
C01243	S01907
C01244	S01909
C01244	S03999
C01245	S01913
C01246	S01916
C01247	S01921
C01247	S03055
C01247	S08539
C01248	S01922
C01249	S01925
C01249	S02061
C01249	S06570
C01250	S01928
C01250	S05506
C01251	S01929
C01251	S08264
C01252	S01930
C01252	S02278
C01252	S04310
C01252	S07222
C01252	S07960
C01253	S01934
C01254	S01935
C01254	S03253
C01255	S01936
C01255	S03286
C01255	S03843
C01255	S07452
C01256	S01937
C01257	S01939
C01257	S03952
C01257	S07232
C01257	S07863
C01257	S07986
C01257	S08397
C01257	S08558
C01258	S01942
C01259	S01944
C01259	S02953
C01260	S01946
C01260	S07233
C01261	S01949
C01262	S01954
C01263	S01956
C01263	S03461
C01263	S07704
C01263	S08928
C01264	S01958
C01265	S01959
C01266	S01964
C01267	S01970
C01267	S03767
C01268	S01971
C01269	S01972
C01269	S07584
C01270	S01974
C01271	S01976
C01272	S01984
C01273	S01986
C01273	S03763
C01273	S04555
C01273	S05925
C01273	S06473
C01273	S08883
C01274	S01987
C01274	S03700
C01275	S01989
C01276	S01990
C01276	S05824
C01276	S06346
C01277	S01992
C01277	S02718
C01277	S03597
C01277	S06495
C01277	S07306
C01277	S07319
C01277	S08000
C01277	S09134
C01277	S09618
C01278	S01993
C01279	S01994
C01280	S01995
C01280	S04229
C01281	S01999
C01281	S02788
C01282	S02001
C01282	S05178
C01283	S02002
C01284	S02005
C01285	S02010
C01285	S06816
C01285	S07505
C01286	S02012
C01286	S05118
C01287	S02013
C01288	S02015
C01289	S02016
C01290	S02017
C01290	S02111
C01291	S02018
C01291	S02236
C01291	S02257
C01291	S02274
C01291	S05644
C01292	S02019
C01292	S06478
C01292	S07208
C01292	S08858
C01293	S02026
C01293	S06967
C01293	S08308
C01293	S08420
C01294	S02028
C01295	S02029
C01296	S02031
C01297	S02033
C01298	S02034
C01298	S04026
C01298	S05251
C01298	S08981
C01299	S02036
C01300	S02038
C01300	S02248
C01300	S04008
C01300	S05308
C01300	S05387
C01301	S02040
C01302	S02042
C01302	S07521
C01303	S02043
C01304	S02044
C01305	S02047
C01305	S05476
C01305	S08510
C01305	S08778
C01306	S02049
C01307	S02050
C01308	S02053
C01308	S04908
C01309	S02056
C01309	S04382
C01309	S04865
C01309	S05265
C01309	S07142
C01309	S07678
C01309	S09346
C01310	S02057
C01311	S02059
C01311	S04891
C01312	S02062
C01313	S02065
C01313	S03062
C01313	S03724
C01314	S02067
C01315	S02068
C01315	S02564
C01315	S03042
C01315	S03915
C01315	S07424
C01315	S09316
C01316	S02070
C01317	S02073
C01318	S02077
C01318	S02771
C01318	S03130
C01318	S03259
C01318	S03711
C01318	S04326
C01318	S04442
C01318	S04951
C01318	S05009
C01318	S06335
C01318	S08700
C01318	S09608
C01318	S09704
C01319	S02082
C01319	S04871
C01319	S06029
C01319	S08749
C01320	S02085
C01320	S05832
C01320	S09397
C01321	S02087
C01322	S02089
C01322	S05717
C01323	S02090
C01323	S02533
C01324	S02092
C01325	S02094
C01326	S02095
C01326	S02319
C01326	S03120
C01326	S04663
C01326	S08884
C01327	S02096
C01327	S02458
C01327	S06422
C01328	S02100
C01329	S02101
C01330	S02102
C01330	S02613
C01330	S04997
C01330	S09234
C01331	S02104
C01331	S05772
C01331	S07741
C01332	S02105
C01333	S02108
C01333	S05426
C01334	S02112
C01334	S07421
C01335	S02115
C01336	S02118
C01336	S03912
C01336	S05989
C01337	S02119
C01337	S06707
C01337	S07492
C01338	S02120
C01339	S02121
C01340	S02122
C01340	S09268
C01341	S02125
C01342	S02126
C01342	S07102
C01343	S02129
C01343	S02666
C01343	S07025
C01344	S02138
C01344	S03106
C01344	S03248
C01344	S04674
C01344	S06703
C01345	S02139
C01345	S09020
C01346	S02141
C01346	S04596
C01346	S05164
C01346	S07090
C01346	S08504
C01347	S02142
C01348	S02143
C01349	S02144
C01349	S06339
C01350	S02145
C01351	S02146
C01352	S02147
C01353	S02153
C01354	S02154
C01355	S02158
C01356	S02161
C01357	S02164
C01357	S03007
C01358	S02167
C01358	S04355
C01358	S07486
C01358	S07738
C01359	S02170
C01360	S02173
C01360	S02606
C01361	S02174
C01362	S02176
C01362	S03495
C01362	S04757
C01362	S08956
C01362	S09546
C01363	S02178
C01363	S03862
C01364	S02180
C01365	S02181
C01365	S02415
C01365	S03825
C01365	S04643
C01366	S02183
C01367	S02185
C01367	S02410
C01367	S07413
C01367	S09314
C01368	S02187
C01368	S05825
C01369	S02190
C01370	S02194
C01370	S02630
C01370	S03508
C01370	S04012
C01370	S08146
C01371	S02198
C01372	S02199
C01372	S03859
C01372	S05789
C01373	S02200
C01374	S02201
C01375	S02203
C01376	S02205
C01376	S05006
C01376	S08747
C01377	S02207
C01377	S03194
C01377	S05631
C01378	S02210
C01379	S02211
C01379	S02697
C01380	S02212
C01380	S05107
C01380	S05213
C01380	S07122
C01380	S07897
C01380	S09589
C01381	S02214
C01382	S02217
C01383	S02219
C01384	S02220
C01384	S05217
C01384	S06763
C01385	S02221
C01386	S02223
C01386	S03278
C01386	S04154
C01386	S04966
C01386	S05768
C01386	S05861
C01386	S06734
C01386	S08346
C01387	S02227
C01388	S02233
C01389	S02235
C01390	S02241
C01390	S07804
C01391	S02242
C01392	S02245
C01392	S05242
C01393	S02246
C01394	S02249
C01394	S02411
C01394	S02794
C01394	S04115
C01394	S04542
C01394	S05401
C01394	S09035
C01395	S02251
C01395	S07416
C01395	S07959
C01395	S09078
C01396	S02254
C01397	S02255
C01398	S02256
C01399	S02261
C01399	S02707
C01399	S02784
C01399	S04363
C01399	S04563
C01399	S05739
C01399	S05895
C01399	S06283
C01399	S06832
C01399	S07526
C01399	S07929
C01400	S02263
C01401	S02264
C01402	S02265
C01402	S02945
C01403	S02267
C01403	S06502
C01404	S02269
C01405	S02273
C01405	S05767
C01405	S06896
C01405	S09606
C01406	S02279
C01407	S02285
C01408	S02289
C01408	S04022
C01408	S07314
C01408	S08176
C01408	S09298
C01409	S02290
C01410	S02291
C01411	S02292
C01411	S07044
C01411	S07368
C01411	S07662
C01411	S07668
C01411	S07861
C01412	S02293
C01413	S02294
C01413	S08061
C01413	S08782
C01413	S09626
C01414	S02297
C01415	S02301
C01416	S02303
C01417	S02308
C01417	S09273
C01418	S02309
C01418	S04722
C01418	S05238
C01418	S06891
C01418	S07003
C01418	S07113
C01419	S02311
C01419	S03764
C01419	S05857
C01419	S06583
C01419	S08939
C01420	S02312
C01421	S02314
C01422	S02320
C01423	S02321
C01424	S02322
C01424	S04539
C01424	S06761
C01424	S08221
C01424	S08423
C01425	S02323
C01425	S06510
C01426	S02324
C01426	S04918
C01427	S02325
C01428	S02326
C01429	S02328
C01430	S02332
C01431	S02333
C01432	S02334
C01433	S02335
C01434	S02339
C01434	S03462
C01435	S02344
C01436	S02348
C01437	S02352
C01438	S02353
C01439	S02356
C01439	S06165
C01439	S07998
C01440	S02359
C01441	S02361
C01442	S02365
C01443	S02369
C01444	S02375
C01444	S06913
C01444	S07374
C01445	S02379
C01446	S02380
C01447	S02382
C01448	S02387
C01448	S03820
C01448	S07875
C01449	S02389
C01450	S02390
C01450	S03504
C01450	S04126
C01450	S07396
C01451	S02391
C01452	S02393
C01452	S02896
C01452	S09435
C01453	S02396
C01454	S02399
C01454	S06406
C01454	S08089
C01454	S08821
C01455	S02400
C01456	S02403
C01456	S04868
C01457	S02404
C01457	S03438
C01457	S07169
C01458	S02405
C01458	S09228
C01459	S02406
C01460	S02408
C01460	S07687
C01460	S08445
C01460	S08610
C01460	S09345
C01461	S02409
C01462	S02417
C01462	S04410
C01462	S09694
C01463	S02418
C01463	S04069
C01463	S05678
C01464	S02419
C01465	S02421
C01465	S02755
C01465	S06690
C01466	S02424
C01467	S02425
C01468	S02428
C01468	S06515
C01469	S02429
C01469	S06007
C01469	S06188
C01469	S07083
C01470	S02430
C01470	S05547
C01471	S02431
C01471	S05122
C01472	S02432
C01473	S02434
C01473	S04587
C01474	S02435
C01475	S02437
C01475	S07126
C01475	S09174
C01476	S02439
C01476	S04921
C01477	S02442
C01477	S04058
C01477	S07825
C01477	S08723
C01477	S09423
C01478	S02445
C01478	S06505
C01478	S08689
C01478	S09574
C01479	S02447
C01479	S04510
C01479	S08615
C01479	S09276
C01480	S02448
C01481	S02449
C01482	S02465
C01482	S03447
C01482	S03625
C01483	S02466
C01484	S02468
C01485	S02469
C01486	S02470
C01487	S02473
C01487	S03115
C01487	S07053
C01487	S07732
C01487	S08662
C01488	S02476
C01488	S05795
C01488	S06788
C01489	S02478
C01490	S02480
C01491	S02484
C01491	S03554
C01491	S05926
C01491	S07024
C01492	S02488
C01493	S02489
C01493	S02524
C01493	S02947
C01494	S02491
C01494	S08400
C01495	S02492
C01496	S02493
C01496	S03039
C01496	S03436
C01496	S04459
C01496	S04582
C01496	S04913
C01496	S04950
C01496	S05457
C01496	S06611
C01496	S07579
C01497	S02494
C01498	S02496
C01498	S03161
C01499	S02497
C01499	S08989
C01500	S02501
C01500	S05923
C01501	S02502
C01502	S02503
C01502	S05010
C01502	S06078
C01502	S06600
C01502	S08207
C01503	S02505
C01504	S02507
C01505	S02508
C01506	S02510
C01506	S02608
C01506	S04813
C01506	S07162
C01507	S02511
C01507	S04250
C01507	S08954
C01508	S02512
C01509	S02516
C01509	S03308
C01510	S02518
C01510	S08614
C01511	S02519
C01511	S06493
C01511	S09333
C01512	S02521
C01513	S02526
C01514	S02527
C01515	S02529
C01515	S02963
C01516	S02532
C01516	S06854
C01517	S02538
C01518	S02541
C01519	S02547
C01520	S02548
C01520	S05130
C01521	S02549
C01522	S02550
C01523	S02553
C01524	S02554
C01524	S04415
C01524	S07448
C01524	S07880
C01524	S08224
C01525	S02558
C01526	S02559
C01526	S05999
C01527	S02562
C01528	S02563
C01528	S04517
C01529	S02565
C01530	S02568
C01531	S02570
C01531	S02616
C01532	S02571
C01533	S02572
C01533	S04800
C01533	S08226
C01534	S02574
C01535	S02575
C01536	S02576
C01537	S02577
C01538	S02578
C01539	S02579
C01540	S02582
C01541	S02585
C01542	S02588
C01542	S04422
C01542	S04441
C01542	S04656
C01542	S06775
C01542	S08667
C01543	S02589
C01544	S02591
C01545	S02593
C01546	S02595
C01547	S02599
C01547	S09025
C01548	S02603
C01548	S04957
C01548	S05915
C01549	S02604
C01550	S02609
C01551	S02611
C01551	S03590
C01552	S02612
C01553	S02617
C01553	S07270
C01553	S09453
C01553	S09465
C01554	S02618
C01555	S02619
C01555	S05601
C01556	S02621
C01556	S02960
C01557	S02624
C01557	S02894
C01557	S04420
C01557	S04658
C01558	S02626
C01559	S02628
C01559	S03057
C01559	S03885
C01560	S02632
C01561	S02633
C01562	S02634
C01563	S02635
C01563	S07436
C01564	S02638
C01564	S05952
C01564	S08770
C01564	S09556
C01565	S02639
C01566	S02640
C01566	S03982
C01566	S08442
C01567	S02645
C01567	S03412
C01567	S03691
C01568	S02647
C01569	S02648
C01570	S02650
C01570	S05207
C01570	S07647
C01571	S02653
C01572	S02654
C01572	S06264
C01573	S02655
C01574	S02658
C01574	S02844
C01574	S03648
C01574	S03744
C01574	S04631
C01574	S05005
C01574	S06070
C01574	S07325
C01574	S07573
C01574	S08428
C01574	S08642
C01574	S08781
C01574	S08947
C01575	S02661
C01575	S07041
C01576	S02663
C01576	S05404
C01576	S08028
C01577	S02664
C01578	S02668
C01578	S07594
C01579	S02671
C01580	S02673
C01581	S02674
C01581	S06540
C01581	S07976
C01581	S09125
C01582	S02675
C01583	S02678
C01584	S02681
C01585	S02682
C01586	S02683
C01587	S02685
C01588	S02686
C01589	S02687
C01589	S06237
C01589	S09011
C01590	S02689
C01591	S02692
C01592	S02695
C01592	S02938
C01592	S04159
C01592	S05319
C01592	S05407
C01592	S06203
C01592	S07779
C01592	S08189
C01592	S08670
C01592	S08904
C01593	S02700
C01593	S09494
C01594	S02701
C01595	S02706
C01596	S02708
C01596	S09296
C01597	S02710
C01598	S02711
C01599	S02712
C01599	S07964
C01600	S02716
C01601	S02717
C01602	S02719
C01603	S02723
C01603	S02729
C01603	S03873
C01603	S04636
C01603	S05699
C01603	S06030
C01603	S06533
C01603	S06550
C01603	S08672
C01604	S02725
C01605	S02726
C01605	S07031
C01606	S02727
C01607	S02728
C01608	S02734
C01609	S02735
C01610	S02738
C01611	S02739
C01612	S02743
C01612	S03124
C01613	S02747
C01613	S04642
C01614	S02749
C01615	S02751
C01616	S02752
C01617	S02753
C01618	S02754
C01619	S02758
C01620	S02762
C01621	S02764
C01622	S02765
C01622	S05830
C01622	S06315
C01622	S08286
C01623	S02769
C01624	S02772
C01624	S03809
C01625	S02777
C01625	S04089
C01625	S05100
C01625	S08823
C01625	S08895
C01626	S02778
C01626	S08068
C01626	S09457
C01627	S02779
C01628	S02781
C01628	S05961
C01628	S06049
C01629	S02782
C01630	S02783
C01631	S02789
C01631	S05740
C01632	S02790
C01632	S05571
C01633	S02791
C01633	S03035
C01633	S03464
C01633	S04357
C01633	S05153
C01633	S06231
C01633	S06927
C01633	S07100
C01633	S07234
C01633	S07527
C01634	S02792
C01634	S05402
C01635	S02793
C01635	S02830
C01635	S04298
C01635	S09440
C01636	S02797
C01636	S03219
C01636	S08625
C01637	S02802
C01637	S05230
C01638	S02805
C01639	S02806
C01639	S08191
C01639	S09216
C01640	S02808
C01640	S04123
C01640	S08066
C01641	S02811
C01642	S02812
C01642	S03958
C01643	S02814
C01643	S03053
C01643	S04467
C01643	S05131
C01644	S02818
C01644	S03064
C01644	S04216
C01644	S07999
C01644	S09549
C01645	S02819
C01646	S02820
C01647	S02821
C01647	S09388
C01648	S02822
C01649	S02823
C01649	S09372
C01650	S02826
C01651	S02829
C01652	S02831
C01653	S02834
C01654	S02836
C01655	S02838
C01656	S02839
C01657	S02841
C01658	S02842
C01658	S03962
C01659	S02845
C01660	S02846
C01661	S02847
C01662	S02848
C01662	S05135
C01662	S08235
C01663	S02851
C01664	S02852
C01664	S04556
C01664	S06216
C01665	S02853
C01665	S07155
C01666	S02854
C01667	S02855
C01667	S05467
C01667	S07072
C01668	S02857
C01668	S04680
C01669	S02859
C01669	S08800
C01670	S02860
C01671	S02861
C01671	S03128
C01671	S05634
C01671	S06336
C01671	S07520
C01672	S02862
C01672	S07590
C01673	S02863
C01674	S02864
C01675	S02867
C01675	S08521
C01675	S08952
C01676	S02868
C01677	S02869
C01677	S05505
C01678	S02870
C01678	S03975
C01678	S06002
C01679	S02871
C01679	S03824
C01679	S04634
C01680	S02873
C01681	S02877
C01682	S02881
C01683	S02882
C01684	S02883
C01684	S03407
C01684	S06121
C01684	S07230
C01685	S02884
C01685	S08227
C01685	S08385
C01686	S02885
C01686	S06895
C01686	S09355
C01687	S02886
C01687	S06776
C01688	S02889
C01688	S03960
C01688	S05363
C01689	S02890
C01690	S02900
C01691	S02902
C01691	S06808
C01692	S02904
C01693	S02909
C01694	S02910
C01694	S04230
C01694	S07203
C01695	S02911
C01696	S02913
C01697	S02915
C01697	S03555
C01697	S04657
C01697	S06470
C01697	S07500
C01697	S08348
C01697	S08602
C01698	S02916
C01698	S03735
C01698	S06564
C01698	S08720
C01699	S02917
C01700	S02918
C01700	S04649
C01701	S02919
C01702	S02929
C01703	S02930
C01704	S02931
C01705	S02932
C01706	S02933
C01706	S07776
C01707	S02934
C01708	S02943
C01708	S06912
C01709	S02944
C01710	S02949
C01710	S04809
C01711	S02952
C01711	S04383
C01711	S05752
C01711	S08464
C01711	S09601
C01712	S02954
C01712	S04568
C01712	S05910
C01712	S07242
C01713	S02962
C01714	S02965
C01715	S02967
C01715	S05201
C01715	S05700
C01716	S02968
C01717	S02969
C01718	S02971
C01719	S02976
C01720	S02977
C01721	S02978
C01721	S06621
C01722	S02980
C01723	S02982
C01723	S04612
C01723	S07026
C01723	S07065
C01724	S02983
C01725	S02984
C01726	S02989
C01726	S07097
C01726	S07355
C01727	S02990
C01727	S03909
C01728	S02991
C01728	S09064
C01729	S02992
C01730	S02993
C01730	S06620
C01731	S02996
C01732	S02997
C01733	S03002
C01734	S03006
C01734	S06525
C01734	S07078
C01734	S07370
C01735	S03008
C01736	S03010
C01737	S03015
C01738	S03017
C01739	S03018
C01739	S09449
C01740	S03021
C01740	S03618
C01740	S03959
C01740	S04300
C01740	S05273
C01740	S07367
C01740	S09194
C01741	S03024
C01742	S03029
C01743	S03030
C01743	S04255
C01744	S03032
C01745	S03033
C01745	S07440
C01746	S03036
C01746	S08052
C01747	S03037
C01748	S03038
C01748	S07612
C01749	S03041
C01749	S03501
C01749	S05733
C01750	S03043
C01751	S03045
C01752	S03047
C01752	S03132
C01752	S04240
C01752	S06770
C01753	S03048
C01753	S07460
C01754	S03050
C01755	S03054
C01755	S07909
C01756	S03056
C01757	S03058
C01758	S03059
C01759	S03061
C01759	S05658
C01759	S06127
C01759	S06709
C01759	S07616
C01759	S07968
C01759	S08459
C01760	S03063
C01760	S04306
C01760	S09604
C01761	S03066
C01762	S03070
C01762	S03402
C01763	S03075
C01764	S03077
C01765	S03081
C01766	S03084
C01766	S05666
C01766	S08998
C01766	S09155
C01767	S03089
C01768	S03091
C01769	S03094
C01770	S03097
C01771	S03098
C01771	S04329
C01771	S08591
C01771	S09718
C01772	S03099
C01773	S03102
C01774	S03103
C01774	S03929
C01774	S05801
C01774	S06461
C01774	S06771
C01774	S08612
C01775	S03104
C01776	S03107
C01776	S04883
C01776	S05694
C01776	S09438
C01777	S03108
C01778	S03111
C01778	S07366
C01778	S08174
C01778	S08202
C01778	S08721
C01779	S03112
C01779	S03406
C01779	S07977
C01779	S09519
C01780	S03119
C01780	S05309
C01781	S03121
C01782	S03122
C01783	S03127
C01784	S03129
C01784	S04598
C01784	S07756
C01785	S03133
C01786	S03134
C01787	S03137
C01788	S03140
C01789	S03141
C01790	S03144
C01791	S03145
C01791	S05880
C01791	S07136
C01792	S03148
C01792	S04316
C01792	S06926
C01793	S03150
C01794	S03153
C01795	S03154
C01795	S05966
C01796	S03155
C01797	S03156
C01798	S03157
C01799	S03158
C01799	S09715
C01800	S03159
C01801	S03160
C01802	S03163
C01802	S04354
C01802	S07408
C01803	S03164
C01804	S03167
C01805	S03171
C01805	S07250
C01805	S08159
C01806	S03173
C01807	S03177
C01807	S09427
C01808	S03180
C01809	S03183
C01810	S03185
C01811	S03189
C01812	S03192
C01813	S03197
C01813	S09707
C01814	S03199
C01815	S03201
C01816	S03202
C01817	S03203
C01818	S03204
C01818	S06365
C01819	S03209
C01820	S03212
C01820	S06552
C01820	S08541
C01821	S03213
C01822	S03214
C01823	S03217
C01823	S05188
C01824	S03221
C01825	S03222
C01826	S03224
C01827	S03225
C01828	S03226
C01828	S08180
C01829	S03227
C01830	S03229
C01831	S03230
C01832	S03231
C01833	S03232
C01834	S03234
C01834	S03601
C01834	S03749
C01834	S06209
C01834	S06966
C01834	S08840
C01835	S03236
C01836	S03237
C01837	S03238
C01838	S03240
C01839	S03241
C01840	S03243
C01841	S03244
C01842	S03245
C01842	S09286
C01843	S03246
C01843	S03927
C01844	S03250
C01845	S03251
C01845	S03266
C01845	S04053
C01845	S04629
C01845	S05286
C01845	S06404
C01845	S06810
C01845	S07320
C01845	S07669
C01845	S08822
C01845	S09399
C01846	S03254
C01846	S07953
C01847	S03256
C01848	S03258
C01849	S03261
C01850	S03263
C01851	S03267
C01852	S03271
C01853	S03272
C01854	S03273
C01855	S03274
C01856	S03277
C01857	S03280
C01857	S03390
C01857	S06018
C01858	S03281
C01859	S03284
C01860	S03285
C01860	S04743
C01860	S04980
C01860	S06882
C01860	S07071
C01860	S08451
C01861	S03287
C01862	S03290
C01863	S03294
C01864	S03295
C01865	S03296
C01866	S03297
C01867	S03298
C01868	S03304
C01868	S04678
C01868	S05524
C01869	S03306
C01869	S08566
C01870	S03309
C01871	S03311
C01871	S08431
C01871	S09421
C01872	S03315
C01873	S03316
C01874	S03318
C01875	S03319
C01876	S03322
C01876	S04049
C01876	S05202
C01876	S06397
C01876	S09536
C01876	S09603
C01877	S03325
C01878	S03326
C01879	S03328
C01880	S03333
C01881	S03335
C01881	S04833
C01881	S05705
C01881	S06574
C01881	S08476
C01882	S03338
C01883	S03340
C01883	S03558
C01883	S05321
C01883	S05561
C01883	S09192
C01884	S03341
C01884	S08011
C01884	S09362
C01885	S03347
C01886	S03348
C01887	S03351
C01887	S04783
C01887	S06689
C01887	S09627
C01888	S03353
C01888	S04930
C01888	S05450
C01889	S03357
C01889	S04429
C01890	S03359
C01890	S05022
C01891	S03363
C01892	S03364
C01892	S05495
C01892	S09058
C01893	S03369
C01894	S03374
C01895	S03378
C01896	S03379
C01897	S03380
C01898	S03382
C01899	S03383
C01900	S03386
C01901	S03388
C01902	S03391
C01902	S05095
C01903	S03394
C01903	S07111
C01903	S07974
C01904	S03398
C01904	S04094
C01905	S03399
C01906	S03400
C01907	S03408
C01908	S03410
C01909	S03411
C01909	S04777
C01909	S06391
C01909	S06848
C01909	S07442
C01909	S07896
C01909	S09076
C01909	S09240
C01910	S03414
C01911	S03415
C01912	S03416
C01913	S03417
C01913	S04290
C01913	S06343
C01913	S06702
C01913	S07541
C01913	S07610
C01913	S08985
C01913	S09458
C01913	S09523
C01913	S09689
C01914	S03419
C01915	S03421
C01915	S06235
C01916	S03423
C01917	S03424
C01917	S03810
C01918	S03426
C01919	S03427
C01920	S03428
C01921	S03432
C01922	S03433
C01922	S03938
C01923	S03440
C01924	S03441
C01924	S09650
C01925	S03443
C01926	S03444
C01927	S03445
C01928	S03453
C01929	S03454
C01930	S03457
C01931	S03465
C01931	S08350
C01932	S03467
C01933	S03468
C01933	S08710
C01934	S03470
C01935	S03471
C01936	S03473
C01937	S03477
C01938	S03480
C01939	S03482
C01940	S03484
C01940	S07130
C01941	S03485
C01941	S05016
C01941	S07628
C01942	S03486
C01942	S05778
C01943	S03487
C01944	S03488
C01944	S04477
C01944	S06020
C01945	S03494
C01945	S07168
C01946	S03496
C01947	S03498
C01948	S03499
C01948	S04331
C01948	S05786
C01948	S06591
C01949	S03502
C01950	S03503
C01951	S03506
C01952	S03510
C01952	S08074
C01952	S08709
C01953	S03514
C01953	S04236
C01953	S04307
C01953	S04730
C01953	S05110
C01953	S05203
C01953	S06080
C01953	S06344
C01953	S07340
C01953	S09534
C01954	S03515
C01955	S03516
C01956	S03518
C01957	S03519
C01958	S03521
C01959	S03523
C01959	S04557
C01959	S05105
C01960	S03528
C01961	S03530
C01961	S08594
C01961	S09170
C01962	S03531
C01963	S03535
C01964	S03537
C01965	S03538
C01965	S05429
C01966	S03542
C01966	S05368
C01967	S03543
C01968	S03547
C01969	S03549
C01970	S03550
C01970	S09731
C01971	S03551
C01972	S03552
C01973	S03553
C01974	S03557
C01974	S08188
C01975	S03564
C01976	S03567
C01976	S03900
C01977	S03569
C01977	S03619
C01978	S03573
C01979	S03574
C01979	S06754
C01980	S03575
C01981	S03582
C01982	S03583
C01983	S03585
C01984	S03586
C01985	S03589
C01985	S04333
C01985	S06612
C01985	S07115
C01986	S03592
C01986	S06005
C01987	S03595
C01988	S03598
C01989	S03600
C01989	S07924
C01989	S08887
C01989	S09332
C01990	S03605
C01991	S03606
C01992	S03608
C01992	S05220
C01992	S05392
C01992	S06367
C01993	S03616
C01994	S03621
C01995	S03622
C01996	S03626
C01996	S04190
C01996	S08156
C01997	S03629
C01998	S03633
C01999	S03635
C02000	S03636
C02001	S03637
C02002	S03638
C02003	S03640
C02004	S03642
C02005	S03643
C02006	S03644
C02006	S06208
C02006	S06720
C02006	S07176
C02007	S03649
C02008	S03650
C02009	S03653
C02010	S03658
C02011	S03663
C02012	S03664
C02013	S03668
C02014	S03670
C02014	S04366
C02014	S07051
C02015	S03672
C02016	S03673
C02017	S03675
C02017	S09379
C02018	S03676
C02018	S03762
C02018	S04218
C02018	S04313
C02018	S05859
C02018	S06115
C02018	S08032
C02018	S08117
C02018	S09222
C02019	S03677
C02019	S06187
C02020	S03681
C02021	S03685
C02021	S07981
C02022	S03688
C02023	S03689
C02024	S03690
C02025	S03693
C02026	S03694
C02026	S05084
C02027	S03695
C02028	S03696
C02028	S09224
C02029	S03698
C02029	S05603
C02030	S03705
C02030	S04358
C02030	S07914
C02031	S03706
C02031	S07322
C02032	S03714
C02032	S07144
C02033	S03716
C02034	S03719
C02035	S03720
C02036	S03721
C02036	S04759
C02036	S06743
C02036	S06974
C02036	S08536
C02036	S08572
C02036	S09347
C02036	S09535
C02037	S03722
C02038	S03725
C02039	S03726
C02040	S03727
C02040	S07019
C02041	S03728
C02041	S06604
C02042	S03730
C02043	S03733
C02043	S08565
C02043	S08919
C02043	S09067
C02044	S03736
C02045	S03737
C02046	S03738
C02047	S03740
C02048	S03743
C02049	S03745
C02050	S03747
C02051	S03752
C02052	S03754
C02053	S03755
C02054	S03758
C02054	S03998
C02054	S04946
C02054	S07607
C02054	S08429
C02054	S08912
C02054	S09140
C02055	S03759
C02055	S03861
C02055	S05234
C02055	S08535
C02055	S08619
C02055	S09401
C02056	S03760
C02056	S06386
C02056	S09480
C02057	S03761
C02058	S03766
C02059	S03768
C02059	S07864
C02060	S03770
C02061	S03773
C02062	S03774
C02063	S03776
C02063	S04182
C02064	S03781
C02065	S03782
C02066	S03784
C02067	S03785
C02067	S07787
C02067	S08114
C02068	S03786
C02068	S08223
C02068	S08926
C02069	S03795
C02069	S07551
C02069	S07624
C02070	S03796
C02071	S03799
C02072	S03801
C02072	S05236
C02073	S03803
C02074	S03804
C02074	S08262
C02075	S03805
C02076	S03806
C02076	S09540
C02077	S03807
C02078	S03808
C02079	S03812
C02080	S03814
C02080	S06474
C02080	S08930
C02080	S09305
C02081	S03815
C02081	S09079
C02082	S03816
C02082	S06537
C02082	S06693
C02082	S07918
C02082	S08395
C02082	S08731
C02083	S03822
C02084	S03823
C02085	S03828
C02086	S03833
C02087	S03835
C02087	S07556
C02087	S08014
C02088	S03836
C02088	S09454
C02089	S03838
C02090	S03839
C02091	S03844
C02091	S06694
C02092	S03847
C02093	S03849
C02094	S03850
C02095	S03853
C02095	S07252
C02096	S03855
C02097	S03856
C02097	S07471
C02098	S03863
C02099	S03864
C02100	S03865
C02100	S05106
C02100	S05196
C02101	S03867
C02101	S05890
C02101	S06900
C02101	S07210
C02101	S08938
C02102	S03868
C02103	S03869
C02103	S08706
C02103	S09361
C02104	S03871
C02105	S03872
C02106	S03874
C02107	S03875
C02107	S07550
C02108	S03878
C02109	S03881
C02109	S06126
C02109	S06183
C02109	S09135
C02110	S03882
C02110	S09049
C02111	S03889
C02112	S03891
C02113	S03893
C02114	S03894
C02114	S06120
C02115	S03898
C02115	S07589
C02115	S09643
C02116	S03901
C02116	S04070
C02116	S06026
C02116	S07081
C02117	S03903
C02118	S03905
C02118	S06425
C02118	S07428
C02119	S03906
C02119	S07429
C02119	S07531
C02120	S03914
C02120	S05838
C02120	S08147
C02121	S03916
C02121	S05811
C02122	S03918
C02123	S03920
C02124	S03921
C02124	S04968
C02124	S05856
C02125	S03923
C02126	S03926
C02127	S03930
C02128	S03935
C02129	S03939
C02130	S03940
C02131	S03944
C02132	S03947
C02133	S03948
C02133	S04051
C02133	S04114
C02133	S04872
C02133	S06059
C02133	S07269
C02134	S03956
C02135	S03963
C02136	S03967
C02136	S05061
C02137	S03970
C02138	S03972
C02138	S05259
C02138	S05858
C02138	S07829
C02139	S03974
C02139	S07103
C02139	S07644
C02140	S03976
C02141	S03978
C02142	S03979
C02143	S03980
C02144	S03983
C02145	S03985
C02145	S05610
C02146	S03987
C02146	S04588
C02146	S05746
C02147	S03988
C02147	S07599
C02148	S03989
C02149	S03990
C02150	S03992
C02150	S04153
C02151	S03993
C02152	S03997
C02153	S04000
C02154	S04002
C02155	S04004
C02156	S04006
C02157	S04007
C02158	S04009
C02158	S06023
C02158	S08538
C02159	S04011
C02160	S04013
C02161	S04015
C02161	S04705
C02162	S04017
C02163	S04018
C02163	S05602
C02164	S04020
C02165	S04023
C02165	S08161
C02166	S04024
C02167	S04031
C02168	S04034
C02169	S04035
C02170	S04037
C02170	S04840
C02170	S04941
C02171	S04048
C02171	S04844
C02171	S05026
C02171	S05381
C02171	S06177
C02171	S08237
C02172	S04050
C02173	S04055
C02174	S04059
C02174	S08735
C02175	S04062
C02176	S04064
C02177	S04066
C02177	S07651
C02178	S04067
C02178	S04660
C02178	S05176
C02179	S04068
C02179	S08839
C02180	S04074
C02181	S04076
C02182	S04077
C02183	S04079
C02184	S04082
C02185	S04085
C02186	S04090
C02187	S04097
C02187	S06861
C02188	S04098
C02189	S04105
C02189	S04740
C02190	S04120
C02191	S04122
C02191	S07423
C02192	S04124
C02193	S04125
C02194	S04127
C02195	S04133
C02196	S04137
C02196	S05535
C02197	S04138
C02198	S04139
C02199	S04140
C02200	S04141
C02200	S06469
C02200	S07091
C02201	S04142
C02202	S04144
C02203	S04145
C02204	S04148
C02204	S08551
C02205	S04149
C02206	S04151
C02207	S04155
C02208	S04157
C02208	S05332
C02209	S04158
C02210	S04160
C02211	S04162
C02211	S05613
C02211	S09539
C02212	S04163
C02212	S08769
C02213	S04164
C02213	S06762
C02214	S04165
C02214	S07642
C02215	S04168
C02215	S04585
C02216	S04169
C02217	S04170
C02218	S04174
C02219	S04176
C02219	S06044
C02220	S04178
C02221	S04180
C02222	S04185
C02223	S04188
C02224	S04189
C02225	S04191
C02226	S04193
C02227	S04195
C02227	S04702
C02228	S04197
C02229	S04199
C02230	S04200
C02231	S04202
C02232	S04203
C02233	S04204
C02234	S04205
C02234	S08732
C02235	S04209
C02236	S04211
C02237	S04215
C02238	S04221
C02239	S04226
C02240	S04227
C02240	S05818
C02240	S05993
C02241	S04228
C02242	S04233
C02243	S04235
C02243	S06631
C02243	S09065
C02244	S04237
C02244	S09431
C02245	S04241
C02245	S08410
C02246	S04243
C02247	S04245
C02247	S07815
C02248	S04247
C02248	S04796
C02249	S04253
C02250	S04256
C02251	S04257
C02251	S09557
C02252	S04258
C02252	S07195
C02253	S04259
C02254	S04263
C02255	S04266
C02256	S04270
C02257	S04272
C02257	S09204
C02258	S04273
C02258	S05378
C02258	S05872
C02258	S07632
C02259	S04276
C02259	S07786
C02259	S07842
C02260	S04277
C02261	S04278
C02261	S06022
C02261	S06072
C02262	S04279
C02263	S04280
C02263	S04516
C02264	S04284
C02265	S04285
C02266	S04286
C02266	S08192
C02267	S04287
C02267	S07387
C02267	S09168
C02268	S04289
C02269	S04291
C02270	S04294
C02271	S04295
C02272	S04297
C02273	S04299
C02273	S07763
C02274	S04304
C02274	S05661
C02274	S05682
C02274	S06184
C02274	S06659
C02274	S08157
C02274	S08992
C02274	S09592
C02275	S04308
C02275	S06193
C02275	S09287
C02276	S04311
C02276	S09724
C02277	S04315
C02277	S04380
C02277	S04546
C02277	S09024
C02277	S09621
C02277	S09687
C02278	S04320
C02279	S04321
C02280	S04322
C02281	S04323
C02282	S04328
C02282	S05163
C02283	S04332
C02284	S04335
C02285	S04336
C02286	S04340
C02287	S04341
C02288	S04345
C02289	S04346
C02289	S08519
C02290	S04349
C02291	S04351
C02292	S04352
C02293	S04356
C02293	S04595
C02294	S04360
C02295	S04361
C02296	S04369
C02297	S04374
C02298	S04376
C02299	S04377
C02299	S06624
C02300	S04385
C02301	S04387
C02302	S04390
C02303	S04391
C02304	S04394
C02305	S04396
C02306	S04398
C02307	S04399
C02308	S04400
C02309	S04401
C02309	S06088
C02310	S04408
C02311	S04412
C02312	S04413
C02313	S04414
C02313	S08211
C02314	S04416
C02314	S08629
C02315	S04424
C02316	S04427
C02317	S04431
C02318	S04433
C02318	S04590
C02319	S04434
C02320	S04437
C02321	S04438
C02322	S04440
C02323	S04443
C02324	S04444
C02324	S05958
C02325	S04446
C02326	S04449
C02327	S04451
C02328	S04452
C02329	S04458
C02330	S04461
C02331	S04464
C02331	S06273
C02331	S06712
C02331	S07658
C02332	S04469
C02333	S04474
C02334	S04476
C02335	S04479
C02336	S04481
C02337	S04485
C02337	S05638
C02338	S04486
C02339	S04488
C02340	S04489
C02341	S04494
C02342	S04496
C02342	S07117
C02342	S08415
C02343	S04497
C02344	S04499
C02345	S04500
C02346	S04501
C02347	S04503
C02348	S04508
C02349	S04518
C02349	S05591
C02350	S04520
C02350	S04529
C02350	S05693
C02350	S08925
C02351	S04522
C02352	S04523
C02352	S06483
C02352	S09415
C02353	S04526
C02354	S04530
C02355	S04533
C02355	S06982
C02355	S07548
C02356	S04534
C02356	S04836
C02356	S04839
C02356	S05310
C02356	S05753
C02356	S05985
C02356	S06081
C02356	S07032
C02356	S09095
C02357	S04535
C02358	S04541
C02358	S06902
C02358	S08556
C02359	S04544
C02360	S04545
C02361	S04547
C02362	S04548
C02362	S05594
C02362	S08045
C02362	S09441
C02362	S09503
C02363	S04550
C02364	S04559
C02365	S04560
C02366	S04562
C02366	S07220
C02367	S04565
C02368	S04566
C02369	S04567
C02370	S04572
C02371	S04575
C02372	S04577
C02372	S06297
C02372	S06576
C02372	S07092
C02372	S07243
C02373	S04584
C02373	S05165
C02374	S04586
C02375	S04589
C02376	S04591
C02377	S04592
C02377	S04882
C02377	S05569
C02377	S06654
C02377	S07598
C02377	S08411
C02377	S08555
C02378	S04597
C02379	S04602
C02379	S04746
C02379	S07192
C02380	S04603
C02381	S04605
C02381	S05348
C02382	S04606
C02383	S04609
C02383	S05045
C02383	S05134
C02384	S04611
C02385	S04616
C02385	S05258
C02386	S04618
C02387	S04619
C02388	S04620
C02388	S09050
C02389	S04622
C02390	S04623
C02391	S04624
C02392	S04625
C02393	S04630
C02393	S06129
C02394	S04632
C02395	S04635
C02395	S09129
C02396	S04638
C02396	S09164
C02397	S04640
C02398	S04641
C02399	S04644
C02400	S04647
C02401	S04650
C02402	S04652
C02403	S04659
C02404	S04661
C02404	S06293
C02405	S04665
C02406	S04666
C02406	S08653
C02406	S09708
C02407	S04667
C02407	S05554
C02408	S04669
C02408	S08127
C02409	S04670
C02410	S04671
C02411	S04673
C02411	S08796
C02411	S08966
C02412	S04675
C02412	S05839
C02412	S06164
C02412	S07149
C02412	S08119
C02413	S04677
C02414	S04681
C02415	S04683
C02416	S04685
C02417	S04687
C02418	S04689
C02419	S04690
C02419	S05206
C02420	S04691
C02421	S04692
C02422	S04694
C02423	S04695
C02423	S05472
C02423	S07990
C02423	S09631
C02424	S04701
C02424	S05734
C02425	S04704
C02426	S04708
C02426	S06058
C02426	S07215
C02426	S07853
C02427	S04709
C02428	S04710
C02429	S04711
C02430	S04721
C02430	S06291
C02431	S04727
C02432	S04728
C02432	S07963
C02432	S08531
C02433	S04731
C02434	S04732
C02434	S05841
C02435	S04734
C02436	S04735
C02437	S04737
C02437	S08768
C02437	S09317
C02438	S04742
C02439	S04745
C02440	S04748
C02441	S04749
C02442	S04750
C02443	S04753
C02444	S04754
C02444	S05656
C02444	S06050
C02444	S09338
C02445	S04755
C02445	S06341
C02446	S04756
C02447	S04758
C02448	S04760
C02448	S07120
C02448	S08748
C02448	S09512
C02449	S04761
C02450	S04764
C02451	S04771
C02452	S04772
C02453	S04774
C02454	S04776
C02455	S04780
C02456	S04781
C02457	S04782
C02458	S04786
C02459	S04787
C02460	S04788
C02460	S06490
C02460	S09582
C02461	S04789
C02462	S04790
C02463	S04792
C02464	S04794
C02464	S07671
C02464	S08081
C02465	S04798
C02465	S05211
C02465	S09452
C02466	S04804
C02467	S04805
C02468	S04806
C02468	S08097
C02469	S04808
C02470	S04812
C02470	S08949
C02471	S04814
C02472	S04815
C02473	S04818
C02474	S04820
C02475	S04825
C02476	S04826
C02476	S05938
C02476	S08864
C02477	S04828
C02478	S04832
C02479	S04834
C02480	S04835
C02481	S04843
C02482	S04847
C02483	S04852
C02484	S04854
C02485	S04857
C02486	S04859
C02487	S04861
C02488	S04863
C02489	S04869
C02490	S04873
C02491	S04874
C02492	S04875
C02493	S04876
C02494	S04877
C02495	S04887
C02495	S06565
C02495	S07275
C02496	S04888
C02497	S04897
C02498	S04898
C02499	S04901
C02500	S04902
C02501	S04904
C02502	S04905
C02503	S04907
C02504	S04911
C02505	S04912
C02506	S04914
C02507	S04917
C02508	S04922
C02509	S04927
C02510	S04928
C02511	S04932
C02512	S04936
C02512	S06288
C02513	S04938
C02513	S08722
C02513	S09080
C02514	S04940
C02515	S04942
C02516	S04944
C02517	S04945
C02517	S06542
C02517	S07850
C02518	S04947
C02519	S04949
C02519	S06001
C02520	S04952
C02521	S04962
C02522	S04963
C02522	S06826
C02523	S04964
C02524	S04969
C02525	S04971
C02526	S04972
C02526	S08741
C02527	S04975
C02528	S04976
C02529	S04978
C02530	S04979
C02530	S05787
C02531	S04981
C02531	S08622
C02532	S04987
C02533	S04988
C02533	S06514
C02533	S08780
C02534	S04992
C02535	S04993
C02535	S05375
C02536	S04995
C02537	S05007
C02538	S05008
C02539	S05013
C02540	S05015
C02541	S05017
C02542	S05018
C02543	S05020
C02543	S05197
C02544	S05027
C02545	S05030
C02546	S05031
C02547	S05033
C02547	S09400
C02548	S05035
C02548	S06376
C02549	S05039
C02550	S05042
C02551	S05046
C02552	S05050
C02552	S08702
C02553	S05051
C02553	S06899
C02554	S05055
C02555	S05059
C02556	S05060
C02557	S05066
C02558	S05067
C02559	S05069
C02560	S05071
C02561	S05076
C02562	S05080
C02562	S09356
C02563	S05082
C02563	S07240
C02564	S05085
C02564	S07583
C02564	S09517
C02565	S05087
C02566	S05088
C02567	S05089
C02568	S05090
C02569	S05094
C02570	S05096
C02570	S05168
C02571	S05098
C02571	S06885
C02571	S07512
C02572	S05099
C02573	S05101
C02574	S05103
C02575	S05111
C02576	S05112
C02577	S05114
C02578	S05115
C02579	S05117
C02579	S05150
C02579	S06294
C02580	S05120
C02580	S06077
C02580	S08753
C02581	S05123
C02582	S05124
C02583	S05126
C02584	S05128
C02585	S05129
C02585	S08042
C02586	S05132
C02587	S05133
C02588	S05136
C02589	S05137
C02590	S05142
C02591	S05143
C02592	S05146
C02593	S05149
C02594	S05151
C02594	S07487
C02595	S05152
C02596	S05156
C02597	S05157
C02597	S06171
C02597	S06806
C02597	S07755
C02598	S05158
C02599	S05160
C02600	S05161
C02601	S05162
C02602	S05169
C02603	S05171
C02604	S05173
C02605	S05174
C02606	S05177
C02606	S05759
C02607	S05179
C02608	S05180
C02609	S05181
C02610	S05184
C02611	S05185
C02612	S05187
C02613	S05190
C02614	S05193
C02615	S05198
C02615	S05226
C02616	S05200
C02617	S05208
C02618	S05209
C02619	S05210
C02620	S05216
C02621	S05219
C02622	S05222
C02623	S05223
C02624	S05224
C02625	S05225
C02626	S05227
C02626	S06034
C02627	S05232
C02627	S07727
C02628	S05233
C02629	S05235
C02629	S08132
C02630	S05237
C02631	S05241
C02632	S05243
C02632	S08980
C02633	S05244
C02634	S05245
C02635	S05246
C02635	S05899
C02636	S05252
C02637	S05254
C02638	S05256
C02639	S05260
C02640	S05261
C02641	S05269
C02642	S05270
C02643	S05271
C02644	S05272
C02644	S09266
C02645	S05274
C02646	S05280
C02646	S06829
C02647	S05284
C02648	S05290
C02649	S05296
C02650	S05297
C02650	S08301
C02651	S05306
C02651	S08319
C02652	S05312
C02653	S05318
C02654	S05323
C02655	S05325
C02656	S05326
C02657	S05331
C02658	S05334
C02658	S08973
C02658	S09292
C02659	S05340
C02660	S05342
C02661	S05343
C02662	S05344
C02663	S05346
C02664	S05349
C02665	S05353
C02666	S05355
C02667	S05357
C02668	S05358
C02669	S05360
C02669	S09381
C02670	S05361
C02671	S05370
C02671	S09552
C02672	S05373
C02673	S05379
C02674	S05391
C02675	S05393
C02676	S05394
C02676	S07035
C02677	S05395
C02678	S05396
C02679	S05398
C02680	S05399
C02681	S05403
C02682	S05406
C02683	S05414
C02683	S07312
C02684	S05416
C02685	S05421
C02686	S05425
C02687	S05430
C02687	S05790
C02687	S05892
C02688	S05435
C02689	S05436
C02690	S05437
C02691	S05438
C02692	S05440
C02692	S07945
C02693	S05441
C02694	S05447
C02695	S05452
C02696	S05454
C02697	S05456
C02698	S05458
C02698	S06042
C02699	S05464
C02699	S07771
C02699	S08480
C02700	S05465
C02701	S05469
C02702	S05473
C02703	S05478
C02704	S05482
C02705	S05484
C02706	S05486
C02707	S05488
C02708	S05489
C02709	S05491
C02710	S05492
C02711	S05497
C02712	S05499
C02712	S06613
C02713	S05501
C02713	S07933
C02714	S05511
C02715	S05515
C02716	S05516
C02717	S05519
C02718	S05520
C02719	S05523
C02720	S05525
C02721	S05526
C02721	S08953
C02722	S05527
C02723	S05530
C02724	S05531
C02724	S09146
C02725	S05532
C02726	S05533
C02727	S05534
C02728	S05536
C02729	S05538
C02730	S05539
C02731	S05541
C02732	S05542
C02733	S05543
C02734	S05544
C02734	S09262
C02735	S05546
C02736	S05548
C02737	S05557
C02738	S05558
C02739	S05559
C02740	S05562
C02740	S08849
C02741	S05563
C02741	S05639
C02741	S05956
C02741	S06958
C02741	S09263
C02742	S05565
C02743	S05566
C02744	S05572
C02745	S05574
C02746	S05577
C02746	S07047
C02746	S07661
C02747	S05578
C02747	S08575
C02747	S09442
C02748	S05581
C02749	S05587
C02750	S05588
C02751	S05593
C02752	S05595
C02753	S05597
C02754	S05599
C02754	S08595
C02755	S05604
C02756	S05606
C02757	S05607
C02757	S07854
C02758	S05609
C02759	S05618
C02760	S05619
C02761	S05620
C02762	S05621
C02763	S05623
C02764	S05626
C02764	S06180
C02764	S07905
C02765	S05629
C02766	S05630
C02767	S05632
C02767	S08208
C02767	S09466
C02768	S05643
C02768	S09641
C02769	S05652
C02770	S05654
C02770	S07004
C02770	S07260
C02771	S05660
C02772	S05665
C02772	S07995
C02773	S05672
C02773	S08018
C02774	S05673
C02774	S07307
C02775	S05675
C02776	S05680
C02777	S05681
C02777	S08859
C02778	S05683
C02779	S05686
C02780	S05691
C02780	S06359
C02781	S05692
C02781	S08867
C02782	S05701
C02783	S05703
C02784	S05708
C02785	S05713
C02785	S05995
C02785	S06048
C02785	S06408
C02785	S06819
C02785	S07459
C02785	S09577
C02786	S05715
C02787	S05716
C02788	S05719
C02788	S05975
C02788	S06857
C02789	S05720
C02790	S05722
C02791	S05723
C02792	S05725
C02793	S05727
C02794	S05736
C02795	S05737
C02796	S05738
C02797	S05742
C02797	S06691
C02798	S05747
C02799	S05749
C02800	S05754
C02801	S05755
C02802	S05757
C02802	S08248
C02803	S05758
C02803	S06353
C02804	S05762
C02805	S05763
C02806	S05769
C02807	S05776
C02808	S05779
C02809	S05784
C02810	S05788
C02810	S07037
C02811	S05792
C02812	S05793
C02813	S05794
C02814	S05796
C02815	S05798
C02816	S05810
C02817	S05813
C02818	S05814
C02818	S09471
C02819	S05819
C02820	S05821
C02821	S05822
C02822	S05823
C02822	S07547
C02823	S05829
C02823	S09326
C02824	S05831
C02825	S05843
C02826	S05851
C02827	S05854
C02828	S05864
C02828	S08005
C02829	S05865
C02829	S06240
C02829	S08481
C02830	S05867
C02830	S05953
C02830	S06212
C02831	S05868
C02831	S08281
C02832	S05870
C02833	S05874
C02833	S06350
C02834	S05877
C02835	S05878
C02836	S05882
C02837	S05883
C02838	S05885
C02839	S05893
C02840	S05894
C02841	S05896
C02841	S08001
C02842	S05897
C02843	S05898
C02843	S06646
C02844	S05907
C02845	S05911
C02846	S05918
C02847	S05921
C02848	S05924
C02849	S05927
C02850	S05932
C02851	S05934
C02851	S08987
C02852	S05937
C02853	S05943
C02854	S05945
C02855	S05949
C02856	S05950
C02857	S05951
C02858	S05954
C02858	S09505
C02859	S05960
C02860	S05969
C02861	S05973
C02862	S05974
C02863	S05976
C02864	S05977
C02864	S06457
C02865	S05983
C02866	S05987
C02866	S06302
C02867	S05990
C02868	S05991
C02869	S05994
C02870	S05997
C02871	S05998
C02871	S06560
C02872	S06004
C02873	S06006
C02874	S06010
C02875	S06012
C02875	S07698
C02876	S06027
C02877	S06032
C02878	S06033
C02878	S06742
C02879	S06036
C02880	S06039
C02881	S06041
C02882	S06043
C02883	S06045
C02884	S06047
C02885	S06054
C02886	S06055
C02887	S06063
C02887	S06983
C02887	S07104
C02888	S06067
C02889	S06068
C02889	S07553
C02890	S06069
C02890	S07147
C02891	S06074
C02892	S06076
C02893	S06082
C02894	S06083
C02895	S06085
C02896	S06089
C02896	S07247
C02896	S08225
C02896	S08801
C02897	S06092
C02898	S06093
C02898	S06100
C02898	S06507
C02899	S06096
C02900	S06098
C02901	S06102
C02902	S06103
C02903	S06104
C02904	S06110
C02905	S06116
C02905	S07213
C02906	S06119
C02907	S06122
C02907	S06584
C02908	S06123
C02909	S06125
C02910	S06133
C02910	S07621
C02911	S06135
C02912	S06137
C02913	S06138
C02914	S06139
C02915	S06140
C02915	S09721
C02916	S06145
C02917	S06146
C02918	S06150
C02919	S06163
C02919	S06732
C02920	S06168
C02921	S06170
C02921	S08333
C02922	S06181
C02923	S06186
C02924	S06192
C02925	S06194
C02926	S06195
C02927	S06201
C02928	S06205
C02929	S06206
C02930	S06207
C02931	S06210
C02932	S06214
C02933	S06215
C02934	S06219
C02935	S06220
C02936	S06222
C02937	S06223
C02938	S06224
C02938	S08145
C02939	S06227
C02940	S06229
C02941	S06241
C02942	S06244
C02943	S06246
C02944	S06248
C02945	S06252
C02945	S09271
C02946	S06253
C02947	S06254
C02948	S06257
C02948	S09678
C02949	S06258
C02950	S06260
C02951	S06261
C02952	S06263
C02953	S06266
C02953	S06340
C02953	S06871
C02954	S06267
C02955	S06269
C02956	S06271
C02957	S06272
C02958	S06276
C02959	S06278
C02960	S06279
C02961	S06280
C02962	S06281
C02963	S06282
C02964	S06285
C02965	S06286
C02965	S07154
C02966	S06289
C02967	S06290
C02967	S09114
C02968	S06301
C02969	S06303
C02970	S06304
C02971	S06305
C02972	S06307
C02973	S06312
C02974	S06313
C02975	S06314
C02976	S06317
C02977	S06318
C02978	S06321
C02978	S08438
C02979	S06330
C02980	S06331
C02980	S09176
C02981	S06334
C02982	S06342
C02983	S06345
C02983	S08242
C02984	S06356
C02985	S06358
C02986	S06362
C02987	S06363
C02988	S06370
C02989	S06372
C02990	S06373
C02991	S06379
C02992	S06382
C02992	S09625
C02993	S06387
C02993	S06608
C02994	S06392
C02994	S09047
C02995	S06399
C02996	S06407
C02997	S06409
C02997	S07033
C02998	S06411
C02999	S06415
C03000	S06416
C03000	S08250
C03001	S06417
C03002	S06418
C03003	S06420
C03004	S06421
C03005	S06427
C03006	S06430
C03007	S06432
C03008	S06437
C03009	S06439
C03010	S06441
C03011	S06443
C03012	S06445
C03013	S06447
C03013	S07054
C03014	S06448
C03015	S06449
C03016	S06453
C03017	S06459
C03017	S06876
C03018	S06463
C03019	S06466
C03020	S06479
C03020	S08673
C03021	S06481
C03022	S06482
C03023	S06487
C03024	S06488
C03025	S06489
C03026	S06496
C03026	S06824
C03027	S06501
C03028	S06504
C03029	S06506
C03030	S06508
C03031	S06509
C03031	S06907
C03031	S07931
C03032	S06523
C03033	S06526
C03034	S06529
C03035	S06531
C03036	S06538
C03037	S06543
C03037	S08473
C03038	S06545
C03039	S06549
C03040	S06551
C03041	S06555
C03042	S06556
C03042	S08101
C03043	S06557
C03044	S06558
C03044	S07094
C03045	S06561
C03046	S06563
C03047	S06567
C03047	S09498
C03048	S06569
C03049	S06571
C03050	S06573
C03051	S06577
C03051	S06667
C03052	S06578
C03053	S06586
C03054	S06590
C03055	S06592
C03056	S06599
C03057	S06603
C03058	S06607
C03059	S06609
C03060	S06622
C03061	S06630
C03062	S06637
C03063	S06639
C03064	S06642
C03065	S06644
C03066	S06647
C03067	S06650
C03068	S06651
C03069	S06652
C03070	S06655
C03071	S06656
C03071	S07917
C03072	S06661
C03073	S06662
C03074	S06664
C03075	S06665
C03075	S06938
C03076	S06670
C03076	S07560
C03076	S07916
C03077	S06672
C03078	S06673
C03079	S06679
C03080	S06681
C03081	S06683
C03081	S06845
C03081	S07245
C03081	S07857
C03082	S06684
C03083	S06686
C03084	S06688
C03085	S06692
C03086	S06695
C03086	S07151
C03087	S06696
C03088	S06698
C03089	S06699
C03090	S06704
C03091	S06727
C03092	S06728
C03093	S06733
C03094	S06737
C03095	S06738
C03096	S06740
C03097	S06741
C03098	S06744
C03099	S06752
C03100	S06753
C03100	S07198
C03101	S06764
C03102	S06773
C03103	S06777
C03103	S08044
C03103	S08272
C03104	S06778
C03104	S08375
C03105	S06781
C03106	S06783
C03107	S06785
C03108	S06789
C03109	S06793
C03110	S06794
C03111	S06795
C03112	S06796
C03113	S06799
C03114	S06800
C03115	S06809
C03116	S06815
C03117	S06817
C03118	S06818
C03119	S06821
C03120	S06822
C03121	S06837
C03122	S06838
C03123	S06840
C03124	S06841
C03124	S07201
C03124	S07441
C03125	S06843
C03126	S06846
C03127	S06852
C03128	S06853
C03129	S06856
C03130	S06858
C03131	S06860
C03132	S06862
C03133	S06864
C03134	S06866
C03135	S06867
C03136	S06872
C03137	S06873
C03137	S07435
C03137	S08049
C03137	S08129
C03138	S06877
C03139	S06878
C03140	S06881
C03141	S06886
C03142	S06889
C03143	S06894
C03143	S07814
C03144	S06897
C03145	S06898
C03146	S06905
C03147	S06906
C03148	S06908
C03149	S06910
C03150	S06914
C03151	S06915
C03152	S06918
C03153	S06919
C03154	S06921
C03155	S06930
C03155	S07559
C03156	S06942
C03157	S06943
C03158	S06944
C03159	S06947
C03160	S06954
C03160	S06991
C03161	S06955
C03162	S06956
C03163	S06959
C03164	S06961
C03165	S06964
C03166	S06972
C03167	S06973
C03168	S06976
C03169	S06978
C03170	S06979
C03171	S06980
C03172	S06984
C03173	S06985
C03174	S06987
C03174	S09543
C03175	S06988
C03175	S08534
C03175	S09103
C03175	S09475
C03176	S06992
C03177	S06993
C03178	S06994
C03179	S06996
C03180	S06998
C03181	S07001
C03182	S07005
C03183	S07006
C03183	S07398
C03184	S07007
C03185	S07008
C03186	S07009
C03187	S07012
C03188	S07014
C03188	S09157
C03189	S07017
C03190	S07022
C03191	S07028
C03192	S07034
C03193	S07039
C03193	S08155
C03194	S07040
C03195	S07048
C03196	S07055
C03197	S07057
C03198	S07061
C03199	S07062
C03200	S07064
C03201	S07066
C03202	S07068
C03203	S07069
C03204	S07075
C03205	S07079
C03206	S07080
C03207	S07086
C03208	S07088
C03208	S08520
C03209	S07095
C03210	S07096
C03211	S07099
C03212	S07106
C03213	S07108
C03213	S07677
C03214	S07110
C03215	S07112
C03216	S07114
C03216	S07422
C03217	S07118
C03217	S08232
C03217	S08257
C03218	S07124
C03219	S07131
C03219	S08278
C03220	S07135
C03221	S07138
C03222	S07140
C03223	S07145
C03224	S07146
C03225	S07148
C03226	S07150
C03227	S07153
C03228	S07156
C03229	S07159
C03230	S07161
C03231	S07165
C03232	S07166
C03233	S07167
C03234	S07170
C03235	S07172
C03236	S07174
C03237	S07175
C03238	S07178
C03239	S07179
C03240	S07182
C03241	S07184
C03242	S07185
C03243	S07188
C03244	S07190
C03245	S07193
C03246	S07200
C03247	S07206
C03248	S07209
C03249	S07216
C03249	S09312
C03250	S07218
C03251	S07219
C03252	S07246
C03253	S07248
C03254	S07251
C03255	S07253
C03256	S07255
C03257	S07256
C03258	S07259
C03259	S07272
C03260	S07274
C03261	S07278
C03262	S07289
C03263	S07291
C03264	S07294
C03265	S07296
C03266	S07298
C03267	S07301
C03268	S07303
C03269	S07305
C03270	S07313
C03270	S09732
C03271	S07315
C03271	S08694
C03272	S07317
C03273	S07321
C03274	S07324
C03275	S07326
C03276	S07327
C03277	S07329
C03278	S07332
C03279	S07334
C03280	S07336
C03281	S07338
C03282	S07341
C03283	S07343
C03284	S07344
C03285	S07347
C03286	S07350
C03287	S07352
C03288	S07353
C03289	S07361
C03290	S07365
C03291	S07375
C03291	S08727
C03292	S07377
C03293	S07379
C03294	S07380
C03295	S07391
C03296	S07392
C03297	S07397
C03298	S07399
C03299	S07402
C03300	S07405
C03301	S07407
C03302	S07411
C03303	S07414
C03304	S07415
C03305	S07425
C03306	S07430
C03307	S07432
C03307	S08033
C03308	S07433
C03309	S07443
C03310	S07450
C03311	S07451
C03312	S07454
C03313	S07458
C03314	S07461
C03315	S07476
C03316	S07478
C03316	S08063
C03316	S08387
C03317	S07479
C03318	S07482
C03319	S07483
C03320	S07488
C03320	S07764
C03321	S07497
C03322	S07510
C03323	S07513
C03324	S07514
C03325	S07518
C03326	S07529
C03327	S07533
C03328	S07539
C03329	S07542
C03330	S07544
C03331	S07545
C03332	S07546
C03333	S07549
C03334	S07552
C03335	S07561
C03336	S07563
C03337	S07564
C03338	S07565
C03339	S07567
C03340	S07569
C03341	S07572
C03342	S07575
C03343	S07577
C03344	S07578
C03344	S09238
C03345	S07585
C03346	S07587
C03347	S07588
C03348	S07595
C03348	S08714
C03348	S09392
C03349	S07596
C03350	S07604
C03351	S07608
C03351	S08050
C03352	S07611
C03353	S07618
C03354	S07619
C03354	S07761
C03354	S09098
C03355	S07622
C03355	S08080
C03356	S07633
C03357	S07637
C03358	S07640
C03359	S07645
C03360	S07646
C03361	S07649
C03362	S07650
C03363	S07653
C03364	S07654
C03365	S07655
C03366	S07656
C03367	S07657
C03368	S07663
C03369	S07664
C03370	S07667
C03370	S08708
C03371	S07672
C03372	S07673
C03373	S07675
C03374	S07679
C03375	S07680
C03376	S07683
C03377	S07684
C03378	S07690
C03379	S07702
C03380	S07705
C03381	S07706
C03382	S07707
C03383	S07709
C03384	S07710
C03385	S07711
C03386	S07712
C03387	S07716
C03388	S07718
C03388	S07812
C03389	S07723
C03390	S07724
C03391	S07726
C03392	S07729
C03393	S07730
C03394	S07731
C03395	S07733
C03396	S07736
C03396	S08458
C03396	S08806
C03397	S07739
C03398	S07742
C03399	S07743
C03399	S08681
C03400	S07744
C03401	S07745
C03402	S07747
C03403	S07752
C03404	S07753
C03405	S07754
C03406	S07758
C03406	S08911
C03406	S09489
C03407	S07762
C03408	S07769
C03409	S07772
C03410	S07773
C03411	S07774
C03412	S07775
C03413	S07778
C03413	S08112
C03413	S08274
C03414	S07780
C03415	S07781
C03416	S07783
C03417	S07788
C03418	S07802
C03419	S07806
C03420	S07808
C03421	S07809
C03422	S07816
C03423	S07821
C03424	S07824
C03425	S07827
C03426	S07830
C03427	S07831
C03427	S09719
C03428	S07833
C03429	S07834
C03429	S07972
C03430	S07835
C03431	S07836
C03432	S07837
C03433	S07838
C03434	S07839
C03435	S07841
C03436	S07843
C03437	S07844
C03438	S07847
C03439	S07851
C03440	S07852
C03441	S07856
C03442	S07860
C03443	S07867
C03444	S07871
C03445	S07873
C03446	S07882
C03447	S07887
C03448	S07889
C03449	S07898
C03450	S07899
C03451	S07904
C03452	S07907
C03453	S07908
C03454	S07915
C03455	S07927
C03456	S07934
C03457	S07937
C03458	S07938
C03459	S07941
C03460	S07943
C03461	S07944
C03462	S07948
C03463	S07950
C03464	S07951
C03465	S07955
C03466	S07956
C03467	S07957
C03468	S07961
C03469	S07969
C03470	S07971
C03471	S07973
C03472	S07979
C03473	S07980
C03474	S07987
C03475	S07996
C03476	S08004
C03477	S08006
C03478	S08008
C03479	S08012
C03480	S08015
C03481	S08019
C03482	S08023
C03483	S08030
C03484	S08034
C03485	S08035
C03486	S08038
C03487	S08053
C03487	S09231
C03488	S08054
C03489	S08056
C03489	S08990
C03490	S08069
C03491	S08071
C03491	S09091
C03492	S08079
C03492	S09504
C03493	S08082
C03494	S08084
C03495	S08085
C03496	S08088
C03497	S08090
C03497	S08599
C03498	S08091
C03499	S08092
C03500	S08093
C03501	S08106
C03502	S08108
C03503	S08109
C03504	S08110
C03505	S08113
C03506	S08123
C03507	S08124
C03508	S08125
C03509	S08128
C03510	S08136
C03511	S08137
C03512	S08138
C03513	S08140
C03514	S08142
C03515	S08143
C03516	S08149
C03517	S08154
C03517	S09213
C03518	S08160
C03519	S08163
C03520	S08165
C03521	S08167
C03522	S08169
C03523	S08170
C03524	S08171
C03525	S08172
C03526	S08173
C03527	S08186
C03527	S08516
C03528	S08187
C03529	S08195
C03530	S08198
C03531	S08203
C03532	S08204
C03533	S08209
C03534	S08210
C03535	S08212
C03536	S08214
C03537	S08217
C03538	S08219
C03539	S08241
C03540	S08247
C03541	S08249
C03542	S08255
C03543	S08261
C03544	S08270
C03545	S08275
C03546	S08277
C03547	S08285
C03548	S08287
C03549	S08289
C03550	S08291
C03551	S08296
C03552	S08300
C03553	S08305
C03554	S08306
C03555	S08309
C03556	S08312
C03557	S08317
C03558	S08320
C03559	S08323
C03560	S08334
C03561	S08336
C03562	S08339
C03563	S08340
C03564	S08341
C03564	S09283
C03565	S08349
C03566	S08351
C03567	S08353
C03568	S08356
C03569	S08367
C03570	S08368
C03571	S08372
C03572	S08376
C03572	S09607
C03573	S08379
C03574	S08382
C03575	S08389
C03576	S08391
C03577	S08393
C03578	S08414
C03579	S08416
C03579	S09218
C03580	S08422
C03581	S08426
C03582	S08427
C03583	S08430
C03583	S08751
C03583	S09395
C03584	S08437
C03585	S08441
C03586	S08444
C03587	S08446
C03588	S08460
C03589	S08465
C03590	S08471
C03591	S08474
C03592	S08478
C03593	S08482
C03594	S08485
C03595	S08491
C03596	S08495
C03597	S08497
C03598	S08498
C03599	S08500
C03600	S08502
C03601	S08508
C03602	S08513
C03603	S08517
C03604	S08522
C03605	S08525
C03606	S08526
C03607	S08529
C03608	S08530
C03609	S08532
C03610	S08533
C03611	S08543
C03612	S08547
C03613	S08550
C03614	S08554
C03615	S08557
C03616	S08574
C03617	S08579
C03618	S08582
C03619	S08585
C03620	S08588
C03621	S08592
C03622	S08601
C03623	S08606
C03624	S08608
C03625	S08620
C03625	S09725
C03626	S08624
C03627	S08626
C03628	S08627
C03629	S08628
C03630	S08634
C03631	S08644
C03632	S08646
C03633	S08647
C03634	S08649
C03635	S08651
C03635	S09143
C03636	S08654
C03637	S08655
C03638	S08656
C03639	S08663
C03640	S08666
C03641	S08675
C03642	S08677
C03643	S08679
C03644	S08680
C03645	S08683
C03645	S08936
C03646	S08684
C03647	S08685
C03648	S08688
C03649	S08690
C03650	S08691
C03651	S08692
C03652	S08693
C03653	S08698
C03654	S08703
C03655	S08715
C03656	S08725
C03657	S08726
C03658	S08729
C03659	S08730
C03660	S08733
C03661	S08736
C03662	S08737
C03663	S08739
C03664	S08742
C03665	S08743
C03666	S08745
C03667	S08752
C03668	S08757
C03669	S08759
C03670	S08763
C03671	S08764
C03672	S08766
C03673	S08767
C03674	S08773
C03674	S09377
C03675	S08788
C03676	S08789
C03677	S08791
C03678	S08794
C03679	S08802
C03680	S08804
C03681	S08809
C03682	S08812
C03682	S09382
C03683	S08817
C03684	S08819
C03685	S08820
C03685	S09057
C03685	S09126
C03686	S08826
C03687	S08827
C03688	S08831
C03689	S08837
C03690	S08838
C03691	S08846
C03692	S08850
C03693	S08852
C03694	S08855
C03695	S08863
C03696	S08865
C03697	S08868
C03698	S08873
C03699	S08874
C03700	S08875
C03701	S08885
C03702	S08890
C03703	S08893
C03704	S08897
C03705	S08898
C03706	S08899
C03707	S08901
C03708	S08915
C03709	S08923
C03710	S08933
C03711	S08934
C03712	S08943
C03713	S08946
C03714	S08948
C03715	S08960
C03716	S08965
C03717	S08968
C03718	S08971
C03719	S08976
C03720	S08982
C03721	S08984
C03721	S09693
C03722	S09006
C03723	S09010
C03724	S09012
C03725	S09015
C03726	S09016
C03727	S09022
C03728	S09029
C03729	S09031
C03730	S09034
C03731	S09037
C03732	S09043
C03733	S09046
C03734	S09051
C03735	S09055
C03736	S09061
C03737	S09066
C03738	S09075
C03739	S09085
C03740	S09089
C03741	S09101
C03742	S09102
C03743	S09105
C03744	S09107
C03745	S09110
C03746	S09112
C03747	S09113
C03748	S09117
C03749	S09120
C03750	S09132
C03751	S09133
C03752	S09141
C03753	S09147
C03754	S09148
C03755	S09150
C03756	S09154
C03757	S09160
C03758	S09162
C03759	S09171
C03760	S09172
C03761	S09173
C03762	S09177
C03763	S09178
C03764	S09179
C03765	S09181
C03766	S09184
C03767	S09186
C03768	S09190
C03769	S09195
C03770	S09196
C03771	S09207
C03772	S09208
C03773	S09209
C03774	S09211
C03775	S09219
C03776	S09221
C03777	S09225
C03778	S09232
C03779	S09236
C03780	S09249
C03781	S09250
C03782	S09252
C03783	S09255
C03784	S09269
C03785	S09277
C03786	S09278
C03787	S09281
C03788	S09291
C03788	S09460
C03789	S09295
C03790	S09297
C03791	S09300
C03792	S09304
C03793	S09306
C03794	S09308
C03795	S09313
C03796	S09321
C03797	S09323
C03798	S09324
C03799	S09325
C03800	S09328
C03801	S09330
C03802	S09331
C03803	S09334
C03804	S09344
C03805	S09349
C03806	S09350
C03807	S09351
C03808	S09352
C03809	S09357
C03810	S09359
C03811	S09364
C03812	S09365
C03813	S09366
C03814	S09370
C03815	S09374
C03816	S09375
C03817	S09383
C03818	S09384
C03819	S09387
C03819	S09419
C03820	S09396
C03821	S09402
C03822	S09405
C03823	S09408
C03824	S09420
C03825	S09425
C03826	S09429
C03827	S09432
C03828	S09433
C03828	S09559
C03829	S09439
C03830	S09443
C03831	S09444
C03832	S09446
C03833	S09447
C03834	S09456
C03835	S09461
C03836	S09462
C03837	S09467
C03838	S09468
C03839	S09469
C03840	S09470
C03841	S09477
C03842	S09481
C03843	S09482
C03844	S09485
C03845	S09486
C03846	S09488
C03847	S09490
C03848	S09497
C03849	S09508
C03850	S09510
C03851	S09515
C03852	S09516
C03853	S09520
C03854	S09521
C03855	S09524
C03856	S09528
C03857	S09529
C03858	S09530
C03859	S09532
C03860	S09537
C03861	S09542
C03862	S09548
C03863	S09551
C03864	S09558
C03865	S09563
C03866	S09567
C03867	S09568
C03868	S09570
C03869	S09572
C03870	S09573
C03871	S09579
C03872	S09585
C03873	S09586
C03874	S09591
C03875	S09596
C03876	S09598
C03877	S09599
C03878	S09613
C03879	S09619
C03880	S09624
C03881	S09629
C03882	S09635
C03883	S09638
C03884	S09655
C03885	S09657
C03886	S09661
C03887	S09664
C03888	S09669
C03889	S09670
C03890	S09675
C03891	S09679
C03892	S09685
C03893	S09696
C03894	S09699
C03895	S09700
C03896	S09701
C03897	S09705
C03898	S09709
C03899	S09710
C03900	S09712
C03901	S09726
